doc_idx,phrase_idx,count
0,2,1
0,170,1
0,1160,1
0,364,1
0,31,1
0,70,1
0,6,1
0,960,1
0,1949,1
0,2144,1
0,2013,1
0,491,1
0,1541,1
0,906,1
0,336,1
0,366,1
0,353,1
0,1265,1
0,710,1
0,406,1
0,105,1
0,2010,1
0,148,1
0,179,1
0,451,1
0,62,1
0,86,1
0,0,2
0,1157,1
0,138,1
0,1882,1
0,1376,1
0,926,1
0,470,1
0,183,1
0,1719,1
1,199,1
1,43,1
1,519,1
1,227,1
1,784,1
1,126,1
1,7,1
1,309,1
1,116,1
1,1,2
1,673,2
1,150,1
1,613,1
1,795,1
1,241,1
1,1090,1
1,291,1
1,193,1
1,63,1
1,99,1
1,93,1
1,9,1
1,41,1
1,1236,1
1,982,1
1,1202,1
1,1172,1
1,1518,1
1,555,1
1,609,2
1,776,1
1,655,1
1,0,2
1,2363,1
1,103,1
1,10,1
1,13,1
1,108,1
1,4,1
1,129,1
1,483,1
1,884,1
1,59,1
1,343,1
1,12,2
1,1921,1
1,1017,1
1,2244,1
1,697,1
1,642,1
1,1626,1
1,928,1
1,39,1
1,2038,1
1,1335,1
1,450,1
1,2156,1
1,25,1
1,1205,1
1,1112,1
2,1284,1
2,460,1
2,2386,1
2,1069,1
2,2309,1
2,808,1
2,1210,1
2,0,1
2,24,1
2,2,1
2,173,1
2,154,1
2,223,1
2,295,1
2,541,1
2,495,1
2,48,1
2,2135,1
2,18,1
2,11,1
2,8,1
2,187,1
2,647,1
2,476,1
2,4,1
2,1872,1
3,2,1
3,678,1
3,14,3
3,105,1
3,77,1
3,2209,2
3,67,3
3,1719,1
3,1655,1
3,508,1
3,1058,1
3,784,2
3,126,2
3,1421,1
3,304,1
3,0,2
3,1344,2
3,1542,1
3,1718,1
3,1607,3
3,1099,3
3,133,1
3,368,1
3,220,1
3,406,1
3,84,1
3,961,1
3,2290,1
3,62,1
3,2177,1
3,236,1
3,134,1
3,1,3
3,683,1
3,2061,2
3,19,3
3,1313,1
3,1134,1
3,27,1
3,436,1
3,73,1
3,1149,1
3,175,1
3,49,2
3,910,1
3,763,1
3,950,1
3,644,1
3,16,1
3,32,1
3,957,1
3,2294,1
3,1850,1
3,842,1
3,36,1
3,752,1
3,34,1
3,393,1
3,326,1
3,1748,1
4,0,2
4,1386,1
4,196,3
4,1397,3
4,1,1
4,166,1
4,1746,1
4,2166,1
4,817,1
4,54,1
4,1361,1
4,676,1
4,1343,1
4,1297,1
4,4,1
4,256,1
4,1599,1
4,114,1
4,1691,1
5,798,1
5,690,1
5,350,1
5,512,2
5,2,1
5,438,1
5,46,1
5,713,1
5,75,1
5,1028,1
5,1474,1
5,175,2
5,1748,1
5,2058,2
5,5,1
5,1492,1
5,1433,2
5,558,2
5,1170,2
5,406,1
5,1827,1
5,454,1
5,972,1
5,222,2
5,123,1
5,169,1
5,26,1
5,1516,1
5,2145,1
5,1047,1
5,86,1
5,43,1
5,289,1
5,531,1
5,0,1
5,1149,1
6,2,1
6,1284,1
6,1140,2
6,2213,2
6,1223,1
6,169,1
6,26,1
6,217,1
6,224,1
6,313,2
6,16,1
6,2018,1
6,585,1
6,2206,1
6,245,1
6,1141,1
6,0,2
6,720,1
6,713,1
6,1587,1
6,647,1
6,476,1
6,4,1
6,422,1
6,235,1
6,1,1
6,56,1
6,200,1
6,591,1
6,164,1
7,2,1
7,606,1
7,287,1
7,674,1
7,181,1
7,178,1
7,5,2
7,6,1
7,1459,1
7,868,1
7,1746,1
7,1,2
7,10,1
7,13,1
7,1848,1
7,767,1
7,1309,1
7,1362,2
7,2200,1
7,332,1
7,971,1
7,145,1
7,271,1
7,26,1
7,138,1
7,2131,1
7,2350,1
7,30,1
7,201,1
7,164,1
7,587,1
7,793,1
7,310,1
7,52,1
7,1852,1
7,76,1
7,355,1
7,255,1
7,2312,1
8,752,1
8,0,1
8,578,1
8,151,1
8,81,1
8,1141,1
8,50,1
8,1074,1
8,393,1
8,17,1
8,91,1
8,85,1
8,2319,1
8,492,1
8,1695,1
8,43,1
8,1270,1
8,698,1
8,188,1
8,1567,1
8,2417,1
8,1414,1
8,1424,1
8,494,1
8,905,1
8,750,1
8,18,1
9,140,1
9,9,1
9,41,1
9,339,1
9,127,1
9,1028,1
9,2064,1
9,25,2
9,1,4
9,692,1
9,215,2
9,38,1
9,281,1
9,2438,1
9,2,1
9,1729,1
9,613,1
9,795,1
9,2110,1
9,778,1
9,2318,1
9,0,1
9,280,1
9,488,1
9,477,1
9,1768,1
9,698,1
9,72,1
9,39,1
9,230,1
9,1043,1
10,106,1
10,2172,1
10,949,1
10,1768,1
10,1863,1
10,396,1
10,517,1
10,113,1
10,1461,1
10,511,1
10,1478,1
10,474,1
10,1572,1
10,1,1
10,1051,1
10,326,2
10,209,1
10,360,1
10,907,1
10,419,1
10,6,1
10,2415,2
10,637,1
10,671,1
10,990,1
10,11,1
10,8,1
10,4,1
10,2431,1
10,1806,1
10,254,1
10,2324,1
10,1257,1
10,1097,1
11,112,1
11,1798,1
11,23,1
11,2309,1
11,808,1
11,1818,1
11,236,1
11,134,1
11,1774,2
11,41,1
11,1055,1
11,788,1
11,1175,1
11,171,1
11,558,1
11,169,1
11,26,1
11,14,1
11,2318,1
12,2,1
12,190,1
12,420,1
12,1154,1
12,1035,1
12,6,1
12,1234,1
12,122,1
12,0,1
12,1586,1
12,351,1
12,9,1
12,1568,1
12,196,2
12,234,1
12,1114,1
12,15,1
12,719,1
12,1550,1
12,126,1
12,7,2
12,860,1
12,2250,1
12,1,1
12,220,1
12,1147,1
12,1307,1
13,1989,1
13,121,1
13,2351,1
13,155,1
13,1464,1
13,1593,1
13,1113,1
13,1116,1
13,1099,1
13,2229,1
13,1120,1
13,97,1
13,745,1
13,24,1
13,114,1
13,1,1
13,372,1
13,310,1
13,1447,1
13,84,1
13,82,1
13,5,1
13,1134,1
13,329,2
13,233,1
13,516,1
13,1207,1
14,14,1
14,121,1
14,0,1
14,58,1
14,868,1
14,343,1
14,1281,1
14,154,1
14,187,1
14,332,1
14,620,1
14,192,1
14,20,1
14,604,1
14,530,1
14,1,1
14,736,1
15,154,1
15,214,1
15,1519,1
15,1824,1
15,233,1
15,144,1
15,54,1
15,1877,1
15,12,1
15,20,1
15,1954,1
15,485,1
15,692,1
15,215,1
15,744,1
15,466,1
15,1,1
15,281,1
15,0,1
15,280,1
15,2292,1
15,2216,1
15,450,1
15,73,1
16,606,2
16,1778,2
16,287,2
16,593,1
16,50,1
16,350,1
16,20,1
16,43,1
16,2,1
16,678,1
16,227,1
16,666,1
16,885,1
16,2009,1
16,1311,1
16,262,1
16,1689,1
16,19,1
16,64,1
16,117,1
16,4,1
16,1912,1
16,410,1
16,784,1
16,126,1
16,234,1
16,698,1
16,0,1
17,1869,1
17,1617,1
17,503,1
17,362,1
17,454,1
17,1274,1
17,598,1
17,138,1
17,1362,1
17,1906,1
17,58,2
17,419,1
17,1252,1
17,0,1
17,105,1
17,267,1
17,771,1
17,732,1
17,11,1
17,8,1
17,4,1
17,14,1
17,489,1
17,320,1
17,2050,1
17,382,1
17,394,1
17,92,1
17,536,1
18,2,1
18,110,1
18,1599,1
18,1169,1
18,633,1
18,704,1
18,681,1
18,195,1
18,2307,1
18,838,1
18,434,1
18,1,2
18,844,1
18,401,1
18,205,1
18,46,1
18,550,1
18,2268,1
18,1856,1
19,332,1
19,346,1
19,640,1
19,58,2
19,1781,1
19,99,1
19,21,1
19,6,1
19,191,1
19,3,1
19,945,1
19,351,1
19,1095,1
19,1309,1
19,132,1
19,2066,1
19,1261,1
19,32,1
19,471,1
19,193,1
19,63,1
19,10,1
19,13,1
19,1318,1
19,1816,1
19,128,1
19,531,1
19,0,1
19,610,1
19,473,1
19,1460,1
19,2331,1
19,1127,1
19,2159,1
19,12,1
19,1074,1
19,393,1
19,1,1
19,2396,1
19,1564,1
19,367,1
19,1289,1
20,417,2
20,496,1
20,274,1
20,620,1
20,712,1
20,1261,1
20,985,1
20,16,1
20,1484,1
20,1382,1
20,0,1
20,1,1
20,246,1
20,630,1
20,672,1
20,452,1
20,10,1
20,13,1
20,511,1
20,1420,1
20,2103,1
20,498,1
20,533,1
20,768,1
20,1515,1
20,643,1
20,195,1
20,532,1
20,6,1
20,281,1
20,868,1
20,267,1
20,1460,1
20,825,1
21,2,1
21,110,1
21,23,1
21,1289,2
21,1910,1
21,718,1
21,333,1
21,245,1
21,312,1
21,394,1
21,73,1
22,581,1
22,383,1
22,69,1
22,1017,1
22,996,3
22,856,2
22,2076,2
22,1405,1
22,100,1
22,197,1
23,154,1
23,223,1
23,967,2
23,23,1
23,193,1
23,80,1
23,679,1
23,559,1
23,28,1
23,203,1
23,1322,1
23,14,1
23,470,1
23,88,1
23,179,1
23,271,1
23,26,1
23,355,1
23,255,1
24,2,1
24,110,1
24,323,1
24,241,1
24,529,1
24,232,1
24,550,1
24,1814,1
24,975,1
24,2070,2
24,1581,1
24,82,2
24,1231,1
24,499,1
24,857,1
24,6,1
24,32,1
24,2047,1
24,5,1
24,19,1
24,59,1
24,950,1
24,94,1
24,489,1
24,89,1
24,202,1
24,142,1
24,470,1
24,233,1
24,997,1
24,1184,1
25,285,2
25,38,2
25,1,4
25,296,1
25,52,1
25,320,1
25,717,1
25,1873,1
25,1637,2
25,278,1
25,12,1
25,1895,1
25,378,1
25,132,3
25,730,3
25,1184,1
25,6,1
25,1872,1
25,348,1
25,882,1
25,121,2
25,1319,2
25,55,1
25,123,1
25,1163,1
25,1677,1
25,1601,1
25,14,1
25,1502,1
25,0,5
25,149,1
25,306,1
25,624,1
25,79,2
25,1018,1
25,197,2
25,186,1
25,868,1
25,3,1
25,2,1
25,1511,1
25,521,1
25,7,1
25,295,1
25,1821,1
25,358,3
25,74,1
25,269,1
25,762,1
25,340,1
25,127,1
25,339,1
25,43,1
25,100,1
25,1991,1
25,665,1
26,2,1
26,384,1
26,790,1
26,1478,1
26,1981,1
26,47,1
26,207,1
26,1099,1
26,3,1
26,1502,1
26,38,2
26,57,1
26,78,1
26,30,1
26,1,1
26,1051,1
26,1107,1
26,1691,1
26,0,1
26,1271,1
26,305,1
26,206,1
26,119,1
26,1630,1
26,390,1
26,182,1
26,290,1
26,1102,1
26,1712,1
26,576,1
26,7,1
26,638,1
26,1940,1
27,358,1
27,367,1
27,172,1
27,1205,1
27,2292,1
27,2216,1
27,1000,1
27,3,1
27,1,1
27,205,1
27,46,1
27,356,1
27,2164,1
27,14,1
27,191,1
27,1061,1
28,19,1
28,1544,1
28,25,2
28,346,1
28,266,1
28,1,2
28,69,1
28,81,1
28,743,1
28,983,1
28,140,1
28,388,1
28,1610,1
28,374,1
28,1293,1
28,20,1
28,911,1
28,18,1
28,761,1
28,47,1
28,23,1
28,570,1
28,1202,1
28,1072,1
28,483,1
28,571,1
28,121,1
28,2019,1
29,124,1
29,228,1
29,1701,1
29,358,1
29,675,1
29,585,1
29,716,1
29,1122,3
29,1141,2
29,205,1
29,1223,1
29,1831,1
29,6,1
29,515,1
29,15,3
29,1113,1
29,0,1
29,1415,1
29,844,1
29,1385,1
29,46,2
29,1086,1
29,2293,1
29,1643,1
29,53,1
29,179,1
29,29,1
29,2444,1
29,5,3
29,1351,1
29,527,1
29,120,1
29,2286,1
29,286,1
29,557,1
29,1559,2
29,1824,1
29,206,1
29,1165,1
29,116,1
29,2363,2
29,2223,1
29,884,1
29,1270,1
29,1878,1
29,881,1
30,60,1
30,320,1
30,620,1
30,712,1
30,695,2
30,925,1
30,0,1
30,306,1
30,1824,1
30,749,2
30,574,1
30,92,2
30,754,2
30,553,1
30,786,1
30,362,1
30,106,1
30,212,1
30,1525,1
30,1942,1
31,2,1
31,44,1
31,2409,2
31,1251,1
31,474,1
31,203,1
31,628,4
31,1910,1
31,637,3
31,332,1
31,1997,1
31,131,2
31,313,1
31,94,1
31,18,1
31,1733,1
31,26,1
31,218,1
31,6,1
31,1137,1
31,222,1
31,491,1
31,697,1
31,1387,1
31,1128,1
31,1037,1
31,1841,2
31,539,1
31,47,1
31,30,1
31,471,1
31,1,1
31,947,1
32,2,1
32,2344,1
32,461,1
32,1,3
32,69,1
32,81,1
32,93,1
32,9,1
32,2212,1
32,365,1
32,62,1
32,487,1
32,203,1
32,1300,1
32,448,1
32,150,1
32,700,2
32,1871,1
32,1182,1
32,58,2
32,296,2
32,2073,1
32,37,1
32,375,1
32,303,1
32,0,3
32,759,1
32,1080,1
32,422,2
32,235,2
32,2158,1
32,12,1
32,617,1
32,1629,1
32,1411,1
32,565,1
32,1849,1
32,10,1
32,18,1
32,379,1
32,625,1
32,695,1
32,805,1
32,684,1
32,632,1
32,574,1
32,6,1
33,2,2
33,1022,1
33,1320,2
33,1598,1
33,1568,1
33,196,1
33,832,1
33,450,1
33,823,1
33,1470,1
33,277,3
33,155,1
33,3,1
33,340,1
33,127,1
33,276,1
33,103,1
33,1944,1
33,1434,1
33,273,1
33,0,3
33,1662,1
33,414,1
33,1782,1
33,251,2
33,15,3
33,120,1
33,1089,1
33,228,1
33,1113,1
33,199,1
33,1147,1
33,1108,2
33,625,1
33,1021,1
33,2253,1
33,702,1
33,607,1
33,348,1
33,43,1
33,2011,1
33,271,1
33,26,1
33,32,2
33,29,2
33,1341,2
33,1503,1
33,730,1
33,731,1
33,320,1
33,392,1
33,986,1
33,349,1
33,1688,1
33,419,1
33,1901,1
33,218,1
33,738,1
33,658,1
33,604,1
33,530,1
33,73,1
33,685,1
33,761,1
33,14,1
33,1874,1
33,1694,1
33,42,1
33,876,1
33,55,1
33,200,1
33,776,1
33,631,1
33,1711,1
33,1039,1
33,278,1
33,12,1
33,1,1
33,488,1
33,477,1
33,1510,1
33,2296,1
33,89,1
33,2354,1
33,1015,1
33,533,1
33,768,1
34,135,1
34,1876,1
34,137,2
34,1507,1
34,6,1
34,1309,3
34,1550,1
34,126,1
34,7,2
34,199,2
34,0,4
34,1252,2
34,770,2
34,15,1
34,1923,1
34,555,1
34,3,1
34,2413,1
34,418,1
34,1092,1
34,58,2
34,1986,1
34,57,1
34,78,1
34,30,1
34,857,2
34,2133,2
34,789,1
34,1629,1
34,1574,1
34,607,2
34,348,2
34,17,1
34,56,2
34,413,1
34,1532,1
34,16,1
34,1831,1
34,1221,1
34,2056,1
34,31,1
34,340,1
34,127,1
34,625,1
34,2313,1
34,94,1
34,1,1
34,148,1
34,293,1
34,55,1
34,1713,1
34,1933,1
34,2100,1
34,1120,1
35,124,1
35,2343,2
35,156,2
35,4,1
35,2398,2
35,1086,2
35,6,1
35,2407,1
35,271,1
35,1,2
35,388,1
35,1002,1
35,30,4
35,2447,1
35,461,1
35,113,3
35,885,3
35,986,2
35,2293,1
35,615,1
35,0,3
35,281,1
35,338,1
35,67,1
35,217,1
35,370,2
35,102,2
35,489,1
35,314,1
35,33,1
35,733,1
35,2284,1
35,410,1
35,332,1
35,346,1
35,987,1
35,2018,1
35,2025,1
35,1852,1
36,452,1
36,7,1
36,69,1
36,81,1
36,837,1
36,1746,1
36,999,1
36,70,1
36,991,1
36,637,1
36,349,1
36,6,1
36,276,1
36,1091,1
36,296,1
36,303,1
36,0,3
36,249,1
36,377,1
36,658,1
36,1861,1
36,713,1
36,17,1
36,687,1
36,2,1
36,170,1
36,2172,1
36,949,1
36,16,1
36,893,1
36,92,1
36,11,1
36,8,1
36,2393,1
36,285,1
36,38,1
36,1,1
36,1273,1
36,132,1
37,36,1
37,189,1
37,362,1
37,21,1
37,3,2
37,158,1
37,1380,1
37,1785,1
37,1302,1
37,1584,1
37,705,2
37,1046,1
37,287,1
37,1807,1
37,58,1
37,86,2
37,0,3
37,816,1
37,318,1
37,44,1
37,239,1
37,680,1
37,653,1
37,482,1
37,715,1
37,172,1
37,971,1
38,2,1
38,678,1
38,146,1
38,0,5
38,9,1
38,41,1
38,545,2
38,1956,1
38,1565,1
38,340,1
38,127,1
38,327,1
38,144,1
38,1,1
38,1661,1
38,36,1
38,1126,1
38,139,1
38,47,1
38,30,1
38,89,1
38,305,1
38,433,1
38,3,1
38,2311,1
38,301,1
38,874,1
38,8,1
38,4,3
38,20,1
38,849,1
38,282,1
38,304,1
38,2229,1
39,106,1
39,131,1
39,392,1
39,1278,1
39,537,1
39,2162,1
39,14,1
39,827,1
39,181,1
39,178,1
39,5,2
39,188,1
39,1888,1
39,338,1
39,42,1
39,133,1
39,1463,1
39,853,1
39,956,1
39,87,1
39,116,1
39,1,1
39,1217,1
39,1122,2
39,1223,2
39,11,1
39,8,1
39,954,1
39,218,1
39,899,1
39,6,1
39,1156,1
39,386,1
39,340,1
39,127,1
39,1141,1
39,164,1
39,2294,1
39,0,1
39,122,1
39,674,1
39,394,1
39,574,1
39,1385,1
40,124,1
40,1471,1
40,93,1
40,9,1
40,41,1
40,137,1
40,981,1
40,1926,1
40,52,1
40,851,1
40,1547,1
40,269,1
40,1171,1
40,2112,1
40,95,1
40,278,1
40,12,2
40,125,1
40,561,1
40,192,1
40,1540,1
40,27,2
40,1896,1
40,258,1
40,321,1
40,207,1
40,662,1
40,19,1
40,1553,1
40,1146,1
40,79,3
40,829,1
40,1,2
40,865,1
40,1061,1
40,702,1
40,1178,1
40,38,1
40,196,1
40,563,1
40,1769,1
40,409,1
40,329,1
40,491,2
40,460,1
40,1757,1
41,155,1
41,1464,1
41,1,2
41,372,1
41,310,1
41,1447,1
41,50,2
41,263,1
41,62,1
41,975,1
41,66,1
41,1296,1
41,1763,1
41,1993,1
41,0,1
41,158,1
41,8,1
41,1487,1
41,2305,1
41,128,1
41,1736,1
41,260,1
41,1338,1
41,341,1
41,1203,1
41,118,1
41,7,3
41,1468,1
41,6,1
41,317,1
41,319,1
41,510,1
41,961,1
41,628,1
42,89,1
42,2148,1
42,58,1
42,574,1
42,288,1
42,177,1
42,63,1
42,616,1
42,1712,1
42,559,1
42,4,1
42,42,1
42,1576,1
42,209,1
42,940,1
42,115,1
42,713,1
42,1288,1
42,1592,1
42,1,1
42,468,1
43,2,1
43,540,1
43,1935,1
43,1497,1
43,2266,1
43,1709,1
43,243,1
43,821,1
43,649,1
43,143,1
43,60,1
43,283,1
43,0,1
43,1484,1
43,542,1
43,63,1
43,656,1
43,1533,1
43,1613,1
43,199,1
43,80,1
43,670,1
43,21,1
43,49,1
43,989,1
43,403,1
43,1101,1
43,1,1
43,15,1
43,398,1
43,228,1
43,210,1
43,773,1
43,453,1
43,1111,1
43,486,1
44,279,1
44,288,2
44,1142,2
44,169,1
44,26,1
44,14,2
44,147,1
44,136,1
44,1807,1
44,146,2
44,0,2
44,151,1
44,383,2
44,104,1
44,924,1
44,1394,1
44,2372,1
44,108,1
44,4,2
44,840,1
44,386,1
44,979,1
44,318,1
44,1105,1
44,161,1
44,526,1
44,5,1
44,198,1
44,2242,2
44,13,1
44,287,1
44,230,1
44,801,1
44,629,1
44,51,1
44,58,1
44,150,1
44,1251,1
45,2,1
45,1491,1
45,0,2
45,1351,1
45,585,1
45,228,1
45,733,1
45,874,1
45,560,1
45,97,1
45,17,2
45,52,2
45,1903,2
45,1559,2
45,2443,1
45,1961,1
45,1156,1
45,1506,1
45,116,1
45,909,1
45,481,1
45,1812,1
45,414,1
45,43,1
46,1063,1
46,1088,1
46,692,1
46,215,1
46,0,2
46,406,1
46,1827,1
46,454,1
46,3,1
46,373,1
46,2219,1
46,2282,1
46,103,2
46,2452,1
46,729,1
46,266,1
46,365,1
46,2141,1
46,298,1
46,10,1
46,13,1
46,4,2
46,1046,1
46,287,1
46,181,1
46,178,1
46,363,1
46,1514,1
46,86,1
46,339,1
46,1254,1
46,978,1
46,1726,1
46,635,1
46,1475,1
46,145,1
46,575,1
46,2426,1
46,335,1
46,809,1
46,1197,1
46,33,1
46,427,1
46,156,1
46,341,1
46,2289,1
46,194,1
46,169,1
46,26,1
46,1983,1
46,1202,1
46,17,1
46,1389,1
46,38,1
46,183,1
47,83,1
47,407,1
47,425,1
47,325,1
47,4,1
47,54,1
47,1408,2
47,742,1
47,986,1
47,10,1
47,13,1
47,1,2
47,69,1
47,81,1
47,109,1
47,18,1
47,260,1
47,829,1
47,448,1
47,148,1
47,179,1
47,761,1
47,14,1
47,55,1
47,294,1
47,27,1
47,1834,1
48,11,2
48,143,1
48,465,1
48,2061,1
48,6,1
48,390,1
48,182,1
48,123,1
48,331,1
48,346,1
48,1064,1
48,47,1
48,1600,1
48,457,1
48,25,1
48,758,2
48,57,1
48,8,1
48,4,2
48,56,1
48,2377,1
48,1021,1
48,2399,2
48,324,2
48,39,1
48,349,1
48,2439,1
48,45,1
48,26,1
48,585,1
48,121,1
48,0,1
49,2,1
49,540,1
49,1935,1
49,681,1
49,195,1
49,1936,1
49,83,1
49,11,1
49,8,2
49,4,1
49,470,1
49,220,1
49,1142,1
49,1299,1
49,44,1
49,546,1
49,38,2
49,337,1
49,886,1
49,3,1
49,1044,1
49,1569,1
49,70,1
49,643,2
49,2054,1
49,376,1
49,2325,1
49,656,1
49,1533,1
49,67,2
49,876,1
49,42,1
49,2437,1
49,33,1
49,411,1
49,485,1
49,1433,1
49,825,1
49,697,1
49,29,1
49,455,1
49,662,1
49,1243,1
49,1995,1
49,2386,1
49,2356,1
50,106,1
50,1982,1
50,52,1
50,856,1
50,1932,1
50,561,1
50,557,1
50,9,1
50,539,1
50,747,2
50,331,1
50,292,1
50,39,1
50,733,1
50,1944,1
50,42,1
50,1478,1
50,1,1
50,10,1
50,13,1
50,2449,1
50,563,1
51,2,1
51,1126,1
51,2373,1
51,751,1
51,645,1
51,160,1
51,174,1
51,1118,1
51,1818,1
51,47,1
51,797,1
51,186,1
51,152,1
51,1887,1
51,1085,1
51,11,1
51,8,1
51,4,1
51,960,1
51,591,1
51,87,1
51,1206,1
51,516,3
51,9,1
51,337,1
51,1210,1
51,376,1
51,61,1
51,887,1
51,331,1
51,42,1
51,779,1
51,3,2
51,1162,1
51,277,1
51,773,1
51,1446,1
51,432,1
51,84,1
51,1819,1
51,1786,1
52,695,1
52,419,2
52,60,1
52,94,1
52,1598,1
52,31,1
52,249,2
52,886,1
52,3,1
52,404,1
52,998,1
52,491,1
52,40,1
52,9,1
52,41,1
52,1030,1
52,643,1
52,1002,1
52,1789,1
52,1013,1
52,115,1
52,966,1
52,375,1
52,1192,1
52,10,1
52,13,1
52,108,1
52,335,1
52,558,1
52,1262,1
53,700,1
53,84,1
53,227,1
53,1365,1
53,953,1
53,1,1
53,15,1
53,228,1
53,1849,1
53,135,1
53,213,1
53,748,1
53,916,1
53,371,1
53,145,1
53,1221,1
53,33,2
53,172,1
53,328,1
53,1558,1
53,1030,1
53,11,1
53,8,1
53,4,1
53,513,1
53,263,1
53,1512,1
53,12,1
53,61,1
53,180,1
53,157,1
53,437,1
54,2,1
54,170,1
54,810,1
54,1584,1
54,1470,2
54,1,1
54,91,1
54,85,1
54,15,1
54,120,1
54,937,1
54,1578,1
54,80,1
54,22,1
54,383,1
54,2017,1
54,1374,1
54,978,2
54,289,1
54,2388,1
54,1816,1
54,1451,1
54,1610,1
54,31,1
54,339,1
54,594,1
54,0,2
54,1232,1
54,475,1
54,1113,1
54,1254,1
54,2252,1
54,393,1
54,17,1
54,2092,1
54,1279,2
54,72,1
54,59,1
54,629,1
54,5,1
54,604,1
54,530,1
54,27,1
54,300,1
54,3,1
54,680,1
54,653,1
54,770,1
55,743,1
55,983,1
55,1094,1
55,852,1
55,503,1
55,820,1
55,11,1
55,8,1
55,4,1
55,333,1
55,815,1
55,291,1
55,754,1
55,7,1
55,2455,1
55,1127,1
55,650,1
55,200,1
55,209,1
55,531,1
55,2034,1
55,387,1
55,0,1
55,69,1
55,81,1
55,556,1
55,1,1
55,56,1
55,921,1
55,279,1
55,390,1
56,787,1
56,896,1
56,607,1
56,1523,1
56,619,1
56,13,1
56,14,3
56,0,4
56,341,1
56,1,1
56,1925,1
56,17,1
56,144,1
56,1483,1
56,1662,1
56,414,1
56,947,1
56,45,1
56,1327,1
56,2237,1
56,55,1
56,1848,1
56,629,1
56,51,1
56,1934,1
57,2,1
57,189,1
57,1238,1
57,9,1
57,266,1
57,568,2
57,1966,2
57,729,2
57,1,3
57,369,1
57,1035,1
57,361,1
57,36,2
57,171,1
57,1588,1
57,1097,1
57,1107,1
57,25,1
57,153,1
57,174,1
57,1147,1
57,248,1
57,426,1
57,1320,1
57,1363,1
57,935,1
57,92,1
57,587,1
57,150,1
57,251,1
57,265,1
57,6,1
57,611,1
57,1124,1
57,362,1
57,895,1
57,607,1
57,348,1
57,0,1
57,105,1
58,431,1
58,1402,1
58,297,1
58,1052,1
58,534,1
58,366,1
58,250,1
58,228,1
58,1,1
58,442,1
58,211,1
58,570,1
58,34,1
58,2216,1
58,150,1
58,278,1
58,1314,1
58,0,1
58,783,1
59,124,1
59,131,1
59,313,1
59,16,1
59,0,1
59,1669,2
59,1135,2
59,1576,1
59,480,3
59,2422,1
59,412,2
59,1,1
59,341,1
59,1203,1
59,118,1
59,723,1
59,10,1
59,13,1
59,1783,1
59,1551,1
59,274,1
59,90,1
59,68,1
59,822,2
59,25,3
59,566,2
59,17,1
59,2317,1
59,88,1
59,293,1
59,55,1
59,454,1
59,1476,1
59,1161,1
59,533,1
59,768,1
59,76,1
59,469,1
59,141,1
60,2,1
60,170,1
60,582,1
60,163,1
60,1228,1
60,431,1
60,829,1
60,1755,1
60,2452,1
60,2001,1
60,22,1
60,1027,1
60,415,1
60,231,1
60,634,1
60,157,1
60,467,1
60,312,1
60,1406,1
60,179,1
60,1071,1
60,62,1
60,905,1
60,76,1
60,1493,1
60,918,1
61,106,1
61,163,1
61,61,1
61,52,1
61,133,1
61,426,1
61,1262,1
61,1373,1
61,23,1
61,1810,1
61,533,1
61,852,1
61,321,1
61,207,1
61,1742,2
61,1402,1
61,1301,1
61,992,1
61,539,1
61,455,1
61,876,1
61,42,1
61,1011,1
61,468,1
61,2006,1
61,33,1
61,2165,1
61,22,1
61,57,1
61,78,1
61,1091,1
62,36,1
62,170,1
62,1941,1
62,16,1
62,3,2
62,962,1
62,9,1
62,1813,2
62,1068,1
62,863,1
62,286,1
62,300,1
62,1,1
62,580,1
62,484,1
62,1804,1
62,100,1
62,660,1
62,599,1
62,4,1
62,1908,1
62,1914,1
62,592,1
62,0,2
62,960,1
62,37,1
62,15,1
62,719,1
62,12,1
62,2332,1
62,419,1
62,1483,1
62,62,1
62,614,1
62,458,1
62,65,1
62,35,1
62,2058,2
62,279,1
62,98,1
62,1647,1
62,1265,1
62,710,1
62,905,1
62,588,1
62,234,1
63,621,1
63,360,1
63,502,1
63,270,1
63,61,1
63,1649,1
63,0,2
63,57,1
63,78,1
63,6,1
63,444,1
63,1782,1
63,2358,1
63,192,1
63,913,1
63,535,1
63,9,1
63,22,1
63,1538,1
63,932,1
63,351,1
64,2,1
64,810,1
64,7,1
64,198,1
64,146,1
64,2085,1
64,960,1
64,0,2
64,74,2
64,22,2
64,73,1
64,1149,1
64,175,2
64,328,1
64,1135,1
64,2299,1
64,1748,1
64,1022,1
64,1156,1
64,511,1
64,1188,1
64,6,1
64,440,1
64,284,1
64,230,1
64,210,1
64,1457,1
64,798,1
65,1064,1
65,326,4
65,6,1
65,546,1
65,38,1
65,583,2
65,1410,2
65,4,3
65,578,1
65,151,1
65,300,1
65,1,1
65,1051,1
65,461,1
65,107,1
65,1636,1
65,156,1
65,2263,1
65,820,1
65,127,1
65,2339,1
65,45,1
65,1610,1
65,2389,1
65,713,1
65,1449,1
66,450,1
66,357,1
66,133,1
66,1242,1
66,479,1
66,393,1
66,131,1
66,313,1
66,93,1
66,9,1
66,1253,1
66,99,1
66,164,1
66,1449,1
66,2175,1
66,1072,1
66,302,1
66,619,1
66,13,1
66,620,1
66,1000,1
66,3,1
66,1658,1
66,1753,1
66,1122,1
66,1667,1
66,1387,1
66,10,1
66,576,1
66,348,1
66,0,1
66,15,1
67,154,1
67,223,1
67,153,1
67,174,1
67,675,1
67,450,1
67,744,2
67,1280,1
67,1855,2
67,1082,3
67,245,1
67,291,3
67,1282,1
67,1281,1
67,10,1
67,13,1
67,139,1
67,982,2
67,1322,2
67,335,1
67,0,3
67,341,2
67,2349,2
67,83,1
67,94,1
67,1062,1
67,8,1
67,116,2
67,1,2
67,1236,1
67,859,1
67,111,1
67,602,1
67,500,1
68,2,1
68,2013,1
68,12,1
68,203,1
68,100,1
68,28,2
68,6,1
68,130,1
68,1784,1
68,1,3
68,1509,1
68,17,1
68,737,1
68,1344,1
68,1482,1
69,2,1
69,110,1
69,828,4
69,2210,1
69,1375,1
69,1172,1
69,251,1
69,1020,1
69,1390,1
69,93,1
69,9,4
69,302,1
69,333,1
69,728,1
69,829,1
69,1,1
69,206,1
69,15,1
69,528,2
69,41,1
69,2400,1
69,1878,1
69,49,1
69,1456,1
69,198,1
69,146,1
69,0,1
69,3,1
69,242,1
69,39,1
69,344,1
69,59,1
69,1021,1
69,126,1
69,1391,1
70,2,1
70,1506,1
70,20,1
70,1060,1
70,909,1
70,69,1
70,81,1
70,976,1
70,493,1
70,717,1
70,405,1
70,1073,1
70,10,1
70,219,3
70,867,1
70,792,1
70,1736,1
71,124,1
71,224,1
71,77,1
71,0,1
71,60,1
71,320,1
71,213,1
71,1200,1
71,890,1
71,745,1
71,657,1
71,785,1
71,82,1
71,87,1
71,335,1
71,58,1
71,2187,1
71,11,1
71,8,1
71,1983,1
71,1,1
71,132,1
71,646,1
71,1599,1
71,729,1
72,112,1
72,16,1
72,9,1
72,596,1
72,12,1
72,2305,2
72,257,1
72,202,1
72,797,1
72,168,1
72,1,1
72,442,1
72,211,1
72,15,1
72,0,1
72,1661,1
73,2443,1
73,1981,2
73,33,1
73,249,1
73,5,1
73,468,1
73,1843,1
73,1130,1
73,1015,1
73,51,2
73,2069,1
73,86,1
73,1836,1
73,172,1
73,271,1
73,26,1
73,535,1
73,9,1
73,41,1
73,441,1
73,220,1
73,99,1
73,661,1
73,1203,1
74,112,1
74,0,1
74,1617,1
74,503,1
74,228,1
74,1633,3
74,2233,1
74,686,3
74,1214,1
74,447,1
74,815,1
74,1749,1
74,11,1
74,8,1
74,4,1
74,5,2
74,419,1
74,51,1
74,960,1
74,664,1
74,291,2
74,15,1
74,265,1
74,1000,1
74,3,1
74,47,1
74,30,1
74,1056,1
74,2431,1
74,133,1
74,1985,1
74,97,1
74,533,1
75,583,1
75,70,1
75,2411,1
75,2071,1
75,0,3
75,17,1
75,743,1
75,983,1
75,1385,1
75,46,1
75,149,1
75,1499,1
75,514,1
75,107,1
75,1636,1
75,156,1
75,4,1
75,68,1
75,50,1
75,1730,1
75,1,1
75,643,1
76,518,1
76,131,1
76,313,1
76,16,1
76,2028,1
76,618,1
76,300,1
76,1420,1
76,114,1
76,1188,1
76,1905,1
76,1081,1
76,1904,1
76,510,1
76,11,1
76,8,1
76,4,1
76,317,1
76,804,1
76,22,1
76,210,1
76,137,1
76,139,1
76,25,1
76,1783,2
76,1369,1
76,1469,1
76,919,1
76,116,1
76,107,1
76,362,1
76,2274,1
76,1652,1
76,0,2
76,607,1
76,348,1
76,15,1
77,953,1
77,155,1
77,1464,1
77,1230,1
77,1299,1
77,504,1
77,1015,1
77,258,1
77,923,1
77,72,1
77,259,1
77,322,1
77,28,1
77,17,1
77,183,1
77,1067,1
77,1549,1
77,11,1
77,8,1
77,149,1
77,6,1
77,249,1
77,2449,1
77,546,1
77,38,1
77,228,1
77,99,1
77,661,1
77,4,1
77,20,1
77,206,1
77,5,1
77,1856,1
77,0,1
77,1873,1
78,99,1
78,167,1
78,65,1
78,35,1
78,383,1
78,1,1
78,69,1
78,81,1
78,73,1
78,388,1
78,679,1
78,2314,1
78,515,2
78,184,1
78,3,1
78,2398,1
78,102,1
78,0,2
78,247,1
78,1189,1
78,1529,1
78,768,1
78,401,1
78,32,1
78,29,1
78,1341,1
78,2236,1
78,1475,1
78,739,1
78,68,1
78,345,1
78,491,1
78,10,1
78,171,1
78,70,1
78,1831,1
78,6,1
78,2274,1
78,1652,1
78,282,1
79,518,1
79,1679,3
79,2071,1
79,397,1
79,314,1
79,2363,2
79,20,1
79,295,1
79,541,1
79,1434,1
79,522,1
79,1072,1
79,302,1
79,297,1
79,689,1
79,15,2
79,120,1
79,728,1
79,1740,1
79,24,1
79,605,1
79,12,1
79,1086,1
79,1643,1
79,674,1
79,515,1
79,778,1
79,1115,1
79,2245,1
79,1831,1
79,1385,1
79,257,1
79,0,2
79,483,1
79,277,1
79,2102,1
79,2181,1
79,930,1
79,1223,1
79,169,1
79,26,1
79,14,1
79,1082,1
79,1467,1
79,1,1
79,1376,1
79,150,1
80,2320,1
80,1250,1
80,227,1
80,848,1
80,1,2
80,19,2
80,898,1
80,59,1
80,426,1
80,965,1
80,818,1
80,43,1
80,290,3
80,977,1
80,86,1
80,0,3
80,2095,1
80,23,2
80,518,1
80,604,1
80,530,1
80,143,2
80,273,2
80,194,1
80,73,1
80,1149,2
80,175,2
80,1475,1
80,1327,1
80,245,1
80,10,1
80,13,2
80,4,2
80,1913,1
80,832,2
80,793,1
80,2115,1
80,1217,1
80,72,1
80,971,1
80,1135,1
80,1813,1
80,17,1
80,315,1
80,400,1
80,554,1
80,88,1
80,2359,1
80,395,1
80,35,2
80,439,1
80,16,1
80,33,1
80,427,1
80,372,1
80,310,1
80,507,1
80,2103,1
80,12,1
80,236,1
80,134,1
80,6,1
80,157,1
80,481,1
81,154,1
81,223,1
81,1228,1
81,431,2
81,0,2
81,700,1
81,382,1
81,602,1
81,146,1
81,92,4
81,217,1
81,1322,1
81,2057,1
81,1597,1
81,566,1
81,124,1
81,16,3
81,770,1
81,218,1
81,440,1
81,284,1
81,6,1
81,722,2
81,489,1
81,5,1
81,255,1
81,1380,1
81,58,1
81,376,1
81,2239,1
81,2435,1
81,56,1
82,125,1
82,1014,1
82,459,1
82,327,1
82,2318,1
82,21,1
82,300,1
82,8,1
82,577,1
82,31,1
82,354,1
82,42,1
82,382,1
82,12,1
82,1173,1
82,628,1
82,259,1
82,94,1
82,87,1
82,34,1
82,914,1
82,115,1
82,735,1
82,145,1
82,109,1
82,439,1
82,1755,1
83,154,1
83,223,1
83,153,1
83,174,2
83,2314,3
83,1768,1
83,311,1
83,867,1
83,1063,1
83,1088,1
83,604,1
83,530,1
83,4,1
83,686,1
83,3,1
83,128,1
83,1475,1
83,11,1
83,8,1
83,58,2
83,909,1
83,1867,1
83,49,1
83,1987,1
83,339,1
83,286,1
83,17,1
83,20,1
83,1852,1
84,40,1
84,96,1
84,205,1
84,46,1
84,23,1
84,1624,1
84,327,1
84,0,2
84,144,1
84,813,1
84,955,2
84,10,1
84,13,1
84,4,3
84,1018,1
84,1364,1
84,1588,3
84,31,1
84,26,1
84,14,1
84,91,1
84,85,1
84,1,4
84,709,1
84,1330,1
84,571,1
84,1945,1
84,1232,1
84,50,1
84,71,1
84,334,1
84,45,1
84,1247,1
84,201,1
84,164,1
84,398,1
84,1166,1
84,1867,1
84,737,1
84,2237,1
84,55,1
84,38,1
84,625,1
84,750,2
84,251,1
84,200,1
84,2093,1
84,18,1
84,1398,1
84,957,1
85,260,1
85,1889,2
85,1127,2
85,1444,1
85,2262,1
85,1,2
85,439,1
85,2042,1
85,870,1
85,1001,1
85,89,1
85,24,1
85,518,1
85,1690,1
85,245,2
85,10,1
85,13,1
85,1846,1
85,58,1
85,1592,1
85,92,1
85,57,1
85,78,1
85,1224,1
86,480,1
86,838,1
86,3,2
86,1357,1
86,1835,1
86,1805,1
86,131,1
86,22,1
86,1803,1
86,27,1
86,394,1
86,1331,1
86,1603,1
86,857,2
86,1212,2
86,1610,1
86,360,1
86,1723,1
86,2262,1
86,573,1
86,316,1
86,171,1
86,1404,2
86,1027,1
86,415,2
86,1909,2
86,1200,1
86,890,1
86,823,1
86,119,1
86,1630,1
86,10,2
86,1957,1
86,1279,1
86,128,1
86,496,1
86,221,1
86,1380,1
86,499,1
86,500,1
86,469,1
86,141,1
86,43,1
86,13,1
86,162,1
86,814,1
86,0,2
86,610,1
86,473,1
86,2103,1
86,137,1
86,82,2
86,979,1
86,143,1
86,1,1
86,56,1
86,1076,1
86,1542,2
86,145,2
86,29,1
86,371,1
86,1532,1
86,2453,1
86,1281,1
86,33,1
86,427,1
86,999,1
86,346,1
86,1231,1
86,1780,1
86,1778,1
87,519,1
87,323,1
87,90,1
87,274,1
87,1418,2
87,1,1
87,538,1
87,1495,1
87,8,1
87,2132,1
87,1710,1
87,184,1
87,1265,1
87,710,1
88,518,1
88,194,2
88,1312,1
88,289,1
88,283,3
88,0,3
88,2417,1
88,352,1
88,16,1
88,330,1
88,1210,1
88,2419,1
88,807,1
88,631,1
88,1244,1
88,656,1
88,1932,2
88,865,1
88,1532,1
88,3,1
88,436,1
88,2301,1
88,728,1
88,1389,1
88,103,1
88,703,1
88,1,1
88,97,1
88,1346,1
88,702,1
88,528,1
88,49,1
88,2440,1
88,613,1
88,1726,1
88,373,1
88,67,1
88,1024,1
88,5,1
88,958,1
88,1267,1
89,106,1
89,163,1
89,65,1
89,35,1
89,1416,1
89,480,1
89,1288,1
89,1068,1
89,948,1
89,512,1
89,63,1
89,1627,1
89,345,1
89,2428,1
89,1598,1
89,2361,1
89,1764,1
89,1242,1
89,196,1
89,497,1
89,2332,1
89,1763,1
89,1993,1
89,986,1
89,1907,1
89,5,1
89,279,1
89,568,1
89,145,1
89,1703,1
89,410,1
89,172,1
89,109,1
89,142,1
89,54,1
89,277,1
89,430,1
89,612,1
89,744,1
89,34,1
89,260,1
89,357,1
89,1314,1
89,1318,1
89,1,1
90,2,1
90,28,1
90,638,2
90,614,1
90,458,1
90,2201,1
90,35,1
90,98,1
90,1402,1
90,210,1
90,0,3
90,1671,1
90,1835,1
90,431,1
90,1121,2
90,1674,1
90,228,1
90,153,1
90,174,1
90,1179,1
90,1,2
90,61,1
90,1997,1
90,62,1
90,716,1
90,1234,1
90,122,1
90,336,2
90,364,2
90,58,1
90,2360,1
90,4,1
90,317,1
90,86,1
90,1156,1
90,511,2
90,1366,1
90,115,1
90,735,1
90,1103,1
90,43,1
90,904,1
90,928,1
90,39,1
90,138,1
90,1882,2
90,853,1
90,1865,1
90,554,1
90,329,1
90,18,1
90,195,1
90,97,1
91,107,1
91,810,1
91,538,1
91,1977,1
91,397,1
91,3,1
91,105,2
91,77,2
91,525,1
91,6,2
91,71,1
91,899,1
91,2215,1
91,7,2
91,758,1
91,10,1
91,13,1
91,1115,1
91,1831,1
91,88,1
91,0,1
91,640,1
91,585,1
91,1528,1
92,2,1
92,170,1
92,94,1
92,1896,1
92,708,3
92,582,1
92,163,1
92,23,1
92,723,1
92,480,1
92,15,1
92,1220,3
92,301,2
92,1416,2
92,851,2
92,1210,1
92,470,1
92,1023,2
92,1683,2
92,1248,1
92,7,1
92,942,1
92,1500,1
92,266,1
92,1,1
92,132,1
92,36,3
92,1124,1
92,957,1
92,417,1
92,591,1
92,17,1
92,1922,1
92,1769,1
92,1147,1
92,1400,1
92,204,1
92,626,1
92,131,1
92,385,1
92,951,1
92,1168,1
92,1089,1
92,228,1
92,2085,1
92,929,1
92,1960,1
92,789,1
92,60,1
92,1498,1
92,397,1
92,2005,1
92,244,1
92,253,1
92,382,1
93,1854,1
93,2240,2
93,335,1
93,2220,1
93,262,1
93,5,1
93,809,1
93,177,1
93,84,1
93,74,2
93,22,2
93,571,1
93,1300,1
93,30,1
93,107,1
93,45,1
93,169,1
93,9,1
93,1259,1
93,549,1
93,12,1
93,2196,1
93,866,1
93,1140,1
93,1279,1
93,2310,1
94,2,1
94,110,1
94,1797,1
94,63,1
94,2352,1
94,101,1
94,37,1
94,2321,1
94,544,1
94,287,1
94,14,1
94,441,1
94,220,1
94,53,1
94,1,1
94,86,1
94,0,1
94,1671,1
94,1135,1
94,55,1
94,448,1
94,988,1
94,2043,1
94,10,1
94,183,1
94,1926,1
95,2,1
95,90,2
95,68,2
95,5,1
95,688,1
95,1518,1
95,700,1
95,177,1
95,80,1
95,20,1
95,1497,1
95,811,1
95,21,1
95,1706,1
95,14,1
95,2319,1
95,1933,1
95,86,1
95,0,2
95,610,1
95,222,1
95,254,1
95,1506,1
95,116,1
95,393,1
95,47,1
95,53,1
95,293,1
95,55,1
95,4,1
95,48,1
95,23,1
95,485,1
95,1275,1
95,1836,1
95,115,1
95,355,1
95,255,1
95,1,1
96,2,1
96,438,1
96,341,1
96,2430,2
96,843,1
96,506,3
96,2134,2
96,14,1
96,1118,1
96,905,1
96,358,1
96,248,1
96,150,1
96,1245,1
96,2206,1
96,1,1
96,1056,1
96,5,1
96,1052,2
96,534,1
96,364,1
96,521,1
96,300,1
96,234,1
96,1620,1
96,6,1
96,2203,1
96,626,1
97,112,1
97,2010,1
97,1584,1
97,187,1
97,2180,1
97,66,1
97,2238,2
97,1669,1
97,1135,1
97,0,7
97,899,2
97,2422,1
97,412,1
97,1,2
97,776,1
97,584,1
97,165,1
97,1298,1
97,6,2
97,1666,1
97,37,3
97,2248,1
97,365,1
97,62,1
97,3,1
97,1011,1
97,1537,1
97,177,1
97,9,1
97,41,1
97,734,1
97,800,1
97,17,1
97,958,1
97,796,1
97,4,1
97,101,1
97,615,1
97,960,1
97,879,1
98,30,1
98,2399,3
98,324,3
98,656,1
98,1377,1
98,1699,1
98,18,1
98,1906,1
98,1593,1
98,71,1
98,16,1
98,971,1
98,15,1
98,2047,2
98,300,1
98,2138,1
98,76,2
98,1228,1
98,431,1
98,1115,1
98,1334,1
98,1171,1
98,720,1
98,490,1
98,204,1
98,177,1
98,63,1
98,2445,1
98,1298,1
98,993,1
98,1159,1
98,1476,1
98,1,1
98,1824,1
98,269,1
98,715,1
98,1552,1
98,957,1
98,155,1
98,777,1
99,40,1
99,16,1
99,512,1
99,1036,1
99,744,4
99,1159,1
99,300,1
99,479,1
99,587,1
99,2429,1
99,2249,1
99,66,1
99,26,2
99,14,1
99,602,1
99,335,1
99,37,2
99,469,1
99,141,2
99,24,1
99,10,2
99,13,2
99,371,1
99,1925,1
99,626,1
99,131,2
99,865,1
99,1805,1
99,1659,2
99,1004,2
99,674,1
99,447,1
99,91,1
99,85,1
99,1594,1
99,309,1
99,2047,1
99,2425,1
99,1112,1
99,2273,1
99,616,1
99,457,1
99,11,1
99,8,1
99,4,1
99,196,1
99,1616,1
99,291,1
99,177,1
99,50,1
99,575,1
99,5,1
99,958,1
99,437,1
99,32,1
99,2058,1
99,49,1
100,535,1
100,9,1
100,1253,1
100,745,1
100,673,1
100,198,1
100,146,1
100,1894,1
100,1998,1
100,1642,1
100,921,1
100,1497,1
100,2055,1
100,0,1
100,153,1
100,174,1
100,2334,1
100,114,1
100,48,1
100,23,1
100,2,1
100,2094,1
100,72,1
100,17,1
100,1669,2
100,214,2
100,357,1
100,6,1
100,1070,1
100,1067,1
101,160,1
101,153,1
101,174,1
101,276,1
101,193,1
101,63,1
101,1629,1
101,29,1
101,1765,1
101,746,1
101,282,1
101,809,1
101,704,1
101,150,1
101,1512,1
101,1182,1
101,7,1
101,35,1
101,2294,1
101,0,1
101,1333,1
101,1782,1
101,1822,1
101,420,1
101,53,1
101,355,1
101,255,1
102,71,1
102,16,1
102,724,1
102,249,2
102,1373,1
102,23,1
102,2049,1
102,386,1
102,1200,1
102,890,1
102,778,1
102,1783,1
102,324,1
102,12,1
102,97,1
102,1588,1
102,134,2
102,137,2
102,497,1
102,109,1
102,1922,1
102,50,1
102,1378,1
102,753,1
102,2404,1
102,1647,1
102,1722,1
102,1,2
102,205,1
102,46,1
102,844,1
102,401,1
102,2354,1
102,164,1
102,2048,1
102,689,1
103,2,1
103,110,1
103,323,1
103,4,1
103,738,1
103,49,1
103,203,1
103,252,1
103,0,1
103,371,1
103,961,1
103,2264,1
103,64,1
103,152,1
103,18,1
103,465,1
103,1,1
103,419,1
103,2084,2
103,236,2
103,134,2
103,627,1
103,2308,1
103,3,1
103,191,1
103,1628,1
103,143,1
103,1307,1
103,1516,1
103,921,1
103,803,1
103,17,1
103,441,1
103,220,1
104,1251,1
104,17,1
104,2226,1
104,1,4
104,172,1
104,657,1
104,849,1
104,180,1
104,0,3
104,72,2
104,58,3
104,1671,1
104,1142,1
104,70,1
104,6,1
104,1897,1
104,132,2
104,2057,1
104,221,1
104,449,1
104,1688,1
104,1273,1
104,2429,1
104,2249,1
104,1036,1
104,1260,1
104,2331,2
104,1127,2
104,107,1
104,1636,1
104,1595,1
104,1580,1
104,602,1
104,1331,1
104,164,1
104,631,1
104,2174,1
104,411,1
104,8,1
104,126,1
104,1092,1
104,414,1
104,280,1
104,56,1
105,2,1
105,5,1
105,2251,1
105,107,1
105,1827,1
105,2299,1
105,156,2
105,1766,2
105,196,1
105,638,1
105,200,1
105,1925,1
105,67,1
105,63,1
105,1479,1
105,2078,1
105,181,1
105,178,1
105,761,1
105,389,1
105,1480,1
105,71,1
105,16,1
105,206,1
105,490,1
105,2296,1
105,764,1
105,24,1
105,337,1
105,886,1
105,3,2
105,376,1
105,99,1
105,661,1
105,4,1
105,61,1
105,209,1
105,439,1
105,1,1
106,3,2
106,0,5
106,1156,1
106,555,1
106,100,1
106,220,2
106,1010,1
106,1,1
106,488,1
106,477,1
106,949,1
106,1187,1
106,9,1
106,2209,1
106,328,1
106,963,1
106,17,1
106,1946,1
106,39,1
106,4,1
106,1151,2
106,1602,2
106,922,2
106,1424,2
106,196,1
106,447,1
106,935,2
106,253,1
106,1944,1
106,2075,1
106,1178,1
106,1415,1
106,441,1
106,2455,1
106,902,1
106,1086,1
106,1713,1
106,1991,1
106,517,1
106,113,1
106,381,1
107,154,1
107,223,1
107,314,1
107,325,1
107,4,1
107,655,1
107,1812,1
107,1386,1
107,1909,1
107,1042,1
107,1,1
107,69,1
107,81,1
107,929,1
107,672,1
107,501,1
107,10,1
107,1008,1
107,225,1
107,1900,1
107,72,1
107,656,1
107,1261,1
107,212,1
107,1295,1
107,329,1
107,785,1
107,48,1
107,23,1
107,788,1
107,19,1
107,1405,1
107,14,1
107,852,1
107,355,1
107,255,1
108,11,1
108,8,1
108,1846,1
108,706,1
108,1,1
108,372,1
108,310,1
108,1200,1
108,890,1
108,480,2
108,87,1
108,1436,2
108,318,1
108,857,1
108,1955,1
108,2084,1
108,517,1
108,113,1
108,1461,1
108,511,1
108,1362,3
108,587,1
108,252,2
108,138,2
108,754,2
108,330,3
108,665,1
108,874,2
108,560,2
108,1478,2
108,556,1
108,32,1
108,2093,1
108,602,1
108,335,1
108,151,1
108,0,3
108,1946,1
108,731,1
108,979,1
108,387,1
108,2307,1
108,500,2
108,116,2
108,1987,1
108,1855,1
108,1082,1
108,1003,1
108,17,1
108,2119,1
108,1649,1
108,134,1
108,137,1
108,422,1
108,235,1
108,980,1
108,6,1
108,241,1
108,1090,1
109,1112,1
109,1,3
109,739,3
109,515,4
109,1551,1
109,274,1
109,3,2
109,172,1
109,54,1
109,18,1
109,270,1
109,724,2
109,229,2
109,1443,1
109,76,1
109,965,1
109,818,1
109,0,1
109,545,1
109,5,2
109,2004,1
109,1596,1
109,703,1
109,1135,1
109,1823,1
109,457,1
109,2003,1
109,1286,1
109,250,1
109,2,1
109,438,1
109,21,1
109,1122,1
109,138,1
109,614,1
109,458,1
109,10,1
109,1954,1
109,1862,1
109,1991,1
109,405,1
109,1019,1
109,1076,1
110,1465,1
110,1676,1
110,2133,1
110,2,1
110,1329,1
110,1,1
110,2147,1
110,981,2
110,2271,1
110,1815,1
110,2413,2
110,418,2
110,1231,2
110,1852,2
110,0,6
110,919,1
110,1623,1
110,2214,1
110,1217,1
110,1875,1
110,8,1
110,305,1
110,12,1
110,1768,1
110,1890,2
110,247,2
110,723,1
110,480,1
110,119,1
110,1566,1
110,1130,1
110,16,1
110,94,1
110,1180,1
110,15,2
110,57,1
110,78,1
110,30,1
110,2100,1
110,1120,1
110,890,1
110,910,1
110,19,1
110,64,1
110,152,1
110,2427,1
110,574,1
110,2360,1
110,4,1
110,120,1
110,169,1
110,26,1
110,210,1
110,56,1
111,2,1
111,384,1
111,2369,1
111,877,1
111,3,1
111,153,1
111,174,1
111,275,1
111,668,1
111,1070,1
111,1482,1
111,1857,2
111,679,1
111,636,1
111,17,1
111,128,1
111,113,1
111,72,1
111,82,1
111,387,1
111,374,1
111,2262,1
111,439,1
111,625,1
111,65,1
111,184,1
111,1763,1
111,1285,1
111,2191,1
111,1765,1
111,1360,1
111,107,1
111,2134,1
111,704,1
111,784,1
111,126,1
111,1010,1
111,148,1
112,154,1
112,223,1
112,153,1
112,2182,1
112,210,1
112,0,1
112,640,1
112,2001,1
112,22,1
112,6,1
112,10,1
112,13,1
112,658,1
112,1661,1
112,1025,1
112,1,1
112,11,1
112,268,1
112,2169,1
112,804,1
112,7,1
112,1163,1
112,538,1
113,40,1
113,96,1
113,48,1
113,23,1
113,58,1
113,1761,1
113,985,1
113,416,1
113,1927,1
113,184,1
113,3,1
113,315,2
113,2347,1
113,20,1
113,1402,1
113,10,1
113,13,1
113,2171,1
113,383,1
113,1180,1
113,1331,1
113,1675,2
113,924,2
113,2151,1
113,2332,1
113,0,3
113,1232,2
113,221,1
113,14,1
113,692,1
113,215,1
113,1614,1
113,9,1
113,252,1
113,1671,1
113,1142,1
113,1,1
113,605,1
113,53,1
113,293,1
113,213,1
113,270,1
113,603,1
113,52,1
113,706,1
113,60,1
113,192,1
113,1540,1
113,1362,1
114,2444,1
114,1761,1
114,2004,1
114,9,2
114,1644,1
114,1243,1
114,32,2
114,341,1
114,1552,1
114,609,1
114,1139,1
114,522,1
114,1075,1
114,339,1
114,67,1
114,1403,1
114,17,1
114,1115,1
115,2451,1
115,62,1
115,2329,1
115,65,2
115,35,2
115,724,2
115,229,2
115,3,2
115,240,2
115,625,1
115,520,1
115,566,1
115,132,1
115,209,1
115,14,1
115,53,1
115,5,1
115,241,1
115,6,1
115,966,1
115,1,1
115,1118,1
115,2288,1
115,54,1
115,18,1
115,734,1
115,800,1
115,2319,1
115,47,1
115,1787,1
115,1513,1
115,12,1
115,7,1
115,2038,1
115,636,1
115,0,2
115,2419,1
115,4,2
115,1908,1
115,1929,1
115,24,1
115,2,1
115,173,1
115,154,1
115,1343,1
115,549,1
115,206,1
115,1092,1
115,1282,1
115,10,1
115,13,1
115,403,1
115,1486,1
115,667,1
115,1233,1
115,88,1
116,841,1
116,1110,1
116,2018,1
116,776,1
116,662,1
116,4,1
116,12,2
116,182,1
116,577,1
116,100,1
116,235,1
116,60,1
116,320,1
116,20,1
116,2406,1
116,1632,1
116,1890,1
116,72,1
116,0,1
116,198,1
116,1527,1
116,39,1
116,1846,1
116,2245,1
117,552,1
117,503,1
117,398,1
117,105,1
117,1213,1
117,617,1
117,128,1
117,127,1
117,416,2
117,1078,1
117,5,2
117,306,1
117,665,2
117,113,1
117,0,2
117,330,1
117,108,1
117,1146,1
117,46,1
117,124,1
117,2343,1
117,360,1
117,1,2
117,442,1
117,211,1
117,2306,1
117,500,1
117,370,2
117,82,1
117,69,1
117,81,1
117,212,1
117,1525,1
117,10,1
117,13,1
117,49,2
117,426,1
117,1354,1
117,1102,1
117,184,1
117,727,1
117,1009,1
117,1726,1
117,635,1
117,150,1
117,245,1
118,71,1
118,16,1
118,1908,2
118,9,1
118,41,1
118,1660,2
118,226,1
118,2314,1
118,20,1
118,185,1
118,270,1
118,1303,1
118,1832,1
118,1,2
118,516,1
118,852,1
118,1401,1
118,1369,1
118,1819,1
118,17,1
118,841,1
118,777,1
118,6,1
118,402,1
118,1586,1
119,2,1
119,77,1
119,49,1
119,7,1
119,782,1
119,0,1
119,468,1
119,82,1
119,1247,1
119,185,1
119,406,1
119,432,1
119,15,1
119,719,1
119,1273,1
119,132,1
119,932,1
119,1777,1
119,702,1
119,1715,1
119,2293,1
119,2287,1
119,11,1
119,8,1
119,4,1
119,607,1
119,348,1
119,157,1
119,164,1
119,20,1
119,56,1
120,14,1
120,90,1
120,68,1
120,383,1
120,3,1
120,611,1
120,519,1
120,156,1
120,990,1
120,1572,1
120,24,1
120,386,1
120,5,1
120,1381,1
120,363,1
120,617,1
120,1127,1
120,1335,1
120,2155,1
120,1430,1
120,33,1
120,427,1
120,1957,1
120,25,1
120,6,1
120,556,1
120,1307,1
121,2,1
121,110,1
121,323,1
121,65,1
121,35,1
121,1043,1
121,1395,1
121,765,1
121,3,1
121,689,1
121,948,1
121,146,1
121,674,1
121,25,1
121,1,2
121,281,2
121,2187,1
121,2438,1
121,1813,1
121,363,1
121,434,2
121,311,1
121,1193,1
121,380,1
121,0,1
121,306,1
121,220,1
121,2173,1
121,1282,1
121,222,1
121,4,1
121,517,1
121,113,1
121,186,1
121,1098,1
122,2331,3
122,1127,3
122,343,2
122,776,1
122,437,1
122,104,1
122,58,3
122,2340,1
122,587,1
122,1947,1
122,346,1
122,1506,1
122,116,2
122,1433,1
122,10,1
122,495,1
122,1,1
122,340,1
122,127,1
122,0,1
122,583,1
122,1410,1
122,4,1
122,2397,1
122,754,1
122,1036,1
122,793,1
122,286,1
122,553,1
122,1695,1
122,360,1
122,1596,1
123,2,1
123,189,1
123,1343,1
123,5,2
123,61,3
123,558,1
123,464,1
123,52,1
123,396,1
123,832,1
123,701,1
123,1679,1
123,1086,1
123,31,1
123,15,1
123,120,1
123,1689,1
123,515,2
123,435,1
123,1258,1
123,339,1
123,220,1
123,338,1
123,739,1
123,2328,1
123,82,1
123,887,1
124,1275,5
124,303,1
124,43,1
124,171,1
124,365,1
124,644,1
124,364,1
124,86,1
124,23,1
124,1144,2
124,317,1
124,12,1
124,2146,1
124,298,1
124,1066,1
124,1720,1
124,1475,1
124,5,1
124,959,1
124,1047,1
124,8,1
124,38,1
125,1183,1
125,1314,1
125,360,1
125,27,1
125,1788,1
125,70,1
125,241,1
125,1090,1
125,6,1
125,340,1
125,127,2
125,1891,2
125,343,1
125,860,1
125,133,1
125,2214,1
125,2237,1
125,55,1
125,20,1
125,448,1
125,848,1
125,424,1
125,979,1
125,1,1
125,69,1
125,81,1
125,1180,1
125,18,1
125,1398,1
125,690,1
126,71,1
126,2254,1
126,1927,1
126,16,1
126,314,1
126,1511,1
126,521,1
126,7,2
126,570,1
126,489,1
126,663,1
126,89,1
126,4,1
126,517,1
126,113,1
126,592,1
126,302,1
126,1094,1
126,1658,1
126,1753,1
126,1830,1
126,1128,2
126,1421,1
126,234,1
126,25,1
126,1,1
126,636,1
126,1021,1
126,955,1
126,140,1
126,388,1
126,2050,1
127,140,1
127,103,1
127,217,1
127,285,1
127,38,1
127,1,3
127,281,1
127,2361,1
127,1780,1
127,1293,1
127,20,1
127,2371,1
127,183,2
127,6,1
127,1157,1
127,138,1
127,25,1
127,246,1
127,118,1
127,86,1
127,0,1
127,593,1
127,220,1
128,2,1
128,347,1
128,1876,1
128,582,1
128,820,1
128,10,2
128,13,1
128,386,1
128,5,1
128,281,1
128,1649,1
128,1810,1
128,2184,1
128,1420,1
128,6,1
128,859,1
128,346,1
128,1158,1
128,1060,1
128,2159,1
128,140,1
128,641,1
128,29,1
128,576,1
128,623,1
128,966,1
128,144,1
128,2247,1
128,157,1
128,88,1
129,2,1
129,347,1
129,873,1
129,48,1
129,23,1
129,507,1
129,25,3
129,1093,4
129,2198,1
129,412,1
129,1664,1
129,1441,1
129,661,1
129,4,2
129,90,1
129,68,2
129,2376,1
129,940,1
129,489,1
129,1293,1
129,1992,1
129,650,1
129,195,1
129,79,1
129,225,1
129,72,1
129,269,1
129,0,2
129,21,1
129,3,1
129,544,1
129,89,1
129,1668,1
129,183,1
129,1258,1
129,50,1
129,410,1
129,332,1
129,531,1
129,546,1
129,38,1
129,2273,1
129,370,1
130,40,1
130,60,1
130,320,1
130,149,1
130,537,1
130,133,1
130,847,1
130,172,1
130,95,1
130,668,1
130,114,2
130,9,1
130,1253,1
130,11,2
130,8,2
130,1291,1
130,354,1
130,754,1
130,14,1
130,0,2
130,1000,1
130,3,1
130,684,1
130,632,1
130,622,1
130,838,1
130,2217,1
130,2281,1
130,123,1
130,803,1
130,875,1
131,2173,2
131,0,1
131,48,1
131,23,1
131,3,1
131,240,1
131,200,1
131,17,1
131,356,1
131,1112,1
131,1987,1
131,1403,1
131,25,1
131,76,1
131,1977,1
131,1961,1
131,63,1
131,584,1
131,140,1
131,10,1
131,13,1
131,457,1
131,349,1
131,302,1
131,7,1
131,460,1
131,826,1
131,600,1
131,475,1
131,1468,1
131,108,1
132,86,4
132,0,4
132,65,2
132,35,3
132,1627,1
132,644,2
132,370,1
132,358,1
132,1156,1
132,511,1
132,500,2
132,63,1
132,349,1
132,1133,2
132,610,1
132,473,1
132,1127,3
132,475,1
132,1468,1
132,2115,1
132,1217,1
132,32,2
132,363,1
132,1240,1
132,803,1
132,19,1
132,244,1
132,1836,1
132,620,1
132,34,1
132,912,1
132,922,1
133,262,1
133,1364,1
133,73,1
133,10,1
133,1029,1
133,373,1
133,929,1
133,2360,1
133,4,2
133,554,1
133,17,2
133,2245,2
133,988,1
133,1,2
133,371,1
133,14,1
133,307,1
133,1479,1
133,99,1
133,661,1
133,144,1
133,183,1
133,792,1
133,388,1
133,31,1
133,1718,1
133,788,1
133,7,1
133,206,1
133,172,1
133,82,1
133,597,1
133,2425,1
133,955,1
133,1593,1
133,1113,1
133,72,1
133,88,1
133,293,1
133,55,1
134,71,1
134,1041,1
134,16,1
134,723,1
134,480,1
134,1884,1
134,1896,1
134,1295,1
134,45,1
134,169,1
134,26,1
134,22,4
134,210,1
134,0,5
134,56,1
134,1562,1
134,119,1
134,2041,1
134,15,1
134,57,1
134,78,1
134,1883,2
134,1623,1
134,860,2
134,910,1
134,74,3
134,708,1
134,702,1
134,90,1
134,68,1
134,137,3
134,12,1
134,397,1
134,149,1
134,5,3
134,1673,1
134,6,1
134,444,1
134,490,1
134,311,1
134,7,1
134,1834,1
134,1026,1
134,673,1
134,450,1
134,274,1
134,259,1
134,906,1
134,1,2
134,66,1
134,857,1
134,165,1
134,1479,1
134,892,1
134,143,1
134,714,1
134,1900,1
134,1930,1
134,544,1
134,23,1
134,1543,1
134,86,1
134,11,1
134,8,1
134,1579,1
134,108,1
134,2086,1
134,380,1
134,2090,1
134,629,1
134,1024,1
134,51,1
134,65,1
134,35,1
134,260,1
134,357,1
134,875,1
134,816,1
134,2183,1
134,1940,2
135,646,1
135,1363,1
135,1451,1
135,196,1
135,1036,1
135,397,2
135,438,1
135,2434,1
135,2218,1
135,1407,1
135,10,2
135,13,1
135,1,2
135,1654,1
135,2087,1
135,108,1
135,4,1
135,841,1
135,1110,1
135,0,2
135,25,1
135,1958,1
135,29,1
135,269,1
135,616,1
135,727,1
135,1976,1
135,332,1
135,1759,1
136,2170,1
136,414,1
136,1,2
136,158,1
136,98,1
136,1764,1
136,193,1
136,80,1
136,20,1
136,894,1
136,368,1
136,11,2
136,8,2
136,202,1
136,1404,1
136,1813,1
136,33,1
136,427,1
136,13,1
136,4,1
136,1156,1
136,511,1
136,1514,1
136,133,1
136,1242,1
136,439,1
136,123,2
136,904,1
136,928,1
136,169,1
136,26,1
136,14,1
136,1874,1
136,1694,1
136,25,2
136,138,2
136,1043,1
136,708,1
136,1937,1
136,1136,1
136,1098,1
136,646,3
136,741,1
136,647,1
136,476,1
136,311,1
136,0,2
136,306,1
136,434,1
136,610,1
136,473,1
136,70,1
136,1355,1
136,6,1
136,736,1
136,375,1
136,1193,1
136,380,1
136,546,1
136,38,1
136,1435,1
136,73,1
136,29,1
137,112,1
137,1589,1
137,1701,1
137,358,1
137,573,1
137,752,1
137,1207,1
137,753,1
137,206,2
137,2069,1
137,217,1
137,793,1
137,19,1
137,244,1
137,144,1
137,317,1
137,7,1
137,208,1
137,1,1
137,488,1
137,477,1
137,2319,1
138,63,2
138,11,2
138,8,2
138,188,1
138,1542,1
138,133,1
138,847,1
138,172,1
138,58,2
138,126,1
138,2050,1
138,72,1
138,16,1
138,9,1
138,2211,1
138,365,1
138,2141,1
138,1910,1
138,786,1
138,559,1
138,0,2
138,228,1
138,513,1
138,1099,1
138,1,1
138,56,1
138,452,1
138,623,1
138,1380,1
138,380,1
138,801,1
139,10,1
139,13,1
139,103,1
139,14,1
139,309,1
139,184,1
139,1942,1
139,343,1
139,1183,1
139,245,2
139,499,1
139,107,1
139,1472,1
139,1707,1
139,1103,1
139,72,1
139,612,1
139,236,1
139,134,1
139,5,1
139,20,2
139,330,1
139,513,1
139,273,1
139,199,1
139,362,1
140,73,1
140,948,1
140,1018,1
140,766,1
140,1889,2
140,1144,1
140,1731,1
140,2261,1
140,150,1
140,1,1
140,76,1
140,684,1
140,632,1
140,0,2
140,2350,1
140,1298,1
140,6,1
140,24,1
140,2,1
140,897,1
140,2451,1
140,21,1
140,3,1
140,1663,1
140,80,1
140,802,1
140,119,1
140,970,1
140,23,1
140,427,1
140,13,1
140,245,1
140,461,1
140,172,1
140,1913,1
140,386,1
140,46,1
140,265,1
140,7,1
140,342,1
140,180,1
141,1443,1
141,24,1
141,2,1
141,173,1
141,99,1
141,167,1
141,216,1
141,102,1
141,2377,1
141,121,1
141,945,1
141,633,1
141,395,1
141,740,1
141,5,1
141,2406,1
141,650,1
141,184,1
141,116,1
141,1549,1
141,1696,1
141,1475,1
141,334,1
141,423,1
141,667,1
141,900,1
141,2134,1
141,23,1
141,88,1
141,1137,1
141,222,1
141,266,1
141,1254,1
141,978,1
141,3,1
141,369,1
141,1031,1
141,623,1
141,802,1
141,291,1
141,1675,1
141,49,1
141,750,1
141,18,1
141,286,1
141,1548,1
141,25,1
141,1,1
141,961,1
141,1407,1
141,6,1
141,90,1
141,274,1
141,1144,1
141,911,1
141,332,1
141,2038,1
141,2050,1
141,0,1
141,1873,1
142,2,1
142,110,1
142,1,1
142,2088,1
142,413,1
142,116,1
142,11,1
142,8,1
142,617,1
142,142,1
142,54,2
142,1005,1
142,2166,1
142,903,1
142,1285,1
142,817,1
142,18,1
142,600,1
143,99,1
143,167,1
143,965,1
143,818,1
143,591,1
143,1526,1
143,486,1
143,116,1
143,1,1
143,692,1
143,215,1
143,188,1
143,1961,1
143,10,1
143,13,1
143,509,1
143,219,1
143,196,1
143,0,2
143,1056,1
143,2430,1
143,358,1
143,904,1
143,88,1
143,293,1
143,55,1
143,119,1
143,232,1
143,41,1
144,509,1
144,742,1
144,1977,1
144,1968,1
144,399,1
144,46,2
144,2337,2
144,45,1
144,1601,1
144,209,1
144,2433,1
144,387,1
144,2026,1
144,11,1
144,123,1
144,1133,1
144,0,2
144,273,1
144,247,1
144,1374,1
144,631,1
144,261,1
144,8,1
144,4,1
144,1737,1
144,116,2
144,1189,1
144,280,1
144,1,1
144,56,1
144,63,1
144,3,1
144,191,1
144,1628,1
144,206,1
144,94,1
144,287,1
144,593,1
144,656,1
145,107,1
145,2311,1
145,12,3
145,263,2
145,62,2
145,1336,1
145,249,1
145,103,2
145,259,1
145,1875,1
145,268,1
145,1978,1
145,1734,1
145,116,1
145,1,1
145,129,1
145,483,1
145,1368,2
145,746,2
145,282,2
145,250,3
145,167,1
145,441,1
145,220,1
145,29,1
145,833,1
145,2130,1
145,43,1
145,487,1
145,867,1
145,218,1
145,147,1
145,6,2
145,684,1
145,632,1
145,2365,1
145,655,1
145,593,1
145,656,1
145,573,1
145,630,1
145,63,1
145,1093,1
145,1969,1
145,344,1
145,661,1
145,4,1
145,2410,1
145,201,1
145,1394,1
145,479,1
146,951,1
146,613,1
146,1817,1
146,1780,1
146,10,1
146,13,1
146,908,2
146,145,2
146,557,2
146,598,1
146,371,1
146,426,1
146,547,1
146,1033,1
146,52,1
146,22,1
146,2024,1
146,88,1
146,49,1
146,493,1
146,2090,1
146,20,1
147,73,1
147,641,1
147,611,1
147,1,4
147,69,2
147,81,2
147,837,1
147,447,1
147,1318,1
147,24,1
147,2,1
147,173,1
147,11,1
147,268,1
147,2369,1
147,877,1
147,3,1
147,684,1
147,632,1
147,1043,1
147,1738,1
147,1779,1
147,355,1
147,255,1
147,934,1
147,1112,1
147,2115,1
147,1217,1
147,722,1
147,92,1
147,2200,1
147,2340,2
147,25,1
147,1157,1
147,138,1
147,437,1
147,1437,1
147,4,1
147,546,1
147,38,1
147,1435,1
147,646,1
147,1025,1
147,2157,1
148,708,1
148,1861,1
148,2067,1
148,1587,1
148,782,1
148,131,1
148,287,3
148,885,2
148,2079,2
148,482,1
148,848,1
148,285,2
148,38,2
148,1,2
148,1046,1
148,241,1
148,529,1
148,232,1
148,729,1
148,616,1
149,2,1
149,1328,1
149,915,1
149,46,1
149,2432,1
149,761,1
149,633,1
149,71,1
149,1566,1
149,1168,1
149,1089,1
149,0,1
149,228,1
149,461,1
149,1216,2
149,827,1
149,700,1
149,726,1
149,1011,1
149,219,1
149,12,1
149,501,1
149,10,1
149,300,1
149,679,1
149,948,1
149,652,1
150,2,1
150,1328,1
150,915,1
150,1818,1
150,1,1
150,442,1
150,211,1
150,12,1
150,1077,1
150,153,1
150,174,1
150,6,1
150,1065,1
150,108,2
150,3,1
150,680,1
150,653,1
150,0,1
150,403,1
150,1059,1
150,1541,1
150,406,1
151,2,1
151,190,1
151,420,1
151,5,2
151,352,1
151,1704,1
151,344,1
151,1743,1
151,779,1
151,9,1
151,1253,1
151,440,1
151,284,1
151,700,1
151,0,1
151,149,1
151,79,1
151,32,1
151,34,1
151,67,1
152,795,1
152,965,1
152,818,1
152,722,1
152,92,1
152,1927,1
152,322,1
152,1825,2
152,266,2
152,1,2
152,2413,2
152,418,2
152,128,1
152,115,1
152,967,1
152,245,1
152,367,1
152,13,1
152,34,2
152,940,1
153,71,1
153,16,1
153,137,1
153,1884,1
153,1376,1
153,645,1
153,742,1
153,499,2
153,497,1
153,329,1
153,18,1
153,1075,1
153,812,1
153,986,1
153,2183,1
153,787,1
153,1677,1
153,801,1
153,1401,1
153,656,1
153,6,1
153,1092,1
153,2015,1
153,460,1
153,10,1
153,1957,1
153,2078,1
153,225,1
153,2158,1
153,26,1
154,2,1
154,1415,1
154,296,1
154,597,1
154,1223,1
154,1370,1
154,820,1
154,1122,1
154,14,1
154,79,1
154,76,2
154,1529,1
154,1754,1
154,585,2
154,89,1
154,4,1
154,2260,1
154,483,1
154,884,1
154,10,1
154,13,1
154,2184,1
154,2122,1
154,859,1
154,738,1
154,594,1
154,0,1
154,1852,1
154,393,1
154,17,1
154,604,1
154,530,1
154,2181,1
154,986,1
155,275,1
155,672,1
155,413,1
155,1410,1
155,1959,1
155,109,2
155,142,2
155,54,2
155,1802,1
155,145,1
155,49,1
155,942,1
155,70,1
155,0,1
155,247,1
155,9,1
155,1405,1
155,6,1
155,382,1
155,20,1
155,1655,1
155,494,1
155,406,1
155,28,1
156,2,1
156,486,1
156,116,1
156,591,1
156,645,1
156,160,1
156,90,1
156,68,2
156,538,1
156,13,1
156,554,1
156,17,1
156,2390,1
156,1701,1
156,358,1
156,703,1
156,841,1
156,1110,1
156,2025,1
156,504,1
156,214,1
156,5,1
156,35,1
156,0,1
156,50,1
156,1921,1
156,1017,1
156,30,1
156,726,1
157,89,1
157,4,1
157,676,1
157,2297,1
157,596,1
157,396,1
157,11,1
157,8,1
157,1846,1
157,239,1
157,1092,1
157,808,1
157,33,1
157,435,1
157,242,1
157,57,1
157,221,1
157,31,1
157,240,1
157,1946,1
157,1421,1
157,1241,1
157,498,1
157,1452,1
157,83,1
157,131,1
157,313,1
157,204,1
157,613,1
157,795,1
157,249,1
157,68,1
157,709,1
157,320,1
157,1187,1
157,390,1
158,370,1
158,62,1
158,7,4
158,580,1
158,484,1
158,1320,1
158,1986,1
158,244,1
158,554,1
158,1637,1
158,2,2
158,0,2
158,1049,1
158,664,1
158,2306,1
158,500,2
158,1599,1
158,104,1
158,162,1
158,19,1
158,372,1
158,310,1
158,485,3
158,740,1
158,5,2
158,2087,1
158,1782,1
158,1105,1
158,526,1
158,1588,2
158,743,1
158,983,1
158,1061,1
158,343,2
158,25,2
158,665,1
158,2085,1
158,1859,1
158,388,1
158,183,1
158,987,1
158,1955,1
158,1375,1
158,99,1
158,434,1
158,1809,2
158,1631,2
158,111,2
158,1623,2
158,1746,1
158,1029,2
158,1211,2
158,51,3
158,624,1
158,1097,2
158,1107,2
158,1730,1
158,11,1
158,8,1
158,208,1
158,1829,1
158,1193,1
158,380,1
158,32,1
158,29,1
158,1341,1
158,1510,1
158,689,1
158,35,1
158,1368,1
158,729,1
158,848,1
159,1766,1
159,1929,1
159,651,1
159,2260,1
159,869,1
159,145,1
159,2,1
159,190,1
159,697,1
159,681,1
159,195,1
159,502,1
159,1401,1
159,87,1
159,807,1
159,1588,1
159,2143,1
159,992,1
159,1040,1
159,1280,1
159,1467,1
159,1214,1
159,626,1
159,131,1
159,1984,1
159,2209,1
160,1650,1
160,3,4
160,48,2
160,23,2
160,74,1
160,22,1
160,254,1
160,1658,3
160,1753,3
160,1043,1
160,2,1
160,1126,1
160,345,1
160,32,2
160,1430,2
160,2177,1
160,645,1
160,160,1
160,36,1
160,2040,1
160,1345,1
160,605,1
160,1452,1
160,1334,1
160,1906,1
160,84,1
160,1948,1
160,2158,1
160,2280,2
160,1985,4
160,433,1
160,2173,1
160,452,1
160,1746,2
160,222,1
160,28,1
160,1408,1
160,911,1
160,18,1
160,2016,1
160,612,1
160,1419,1
160,55,1
160,1976,1
160,1681,1
160,1751,1
160,1042,1
160,1738,1
160,108,1
160,4,1
160,1381,1
160,574,1
160,1179,1
160,343,1
161,36,1
161,540,1
161,1818,1
161,1766,1
161,31,1
161,1491,1
161,996,1
161,767,1
161,768,1
161,1162,1
161,242,1
161,1,1
161,239,1
161,523,1
161,1800,1
161,34,1
161,1005,1
161,2426,1
161,19,1
161,1442,1
161,1297,1
161,18,1
161,1302,1
161,887,2
161,4,1
161,61,1
161,46,1
161,17,1
161,422,1
161,235,1
161,1810,1
161,2020,1
161,108,1
161,1653,1
161,1819,1
161,465,1
162,2,1
162,110,1
162,323,1
162,431,1
162,2317,1
162,10,1
162,13,1
162,1848,1
162,531,1
162,1026,1
162,527,1
162,108,1
162,25,1
162,578,1
162,1271,1
162,1697,1
162,169,1
162,26,1
162,1589,1
162,2307,1
162,1876,1
162,2085,1
162,727,1
162,1419,1
162,55,1
163,249,1
163,1373,1
163,23,1
163,137,1
163,3,1
163,684,1
163,818,1
163,0,2
163,681,1
163,1370,1
163,922,1
163,465,1
163,16,1
163,675,1
163,99,2
163,167,1
163,902,1
163,473,1
163,2322,1
163,20,1
163,158,1
163,615,1
163,770,1
163,240,1
163,2233,1
163,1112,1
163,1891,2
163,504,1
163,214,1
163,851,1
163,1922,1
163,1,1
163,844,1
163,1385,1
163,46,1
164,32,4
164,2177,1
164,124,1
164,631,1
164,312,1
164,1401,1
164,311,1
164,1318,1
164,833,1
165,2153,2
165,42,1
165,1085,1
165,107,1
165,1827,1
165,1432,1
165,187,1
165,1600,1
165,1386,1
165,3,1
165,545,1
165,1399,1
165,1902,1
165,374,1
165,2128,1
165,13,1
165,447,1
165,158,2
165,1692,2
165,328,1
165,588,1
165,1,2
165,1654,1
165,1094,1
165,140,1
165,652,1
165,1980,1
165,25,1
165,214,1
165,1518,1
165,6,1
165,1150,1
165,219,1
166,1,5
166,66,1
166,0,2
166,2088,2
166,76,1
166,1491,1
166,1632,1
166,43,1
166,518,1
166,39,1
166,1355,1
166,504,1
166,214,2
166,857,1
166,1885,1
166,1205,1
166,1684,1
166,240,1
166,2233,1
166,375,1
166,309,1
166,264,1
166,185,1
167,927,1
167,1931,1
167,159,1
167,669,1
167,3,1
167,1404,1
167,1207,1
167,583,1
167,1410,1
167,2016,1
167,277,1
167,1030,1
167,446,1
167,1477,1
167,752,1
167,435,1
167,650,1
167,200,1
167,2043,1
168,141,1
168,1538,1
168,131,1
168,313,1
168,1594,2
168,1740,1
168,46,1
168,19,1
168,1600,1
168,53,1
168,2359,1
168,395,1
168,270,1
168,1303,1
168,108,1
168,1653,1
168,50,1
168,1820,1
168,343,1
168,1408,1
168,789,1
168,179,1
168,1726,1
168,635,1
168,611,1
168,394,1
169,139,1
169,1706,1
169,1702,1
169,63,1
169,146,1
169,0,1
169,1749,1
169,787,1
169,1314,1
169,555,1
169,776,1
169,2171,1
169,2185,1
169,1509,1
169,2269,1
169,10,1
169,203,1
170,2,1
170,110,1
170,323,1
170,1491,1
170,0,1
170,260,1
170,232,1
170,1983,1
170,1,1
170,140,2
170,1588,1
170,2270,1
170,370,1
170,718,1
170,234,1
170,1221,1
170,2306,1
170,500,1
170,1519,1
170,1036,1
170,6,1
170,340,1
170,127,1
170,198,1
170,1284,1
170,143,1
170,14,1
170,105,1
170,254,2
170,3,1
170,206,1
170,309,1
171,112,1
171,1826,1
171,481,1
171,902,1
171,1092,1
171,75,1
171,821,1
171,11,1
171,8,1
171,123,1
171,1996,1
171,592,1
171,0,2
171,611,1
171,155,1
171,230,1
171,98,1
171,555,1
171,395,1
171,143,1
171,1,2
171,2089,1
171,631,1
171,114,1
171,1431,1
171,380,1
171,382,1
171,1606,1
171,304,1
171,144,1
171,121,1
171,3,1
171,962,1
171,746,1
171,282,1
171,640,1
172,51,1
172,1942,1
172,1572,1
172,1097,1
172,2328,1
172,58,3
172,73,2
172,972,1
172,228,1
172,1594,1
172,512,1
172,92,2
172,57,1
172,78,1
172,300,1
172,494,1
172,2424,1
172,587,1
172,10,1
172,13,1
172,126,1
172,2252,1
172,2015,1
172,0,1
172,1506,1
172,116,1
173,135,1
173,150,1
173,1690,1
173,1,1
173,158,1
173,1093,1
173,1684,1
173,1063,1
173,1088,1
173,2095,1
173,2314,1
173,572,1
173,423,1
173,667,1
173,2201,1
173,35,1
173,193,1
173,452,1
173,1092,1
173,99,1
173,1211,1
173,51,1
173,266,1
173,33,1
173,427,1
173,1008,1
173,718,1
173,729,1
173,196,1
173,863,1
173,2178,1
173,82,1
173,1247,1
174,168,1
174,1289,2
174,397,1
174,1151,1
174,2201,1
174,35,1
174,40,1
174,96,1
174,1476,1
174,217,1
174,2212,1
174,316,1
174,171,1
174,0,1
174,245,1
174,822,1
174,25,1
174,417,1
175,124,1
175,2343,1
175,454,1
175,3,3
175,215,1
175,0,1
175,2398,1
175,1086,1
175,830,1
175,373,1
175,596,4
175,739,1
175,740,1
175,19,1
175,82,1
175,5,1
175,1862,3
175,703,1
175,10,1
175,13,1
175,1723,1
175,1013,1
175,109,1
175,2390,1
175,718,1
175,727,1
175,1009,1
175,761,1
175,1376,1
176,112,1
176,1826,1
176,831,1
176,1,2
176,829,1
176,91,1
176,85,1
176,571,1
176,1679,3
176,573,1
176,1641,1
176,776,1
176,207,1
176,12,1
176,263,1
176,62,1
176,1512,1
176,1182,1
176,0,2
176,80,1
176,183,1
176,428,1
176,408,1
176,994,1
176,1254,1
176,978,1
176,729,1
176,727,1
176,1419,1
176,55,1
176,639,1
176,498,1
177,106,1
177,163,1
177,241,1
177,529,1
177,232,1
177,1081,2
177,1529,1
177,448,1
177,713,1
177,917,1
177,884,1
177,2362,1
177,2342,1
177,107,1
177,1636,1
177,26,1
177,217,1
177,270,1
177,10,1
177,171,1
177,2175,1
177,2252,1
177,2236,1
177,55,1
177,740,1
177,424,1
177,111,1
177,157,1
177,1148,1
177,50,1
177,1733,1
178,110,1
178,493,1
178,1976,1
178,332,1
178,346,1
178,982,1
178,674,2
178,2269,1
178,707,1
178,972,1
178,93,1
178,9,1
178,49,1
178,504,1
178,214,1
178,1899,2
178,10,1
178,13,1
178,128,1
178,65,1
178,35,1
178,3,1
178,309,1
178,116,1
178,2363,1
179,2,1
179,438,1
179,1420,1
179,1062,1
179,8,1
179,144,1
179,718,1
179,1684,1
179,112,1
179,16,1
179,1319,1
179,2365,1
179,2280,1
179,1295,1
179,218,1
179,280,1
179,6,1
179,11,1
179,1,1
179,56,1
179,2282,1
179,103,1
179,14,1
179,1861,1
179,17,1
180,314,1
180,325,1
180,143,1
180,1,1
180,0,1
180,277,1
180,116,1
180,909,1
180,1710,1
180,184,1
180,1673,1
180,550,1
180,1814,1
180,70,1
180,6,2
180,23,1
180,447,1
180,1865,1
180,606,1
180,200,2
180,7,1
180,2094,1
180,72,1
180,203,1
180,103,1
181,83,1
181,177,1
181,80,1
181,1245,1
181,805,1
181,295,1
181,1821,1
181,1847,1
181,1596,1
181,21,1
181,1030,1
181,290,4
181,214,1
181,16,1
181,2203,1
181,124,1
181,2343,1
181,225,1
181,57,1
181,78,1
181,304,1
181,382,1
181,265,1
181,394,1
181,11,1
181,8,1
181,209,1
181,201,1
181,132,1
181,0,1
181,103,1
181,1093,1
182,2,1
182,347,1
182,873,1
182,65,1
182,35,1
182,929,2
182,672,1
182,452,1
182,22,1
182,1623,1
182,1281,1
182,11,2
182,8,2
182,294,1
182,27,1
182,500,2
182,116,1
182,1,3
182,597,1
182,1261,1
182,71,1
182,659,1
182,93,1
182,9,1
182,671,1
182,587,1
182,15,1
182,719,1
182,12,1
182,598,1
182,1519,1
182,101,1
182,37,1
182,280,1
182,4,1
182,2397,1
182,58,2
182,126,1
182,7,1
182,296,1
182,1095,1
183,106,1
183,163,1
183,48,1
183,23,1
183,637,2
183,225,2
183,1476,1
183,217,1
183,287,1
183,0,1
183,74,1
183,22,1
183,5,1
183,2103,1
183,1844,1
183,33,1
183,427,1
183,1008,1
183,12,1
183,1041,1
183,16,1
184,124,1
184,1471,1
184,93,1
184,9,1
184,871,1
184,1032,1
184,1639,1
184,48,1
184,23,1
184,10,1
184,13,1
184,49,1
184,51,1
184,5,1
184,604,1
184,530,1
184,371,1
184,329,1
184,0,1
184,1,1
184,35,2
184,55,1
185,106,1
185,163,1
185,65,1
185,35,1
185,183,1
185,555,1
185,939,3
185,116,1
185,58,1
185,25,1
185,1778,1
185,568,1
185,1966,1
185,1891,1
185,201,1
185,677,1
185,0,1
185,219,1
185,813,1
185,1098,1
186,2,1
186,347,1
186,1093,1
186,344,3
186,423,1
186,1384,1
186,228,1
186,2362,1
186,827,1
186,226,1
186,83,1
186,472,1
186,96,1
186,90,1
186,68,1
186,777,1
186,1992,1
186,2366,1
186,201,1
186,718,1
186,197,1
186,485,1
186,1050,1
187,99,1
187,167,1
187,1981,1
187,0,1
187,628,1
187,288,2
187,116,1
187,76,1
187,14,1
187,1662,1
187,414,1
187,1320,1
187,1598,1
187,1365,1
187,1063,1
187,25,1
187,32,1
187,1801,1
187,250,1
187,1780,1
187,977,1
187,82,1
187,694,1
187,1509,1
187,266,1
187,1,1
188,99,1
188,589,1
188,17,1
188,809,1
188,83,1
188,839,1
188,618,1
188,1292,1
188,889,1
188,732,1
188,1047,1
188,222,1
188,617,1
188,109,1
188,1830,1
188,2130,1
188,253,1
188,246,1
188,550,1
188,42,1
189,2,1
189,888,1
189,1768,1
189,1889,3
189,2256,1
189,245,1
189,981,1
189,1,1
189,248,1
189,1585,1
189,1429,1
189,688,1
189,508,1
189,124,1
189,22,1
189,6,1
189,68,1
190,602,1
190,335,1
190,1082,3
190,1804,2
190,929,2
190,825,1
190,1068,1
190,175,1
190,920,1
190,94,1
190,744,1
190,499,1
190,2058,1
190,999,1
190,1257,1
190,345,1
190,1,3
190,56,2
190,501,1
190,10,1
190,13,1
190,512,1
190,5,1
190,1855,1
190,1322,1
190,1895,1
190,15,1
190,905,1
190,49,1
190,798,1
191,168,2
191,379,1
191,12,1
191,1440,1
191,83,1
191,425,1
191,896,1
191,65,1
191,35,1
191,538,1
191,1977,1
191,3,1
191,129,1
191,287,1
191,593,1
191,1830,1
191,45,1
191,59,1
191,1730,1
191,2130,1
191,1,1
191,844,1
191,225,1
191,2259,1
191,4,1
191,87,1
191,663,1
191,89,1
192,687,1
192,5,1
192,725,1
192,1960,1
192,1883,1
192,1281,1
192,583,1
192,1344,1
192,606,1
192,717,1
192,2438,1
192,460,1
192,2103,1
192,35,2
192,137,1
192,319,1
192,29,1
192,430,1
192,611,1
192,99,1
192,167,1
192,1668,1
192,23,1
192,133,1
193,86,1
193,0,1
193,639,1
193,498,1
193,779,1
193,2159,2
193,2077,1
193,1,1
193,2123,1
193,47,1
193,55,1
193,123,1
193,1191,1
193,22,1
193,10,1
193,13,1
193,114,1
193,379,1
194,1959,1
194,2373,1
194,751,1
194,17,1
194,1403,1
194,630,1
194,159,1
194,857,1
194,11,1
194,8,1
194,123,1
194,351,1
194,1338,1
194,957,1
194,2361,1
194,128,1
195,338,1
195,6,1
195,1046,1
195,287,1
195,1807,1
195,200,1
195,205,1
195,46,2
195,57,1
195,78,1
195,30,1
195,1881,1
195,585,1
195,2098,1
195,141,1
195,188,1
195,435,1
195,4,1
195,884,2
195,513,1
195,369,1
195,0,3
195,2,1
195,2367,1
195,227,1
195,397,1
195,2410,1
195,122,1
195,881,1
196,852,1
196,174,1
196,286,1
196,25,2
196,34,1
196,991,1
196,119,1
196,1550,1
196,126,1
196,7,4
196,640,1
196,0,3
196,1156,1
196,511,1
196,73,1
196,641,1
196,2095,2
196,1004,2
196,1656,1
196,375,1
196,335,1
196,326,1
197,2443,1
197,458,1
197,90,1
197,68,1
197,2057,1
197,1,3
197,158,1
197,2047,1
197,672,1
197,183,1
197,6,1
197,38,2
197,549,1
197,0,3
197,1829,1
197,1676,1
197,546,1
197,1036,1
197,474,1
197,32,1
197,967,1
197,1825,1
197,1498,1
198,1349,3
198,927,1
198,131,1
198,2439,1
198,45,1
198,169,1
198,26,1
198,376,1
198,618,1
198,7,1
198,295,1
198,541,1
198,1633,1
198,12,1
198,2146,1
198,196,1
198,1685,1
198,1587,1
198,182,1
198,494,1
199,2446,1
199,3,1
199,781,2
199,923,1
199,0,2
199,307,1
199,17,1
199,1867,1
199,703,1
199,79,1
199,105,2
199,77,1
199,1625,1
199,42,1
199,130,1
199,28,1
199,2033,1
199,6,1
199,1347,1
199,2038,1
199,414,1
199,1785,1
199,33,1
199,752,1
200,1077,1
200,686,1
200,1633,1
200,137,1
200,7,1
200,602,1
200,335,1
200,215,1
200,227,1
200,493,1
200,607,2
200,348,2
200,0,2
200,2011,1
200,271,1
200,26,2
200,14,2
200,56,1
200,413,1
200,1906,1
200,84,1
200,15,2
200,250,1
200,1839,1
200,10,1
200,13,1
200,4,2
200,2107,1
200,826,1
200,1,2
200,69,1
200,81,1
200,2077,1
200,928,1
200,39,1
200,589,1
200,940,1
200,115,1
201,401,2
201,2292,1
201,2216,1
201,863,1
201,1476,1
201,1257,1
201,1899,2
201,63,1
201,1647,1
201,233,1
201,231,1
201,1112,1
201,56,1
201,0,2
201,605,1
201,2412,1
201,791,1
201,902,1
201,602,1
201,335,1
201,1564,1
201,1318,1
201,868,1
201,729,1
201,1095,1
202,2,1
202,170,1
202,77,1
202,1599,2
202,6,1
202,643,1
202,332,1
202,1408,1
202,276,1
202,581,1
202,0,1
202,69,1
202,81,1
202,837,1
202,226,1
202,2448,1
202,1879,1
202,435,1
202,838,1
202,1747,1
202,688,1
202,1222,1
202,1907,1
203,2,1
203,540,1
203,674,1
203,1899,1
203,2370,1
203,1199,1
203,131,1
203,313,1
203,94,1
203,98,1
203,2180,1
203,588,1
203,1,1
203,962,2
203,2404,1
203,23,1
203,57,1
203,78,1
203,2016,1
203,6,1
203,270,1
203,1303,1
203,466,1
203,924,1
203,995,1
203,152,1
203,18,1
203,31,1
203,15,1
203,120,1
203,87,1
204,40,1
204,585,1
204,228,1
204,45,1
204,714,1
204,4,1
204,654,1
204,338,1
204,509,1
204,115,1
204,56,2
204,164,1
204,120,1
204,410,1
204,1687,1
204,66,1
204,1531,1
204,0,1
204,2398,1
204,1086,1
204,1643,1
204,57,1
204,78,1
204,2245,1
204,1423,1
204,1,1
205,44,1
205,144,1
205,86,1
205,382,1
205,924,1
205,20,1
205,293,1
205,55,1
205,1974,1
205,1023,1
205,2183,1
205,0,1
205,65,1
205,35,1
205,184,1
205,904,1
205,50,1
205,1074,1
205,393,1
205,2220,1
206,195,1
206,1,3
206,739,3
206,515,3
206,2210,2
206,742,1
206,1778,1
206,987,1
206,893,1
206,1088,1
206,2398,1
206,1086,1
206,370,3
206,49,1
206,990,1
206,754,1
206,1805,1
206,131,1
206,313,1
206,1437,1
206,123,1
206,1133,1
206,957,1
206,1076,1
207,2009,2
207,610,1
207,473,1
207,822,1
207,25,1
207,1,1
207,330,3
207,144,1
207,780,1
207,0,2
207,131,1
207,313,1
207,16,1
207,1997,1
207,1325,1
207,953,1
207,61,1
207,100,1
207,2353,1
207,396,1
207,236,1
207,134,1
207,1052,1
207,1311,1
207,63,1
207,3,1
208,183,1
208,6,1
208,932,1
208,327,1
208,0,2
208,1499,1
208,1942,2
208,1,1
208,74,1
208,22,1
208,1202,1
208,17,1
208,1158,1
208,1060,1
208,903,1
208,89,1
208,1347,1
208,1018,1
208,197,1
208,1379,1
208,57,1
208,78,1
208,751,1
208,424,2
208,2338,1
208,38,1
208,1879,1
208,86,1
208,367,1
208,138,1
208,1882,1
208,363,1
209,2097,1
209,77,1
209,399,1
209,89,1
209,421,1
209,570,1
209,100,1
209,1215,2
209,24,1
209,808,1
209,229,1
209,833,1
209,2439,1
209,6,1
209,129,1
209,874,1
209,2,1
209,1328,1
209,915,1
209,1715,1
209,1103,1
209,752,1
209,0,1
209,1502,1
209,1516,1
210,73,1
210,1502,1
210,2045,1
210,175,1
210,329,1
210,397,1
210,24,1
210,2,1
210,173,1
210,695,1
210,1135,1
210,367,1
210,1289,1
210,5,2
210,606,3
210,1977,1
210,103,1
210,14,1
210,2149,1
210,30,2
210,0,2
210,1777,2
210,116,2
210,1,2
210,56,2
210,413,1
210,584,1
210,1875,1
210,8,1
210,305,1
210,233,1
210,1854,1
210,1112,2
210,479,1
210,1043,1
210,1738,1
210,57,1
210,78,1
210,1045,1
210,1756,1
210,259,1
210,659,1
210,16,1
210,798,1
210,2401,1
210,1767,1
210,39,1
210,143,1
210,212,1
210,1524,1
210,334,1
210,2272,1
210,2405,1
210,2046,1
210,72,1
210,33,1
210,1526,1
210,719,1
210,859,1
210,346,1
211,2,1
211,190,1
211,2172,1
211,949,1
211,94,1
211,890,1
211,1990,1
211,613,1
211,493,1
211,1664,2
211,1441,2
211,52,1
211,893,2
211,87,1
211,138,1
211,1362,1
211,587,1
211,2187,1
211,2148,1
211,1607,1
211,674,1
211,104,1
211,20,1
211,1852,1
211,276,1
211,221,1
211,31,1
211,240,1
211,1946,1
211,625,1
211,2411,1
211,2071,1
211,0,1
211,626,1
211,131,1
211,838,1
212,83,1
212,720,1
212,250,1
212,167,1
212,445,1
212,463,1
212,2185,1
212,581,1
212,891,2
212,1021,1
212,6,1
212,1233,5
212,389,1
212,675,1
212,435,1
212,4,1
212,1327,1
212,1503,1
212,1,2
212,69,1
212,81,1
212,197,1
212,1102,1
212,70,1
212,1383,1
212,2370,1
212,1654,1
212,1600,1
212,654,1
212,76,1
212,126,1
212,1956,1
212,948,1
213,11,1
213,8,1
213,4,1
213,1666,1
213,151,1
213,1122,1
213,1141,2
213,302,1
213,1890,1
213,1457,2
213,798,1
213,42,3
213,2057,1
213,1,1
213,844,1
213,401,1
213,793,2
213,377,1
213,39,1
213,162,1
213,194,1
213,1984,1
213,532,1
213,1592,1
213,417,1
213,988,1
213,111,1
213,175,1
214,1221,1
214,275,2
214,40,1
214,96,1
214,153,1
214,174,1
214,1101,1
214,1761,1
214,2004,1
214,1194,1
214,1348,1
214,95,1
214,161,1
214,526,1
214,5,1
214,239,1
214,677,1
214,1109,1
214,292,1
214,39,1
214,533,1
214,212,1
214,1525,1
214,11,1
214,8,1
214,1,1
214,1661,1
214,221,1
214,31,1
214,100,1
214,660,1
214,1445,1
214,2371,1
214,459,1
214,355,1
214,255,1
214,1319,1
214,2014,1
215,154,1
215,223,1
215,1860,2
215,1251,1
215,731,1
215,5,1
215,1916,1
215,1520,1
215,42,1
215,1619,1
215,1427,1
215,224,2
215,453,1
215,59,1
215,864,2
215,582,1
215,163,1
215,1234,1
215,122,1
215,261,1
215,8,1
215,162,1
215,764,1
215,1887,1
215,318,1
215,213,1
215,185,1
215,561,1
215,14,1
215,29,1
215,30,1
216,1559,3
216,396,9
216,49,2
216,30,2
216,1863,2
216,2245,2
216,509,1
216,760,1
216,2293,1
216,1907,1
216,159,1
216,29,1
217,36,1
217,385,1
217,16,1
217,1806,1
217,558,1
217,1590,1
217,917,1
217,1463,1
217,2326,1
217,194,2
217,328,1
217,1,1
217,548,1
217,834,1
217,4,1
217,281,1
217,483,1
217,133,1
217,847,1
217,699,1
217,935,1
217,1701,1
217,358,1
217,416,1
217,212,1
217,1524,1
217,265,1
217,338,1
217,585,1
217,6,1
217,1659,1
217,1004,1
218,2268,1
218,355,1
218,255,1
218,1747,3
218,49,1
218,2,1
218,80,1
218,20,1
218,96,1
218,53,1
218,2068,1
218,894,1
218,55,1
218,270,1
218,1303,1
218,466,1
218,1,1
218,1563,1
218,1626,1
218,640,1
218,1110,1
218,513,1
218,1731,1
219,2,1
219,110,1
219,1931,2
219,1275,4
219,597,1
219,1475,2
219,86,1
219,0,1
219,65,1
219,35,1
219,2039,1
219,93,1
219,9,1
219,328,1
219,333,1
219,3,1
219,74,1
219,22,1
219,963,1
219,80,1
219,2005,1
219,39,1
219,32,1
219,959,1
219,1243,1
219,1255,1
219,1,1
219,316,1
219,171,1
220,1516,1
220,46,1
220,70,1
220,6,1
220,396,2
220,217,1
220,86,1
220,0,1
220,249,1
220,195,1
220,7,1
220,1637,1
220,676,1
220,34,1
220,53,1
220,293,1
220,55,1
220,4,1
220,545,1
220,267,1
220,1321,1
220,951,1
220,5,2
220,989,1
220,1237,1
220,2440,1
221,210,1
221,1457,1
221,798,1
221,2075,1
221,1655,1
221,494,1
221,905,1
221,487,1
221,19,1
221,2086,1
221,112,1
221,228,1
221,504,1
221,214,1
221,1849,1
221,125,1
221,2429,1
221,2249,1
221,2058,1
221,57,1
221,78,1
221,1042,1
221,15,1
221,2012,1
221,744,1
221,532,1
221,282,1
221,2119,1
221,1649,1
221,401,1
221,254,1
221,3,1
221,279,1
221,288,1
222,131,1
222,243,1
222,2030,1
222,34,1
222,2431,1
222,0,3
222,1567,2
222,20,1
222,602,1
222,1516,1
222,501,1
222,40,1
222,96,1
222,516,1
222,836,1
222,94,1
222,181,1
222,178,1
222,2428,1
222,2426,1
222,1,1
222,689,1
222,512,1
222,5,1
222,631,1
222,1259,1
222,930,1
222,1646,1
222,474,1
223,83,1
223,929,1
223,655,1
223,668,1
223,10,1
223,1958,1
223,2413,1
223,418,1
223,357,2
223,708,1
223,18,1
223,940,1
223,1940,1
223,67,1
223,393,1
223,17,1
223,1179,1
223,850,1
223,1382,1
223,329,1
223,1120,1
223,1039,1
223,75,1
223,538,1
224,46,4
224,1,2
224,158,1
224,515,1
224,73,1
224,685,1
224,26,1
224,286,1
224,1548,1
224,25,1
224,9,1
224,167,1
224,309,2
224,1679,2
224,665,2
224,1841,1
224,712,1
224,208,1
224,527,1
224,14,1
224,340,1
224,127,1
224,128,1
224,1112,1
224,917,1
224,767,1
224,768,1
224,452,1
224,630,1
224,251,1
224,254,1
224,1141,1
225,711,1
225,1024,1
225,92,1
225,20,2
225,295,1
225,541,1
225,3,1
225,1873,1
225,5,1
225,258,1
225,272,1
225,61,1
225,261,1
225,268,1
225,19,1
225,17,2
225,215,2
225,0,1
225,1067,1
225,88,1
225,179,1
225,271,1
225,26,1
225,14,1
225,1854,1
225,1184,1
225,1565,1
225,881,1
225,257,1
226,1403,1
226,2,1
226,1125,1
226,1953,1
226,180,1
226,11,1
226,8,1
226,4,1
226,91,1
226,85,1
226,1226,1
226,66,1
226,1296,1
226,33,1
226,411,1
226,143,1
226,256,1
226,655,1
226,0,1
226,166,1
226,622,1
226,125,1
227,257,1
227,450,1
227,335,1
227,569,2
227,2156,1
227,58,1
227,124,1
227,934,1
227,1549,1
227,505,1
227,0,1
227,1282,1
227,135,1
227,55,1
227,913,1
227,793,1
227,1493,1
227,918,1
228,83,1
228,2432,1
228,90,2
228,68,2
228,0,5
228,306,1
228,624,1
228,3,2
228,279,3
228,568,3
228,55,1
228,183,1
228,531,1
228,1,1
228,1966,1
228,1529,1
228,1465,1
228,1676,1
228,2406,1
228,277,1
228,32,1
228,514,1
228,327,1
228,1272,1
228,508,1
229,769,1
229,569,1
229,1018,1
229,197,1
229,2079,1
229,1307,1
229,121,1
229,1319,1
229,1414,1
229,1043,1
229,55,1
229,97,1
229,0,2
229,688,1
229,867,1
229,618,1
229,391,1
229,306,1
229,295,1
229,541,1
229,704,1
229,1206,1
229,1577,1
229,5,1
229,1303,1
229,17,1
230,328,1
230,711,1
230,1688,1
230,19,3
230,1544,1
230,1,1
230,442,1
230,211,1
230,2067,1
230,20,1
230,2027,1
230,278,1
230,133,1
230,847,1
230,362,1
230,1951,1
230,1604,1
230,2060,1
230,371,1
230,1576,1
230,564,1
230,244,1
230,117,1
230,752,1
230,12,1
230,486,1
230,275,1
230,669,1
230,3,1
230,684,1
230,632,1
231,223,1
231,1091,1
231,1129,1
231,893,2
231,1927,1
231,705,1
231,961,1
231,35,1
231,0,2
231,66,1
231,1,1
231,69,1
231,1046,2
231,287,2
231,181,2
231,178,2
231,1495,1
231,1419,1
231,55,2
231,369,1
231,4,1
231,230,1
231,568,1
231,569,1
231,252,1
232,252,1
232,416,1
232,1761,1
232,47,1
232,591,1
232,797,1
232,1101,1
232,2269,1
232,707,1
232,132,1
232,543,1
232,9,1
232,1139,1
232,317,1
232,311,1
232,752,1
232,798,1
232,1112,1
232,2273,1
232,574,1
232,1460,1
232,825,1
232,1170,1
232,2368,1
232,0,1
232,240,1
232,616,1
232,1069,1
232,52,1
232,320,1
232,45,1
232,1105,1
233,1212,1
233,329,1
233,1955,1
233,132,1
233,133,1
233,1242,1
233,1,1
233,203,1
233,370,2
233,627,1
233,83,1
233,407,1
233,1869,2
233,1617,1
233,503,1
233,1585,1
233,472,1
233,909,1
233,1063,1
233,63,1
233,555,1
233,514,1
233,158,1
233,225,1
233,771,1
233,253,1
233,1495,1
233,12,1
233,14,1
233,539,1
233,138,1
233,1362,1
233,53,1
233,595,1
233,679,1
233,1623,1
233,1543,1
233,28,1
233,58,1
233,419,1
234,1797,1
234,1650,1
234,1806,1
234,1,1
234,687,1
234,300,1
234,119,1
234,186,1
234,1017,1
234,2244,1
234,697,1
234,1051,1
234,326,2
234,920,2
234,16,1
234,2,1
234,1328,1
234,915,1
234,719,1
234,1329,1
234,2341,1
234,2175,1
234,786,1
234,2392,1
234,21,1
234,986,1
234,212,1
234,1525,1
234,927,1
234,15,1
234,1449,1
234,94,1
234,1892,1
234,1912,1
234,410,1
234,199,1
234,109,1
234,142,1
234,1778,1
234,12,1
234,1074,1
234,214,1
235,298,1
235,93,1
235,9,1
235,1188,1
235,889,1
235,210,1
235,0,2
235,56,1
235,921,1
235,15,1
235,120,1
235,937,1
235,1578,1
235,193,1
235,80,1
235,20,1
235,158,1
236,2,1
236,438,1
236,452,1
236,1430,1
236,150,1
236,425,1
236,487,1
236,10,1
236,1008,1
236,225,3
236,770,1
236,373,2
236,1389,2
236,103,2
236,945,1
236,27,3
236,612,1
236,1009,1
236,271,1
236,26,1
236,812,1
236,244,1
236,235,1
236,1179,1
237,2,1
237,170,1
237,2410,1
237,141,1
237,946,1
237,808,1
237,1818,1
237,175,1
237,920,1
237,93,1
237,865,1
237,1660,1
237,226,1
237,1844,2
237,2324,2
237,1099,1
237,27,2
237,213,1
237,75,1
237,185,2
237,628,1
237,637,3
237,349,1
237,777,1
237,1239,1
237,61,1
237,345,2
237,2061,2
237,2415,1
237,1607,1
237,2405,1
237,122,1
237,0,3
237,436,1
237,1653,1
237,380,1
237,249,1
237,2449,1
237,387,1
237,69,1
237,81,1
237,5,1
237,711,1
237,1330,1
237,538,1
238,2,1
238,1729,1
238,121,1
238,228,1
238,1,1
238,3,1
238,155,1
238,565,2
238,2146,1
238,30,1
238,0,1
238,1496,1
238,32,1
238,29,1
238,1341,1
238,1510,1
238,195,1
238,1120,1
238,176,1
238,15,1
238,120,1
238,1167,1
238,9,1
238,567,2
238,1576,1
238,1259,1
238,482,1
238,1248,1
238,1973,1
238,233,1
238,1558,1
239,2,1
239,347,1
239,873,1
239,2368,1
239,245,1
239,512,1
239,16,1
239,230,2
239,6,1
239,1647,1
239,99,2
239,167,1
239,1662,1
239,414,1
239,0,2
239,45,1
239,629,1
239,51,1
239,88,2
239,895,1
239,1874,1
239,1694,1
239,1335,1
239,1112,1
239,1,1
239,661,1
239,4,1
239,610,1
239,473,1
239,289,1
239,2389,1
239,713,1
239,1474,2
239,175,2
239,1748,1
239,535,1
239,212,1
239,293,1
239,55,1
239,241,1
239,529,1
239,232,1
239,126,1
239,7,1
240,32,1
240,1725,1
240,1196,1
240,688,1
240,332,1
240,1759,1
240,82,1
240,5,1
240,2339,1
240,204,1
240,360,1
240,24,1
240,2,1
240,2017,1
240,3,1
240,356,1
240,464,1
240,675,1
240,1976,1
240,272,1
240,1175,1
240,1257,1
240,1,1
240,91,1
240,85,1
240,744,1
240,148,1
240,2358,1
240,701,1
240,576,1
240,7,1
240,1874,1
240,1694,1
240,270,1
240,1303,1
240,466,1
240,1304,1
240,309,1
240,139,1
240,151,1
240,674,1
240,2230,1
241,628,3
241,1184,2
241,39,2
241,97,1
241,711,3
241,1632,1
241,288,2
241,2287,1
241,242,1
241,390,1
241,182,1
241,934,1
241,109,1
241,1242,1
241,57,1
241,78,1
241,1454,1
241,1683,1
241,734,1
241,800,1
241,0,1
241,2415,1
241,107,1
241,52,1
241,320,1
241,759,1
241,2171,2
241,1,1
241,961,1
241,12,1
241,259,1
241,131,1
241,313,1
241,637,1
241,349,1
241,8,1
241,2449,1
241,709,1
241,88,1
241,55,1
241,239,1
242,11,1
242,268,1
242,666,1
242,785,1
242,861,1
242,1807,2
242,267,1
242,885,1
242,573,1
242,75,1
242,882,1
242,121,1
242,675,1
242,1739,1
242,70,1
242,902,1
242,6,1
242,1831,1
242,652,1
242,2145,1
242,0,1
242,548,1
242,9,1
242,1080,1
242,20,1
242,1632,1
242,585,1
243,1380,1
243,912,1
243,297,1
243,16,1
243,172,1
243,1721,1
243,1578,1
243,193,1
243,80,1
243,20,1
243,165,1
243,1428,1
243,395,1
243,1100,3
243,67,1
243,1387,1
243,1927,1
243,705,1
243,441,1
243,21,1
243,1265,2
243,710,2
243,2130,1
243,1,1
243,205,1
243,46,1
244,1370,1
244,503,1
244,93,1
244,9,1
244,715,1
244,2,1
244,347,1
244,873,1
244,900,1
244,23,1
244,723,1
244,480,1
244,1354,1
244,52,1
244,444,1
244,127,1
244,2312,1
244,13,1
244,1225,1
244,1586,2
244,267,1
244,289,1
244,1300,1
244,1006,1
244,694,1
244,1505,1
244,563,1
244,1769,1
244,249,1
245,16,1
245,1459,1
245,760,1
245,1104,1
245,2226,1
245,9,1
245,935,1
245,92,5
245,184,1
245,3,1
245,991,1
245,617,1
245,1538,1
245,587,1
245,6,1
245,580,1
245,484,1
245,1027,1
245,19,1
245,244,1
245,117,1
245,421,1
245,1946,1
245,82,1
245,5,1
245,0,1
245,330,1
245,113,1
245,774,1
245,936,1
245,1274,1
245,2289,1
245,1586,1
246,125,1
246,2050,1
246,0,1
246,686,1
246,24,1
246,166,1
246,73,1
246,2147,1
246,137,1
246,980,1
246,1000,1
246,3,1
246,340,1
246,127,1
246,1119,1
246,933,1
246,9,1
246,41,1
246,1195,1
246,456,1
247,2,1
247,170,1
247,631,1
247,777,3
247,1573,1
247,496,1
247,10,1
247,13,1
247,762,1
247,1662,1
247,414,1
247,0,1
247,1,2
247,1378,1
247,652,1
247,9,1
247,41,1
247,580,1
247,484,1
247,637,1
247,1954,1
247,714,1
248,2,1
248,347,1
248,873,1
248,281,1
248,255,1
248,588,1
248,1781,1
248,671,1
248,990,1
248,1309,1
248,138,2
248,2131,2
248,49,1
248,1619,1
248,349,1
248,794,1
248,54,1
248,18,1
248,263,1
248,520,1
248,1889,1
248,760,1
248,481,1
248,2321,1
248,25,1
248,587,1
248,991,1
248,104,1
248,1606,1
248,1647,1
248,1394,1
248,2372,1
248,1711,1
249,606,2
249,473,2
249,847,1
249,327,1
249,0,1
249,1,2
249,643,1
249,18,1
249,1074,1
249,393,1
249,1548,1
249,25,1
249,499,1
249,498,1
249,124,1
249,1471,1
249,459,1
249,1482,3
249,332,1
249,346,1
249,490,1
249,951,1
249,276,2
249,89,1
249,4,1
249,1851,1
249,495,1
249,1098,1
250,1015,1
250,986,1
250,1061,2
250,1159,1
250,1407,1
250,0,1
250,1222,2
251,2,1
251,2099,1
251,1304,1
251,624,3
251,1314,1
251,714,1
251,212,1
251,1431,1
251,186,1
251,230,1
251,434,1
251,565,1
251,311,1
251,7,1
251,730,1
251,2429,2
251,2249,2
251,417,1
251,868,1
251,34,1
251,2188,1
251,17,1
251,594,1
251,2027,1
251,2294,1
251,0,1
251,447,1
251,306,2
251,1460,1
251,825,1
251,1,1
251,2057,1
251,566,1
251,59,1
252,125,1
252,757,1
252,2029,1
252,593,4
252,1785,1
252,1597,1
252,811,1
252,243,1
252,2069,1
252,1383,1
252,1290,1
252,136,1
252,52,1
252,60,1
252,552,1
252,2403,1
252,769,1
252,261,1
252,8,1
252,123,1
252,1999,1
252,2080,1
252,2079,1
252,415,1
252,1388,1
252,172,1
252,379,1
252,2377,1
252,656,1
252,699,1
252,535,1
252,9,1
252,1973,1
252,2327,1
252,1062,1
252,31,1
252,467,1
252,756,1
252,429,1
253,106,1
253,131,1
253,94,1
253,217,1
253,292,1
253,7,3
253,341,1
253,61,3
253,2360,1
253,4,3
253,14,1
253,886,1
253,1094,1
253,402,1
253,111,1
253,0,1
253,2404,1
253,711,1
253,1,3
253,652,1
253,1980,1
253,692,1
253,215,1
253,1241,1
253,2414,1
253,615,1
253,1115,1
253,558,1
253,6,2
253,57,1
253,78,1
253,30,1
253,1532,1
253,20,1
253,10,2
253,13,2
253,513,1
253,1013,1
253,115,1
253,1064,1
253,248,1
253,2002,1
253,33,2
253,282,1
253,1244,1
253,1171,1
253,342,1
253,180,1
253,1208,2
253,1221,1
253,735,1
253,97,1
253,18,1
253,1398,1
253,231,1
253,51,1
253,1686,1
253,427,1
253,681,1
253,195,1
253,575,1
253,5,1
253,1639,1
254,2,1
254,438,1
254,7,1
254,388,1
254,406,2
254,0,1
254,153,1
254,174,1
254,461,1
254,1762,1
254,2163,5
254,16,1
254,665,1
254,10,1
254,13,1
254,4,1
254,247,3
254,30,2
254,34,1
254,259,1
254,1636,1
254,454,1
254,2326,1
254,1,1
254,689,1
254,31,1
254,1582,1
254,2073,1
254,1003,1
254,1594,2
254,512,1
254,1364,1
254,2212,1
254,474,1
254,1545,1
254,51,1
254,909,1
254,240,1
254,35,1
254,1804,1
254,2370,1
255,2,1
255,1264,1
255,560,1
255,99,1
255,167,1
255,1046,1
255,287,1
255,885,1
255,2079,1
255,1784,1
255,932,1
255,565,1
255,613,1
255,795,1
255,639,1
255,498,1
255,936,1
255,524,1
255,649,1
255,811,1
255,1805,1
255,75,1
255,1120,1
255,21,1
255,187,1
255,2349,1
255,157,1
255,573,1
255,810,1
255,42,1
255,779,1
255,1144,1
255,2095,1
255,23,1
255,0,3
255,29,1
255,1986,1
255,297,1
255,544,1
255,789,1
255,1051,2
255,326,2
255,1,3
255,1357,2
255,2056,2
255,19,2
255,904,1
255,265,1
255,7,1
255,781,1
255,923,1
255,777,1
255,1193,1
255,1313,1
255,1363,1
255,1451,1
255,736,1
255,439,1
256,205,2
256,46,4
256,525,1
256,1372,1
256,103,1
256,2153,1
256,1417,1
256,879,1
256,43,1
256,17,1
256,1534,1
256,145,1
256,20,1
256,609,1
256,315,1
256,6,1
256,3,1
256,648,1
256,467,1
256,312,1
256,7,1
256,147,1
256,0,1
256,1928,1
256,25,2
256,1,2
256,2414,1
256,1933,1
256,735,1
256,550,1
257,112,1
257,1826,1
257,1795,1
257,976,1
257,927,1
257,90,1
257,68,1
257,822,1
257,25,1
257,1,1
257,101,1
257,37,2
257,0,4
257,2248,2
257,52,1
257,1871,1
257,1557,1
257,3,1
257,2145,1
257,2451,1
257,57,1
257,78,1
257,2191,1
257,573,1
257,12,1
257,1247,1
258,40,1
258,265,1
258,7,2
258,1659,2
258,1004,2
258,721,2
258,558,2
258,1712,2
258,882,1
258,535,1
258,9,2
258,1296,1
258,67,1
258,252,1
258,290,2
258,11,1
258,8,1
258,143,1
258,24,2
258,2389,1
258,2219,1
258,390,1
258,182,1
258,1189,1
258,0,6
258,1864,2
258,392,1
258,33,2
258,411,1
258,157,1
258,164,1
258,93,1
258,553,1
258,2441,1
258,1740,1
258,1856,1
258,149,1
258,236,1
258,134,1
258,2411,1
258,2071,1
258,124,1
258,601,2
258,262,1
258,425,1
258,896,1
258,1674,1
258,282,2
258,79,1
258,2006,1
258,21,2
258,3,1
258,602,1
258,335,1
258,45,1
258,1105,1
258,979,1
258,108,1
258,839,1
258,746,1
258,250,1
258,167,1
258,29,1
258,53,1
258,2446,1
258,271,1
258,26,1
258,14,1
258,469,1
258,141,1
258,15,1
258,631,1
258,172,1
259,2,1
259,384,1
259,790,1
259,782,1
259,628,2
259,1557,1
259,1,1
259,279,1
259,98,1
259,2203,1
259,2450,1
259,1326,1
259,1024,1
259,0,1
259,1378,1
259,907,1
259,1131,1
259,1653,1
259,1288,2
259,108,1
259,4,1
259,2415,1
259,998,1
259,491,1
259,124,1
259,7,1
259,69,1
259,892,1
259,637,1
259,26,1
260,2,1
260,462,1
260,104,1
260,4,1
260,1924,1
260,557,1
260,1702,1
260,387,2
260,1557,1
260,0,3
260,333,1
260,1255,1
260,2208,1
260,141,2
260,36,1
260,1124,1
260,873,1
260,216,1
260,102,1
260,1038,1
260,3,1
260,899,1
260,2105,1
260,1,1
260,903,1
260,394,1
260,2356,1
260,713,1
260,7,1
260,688,1
260,1045,1
260,103,1
260,490,1
260,120,1
260,64,1
260,152,1
260,72,1
260,148,1
260,595,1
261,195,3
261,168,1
261,1693,1
261,666,1
261,833,1
261,549,1
261,5,1
261,739,1
261,515,1
261,878,1
261,571,1
261,749,1
261,1593,1
261,155,1
261,3,2
261,681,1
261,626,1
261,499,1
261,14,1
261,1158,2
261,1060,1
261,6,1
261,303,1
261,1000,1
261,471,1
261,84,2
261,917,2
261,0,1
261,1605,1
261,2154,1
261,555,1
261,2104,1
261,875,1
261,61,1
262,465,1
262,1504,1
262,512,1
262,232,1
262,603,1
262,1175,1
262,2182,1
262,1191,1
262,2426,1
262,86,1
262,1460,1
262,1020,1
262,218,1
262,684,1
262,632,1
262,1458,1
262,1577,1
262,6,1
262,76,1
262,48,1
262,23,1
262,2010,1
262,403,1
262,1391,1
262,152,1
262,18,1
263,1106,1
263,0,5
263,37,1
263,1839,1
263,1602,1
263,2222,1
263,1021,1
263,278,1
263,12,1
263,557,1
263,1218,1
263,19,2
263,365,1
263,62,1
263,582,1
263,163,1
263,2397,1
263,1752,1
263,2149,1
263,1190,1
263,2267,4
263,261,1
263,8,1
263,544,2
263,1064,1
263,86,1
263,2182,1
263,168,1
263,76,1
263,899,1
263,1706,1
263,1965,1
263,1886,1
263,1604,1
264,841,1
264,1110,1
264,230,1
264,1113,1
264,414,1
264,508,1
264,379,1
264,1001,1
264,1,1
264,548,1
264,834,1
264,482,1
264,1672,1
264,1880,1
264,466,1
264,1361,1
264,112,1
264,1034,2
264,16,1
264,21,1
264,3,1
264,1663,1
264,426,1
264,1813,1
264,11,1
264,8,1
264,598,1
264,953,1
264,252,1
264,0,2
264,378,1
264,1007,1
264,522,1
264,220,1
264,1174,1
264,154,1
264,223,1
264,1354,1
264,1102,1
264,302,1
264,360,1
264,626,2
264,131,2
264,749,1
264,974,2
264,129,2
264,483,2
264,1460,2
264,132,2
264,171,1
264,1901,1
264,731,1
264,2173,1
264,1150,1
264,219,1
264,1301,1
264,992,1
264,539,1
264,803,1
264,227,1
264,848,1
264,762,1
264,128,1
264,164,1
264,2296,1
264,89,1
264,1614,1
264,1378,1
264,430,1
264,108,1
264,202,1
264,49,1
264,1621,1
265,11,1
265,8,1
265,121,1
265,137,2
265,82,1
265,1673,1
265,208,1
265,1999,1
265,1706,1
265,14,1
265,1567,1
265,395,1
265,673,1
265,203,1
265,1280,1
265,24,1
265,880,1
265,2180,1
265,1540,1
265,2301,1
265,0,1
266,44,1
266,295,1
266,1821,1
266,1175,1
266,1385,1
266,257,2
266,2039,1
266,1382,1
266,645,1
266,160,1
266,205,1
266,68,1
266,1701,1
266,358,1
266,1801,1
266,1428,1
266,161,1
266,526,1
266,696,1
266,433,1
266,25,1
266,479,1
266,10,1
266,13,1
266,4,1
266,274,1
266,1700,1
266,510,1
267,286,1
267,1737,2
267,465,2
267,536,1
267,168,1
267,21,1
267,528,1
267,1200,1
267,842,1
267,821,1
267,125,1
267,2252,1
267,187,1
268,1,2
268,69,2
268,81,2
268,1443,1
268,92,1
268,2439,1
268,717,1
268,405,3
268,1019,3
268,518,1
268,1638,1
268,298,1
268,250,1
268,23,1
268,931,2
268,21,1
268,55,1
268,351,1
268,349,1
268,60,1
268,753,1
268,1367,1
268,2435,1
268,640,1
268,2234,1
268,1297,1
268,377,1
268,1079,1
268,2354,1
268,375,1
268,1765,1
268,1360,1
268,1991,1
269,40,1
269,96,1
269,441,1
269,214,2
269,193,1
269,63,1
269,1937,1
269,1063,1
269,1088,1
269,17,1
269,3,1
269,406,1
269,225,2
269,0,3
269,2130,1
269,259,1
269,1384,1
269,862,1
269,16,1
269,839,2
269,746,1
269,282,1
269,1336,1
269,1901,1
269,1229,1
269,83,1
269,407,1
269,15,1
269,819,1
269,146,1
269,546,1
269,38,1
269,242,1
269,159,1
269,201,1
269,1798,1
269,99,1
269,661,1
269,1076,1
269,988,1
269,43,1
269,1129,1
269,5,1
269,516,1
269,33,1
269,2306,1
269,1598,1
269,228,1
269,1763,1
269,1576,1
269,564,1
269,1327,1
269,2236,1
269,1587,1
269,55,1
269,418,1
269,1079,2
269,1731,1
269,6,1
269,2103,1
270,125,1
270,1438,1
270,1278,1
270,537,1
270,328,1
270,1594,2
270,121,3
270,990,1
270,754,1
270,2152,1
270,1990,1
270,1614,1
270,1,3
270,2203,1
270,1728,1
270,2375,1
270,2232,1
270,1406,1
270,179,1
270,181,1
270,178,1
270,57,1
270,78,1
270,822,1
270,25,1
270,2402,1
270,0,1
271,106,1
271,567,1
271,851,1
271,1101,1
271,1014,1
271,459,1
271,2437,1
271,51,1
271,20,1
271,1661,1
271,1761,1
271,95,1
271,1591,1
271,184,1
271,1338,1
271,1039,1
271,197,1
271,718,1
272,1344,1
272,63,1
272,813,1
272,10,1
272,13,1
272,49,1
272,26,1
272,329,1
272,474,1
272,1129,1
272,1686,1
272,761,1
272,217,1
272,73,1
272,685,1
273,1961,1
273,697,1
273,1867,1
273,93,1
273,9,2
273,87,1
273,621,1
273,0,1
273,1743,1
273,839,1
273,708,1
273,2377,1
273,187,1
273,1865,1
273,2438,1
273,1540,1
273,2301,1
273,224,1
273,2148,1
274,71,1
274,1566,1
274,224,1
274,175,1
274,920,1
274,459,1
274,708,1
274,1516,1
274,921,1
274,15,1
274,0,1
274,1200,1
274,164,1
274,716,1
274,371,1
274,2163,1
274,658,1
274,532,1
274,588,1
275,226,3
275,185,3
275,432,1
275,84,2
275,902,1
275,0,3
275,1660,1
275,37,3
275,1622,2
275,44,1
275,29,1
275,2364,1
275,2412,1
275,1569,2
275,70,2
275,394,2
275,1324,1
275,650,1
275,1974,1
275,2301,1
275,1568,1
275,11,1
275,8,1
275,4,2
275,2115,1
275,1217,1
275,12,3
275,119,1
275,31,1
275,101,2
275,6,1
275,486,1
275,725,1
275,95,1
275,872,1
275,1044,1
275,20,1
275,1136,1
275,1587,1
275,30,1
275,1229,1
275,21,1
275,1,1
275,158,1
275,55,1
275,1605,1
275,731,1
275,905,1
275,1752,1
275,10,1
275,13,1
275,7,1
275,1389,1
275,1019,1
275,234,1
276,107,1
276,77,2
276,0,1
276,2023,3
276,758,5
276,21,1
276,2324,1
276,2199,2
276,707,3
276,2067,1
276,1,1
276,441,1
276,220,1
276,357,1
276,2422,1
276,218,1
276,340,1
276,1790,1
276,982,1
276,1466,1
276,324,1
276,337,1
276,199,1
276,349,1
276,938,1
276,1934,1
276,825,1
276,780,1
276,1037,1
276,575,1
276,2269,1
276,673,1
276,45,1
276,1767,1
276,22,1
276,1761,1
276,47,1
276,1422,1
276,723,1
276,2425,1
276,942,1
277,297,1
277,628,1
277,94,1
277,36,1
277,110,1
277,312,2
277,637,1
277,18,2
277,1778,1
277,1314,1
277,60,1
277,7,1
277,341,1
277,1844,1
277,32,1
277,606,1
277,14,1
277,29,2
277,0,2
277,354,1
277,63,1
277,1037,1
278,2,1
278,189,1
278,131,1
278,313,1
278,16,1
278,386,1
278,5,2
278,94,1
278,30,2
278,6,1
278,408,1
278,1263,1
278,15,1
278,204,1
278,1503,1
278,892,1
278,826,1
278,615,1
278,33,1
278,252,1
278,2180,1
279,2,1
279,190,1
279,420,1
279,1045,1
279,925,1
279,1118,1
279,16,1
279,995,1
279,152,1
279,18,1
279,1,1
279,548,1
279,834,1
279,143,1
279,715,1
279,1570,1
279,430,1
279,974,1
279,846,1
279,2151,1
279,402,1
279,460,1
279,777,1
279,1226,1
279,448,1
279,67,1
279,1114,1
279,865,1
279,36,1
279,1328,1
279,915,1
279,305,1
279,2146,1
280,1,3
280,69,1
280,1390,1
280,2088,2
280,1018,1
280,5,2
280,1381,1
280,1143,1
280,0,2
280,314,1
280,325,1
280,4,1
280,2005,1
280,386,1
280,604,1
280,530,1
280,162,1
280,373,1
280,548,1
280,834,1
280,2391,1
280,18,1
280,693,1
280,1485,1
280,357,1
280,706,1
280,470,1
280,270,1
280,1303,1
280,9,1
280,1253,1
280,1176,1
280,115,1
281,1174,1
281,195,1
281,2169,1
281,2246,1
281,1104,1
281,2226,1
281,9,1
281,933,1
281,149,1
281,1179,1
281,697,1
282,2,1
282,110,1
282,323,1
282,199,1
282,1371,1
282,2313,1
282,16,1
282,9,1
282,550,1
282,61,1
282,1308,1
282,139,1
282,490,1
282,120,1
282,1311,1
282,262,1
282,5,1
282,69,1
282,81,1
282,837,1
283,493,1
283,402,1
283,102,1
283,1141,1
283,1596,1
283,876,2
283,42,1
283,869,1
283,145,1
283,2,1
283,1328,1
283,915,1
283,222,1
283,294,1
283,27,1
283,59,1
283,657,1
283,281,1
283,895,1
283,56,1
283,5,1
283,166,1
283,198,1
283,89,1
283,1069,1
283,728,1
283,109,1
283,142,1
283,54,1
283,18,1
283,2032,1
284,281,1
284,118,1
284,708,1
284,182,1
284,294,1
284,242,1
284,2373,1
284,751,1
284,29,1
284,1574,1
284,89,1
284,1331,1
284,67,1
284,1005,1
285,2,2
285,1328,1
285,915,1
285,51,1
285,794,1
285,54,1
285,18,1
285,270,1
285,486,1
285,674,1
285,24,1
285,203,1
285,1463,1
285,111,1
285,0,1
285,280,1
285,1,1
285,69,1
285,81,1
285,326,1
286,2,1
286,170,1
286,77,1
286,496,1
286,782,1
286,131,1
286,301,1
286,440,1
286,284,1
286,230,1
286,890,2
286,6,2
286,37,1
286,368,1
286,70,1
286,176,1
286,3,1
286,292,1
286,39,1
286,617,1
286,400,1
286,7,1
287,86,1
287,1888,1
287,395,1
287,2143,1
287,368,1
287,1233,1
287,6,1
287,23,1
288,1438,1
288,9,1
288,41,1
288,1672,1
288,1880,1
288,1115,1
288,1363,1
288,1473,1
288,1840,2
288,1291,1
288,327,1
288,2035,1
288,2250,1
288,443,1
288,2044,1
288,453,1
289,2,1
289,175,1
289,1748,1
289,187,1
289,1042,1
289,1234,1
289,122,1
289,72,1
289,970,1
289,119,1
289,760,1
289,25,2
289,1095,1
289,1136,1
289,2272,1
289,863,1
289,1260,1
289,65,1
289,35,1
289,6,1
289,2107,1
289,826,1
289,1028,1
289,2064,1
289,73,1
289,2148,1
290,146,1
290,0,4
290,205,3
290,46,2
290,868,1
290,431,2
290,134,4
290,137,5
290,981,2
290,1,2
290,488,1
290,477,1
290,121,1
290,980,1
290,1169,1
290,760,1
290,31,2
290,233,1
290,1228,1
290,598,1
290,4,1
290,1493,1
290,918,1
290,291,1
290,2156,1
290,1965,1
290,179,1
290,242,1
290,592,1
290,1531,1
290,19,1
290,7,1
290,1988,1
291,313,1
291,16,1
291,725,1
291,1997,1
291,1016,1
291,168,1
291,499,1
291,711,1
291,2209,1
291,1912,1
291,410,1
291,20,1
291,100,1
291,1026,1
291,365,1
291,62,1
291,272,1
291,19,1
291,64,1
291,117,1
291,543,1
291,953,1
292,1290,1
292,77,1
292,198,3
292,131,1
292,313,1
292,16,1
292,723,1
292,9,1
292,532,1
292,577,1
292,409,1
292,27,1
292,1102,1
292,108,1
292,588,2
292,12,1
292,350,1
292,1095,1
292,1289,2
292,1220,1
292,301,1
292,2066,1
292,155,1
293,2,1
293,2223,1
293,1473,1
293,377,1
293,490,1
293,398,1
293,231,1
293,1109,1
293,292,1
293,39,1
293,1,1
293,683,1
293,30,1
293,772,1
293,82,1
293,318,1
293,7,1
293,239,1
293,523,1
293,1938,1
293,2174,1
293,387,1
294,1,1
294,1151,1
294,455,2
294,410,1
294,1258,2
294,1378,1
294,2137,1
294,673,1
294,704,1
294,356,1
294,464,1
294,675,1
295,264,1
295,393,2
295,2408,1
295,44,1
295,2026,1
295,331,1
295,1507,1
295,1386,1
295,542,1
295,435,1
295,439,1
296,1381,3
296,135,1
296,2162,1
296,290,1
296,344,1
296,2365,1
296,1576,1
296,14,1
296,308,1
296,1991,1
296,517,1
296,113,1
296,52,1
296,2280,1
296,564,1
296,1841,1
296,195,2
296,848,1
296,2170,1
296,267,1
296,214,1
296,5,1
297,1436,1
297,554,1
297,1061,1
297,1133,1
297,113,1
297,0,3
297,738,1
297,194,1
297,870,1
297,1001,1
297,2214,1
297,43,1
297,2,1
297,678,1
297,227,1
297,549,1
297,972,1
297,1892,1
297,1912,1
297,410,1
297,849,1
297,75,1
297,245,1
297,419,1
297,1595,1
297,1580,1
298,120,1
298,98,1
298,2261,1
298,6,1
298,37,1
298,1411,1
298,21,1
298,679,1
298,2025,1
298,222,2
298,26,1
298,14,1
298,15,1
298,398,1
298,53,1
298,954,1
298,218,1
298,1231,1
298,1790,1
298,1,1
298,82,1
298,1596,1
298,9,1
298,575,1
299,334,1
299,1104,1
299,3,1
299,958,1
299,796,1
299,586,1
299,1452,1
299,194,1
299,298,1
299,237,1
299,569,1
299,951,1
299,1691,1
299,507,1
299,7,1
299,2091,1
299,1299,1
299,64,1
299,152,1
300,19,1
300,1787,1
300,1544,1
300,4,1
300,342,1
300,180,1
300,61,2
300,1132,1
300,726,2
300,633,2
300,1296,2
300,1038,1
300,1447,2
300,1021,1
300,2,1
300,110,1
300,1187,1
300,9,1
300,41,1
300,1870,1
300,2386,1
300,127,1
300,1216,1
300,24,1
300,66,1
300,209,1
301,60,1
301,1249,1
301,69,1
301,81,1
301,837,1
301,1717,1
301,20,1
301,100,1
301,114,1
301,1,1
301,1968,1
301,252,1
301,0,1
301,1237,1
301,1857,1
301,604,1
301,530,1
301,4,2
301,79,1
301,586,1
301,44,1
301,29,1
301,714,1
301,314,1
301,325,1
301,2397,1
301,58,2
301,67,1
301,51,1
301,1731,1
302,1908,1
302,76,1
302,241,1
302,1090,1
302,1,1
302,69,1
302,81,1
302,362,1
302,1951,1
302,86,1
302,0,1
302,2213,2
302,2270,1
302,200,1
302,1615,1
302,21,1
302,80,1
302,20,1
302,894,1
302,368,1
302,395,1
302,4,1
302,46,1
302,1099,1
302,1601,1
302,209,1
303,2,1
303,465,1
303,453,1
303,9,1
303,588,1
303,15,1
303,1,2
303,279,1
303,98,1
303,942,1
303,2404,1
303,3,1
303,74,1
303,22,1
303,1026,1
303,100,2
303,42,1
303,779,1
303,35,1
303,2308,1
303,288,1
303,19,1
303,244,1
303,5,1
303,561,1
303,2153,1
303,432,1
303,426,1
304,1,1
304,91,1
304,85,1
304,1802,2
304,403,1
304,32,1
304,579,1
304,1992,1
304,19,1
304,7,1
304,1051,2
304,326,2
304,2339,1
304,919,2
304,177,2
304,979,1
304,143,1
304,1095,1
304,139,2
304,8,1
304,601,1
304,0,1
304,920,1
305,747,1
305,1196,1
305,295,1
305,471,2
305,836,2
305,2315,2
305,217,1
305,11,2
305,8,2
305,4,2
305,308,2
305,9,1
305,41,1
305,352,1
305,1195,1
305,456,1
305,428,1
305,695,1
305,662,1
305,699,1
306,2,2
306,1125,1
306,301,1
306,4,2
306,1982,1
306,1166,1
306,130,2
306,28,2
306,1743,2
306,278,2
306,12,2
306,1173,2
306,9,1
306,41,1
306,403,1
306,1639,1
306,197,1
306,2055,1
306,7,1
306,239,1
306,523,1
306,571,1
306,231,1
306,39,1
306,0,1
306,309,1
307,2013,1
307,30,1
307,356,1
307,464,1
307,726,1
307,633,1
307,415,1
307,18,1
307,31,1
307,966,1
307,1973,1
307,373,2
307,1515,1
307,1624,1
307,327,1
307,2379,1
307,2315,1
307,589,1
307,1541,1
307,1453,1
307,1388,1
307,2080,1
307,2335,1
307,549,1
307,1678,1
308,32,3
308,2,1
308,105,1
308,77,1
308,0,2
308,100,2
308,113,2
308,2320,1
308,820,1
308,16,1
308,1988,1
308,704,1
308,6,1
308,579,1
308,17,1
308,995,1
308,152,1
308,1680,1
308,20,1
308,259,1
308,131,1
308,146,1
308,1626,1
308,832,1
308,114,1
308,608,1
308,381,1
309,2,1
309,110,1
309,323,1
309,2109,1
309,1820,1
309,23,1
309,5,1
309,1666,1
309,127,1
309,1,3
309,1296,1
309,91,1
309,85,1
309,372,1
309,310,1
309,447,1
309,1531,1
309,203,1
310,7,1
310,1784,1
310,1269,1
310,185,1
310,329,1
310,92,1
310,292,1
310,39,1
310,221,1
311,46,2
311,1385,1
311,1,1
311,488,1
311,477,1
311,268,1
311,301,1
311,713,1
311,176,1
311,3,1
311,0,1
311,2419,1
311,994,1
311,437,1
311,386,1
311,454,1
312,27,1
312,213,1
312,748,1
312,708,1
312,2357,1
312,302,1
312,581,1
312,0,2
312,655,1
312,1334,1
312,31,1
312,917,1
312,1,1
312,442,1
312,211,1
312,1122,1
312,586,1
312,378,1
312,331,1
312,886,1
312,3,1
312,739,1
312,1247,1
312,1422,1
312,1391,1
313,346,1
313,342,1
313,180,1
313,1560,1
313,1162,1
313,2450,1
313,1326,1
313,1024,1
313,19,1
313,64,1
313,117,1
313,898,1
313,630,1
313,18,1
313,7,1
313,416,1
313,587,1
313,2182,1
313,2077,1
313,212,1
313,2094,1
313,360,1
314,332,1
314,346,1
314,124,1
314,1471,1
314,1616,1
314,21,1
314,6,1
314,579,1
314,511,1
314,922,1
314,49,1
314,15,1
314,618,1
314,7,1
314,136,1
314,333,1
314,2219,1
314,2308,1
314,3,1
314,865,1
315,1360,2
315,741,2
315,150,1
315,19,1
315,64,1
315,117,1
315,237,1
315,660,1
315,1394,1
315,1291,2
315,130,2
315,28,2
315,1390,1
315,141,1
316,161,1
316,526,1
316,5,1
316,73,1
316,2,1
316,438,1
316,861,1
316,1682,1
316,822,2
316,25,3
316,1,3
316,684,1
316,818,1
316,0,2
316,581,1
316,1669,1
316,1135,1
316,1358,1
316,549,1
316,1861,1
316,1442,1
316,710,1
316,251,1
316,200,1
316,690,1
316,350,1
316,97,1
316,1031,1
317,889,1
317,1260,1
317,1186,2
317,1657,1
317,412,1
317,1435,2
317,103,1
317,374,1
317,285,2
317,38,2
317,5,1
317,775,1
317,335,1
317,8,1
317,1762,1
317,1,3
317,817,1
317,54,1
317,1891,1
317,43,1
317,360,1
317,663,1
317,89,1
317,4,1
317,1403,1
317,557,1
317,1073,1
317,372,1
317,310,1
318,649,1
318,328,1
318,1484,1
318,1332,1
318,253,1
318,246,1
318,118,1
318,970,1
318,87,1
318,46,2
318,465,2
318,865,1
318,1728,1
318,1838,1
318,523,1
318,0,1
318,100,1
318,2302,1
318,201,1
318,16,1
318,724,1
318,229,1
318,1039,1
318,704,1
318,18,1
319,1538,1
319,1370,1
319,21,1
319,3,1
319,1,2
319,1811,1
319,1087,1
319,1405,1
319,897,1
319,451,1
319,62,1
319,1246,1
319,223,1
319,281,1
319,623,1
319,574,1
319,233,1
319,10,1
319,1502,1
319,1400,1
319,750,1
319,374,1
319,1355,1
319,2386,1
320,2,1
320,189,1
320,86,1
320,2311,1
320,285,1
320,38,2
320,7,1
320,249,1
320,1166,1
320,1132,1
320,1,1
320,442,1
320,211,1
320,770,1
320,21,1
320,776,1
320,2172,1
320,949,1
320,6,2
320,354,1
320,199,1
320,1411,1
320,1970,1
320,1282,1
320,222,1
320,4,1
320,368,1
320,1736,1
320,1189,1
320,846,1
320,2038,1
320,550,1
320,1814,1
320,70,1
320,570,1
321,75,1
321,1625,1
321,906,1
321,1840,1
321,1701,1
321,358,1
321,1982,1
321,5,1
322,2173,1
322,2320,1
322,55,1
322,1899,1
322,97,1
322,1647,1
322,233,1
322,2408,1
322,1829,1
322,1970,1
322,690,1
322,350,1
322,674,1
322,2221,1
322,2,1
322,224,1
322,228,1
322,9,1
322,600,1
322,1080,1
322,179,1
322,51,1
322,2132,1
322,1,1
322,1646,1
322,1743,1
323,464,1
323,1200,1
323,1557,1
323,572,1
323,789,1
323,802,1
323,1248,1
323,421,1
323,2404,1
323,4,2
323,279,1
323,288,1
323,467,1
323,756,2
323,1256,1
323,45,1
323,169,1
323,26,1
323,14,1
323,910,1
323,19,1
323,64,1
323,117,1
323,1227,1
323,379,1
324,106,1
324,163,1
324,356,1
324,759,1
324,1130,1
324,1129,1
324,584,1
324,14,1
324,658,1
324,609,1
324,2361,1
324,10,1
324,13,1
324,143,1
324,378,1
324,418,1
324,0,2
324,79,1
324,102,1
324,444,1
325,2,1
325,1034,1
325,1585,1
325,1681,1
325,513,1
325,887,1
325,1818,1
325,161,1
325,526,1
325,1819,1
325,333,1
325,856,1
325,214,1
325,17,1
325,61,2
325,706,1
325,1,2
325,91,1
325,85,1
325,725,1
325,996,1
325,1101,1
325,1053,1
325,228,1
325,1147,1
325,680,1
325,1113,1
325,0,2
325,248,1
325,506,1
325,229,1
325,19,1
325,64,1
325,117,1
325,4,1
325,1325,1
325,1491,1
326,2028,1
326,25,2
326,1,1
326,324,3
326,3,1
326,0,1
326,156,1
326,758,1
326,784,1
326,126,1
326,2229,1
326,159,1
326,642,1
326,944,1
326,325,1
326,4,1
326,2090,1
326,14,1
326,6,1
326,277,1
326,2061,1
326,32,1
327,695,1
327,805,1
327,2305,1
327,1897,1
327,474,1
327,898,1
327,12,1
327,335,1
327,501,1
327,33,1
327,362,1
327,3,1
328,2,1
328,14,1
328,24,1
328,1560,2
328,1722,1
328,152,2
328,18,1
328,150,1
328,1226,1
328,995,1
328,850,1
328,114,1
328,256,1
328,1648,1
328,564,1
328,12,1
328,828,1
329,2444,1
329,1546,1
329,1644,1
329,453,1
329,9,1
329,41,1
329,74,1
329,22,1
329,91,1
329,85,1
329,11,1
329,8,1
329,4,1
329,1670,1
329,1922,1
329,777,1
329,281,1
329,437,1
329,1064,1
329,376,1
329,1284,1
329,1519,1
329,1,1
329,2394,1
329,829,1
329,1021,1
330,2,1
330,190,1
330,392,1
330,1522,1
330,304,1
330,0,3
330,210,1
330,52,1
330,574,1
330,137,1
330,980,1
330,1260,1
330,1331,1
330,17,1
330,2402,1
330,1179,1
330,319,1
330,1858,1
330,302,1
330,1,1
330,1658,1
330,1753,1
330,1932,2
330,253,1
330,2410,1
330,348,1
330,609,1
330,1644,1
330,367,1
330,1289,1
330,1786,1
330,27,1
330,1120,1
330,851,1
331,2,1
331,385,1
331,312,1
331,497,1
331,1038,1
331,115,1
331,1663,1
331,2265,1
331,227,1
331,1511,1
331,2385,1
331,442,1
331,211,1
331,1888,2
331,1425,1
331,2275,1
331,398,1
331,1971,1
331,1165,1
331,2428,1
331,1027,1
331,141,1
331,1803,1
331,1708,1
331,1390,1
332,1968,1
332,1,1
332,69,1
332,81,1
332,1442,1
332,710,1
332,18,1
332,1961,1
332,439,1
332,1306,1
332,71,1
332,1566,1
332,1707,1
332,1290,1
332,77,1
332,0,1
332,686,1
332,180,1
332,1081,1
332,1383,1
332,26,1
332,14,1
332,280,1
332,217,1
332,1667,1
332,1116,1
332,522,1
332,1522,1
333,1290,1
333,89,1
333,1477,1
333,6,1
333,1115,2
333,1133,1
333,2413,1
333,418,1
333,84,1
333,1165,1
333,338,1
333,2171,1
333,1416,1
333,113,1
333,1461,1
333,1198,1
333,192,1
333,1885,1
333,1335,1
333,188,1
333,1,1
333,442,1
333,211,1
333,10,1
333,576,1
333,1010,1
333,919,1
334,1,1
334,442,1
334,1632,1
334,881,2
334,46,2
334,865,1
334,181,1
334,178,1
334,115,1
334,401,1
334,552,1
334,1364,1
334,1128,1
334,150,1
334,57,1
334,78,1
334,751,1
334,1700,1
334,510,1
334,2118,1
334,593,1
334,653,1
334,0,1
335,125,1
335,22,1
335,1911,2
335,52,1
335,1732,1
335,6,1
335,247,2
335,1576,1
335,1435,1
335,5,1
335,317,1
335,2257,1
335,1039,1
335,197,1
335,7,1
335,60,1
335,1434,1
335,1245,1
335,990,1
335,355,1
335,255,1
335,230,1
335,671,1
335,2175,1
335,1470,1
335,1476,1
335,1180,1
336,2,1
336,170,1
336,1941,1
336,16,1
336,9,1
336,41,1
336,100,1
336,1757,1
336,20,1
336,5,2
336,1735,1
336,490,1
336,120,1
336,752,1
336,1323,1
336,1369,1
336,1507,1
336,114,1
336,119,1
336,2041,1
336,1064,1
336,198,1
336,2151,1
336,762,1
336,1339,1
336,0,1
336,1317,1
336,1359,1
336,89,1
336,4,1
336,91,1
336,85,1
336,767,1
336,567,1
336,2100,1
337,60,1
337,320,1
337,2023,1
337,6,1
337,19,1
337,64,1
337,117,1
337,1084,1
337,50,1
337,0,1
337,1233,1
337,996,1
338,2,1
338,170,1
338,1941,1
338,93,1
338,9,1
338,446,1
338,1602,1
338,30,1
338,61,1
338,715,1
338,1570,1
338,1330,1
338,14,1
338,1868,1
338,1454,1
338,291,1
338,265,2
338,7,1
338,340,1
338,215,1
338,273,1
338,15,1
338,2224,1
338,25,1
338,1749,1
339,356,1
339,464,1
339,19,1
339,64,1
339,117,1
339,50,1
339,14,1
339,23,1
339,822,1
339,25,1
339,1484,1
339,1070,1
339,1175,1
339,6,1
339,205,2
339,46,2
339,1538,1
339,615,1
339,0,2
339,445,1
339,5,1
339,1686,1
340,701,1
340,139,1
340,451,1
340,62,1
340,613,1
340,795,1
340,48,3
340,23,3
340,1042,3
340,3,2
340,1157,2
340,138,2
340,1366,1
340,1121,2
340,1738,2
340,6,2
340,53,1
340,1137,1
340,222,1
340,4,1
340,1330,1
340,2042,1
340,14,1
340,1352,1
340,868,1
340,936,1
340,822,1
340,25,1
340,616,1
340,203,1
341,2,1
341,601,1
341,1798,1
341,51,1
341,1259,1
341,8,2
341,4,1
341,1047,1
341,86,1
341,0,1
341,48,1
341,23,1
341,67,1
341,108,1
341,569,1
341,2151,1
341,1273,1
341,132,1
341,1326,1
341,1456,1
341,411,1
341,2391,1
341,12,1
341,2229,1
341,999,1
341,70,1
341,468,1
342,154,1
342,223,1
342,692,1
342,215,1
342,823,1
342,827,1
342,728,1
342,662,1
342,1205,2
342,1717,1
342,192,1
342,109,1
342,1221,1
342,1462,1
342,1,1
342,240,1
342,2384,1
342,1181,1
342,39,1
342,1634,1
342,0,1
342,622,1
342,648,1
342,2327,1
342,1952,1
342,506,1
342,6,1
342,5,1
342,239,1
342,9,1
342,95,1
343,71,1
343,16,1
343,2317,1
343,2224,1
343,247,2
343,426,1
343,382,1
343,514,1
343,547,1
343,1033,1
343,20,1
343,129,2
343,76,1
343,993,1
343,407,1
343,132,1
343,373,1
343,17,1
343,284,1
343,2329,1
343,469,1
343,265,1
343,532,1
343,6,1
344,9,1
344,1,2
344,1331,1
344,2059,2
344,51,1
344,5,1
344,1291,1
344,3,1
344,0,1
344,1858,1
344,179,1
344,586,2
344,1786,1
344,1025,1
344,379,1
344,212,1
344,169,1
344,26,1
344,997,1
344,79,1
344,67,2
344,542,1
344,350,1
345,2,1
345,170,1
345,131,1
345,313,1
345,93,1
345,9,1
345,175,1
345,39,1
345,4,1
345,199,1
345,530,1
345,1561,1
345,1913,1
345,1308,1
345,374,1
345,404,1
346,24,1
346,2,1
346,173,1
346,106,1
346,163,1
346,771,2
346,75,1
346,1319,1
346,187,1
346,92,1
346,11,1
346,8,1
346,898,1
346,3,1
346,463,1
346,0,2
346,15,1
346,42,1
346,176,1
346,331,1
346,1744,1
346,387,1
346,1053,1
346,1617,1
346,503,1
346,459,1
346,827,1
346,1751,1
346,419,1
347,1783,1
347,2184,1
347,1378,2
347,39,1
347,935,1
347,1,1
347,1884,1
347,14,1
347,640,1
347,522,1
347,1073,1
347,1240,1
347,803,1
347,598,1
347,1198,1
347,27,1
347,1999,1
347,70,1
347,474,1
348,1507,1
348,576,1
348,1108,1
348,758,1
348,349,1
348,2,1
348,1328,1
348,915,1
348,324,1
348,2151,1
348,1737,1
348,2389,1
348,193,1
348,63,1
348,1,1
348,69,1
348,81,1
348,366,1
348,2236,1
348,895,1
348,314,1
348,325,1
348,142,2
348,813,1
349,296,1
349,303,1
349,1,2
349,69,3
349,81,3
349,282,1
349,785,1
349,861,1
349,1246,1
349,223,1
349,241,1
349,529,1
349,232,1
349,41,1
349,219,1
349,1141,1
349,5,1
349,57,1
349,78,1
349,751,1
349,423,1
349,1689,1
349,45,1
349,1996,1
349,592,1
349,948,1
349,10,1
349,13,1
349,103,1
349,14,1
349,515,1
349,1186,1
350,125,1
350,757,1
350,942,1
350,1467,1
350,626,1
350,94,1
350,1376,1
350,1576,1
350,1430,1
350,584,1
350,838,1
350,1061,1
350,825,1
350,1262,1
350,2448,1
350,1532,1
350,2293,1
350,2160,1
350,938,1
350,1338,1
350,639,1
350,498,1
350,794,1
350,54,1
350,18,1
350,19,1
350,55,1
350,4,1
350,249,1
350,118,1
350,1819,1
350,2287,1
351,359,1
351,766,1
351,17,2
351,1637,1
351,100,2
351,453,1
351,24,1
351,9,1
351,218,1
351,6,1
351,361,1
351,33,1
352,417,1
352,1730,1
352,1043,2
352,1,1
352,330,2
352,1269,1
352,20,1
352,990,1
352,754,1
352,1901,1
352,7,1
352,2006,1
352,482,1
352,372,1
352,310,1
352,507,1
352,106,1
352,163,1
352,1049,1
352,664,1
352,0,2
352,602,1
352,500,1
352,37,1
352,230,1
352,2057,1
352,236,1
352,134,1
352,108,1
352,954,1
352,712,1
353,46,1
353,825,1
353,1484,1
353,1714,1
353,125,1
353,16,1
353,773,1
353,1747,1
353,290,1
353,2161,3
353,1775,2
353,1073,2
353,456,1
353,745,1
353,989,1
353,42,1
354,1766,1
354,151,1
354,725,1
354,31,1
354,240,1
354,1946,1
354,328,1
354,49,1
354,229,1
354,50,2
354,1174,1
354,550,1
354,470,2
354,1600,1
354,6,1
354,233,1
354,48,1
354,23,1
354,1321,1
355,997,1
355,663,1
355,89,1
355,49,1
355,2217,3
355,1774,1
355,94,1
355,999,1
355,1470,1
355,633,1
355,2253,1
355,15,1
355,21,1
355,3,1
355,686,1
355,778,1
355,947,1
355,116,1
355,364,1
355,45,1
355,346,1
356,2,1
356,355,1
356,255,1
356,1474,2
356,175,2
356,361,1
356,32,1
356,231,1
356,928,1
356,39,1
356,49,1
356,466,1
356,60,1
356,920,1
356,662,1
356,2163,1
356,29,1
357,106,1
357,1269,1
357,1133,1
357,216,1
357,102,1
357,1787,1
357,1,1
357,132,1
357,1943,1
357,226,1
358,2,1
358,384,1
358,301,1
358,53,1
358,634,1
358,0,1
358,31,1
358,603,1
358,1612,1
358,198,2
358,104,1
358,577,1
358,1832,1
358,321,1
358,995,1
358,152,1
358,1210,1
358,2050,1
358,440,1
358,284,1
358,1527,1
358,362,1
359,83,1
359,80,1
359,645,1
359,160,1
359,1108,1
359,532,1
359,1202,1
359,1843,1
359,146,2
359,461,1
359,855,1
359,1574,1
359,10,1
359,13,1
359,1720,1
359,104,1
359,24,1
359,369,1
360,711,1
360,2168,1
360,0,1
360,2,1
360,1167,1
360,7,1
360,295,1
360,541,1
360,1476,1
360,256,1
360,1930,1
360,15,2
360,2012,2
360,1473,1
360,528,2
360,9,2
360,1925,1
360,67,1
361,664,1
361,722,2
361,7,1
361,166,1
361,1379,1
361,600,1
361,305,1
361,30,1
361,963,1
361,19,1
361,1789,1
361,1107,1
361,211,1
361,376,1
361,1808,1
362,11,2
362,268,2
362,1035,1
362,1917,1
362,1187,1
362,9,1
362,2190,1
362,1792,1
362,369,1
362,0,1
362,205,1
362,46,1
362,115,1
362,735,1
362,1169,1
362,795,1
362,241,1
362,529,1
362,232,1
362,164,1
362,210,1
362,798,1
363,2003,1
363,1286,1
363,823,1
363,50,1
363,695,1
363,32,1
363,1840,1
363,2044,1
363,1085,1
363,647,1
363,476,1
363,542,1
363,234,1
363,44,1
363,531,1
363,0,1
363,447,1
363,191,1
363,1214,1
363,33,1
363,355,1
363,255,1
363,884,1
363,338,1
363,1895,1
363,1434,1
363,1073,1
364,71,1
364,810,1
364,711,1
364,1707,1
364,390,1
364,481,1
364,248,1
364,506,1
364,16,1
364,946,1
364,52,1
364,852,1
364,563,1
364,718,1
364,1163,1
364,297,1
364,273,1
364,0,2
364,356,1
364,11,1
364,8,1
364,2166,1
364,1,1
364,470,1
364,1079,1
365,1881,1
365,603,1
365,2314,1
365,2,1
365,385,1
365,454,1
365,2326,1
365,252,1
365,538,1
365,1973,1
365,1916,1
365,1906,1
365,913,1
365,851,1
365,1545,1
365,47,1
365,58,1
365,476,1
365,499,1
365,1832,1
366,1,3
366,129,1
366,483,1
366,52,1
366,2013,1
366,2,1
366,1853,1
366,1058,1
366,1511,1
366,2426,1
366,126,1
366,1083,1
366,61,1
366,36,1
366,236,1
366,134,1
366,1025,1
366,253,1
366,442,1
366,211,1
366,0,1
366,690,1
366,292,1
367,329,1
367,18,1
367,1065,1
367,119,1
367,747,1
367,1162,2
367,45,1
367,54,2
367,202,1
367,142,1
367,1029,1
367,97,1
367,405,1
367,1019,1
367,1406,1
367,43,1
367,8,1
367,162,1
367,938,1
367,1705,1
367,357,1
367,446,1
367,800,1
367,371,1
367,188,1
367,150,1
367,73,1
367,547,1
368,1929,1
368,1065,1
368,1,3
368,101,2
368,37,2
368,721,1
368,1936,1
368,1624,1
368,845,1
368,155,1
368,3,2
368,1351,1
368,1931,1
368,237,1
368,106,1
368,163,1
368,48,1
368,23,1
368,25,1
368,368,1
368,558,1
368,2289,1
368,1098,1
368,738,1
368,1378,1
369,2,1
369,189,1
369,228,1
369,951,1
369,2169,1
369,21,2
369,1,2
369,608,4
369,2353,4
369,396,5
369,832,1
369,401,1
369,588,1
369,6,3
369,1863,1
369,171,2
369,15,1
369,1213,1
369,833,1
369,46,2
369,45,1
369,227,1
369,1677,1
369,261,1
370,24,1
370,2,1
370,804,1
370,1965,1
370,1,1
370,86,3
370,1095,2
370,1080,2
370,1916,1
370,82,1
370,5,1
370,1519,1
370,929,2
370,672,2
370,1013,1
370,439,1
370,921,1
370,36,1
370,170,1
370,459,1
370,1243,1
370,1387,1
370,1901,1
370,1149,1
370,175,1
370,1401,1
370,31,1
370,64,1
370,152,1
370,18,1
370,1075,1
370,97,1
370,2371,1
370,337,1
370,376,1
370,671,1
370,1069,1
370,283,1
370,0,1
370,15,1
370,55,1
370,305,1
371,2,1
371,384,1
371,2335,2
371,1118,1
371,0,1
371,700,1
371,1586,1
371,42,1
371,1263,1
371,36,1
371,5,1
371,343,1
371,207,1
371,1739,1
371,9,1
372,2,1
372,384,1
372,229,2
372,1818,1
372,94,1
372,2346,2
372,1,4
372,36,1
372,61,1
372,402,1
372,299,1
372,779,1
372,28,1
372,1011,1
372,103,1
372,14,1
372,2000,1
372,104,1
372,4,1
372,0,1
372,129,1
372,1215,1
372,1313,1
372,372,1
372,310,1
372,2345,2
372,833,1
372,1161,1
372,25,1
372,340,1
372,127,1
372,91,1
372,85,1
373,1245,1
373,805,1
373,295,1
373,1821,1
373,77,2
373,823,1
373,30,1
373,2096,1
373,1412,2
373,126,1
373,1254,2
373,978,1
373,1361,1
373,248,4
373,27,2
373,436,2
373,1639,1
373,684,1
373,1512,2
373,1182,1
373,76,1
373,2099,1
373,122,1
373,666,1
373,1243,1
373,269,1
373,2311,1
373,1986,1
373,933,1
373,3,2
373,630,1
373,614,1
373,2107,1
373,826,1
373,1,3
373,89,1
373,4,1
373,1079,1
373,51,1
373,197,1
373,7,1
373,815,1
373,1423,2
373,1913,1
373,32,1
373,157,1
373,573,1
373,334,1
373,753,1
373,478,1
373,549,1
373,520,2
373,1782,1
373,1822,1
373,212,1
373,2206,1
373,297,1
373,1697,1
373,2256,1
373,88,1
373,1103,1
373,225,1
373,1791,1
373,2059,1
373,1951,1
373,1998,1
373,12,1
374,2,1
374,170,1
374,1941,1
374,459,1
374,729,2
374,233,1
374,231,1
374,15,1
374,826,1
374,822,1
374,731,1
374,5,1
374,1588,1
374,1097,1
374,1107,2
374,930,1
374,266,1
374,1,1
374,517,1
374,113,1
374,722,1
374,92,2
374,754,1
374,0,2
374,2285,1
374,361,1
374,127,1
374,240,1
374,197,1
374,224,1
374,561,1
374,1784,1
374,587,1
374,6,1
374,295,1
374,541,1
374,881,1
374,46,1
375,3,1
375,736,1
375,448,1
375,5,1
375,1492,1
375,1698,1
375,380,1
375,188,1
375,450,1
375,796,1
375,4,1
375,2023,1
375,12,1
375,20,1
375,2120,1
375,1595,1
375,1580,1
375,108,1
375,997,1
375,1285,1
376,2142,1
376,137,1
376,758,2
376,2,1
376,1,3
376,1853,1
376,11,1
376,8,1
376,898,1
376,2063,1
376,324,2
376,232,1
376,217,1
376,287,1
376,114,1
376,1658,1
376,1753,1
376,647,1
376,476,1
377,106,1
377,131,1
377,313,1
377,93,1
377,9,1
377,27,1
377,344,1
377,1834,1
377,2304,1
377,290,2
377,1129,1
377,185,1
377,2424,1
377,400,1
377,188,1
377,31,1
377,1534,1
377,1324,1
377,1,1
377,444,1
377,997,1
377,1184,1
377,50,1
377,580,1
377,484,1
378,199,2
378,0,1
378,2142,1
378,669,1
378,647,1
378,476,1
378,4,2
378,413,1
378,6,1
378,576,1
378,892,1
378,2109,2
378,335,1
378,171,1
378,59,1
378,635,1
378,447,1
378,35,1
378,1788,1
379,107,1
379,77,1
379,0,1
379,2270,1
379,1107,1
379,1573,1
379,550,1
379,309,1
379,118,1
379,92,2
379,1193,1
379,587,1
379,1713,1
379,59,1
379,21,1
379,704,1
379,4,1
379,1659,1
380,36,1
380,462,1
380,1220,1
380,59,1
380,337,1
380,41,1
380,316,1
380,376,1
380,278,1
380,12,2
380,125,1
380,1923,1
380,980,1
380,525,1
380,11,1
380,8,1
380,891,1
380,839,1
380,107,1
380,146,1
380,122,1
380,946,1
381,465,1
381,1022,1
381,307,1
381,1787,1
381,784,1
381,126,1
381,7,2
381,1321,1
381,2037,2
381,504,1
381,9,1
381,155,1
381,1368,1
381,47,1
381,30,1
381,2404,1
381,125,1
381,601,1
381,0,1
381,228,1
381,34,1
381,912,1
381,922,1
381,1740,1
381,10,1
381,13,1
381,4,2
381,619,1
381,362,1
381,1087,1
381,783,1
381,492,1
381,1766,1
381,15,1
382,1657,1
382,5,2
382,2101,1
382,1,2
382,69,3
382,363,1
382,687,1
382,1963,1
382,965,1
382,818,1
382,43,1
382,250,1
382,2134,2
382,538,1
382,931,1
382,345,1
382,1384,1
382,138,2
382,1882,1
382,1475,1
382,1310,1
382,779,1
382,801,1
382,7,1
382,81,1
382,837,1
382,554,1
382,751,1
382,364,1
382,1366,1
382,336,1
382,2372,1
382,853,1
382,470,1
382,880,1
382,4,1
382,639,1
382,1916,1
382,1427,1
382,274,1
383,2409,2
383,1130,2
383,334,1
383,5,1
383,105,1
383,77,1
383,0,2
383,247,1
383,89,1
383,871,1
383,1032,1
383,406,1
383,226,1
383,185,2
383,161,1
383,1,1
383,2111,1
383,95,1
383,168,1
383,76,1
383,162,1
383,814,1
383,2037,1
383,141,1
383,1238,1
383,119,1
383,50,1
383,662,1
383,1210,1
384,106,1
384,163,1
384,65,1
384,35,2
384,367,2
384,1572,4
384,1097,5
384,1627,2
384,175,1
384,298,1
384,1526,1
384,63,1
384,133,1
384,847,1
384,360,1
384,694,1
384,1,1
384,428,1
384,99,1
384,149,1
384,155,1
384,53,1
384,1137,1
384,2298,1
385,1867,1
385,44,1
385,66,1
385,1,1
385,114,1
385,1431,1
385,0,2
385,2,1
385,110,1
385,323,1
385,153,1
385,174,1
385,159,1
385,19,2
385,64,1
385,117,1
385,235,1
385,367,1
385,137,1
385,871,1
385,377,1
386,2,1
386,1581,1
386,1188,2
386,1905,2
386,1037,1
386,386,1
386,267,2
386,774,1
386,1042,1
386,474,2
386,1094,1
386,2368,1
386,500,1
386,58,1
386,155,1
386,36,1
386,131,1
386,313,1
386,93,1
386,9,1
386,41,1
386,517,2
386,113,2
386,2158,1
386,1386,1
386,12,1
386,1,2
386,586,1
386,169,1
386,26,1
386,1344,1
386,246,1
386,118,1
386,2277,1
387,2,1
387,170,1
387,77,1
387,0,2
387,247,4
387,9,1
387,1907,1
387,298,1
387,224,1
387,1757,1
387,36,2
387,7,1
387,1663,1
387,1404,1
387,1026,1
387,1124,1
387,87,1
387,1688,1
387,3,2
387,555,1
387,316,1
387,171,1
387,70,1
388,633,1
388,133,2
388,1242,1
388,1530,1
388,11,1
388,8,1
388,4,1
388,1150,1
388,2286,1
388,286,1
388,1470,1
388,289,1
388,97,1
388,300,1
388,658,1
388,604,1
388,530,1
388,2086,1
388,67,1
389,1860,1
389,528,1
389,283,1
389,0,3
389,307,1
389,459,1
389,149,1
389,445,1
389,463,1
389,516,1
389,11,1
389,8,1
389,636,1
389,876,1
389,42,1
389,2099,1
389,1085,1
389,648,1
389,1409,1
389,2397,1
389,1752,1
390,290,1
390,390,1
390,182,1
390,4,1
390,61,1
390,1325,1
390,21,1
390,3,2
390,0,1
390,1488,1
390,12,1
390,5,1
390,308,1
391,77,1
391,1104,1
391,2151,1
391,859,1
391,346,1
391,2045,1
391,538,1
391,358,1
391,12,1
391,369,1
391,0,2
391,61,1
391,786,1
391,576,1
391,141,1
391,17,1
391,993,1
391,407,1
391,15,1
391,204,1
391,250,1
391,167,1
391,35,1
392,201,1
392,20,1
392,158,1
392,362,2
392,454,2
392,3,2
392,965,2
392,818,2
392,2337,3
392,876,1
392,42,1
392,2023,1
392,324,2
392,482,1
392,91,1
392,85,1
392,1811,1
392,479,1
392,218,1
393,2,1
393,110,1
393,1251,1
393,1,2
393,2087,1
393,0,3
393,15,1
393,1218,1
393,72,1
393,6,1
393,1922,1
393,1721,1
393,1578,1
393,93,1
393,928,1
393,39,1
393,955,1
393,29,1
393,581,1
394,44,1
394,966,1
394,1132,1
394,726,1
394,633,1
394,415,1
394,2,1
394,110,1
394,323,1
394,2118,4
394,824,4
394,1452,1
394,34,1
394,3,1
394,153,1
394,174,1
394,234,1
394,2393,1
394,375,1
394,202,1
395,1852,1
395,1200,1
395,307,1
395,32,1
395,720,1
395,852,1
395,667,1
395,1227,1
395,321,1
395,207,1
395,963,1
395,292,1
395,39,1
395,1357,1
395,2350,2
395,1298,1
395,807,1
395,88,1
395,265,1
395,1042,1
395,199,1
396,2,1
396,189,1
396,146,1
396,0,3
396,48,1
396,23,1
396,828,1
396,2448,2
396,1260,2
396,1205,2
396,467,1
396,1,1
396,251,1
396,254,1
396,953,1
397,40,1
397,297,1
397,340,1
397,16,1
397,1323,1
397,272,1
397,48,1
397,23,1
397,237,1
397,256,1
397,959,1
397,75,1
397,10,1
397,13,1
397,590,1
397,2153,1
397,192,1
397,429,1
397,1426,1
397,9,1
397,492,1
398,2437,1
398,66,1
398,1229,1
398,258,1
398,272,1
398,237,1
398,377,1
398,737,1
398,216,1
398,1919,1
398,1866,1
398,191,1
398,1329,1
398,1161,1
398,25,1
398,1,1
398,202,1
398,7,1
399,460,1
399,519,1
399,25,1
399,1,2
399,441,1
399,220,1
399,250,1
399,167,1
399,90,1
399,68,1
399,0,1
399,611,1
399,26,1
399,612,1
399,877,1
399,3,1
399,57,1
399,78,1
399,1428,1
399,55,1
399,143,1
399,212,1
399,1524,1
399,2179,1
399,1177,1
399,729,1
400,930,1
400,1,3
400,224,1
400,175,1
400,920,1
400,94,1
400,702,1
400,350,1
400,0,1
400,4,1
400,1718,1
400,788,1
400,6,1
400,129,1
400,889,1
400,1637,1
400,825,1
400,449,1
400,244,1
400,2341,1
400,1025,1
400,56,1
401,1890,1
401,0,1
401,1673,3
401,1212,3
401,1923,1
401,1387,1
401,398,1
401,536,1
401,82,2
401,1795,1
401,2426,1
401,1,1
401,182,1
401,305,1
401,640,1
401,58,1
401,2429,1
401,2249,1
401,343,1
402,125,1
402,757,1
402,2202,2
402,557,1
402,1185,2
402,10,1
402,13,1
402,733,1
402,550,1
402,456,1
402,542,1
402,1167,1
402,2252,1
402,408,1
402,148,1
402,952,1
403,308,1
403,1034,1
403,94,1
403,290,1
403,1266,1
403,4,1
403,352,2
403,1704,2
403,260,1
403,61,1
403,1325,1
403,39,1
403,51,1
403,5,1
403,2414,1
403,1991,1
403,74,1
403,22,1
403,1208,1
403,1338,1
403,1488,1
403,299,1
403,478,1
403,14,1
404,407,1
404,186,1
404,1262,1
404,524,1
404,5,1
404,1197,1
404,29,1
404,827,1
404,1775,1
404,10,1
404,13,1
404,4,1
404,226,1
404,162,1
404,1446,1
404,533,2
404,108,1
404,143,1
404,1,1
404,91,1
404,85,1
404,838,1
404,115,1
404,1765,1
405,0,1
405,105,1
405,77,1
405,1219,2
405,39,1
405,162,1
405,876,1
405,42,1
405,50,1
405,1458,1
405,1881,1
405,124,1
405,454,1
405,3,1
405,1049,1
405,664,1
405,11,1
405,8,1
405,253,1
405,1227,1
405,321,1
405,207,1
405,109,1
405,115,1
405,1840,1
405,21,1
406,19,1
406,1,2
406,66,1
406,0,2
406,2088,2
406,397,1
406,386,1
406,1691,1
406,1402,1
406,1587,1
406,215,1
406,59,1
406,1651,1
406,936,1
406,1912,1
406,410,1
407,595,1
407,62,1
407,2126,1
407,237,1
407,561,1
407,1007,1
407,1085,1
407,619,1
407,13,1
407,447,1
407,33,1
407,146,1
407,1117,1
407,1429,1
407,355,1
407,255,1
407,0,1
407,1791,2
407,31,1
407,191,1
408,40,1
408,1035,1
408,0,2
408,10,1
408,13,1
408,319,1
408,130,1
408,28,1
408,371,1
408,4,1
408,404,1
408,210,1
408,946,1
408,108,1
408,87,1
409,299,2
409,327,1
409,0,3
409,144,1
409,121,1
409,2303,4
409,518,1
409,104,1
409,337,1
409,1210,1
409,15,1
409,376,1
409,248,1
409,6,1
409,16,1
409,380,1
409,2111,1
409,36,1
409,854,1
409,53,1
410,40,1
410,1546,1
410,1481,1
410,4,1
410,7,1
410,1683,1
410,258,1
410,1577,1
410,261,2
410,8,2
410,294,1
410,528,1
410,9,1
410,1393,1
410,812,1
410,2007,1
410,1235,1
410,1887,1
410,660,1
410,1696,1
410,1760,1
410,15,1
410,819,1
410,302,1
410,2192,1
410,67,1
411,12,1
411,2,1
411,90,2
411,68,4
411,2319,1
411,227,1
411,341,1
411,43,1
411,20,1
411,2366,1
411,9,1
411,41,1
411,144,1
411,801,1
411,10,1
411,13,1
411,461,1
412,1452,1
412,2285,1
412,302,1
412,95,1
412,756,1
412,912,1
412,224,1
412,9,1
412,584,1
412,319,1
412,21,1
412,2325,1
412,1234,1
412,122,1
412,43,1
412,14,1
412,22,1
413,2,1
413,110,1
413,323,1
413,1476,1
413,5,2
413,775,1
413,219,1
413,619,1
413,13,1
413,470,1
413,848,1
413,2332,1
413,0,1
413,1939,1
413,2038,1
413,2050,1
413,183,1
414,8,1
414,5,1
414,741,1
414,47,1
414,568,1
414,267,1
414,1907,1
414,688,1
414,1939,1
414,1288,1
414,32,1
415,2,1
415,1739,1
415,61,3
415,1325,3
415,159,1
415,1672,1
415,1880,1
415,133,1
415,1510,1
415,308,3
415,851,1
415,1884,1
415,789,1
415,625,1
415,295,1
415,541,1
415,185,1
415,1705,1
415,118,1
415,1,1
415,697,1
415,84,1
415,1605,1
415,699,1
415,12,1
415,1173,1
415,557,1
415,45,1
415,1788,1
415,635,1
415,797,1
416,36,1
416,385,1
416,146,1
416,507,2
416,496,1
416,1102,1
416,2008,1
416,2224,1
416,354,2
416,7,1
416,79,3
416,382,1
416,2400,1
416,1960,1
416,14,1
416,5,1
416,1613,1
416,344,1
416,1005,1
416,234,1
416,2373,1
416,751,1
416,246,1
416,118,1
416,147,1
416,136,1
417,71,1
417,21,1
417,425,1
417,745,1
417,908,1
417,2273,1
417,10,1
417,1087,1
417,377,1
417,993,1
417,407,1
417,1052,1
417,534,1
417,250,1
417,167,1
417,2119,1
417,1649,1
417,509,1
417,6,1
417,300,1
417,909,1
417,687,1
418,1666,1
418,1004,1
418,948,1
418,558,1
418,6,1
418,79,1
418,102,1
418,64,1
418,152,1
418,18,1
418,1733,1
418,26,1
418,2211,2
418,2212,1
418,1519,1
418,825,1
418,588,1
418,1017,1
418,2420,1
418,87,1
418,1,1
418,29,1
419,83,1
419,245,1
419,571,1
419,338,1
419,210,1
419,657,1
419,1061,1
419,489,1
419,663,1
419,89,1
419,128,1
419,290,1
419,344,1
419,1422,1
419,10,1
419,13,1
419,430,1
419,542,1
419,109,1
419,142,1
419,406,1
420,376,1
420,11,1
420,991,2
420,98,2
420,431,1
420,0,1
420,538,1
420,428,1
420,852,1
420,667,1
420,201,1
420,986,1
420,616,2
420,742,1
420,539,1
420,12,1
421,519,1
421,1953,1
421,1228,1
421,431,1
421,57,1
421,78,1
421,343,2
421,877,1
421,2037,1
421,199,1
421,1574,1
421,860,1
421,116,1
421,2352,1
421,1495,1
421,1009,1
421,271,1
421,26,1
421,14,1
421,1871,1
421,325,1
421,58,1
421,1039,1
421,92,1
421,718,1
421,5,1
422,0,1
422,1655,1
422,718,1
422,38,1
422,99,1
422,224,1
422,313,1
422,16,1
422,976,1
422,1961,1
422,501,1
422,927,1
422,147,2
422,136,2
422,70,1
422,1381,1
422,6,1
422,1120,2
422,932,1
422,492,1
422,2193,1
422,179,1
422,1726,1
422,635,1
422,5,1
422,2321,1
422,1164,1
423,184,1
423,338,4
423,651,1
423,1072,1
423,829,1
423,1199,1
423,221,1
423,558,1
423,991,1
423,2,1
423,1740,1
423,934,1
423,2363,1
423,14,1
423,2414,1
423,1002,1
423,585,1
423,1,1
423,15,1
424,2,1
424,190,1
424,855,1
424,16,1
424,262,1
424,2007,1
424,231,1
424,227,1
424,30,1
424,702,1
424,60,1
424,3,2
424,692,1
424,215,1
424,0,2
424,6,2
424,1658,1
424,1753,1
424,15,1
424,120,1
424,937,1
424,1578,1
424,1517,1
424,177,1
424,63,1
424,942,1
424,62,1
424,976,1
424,927,1
424,1493,1
424,918,1
424,801,1
424,1796,1
424,53,1
424,952,1
424,1364,1
424,441,1
425,206,1
425,2069,1
425,1641,1
425,776,1
425,796,1
425,1185,1
425,156,1
425,49,1
425,24,1
425,2,1
425,173,1
425,218,1
425,840,1
425,6,1
425,232,1
425,20,1
425,280,1
425,1271,1
425,1057,1
425,107,1
425,1967,1
426,2,1
426,5,2
426,1303,1
426,4,1
426,1046,1
426,287,1
426,674,1
426,181,1
426,178,1
426,2103,1
426,113,1
426,1461,1
426,511,1
426,1362,1
426,7,1
426,1045,1
426,925,1
426,392,1
426,587,1
426,1822,1
426,11,1
426,8,1
426,1225,1
426,159,1
426,958,1
426,1267,1
426,2310,1
426,1313,1
426,84,1
426,1852,1
426,637,1
426,1037,1
426,1,1
427,16,1
427,726,1
427,808,1
427,1469,1
427,195,1
427,395,1
427,733,1
427,856,1
427,887,1
427,20,2
427,378,1
427,1269,1
427,1717,1
427,846,1
427,676,1
427,286,1
427,557,1
427,278,1
427,12,1
427,60,1
427,17,1
427,1491,1
427,996,1
428,121,1
428,147,1
428,136,1
428,257,3
428,1749,1
428,1795,1
428,11,1
428,8,1
428,15,1
428,204,1
428,1687,1
428,206,1
428,1515,1
428,737,1
428,494,1
428,784,1
428,126,1
428,33,1
428,249,1
428,122,1
428,421,1
428,84,1
428,295,1
428,541,1
428,824,1
428,934,1
428,596,1
429,1194,1
429,2152,1
429,1016,1
429,1729,1
429,502,2
429,2160,3
429,717,1
429,405,1
429,1019,1
429,1735,1
429,6,1
429,191,1
429,2137,1
430,1271,2
430,787,1
430,1690,1
430,2209,1
430,821,1
430,10,1
430,13,1
430,4,1
430,16,1
430,12,1
430,21,1
430,1423,1
430,1,1
430,56,1
430,57,1
430,78,1
430,30,1
430,372,1
430,310,1
430,727,1
430,1419,1
430,1833,2
430,2223,1
430,259,1
430,204,1
430,250,1
430,60,1
430,542,1
431,811,1
431,0,1
431,129,2
431,889,2
431,1637,1
431,722,1
431,92,2
431,265,1
431,912,1
431,2222,1
431,1534,1
431,1442,1
431,710,1
431,18,1
431,1128,1
431,326,1
431,297,1
431,544,1
431,279,1
431,1338,1
432,168,1
432,76,1
432,471,1
432,836,1
432,2315,1
432,298,1
432,1374,2
432,244,1
432,11,1
432,8,2
432,123,1
432,208,1
432,17,1
432,1186,1
432,1116,2
432,1339,1
432,33,1
432,411,1
432,2391,1
432,21,1
433,2413,1
433,418,1
433,1806,1
433,423,1
433,2211,1
433,32,1
433,1353,1
433,1790,1
433,12,1
433,1038,1
433,1627,1
433,820,1
433,852,1
433,627,1
433,193,1
433,80,1
433,11,1
433,268,1
433,597,1
433,2382,1
433,428,1
433,10,1
433,13,1
433,1801,1
434,106,1
434,163,1
434,61,3
434,887,3
434,52,2
434,201,1
434,164,1
434,398,1
434,1365,1
434,1742,1
434,1960,1
434,1819,1
434,214,1
434,1401,1
434,788,2
434,19,2
434,2284,1
434,221,1
435,206,1
435,796,1
435,266,1
435,2270,1
435,627,1
435,94,1
435,2453,1
435,1529,1
435,1643,3
435,1713,1
435,338,2
435,0,2
435,609,2
435,337,1
435,1191,1
435,18,1
435,12,1
435,879,1
435,2014,1
436,500,1
436,439,1
436,112,1
436,1826,1
436,804,1
436,1010,1
436,1329,1
436,9,2
436,41,1
436,1834,1
436,1466,1
436,1238,1
436,626,1
436,131,1
436,93,1
436,1,1
436,15,2
436,34,1
436,1542,1
436,397,1
436,1212,1
436,1213,1
436,2433,1
436,221,1
436,557,1
436,320,1
437,2142,1
437,10,1
437,58,3
437,28,1
437,82,1
437,1327,1
437,351,1
437,2002,1
437,11,1
437,8,1
437,1041,1
437,94,1
437,1144,1
437,727,1
437,1009,1
437,914,1
437,699,1
437,12,1
437,1700,1
437,510,1
438,344,1
438,2366,1
438,797,1
438,8,1
438,123,1
438,1189,1
438,1844,1
438,1899,1
438,1,1
438,1669,1
438,1135,1
438,774,1
438,532,1
438,116,1
439,862,1
439,16,1
439,1323,1
439,426,1
439,2414,1
439,664,1
439,1055,1
439,5,1
439,144,1
439,1840,1
439,2044,1
439,453,1
439,24,1
439,490,1
439,31,1
439,603,1
439,660,1
439,329,1
439,338,1
439,430,1
440,106,1
440,1295,1
440,1937,1
440,1171,1
440,430,1
440,3,1
440,418,1
440,2152,1
440,1016,1
440,168,1
440,456,1
440,785,1
440,302,2
440,1334,1
440,114,1
440,714,1
440,87,1
440,1684,1
440,648,1
440,1409,1
440,469,1
440,141,1
440,72,1
440,148,1
440,595,1
441,1332,1
441,467,1
441,312,1
441,18,1
441,916,1
441,2072,1
441,1904,1
441,58,1
441,1,1
441,129,1
441,889,1
441,1712,1
441,407,1
441,690,2
441,1064,1
441,338,2
441,292,1
441,9,1
441,1785,1
442,2108,1
442,937,1
442,6,1
442,317,1
442,1143,1
442,465,3
442,1758,1
442,11,1
442,8,1
442,4,1
442,199,1
442,273,1
442,86,2
442,1207,1
442,0,4
442,403,2
442,463,1
442,443,1
442,552,1
442,854,1
442,615,1
442,481,1
442,276,1
442,1567,1
442,1836,1
442,439,1
443,518,1
443,334,2
443,1,1
443,2426,1
443,398,1
443,1049,1
443,664,1
443,1089,1
443,0,2
443,130,2
443,28,2
443,373,1
443,2362,1
443,4,1
443,1996,1
443,592,1
443,231,1
443,179,1
443,638,1
443,1197,1
444,258,1
444,272,1
444,1235,1
444,1887,1
444,864,1
444,525,1
444,891,1
444,2174,1
444,1022,1
444,0,1
444,102,1
444,275,1
444,872,1
444,84,1
444,875,1
444,17,1
444,1,1
444,1055,1
445,1,1
445,548,1
445,2367,1
445,26,1
445,14,1
445,36,1
445,347,1
445,767,1
445,768,1
446,131,1
446,313,1
446,93,1
446,9,1
446,1716,1
446,96,1
446,65,1
446,35,1
446,416,1
446,2324,1
446,1257,1
446,1946,1
446,1679,1
446,182,1
446,4,1
446,2405,1
446,2046,1
446,2058,1
446,218,1
446,296,1
446,303,1
446,419,2
446,6,1
446,1647,1
446,1394,1
446,432,1
446,1,2
446,205,1
446,46,1
446,329,1
446,844,1
446,401,1
446,1222,1
446,12,1
447,24,1
447,2,1
447,173,1
447,786,1
447,1045,1
447,925,1
447,1014,1
447,16,1
447,9,1
447,553,1
447,521,1
447,867,1
447,351,1
447,1,1
447,1167,1
447,95,1
448,2057,1
448,1986,1
448,1179,1
448,845,1
448,339,1
448,242,1
448,527,1
448,346,1
448,1044,1
448,801,1
448,1,1
448,417,2
448,624,1
448,415,2
448,1958,1
448,1046,1
448,287,1
448,181,1
448,178,1
448,1047,1
448,2237,1
448,55,1
448,4,1
448,1874,1
448,1694,1
448,1909,1
448,868,1
448,391,1
448,1459,1
448,434,1
449,2,1
449,2417,1
449,334,1
449,92,4
449,1,1
449,894,1
449,2306,1
449,500,1
449,75,1
449,1442,1
449,710,1
449,18,1
449,295,1
449,1821,1
449,7,1
449,640,1
449,1212,1
449,612,1
449,2355,1
449,1558,1
450,1031,1
450,752,1
450,2303,2
450,264,1
450,1,1
450,651,1
450,67,1
450,657,1
450,1332,1
450,1397,2
450,2,1
450,189,1
450,323,1
450,206,1
450,564,1
451,71,1
451,2069,1
451,839,1
451,746,1
451,282,1
451,1245,1
451,233,1
451,2349,1
451,461,2
451,482,1
451,690,1
451,350,1
451,2261,1
451,319,1
451,1353,1
451,855,1
451,1536,1
451,733,1
451,0,1
451,2091,1
451,632,1
451,1806,1
451,280,1
451,18,1
451,32,1
451,579,1
451,1992,1
451,24,1
451,2,1
451,1124,1
451,1754,1
451,2062,1
451,623,1
452,11,1
452,8,1
452,4,1
452,609,1
452,175,4
452,920,1
452,16,1
452,2242,1
452,536,1
452,1174,1
452,1812,1
452,819,1
452,7,1
452,523,1
452,6,1
452,381,1
452,396,1
452,512,1
452,625,1
452,1149,1
452,122,1
452,1255,1
452,1,1
453,1050,1
453,1952,1
453,506,1
453,2341,4
453,670,1
453,3,2
453,958,2
453,796,2
453,4,4
453,1353,2
453,1917,1
453,455,1
453,1283,1
453,1249,1
453,2,1
453,110,1
453,323,1
453,469,1
453,141,1
453,43,1
453,7,1
453,147,1
453,136,1
453,104,1
453,579,1
453,1888,1
453,1227,1
453,312,1
453,395,1
453,783,1
453,492,1
453,884,1
454,1768,1
454,298,1
454,696,1
454,433,1
454,100,1
454,11,1
454,8,1
454,708,1
454,1551,1
454,108,1
454,123,1
454,1706,1
454,14,1
454,495,1
454,1317,1
454,7,1
454,79,1
454,2005,1
455,1070,2
455,2007,1
455,1229,1
455,2,2
455,384,1
455,75,1
455,2024,1
455,1772,1
455,176,1
455,458,1
455,1866,2
455,678,1
455,44,1
455,66,1
455,355,1
455,255,1
455,0,1
455,1593,1
455,36,1
455,1058,1
455,478,1
455,1577,1
455,53,1
455,952,1
455,6,1
456,40,1
456,96,1
456,1228,1
456,431,1
456,58,3
456,343,1
456,860,1
456,450,2
456,274,1
456,1257,1
456,37,1
456,126,2
456,0,2
456,280,1
456,597,2
456,1261,2
456,1197,1
456,688,1
456,784,1
456,7,1
456,116,1
456,985,1
456,500,2
456,481,1
456,1368,1
456,311,1
456,602,1
457,20,1
457,66,1
457,870,2
457,524,1
457,1943,1
457,111,1
457,153,1
457,174,1
457,1304,1
457,10,1
457,225,1
457,1983,1
457,53,1
457,2358,1
457,450,1
457,319,1
457,1001,1
458,502,1
458,2285,1
458,361,1
458,290,1
458,17,1
458,1370,1
458,449,2
458,2454,2
458,10,1
458,13,1
458,817,2
458,54,3
458,785,1
458,792,1
458,1816,1
458,142,1
458,2129,1
458,1893,1
458,118,1
459,2,1
459,384,1
459,790,1
459,48,1
459,254,1
459,151,1
459,275,1
459,73,1
459,0,1
459,277,2
459,2310,1
459,10,2
459,23,1
459,553,1
459,558,1
459,1294,1
459,1455,1
459,156,1
459,4,1
459,20,1
459,1103,1
459,157,1
459,88,1
460,2149,1
460,199,2
460,52,1
460,1707,1
460,1290,1
460,30,1
460,1500,1
460,11,1
460,8,1
460,4,1
460,1508,1
460,34,1
461,40,1
461,96,1
461,1084,1
461,2313,1
461,16,1
461,9,1
461,558,1
461,1216,1
461,11,1
461,8,1
461,4,1
461,130,1
461,28,1
461,773,1
461,1222,2
461,998,3
461,491,1
461,1192,2
461,127,2
461,1352,1
461,419,1
461,5,2
461,1856,1
461,148,1
461,179,1
461,1393,1
461,161,1
461,526,1
461,239,1
461,1278,1
461,1002,1
461,303,1
462,2,1
462,170,1
462,2069,2
462,77,1
462,1310,1
462,709,1
462,747,1
462,1,1
462,2223,1
462,1207,2
462,977,1
462,147,1
462,136,1
462,57,1
462,78,1
462,30,2
462,692,1
462,215,1
462,430,1
462,11,1
462,268,1
462,1978,1
462,490,1
462,1064,1
462,47,1
463,106,1
463,769,1
463,824,1
463,561,1
463,2417,1
463,11,1
463,8,1
463,4,1
463,130,1
463,28,1
463,1458,1
463,717,1
463,29,1
463,747,1
463,37,1
463,1,1
463,205,1
463,46,1
463,386,1
463,253,1
463,713,1
463,17,1
463,42,1
464,117,1
464,895,1
464,1856,1
464,1923,1
464,706,1
464,1,1
464,2319,1
464,1994,1
464,1349,1
464,1520,1
464,595,1
464,102,1
464,0,1
464,1230,1
464,1024,1
464,1195,1
464,1176,1
464,1485,1
464,1595,1
464,1580,1
464,185,1
465,1349,2
465,320,1
465,208,1
465,449,1
465,5,1
465,957,1
465,378,1
465,2420,1
465,87,2
465,620,1
465,712,2
465,47,1
465,134,1
465,137,1
465,128,1
465,38,1
465,411,1
465,8,1
465,1,1
465,2183,1
465,214,1
466,2070,3
466,18,1
466,431,1
466,367,1
466,620,1
466,613,1
466,1675,1
466,1349,2
466,1384,1
466,1616,1
466,21,1
466,490,1
466,7,1
466,811,1
466,0,1
466,1981,1
466,1385,1
466,46,2
466,13,1
466,813,1
466,1478,1
466,1731,1
466,50,1
466,51,1
466,1533,1
466,924,1
466,1300,1
466,1,1
466,205,1
467,171,1
467,183,1
467,1113,1
467,0,1
467,689,1
467,730,2
467,813,1
467,646,2
467,417,1
467,712,1
467,1441,1
467,383,1
467,271,1
467,26,1
467,14,1
467,48,1
467,23,1
467,37,1
467,517,1
467,1919,1
467,12,2
467,1014,1
467,16,1
467,1319,1
467,1043,1
467,2401,1
467,1767,1
467,365,1
467,62,1
467,613,1
467,493,1
467,967,1
467,6,1
467,1503,1
467,1435,1
467,2156,1
467,17,1
467,219,1
467,1,1
467,306,1
467,665,1
467,113,1
467,230,1
468,200,1
468,47,1
468,1349,1
468,122,1
468,508,1
468,32,1
468,165,1
468,412,1
468,1742,1
468,84,1
468,762,1
468,610,1
468,473,1
468,341,1
468,1203,1
468,246,1
468,118,1
468,128,1
468,485,1
468,1200,1
468,966,1
468,2052,1
468,1070,1
469,786,1
469,559,1
469,1041,1
469,3,1
469,1487,1
469,1452,1
469,450,1
469,816,1
469,28,1
469,15,2
469,120,1
469,1016,1
469,236,1
469,134,1
469,2145,1
469,18,1
469,47,3
469,30,1
469,586,1
469,1786,1
470,2,1
470,189,1
470,131,1
470,313,1
470,459,1
470,92,3
470,2074,1
470,2076,1
470,98,2
470,2448,1
470,185,1
470,87,1
470,1132,1
470,722,1
470,208,1
471,2,1
471,110,1
471,323,1
471,153,1
471,1832,1
471,2272,1
471,1755,1
471,14,2
471,1888,2
471,61,1
471,1819,1
471,64,1
471,152,1
471,426,1
471,240,3
471,392,2
471,1375,1
471,788,1
471,19,1
471,987,1
471,187,1
472,1756,1
472,2182,1
472,1,2
472,488,1
472,477,1
472,52,3
472,2036,1
472,76,1
472,580,1
472,484,1
472,0,1
472,1352,2
472,1006,1
472,5,3
472,66,1
472,10,1
472,321,1
472,207,1
472,1895,1
472,683,1
472,694,1
472,973,1
472,14,1
472,1387,1
472,216,1
472,102,1
472,341,1
473,71,1
473,659,1
473,459,1
473,149,1
473,440,2
473,284,2
473,722,1
473,717,1
473,100,1
473,511,1
473,1320,1
473,2183,1
473,1993,1
473,1375,1
473,127,1
473,1023,1
473,522,1
473,113,1
473,21,1
473,2181,1
473,2231,1
473,295,1
473,541,1
473,2028,1
474,493,1
474,605,1
474,588,1
474,1,1
474,2102,2
474,97,1
474,676,1
474,2290,1
474,527,3
474,1094,1
474,1980,1
474,129,1
474,1215,1
474,2092,2
474,1279,2
474,115,1
474,2144,1
474,229,1
475,2,1
475,190,1
475,420,1
475,1149,1
475,175,4
475,1331,1
475,920,1
475,94,1
475,1309,1
475,138,2
475,2131,2
475,752,1
475,638,1
475,200,1
475,210,1
475,1457,1
475,798,1
475,1474,2
475,1748,2
475,0,1
475,422,1
475,235,1
475,53,1
475,293,1
475,55,1
475,49,1
475,900,1
475,45,1
476,2,1
476,384,1
476,790,1
476,48,1
476,23,1
476,723,1
476,79,2
476,878,1
476,522,1
476,1206,1
476,528,1
476,1,1
476,77,2
476,1208,1
476,226,1
476,563,1
476,34,1
476,1769,1
476,50,1
476,918,1
477,397,1
477,206,2
477,1474,1
477,175,3
477,920,1
477,827,1
477,1535,1
477,15,1
477,120,1
477,169,1
477,26,1
477,14,1
477,280,1
477,1643,1
477,1086,1
477,212,1
477,73,2
477,311,1
477,1433,1
477,1318,1
477,1149,1
477,489,1
477,225,1
477,2368,1
477,721,1
477,1559,1
477,712,1
477,6,1
477,381,1
477,457,2
477,1037,1
477,527,1
478,2,1
478,321,1
478,207,1
478,396,2
478,298,1
478,2170,1
478,273,1
478,0,2
478,1206,2
478,2000,1
478,104,1
478,305,1
478,337,1
478,886,1
478,3,2
478,1233,1
478,1,1
478,2097,1
478,77,1
478,129,1
478,1215,1
478,376,1
478,1237,1
478,9,2
478,1172,1
478,1683,1
478,827,1
478,22,1
478,997,1
478,1690,1
478,1894,1
478,229,2
478,1039,1
478,1577,1
478,100,1
479,135,1
479,160,1
479,100,1
479,1102,1
479,878,2
479,6,1
479,1295,1
479,2037,1
479,150,1
479,60,1
479,224,1
479,149,1
479,2345,1
479,1146,1
479,728,1
479,79,1
479,953,1
479,1373,1
480,11,1
480,8,1
480,1378,1
480,84,1
480,240,1
480,1134,4
480,45,1
480,44,1
480,220,1
480,2076,1
480,441,1
480,989,1
480,1287,1
480,1704,1
480,88,1
480,2359,1
480,395,1
480,249,1
480,1373,1
480,23,1
480,1101,1
480,60,1
480,320,1
480,392,1
480,890,1
480,780,1
480,432,1
480,455,1
481,1113,1
481,0,3
481,1050,1
481,77,1
481,59,1
481,337,1
481,253,1
481,317,1
481,750,1
481,18,1
481,1376,1
481,468,1
481,1126,1
481,257,1
481,301,1
481,781,1
481,923,1
481,14,1
481,591,1
481,17,1
481,956,1
481,61,1
481,64,1
481,152,1
481,210,1
481,47,1
481,30,1
481,342,1
481,180,1
481,2026,1
482,1017,1
482,1,1
482,488,1
482,477,1
482,8,1
482,2400,1
482,708,1
482,2129,1
482,21,1
482,426,1
482,603,1
482,0,1
482,240,1
483,2,1
483,2333,1
483,452,1
483,34,1
483,206,1
483,590,1
483,1016,1
483,623,1
483,9,1
483,348,1
483,0,1
483,1153,1
483,237,1
483,715,1
483,412,1
483,1,1
483,2108,1
483,1722,1
483,26,1
483,21,1
483,3,1
483,1354,1
484,2,1
484,462,1
484,104,1
484,414,1
484,0,2
484,306,2
484,434,3
484,646,3
484,629,1
484,51,2
484,5,1
484,38,2
484,103,1
484,1375,1
484,340,1
484,1790,1
484,1169,1
484,429,1
484,1,2
484,2218,1
484,876,1
484,42,1
484,2438,1
484,1813,1
484,17,1
484,965,1
484,1060,1
484,225,1
484,441,1
484,220,1
484,1043,1
485,92,2
485,67,1
485,592,1
485,0,2
485,957,1
485,836,1
485,230,1
485,939,2
485,279,1
485,98,1
485,1157,1
485,138,1
485,82,1
485,94,1
485,1377,1
485,1473,1
485,1,2
485,935,2
485,626,1
485,908,1
485,673,1
485,114,1
485,372,1
485,310,1
485,1318,1
485,9,1
485,357,1
485,2287,1
485,265,1
485,391,1
485,81,1
485,1541,1
486,2,1
486,2403,1
486,3,3
486,962,3
486,1302,1
486,2448,1
486,915,1
486,533,1
486,128,1
486,2388,1
486,182,1
486,162,2
486,19,1
486,1606,1
486,1286,1
486,1435,1
486,599,1
486,563,1
486,198,1
486,1527,1
486,670,1
486,21,1
486,1584,1
486,705,1
486,1667,1
486,53,1
486,179,1
486,1549,1
486,31,1
486,92,1
486,2200,1
486,5,1
486,1053,1
486,42,1
487,2,1
487,2114,1
487,2311,1
487,14,1
487,603,1
487,1262,1
487,1320,1
487,1,3
487,307,2
487,695,1
487,805,1
487,153,1
487,174,1
487,1624,1
487,2142,1
487,1224,1
487,63,1
487,1712,1
487,73,1
487,685,1
487,10,1
487,13,1
487,132,1
487,5,1
487,2417,1
487,658,1
487,604,1
487,530,1
487,138,1
487,2087,1
487,295,1
487,541,1
487,675,1
487,161,1
487,98,1
487,349,1
487,1532,1
487,1285,1
487,1922,1
487,20,1
487,1382,1
487,0,1
488,1942,1
488,2,1
488,1284,1
488,294,1
488,27,1
488,1108,1
488,349,1
488,25,1
488,1,1
488,98,2
488,198,1
488,123,1
488,1444,1
488,742,1
488,203,1
488,86,1
488,0,1
488,877,1
488,3,1
488,241,1
488,529,1
488,232,1
488,41,1
488,158,1
488,12,1
488,1920,1
488,947,1
488,939,1
489,112,1
489,804,1
489,1964,1
489,716,1
489,2124,1
489,1147,1
489,121,2
489,884,1
489,338,1
489,1,2
489,640,1
489,816,1
489,2184,1
489,15,1
489,2296,1
489,435,1
489,1480,1
489,556,1
489,2143,1
489,910,1
489,156,1
489,283,1
489,157,1
489,164,1
489,120,1
489,169,1
489,26,1
489,14,1
489,390,1
489,182,1
489,305,1
489,536,1
489,784,1
489,126,1
489,7,1
489,65,1
489,35,1
490,10,1
490,13,1
490,1638,1
490,196,1
490,142,2
490,54,2
490,1059,1
490,1974,1
490,879,1
490,406,1
490,148,1
490,293,1
490,1735,1
490,14,1
490,643,1
490,232,1
491,40,1
491,16,1
491,1459,1
491,58,1
491,868,1
491,467,1
491,312,1
491,7,1
491,1811,1
491,361,1
491,1227,1
491,756,1
491,1038,1
491,3,1
491,2143,1
491,1901,1
491,1,2
491,1357,1
491,2056,1
491,721,1
491,5,1
491,14,1
491,1866,1
491,665,1
491,683,1
491,19,1
491,44,1
491,1870,1
491,43,1
491,990,1
491,140,1
492,2,1
492,110,1
492,323,1
492,153,1
492,174,1
492,1405,1
492,2000,1
492,104,1
492,1296,2
492,658,1
492,7,1
492,738,2
492,12,1
492,580,1
492,484,1
492,0,1
492,82,1
492,5,1
492,102,1
492,188,1
492,556,1
492,87,1
493,187,1
493,2138,1
493,161,1
493,258,1
493,272,1
493,968,1
493,1343,1
493,831,1
493,9,1
493,1943,1
493,1365,1
493,402,1
493,22,1
493,2065,1
493,11,1
493,8,1
493,513,1
493,61,1
493,584,1
493,1687,1
493,0,1
494,96,1
494,1,1
494,91,1
494,85,1
494,276,1
494,103,1
494,176,1
494,654,1
494,76,1
494,580,1
494,484,1
494,2307,1
494,373,1
494,1439,1
494,814,1
494,12,1
494,625,1
494,1655,1
494,494,1
494,1995,1
494,1446,1
494,256,1
494,1648,1
494,1930,2
494,1306,1
494,2118,1
495,1264,1
495,560,1
495,654,1
495,176,1
495,3,1
495,337,1
495,1368,1
495,1198,1
495,27,1
495,1553,1
495,505,1
495,1249,1
495,44,1
495,60,1
495,2167,1
495,258,1
495,465,1
495,236,1
495,134,1
495,0,2
495,1084,1
495,9,1
495,802,1
495,2380,1
496,40,1
496,1531,1
496,1546,1
496,1014,1
496,94,1
496,2054,1
496,317,1
496,1895,1
496,201,1
496,164,1
496,5,1
496,11,1
496,1583,2
496,2051,3
496,1007,1
496,1719,1
496,402,1
496,0,1
496,166,1
496,45,1
496,59,1
497,1597,1
497,1,1
497,69,1
497,81,1
497,1311,1
497,256,1
497,1166,1
497,249,1
497,0,2
497,677,1
497,928,1
497,7,1
497,1663,1
497,1641,1
497,553,1
497,1695,1
497,33,1
497,223,1
497,122,1
498,16,1
498,399,1
498,1266,1
498,2209,1
498,82,2
498,1972,1
498,1736,1
498,76,1
498,717,1
498,129,1
498,593,1
498,656,1
498,651,1
498,1317,1
498,1280,1
498,1096,1
498,865,1
498,221,1
498,852,1
498,321,2
498,207,2
498,29,1
498,660,1
499,2202,1
499,334,1
499,1067,1
499,20,1
499,237,1
499,564,1
499,1301,1
499,992,1
499,539,1
499,455,1
499,351,1
499,1,1
499,1235,1
499,2335,1
499,1033,1
499,0,1
499,1057,1
499,1696,1
499,1760,1
499,198,1
499,693,1
499,1886,1
500,40,1
500,96,1
500,249,1
500,34,1
500,135,1
500,160,1
500,643,1
500,102,2
500,236,1
500,134,1
500,185,1
500,226,1
500,216,1
500,508,1
500,5,2
500,315,1
500,150,1
500,1919,1
500,448,1
500,259,1
500,148,1
500,16,1
500,9,1
500,553,1
500,11,1
500,8,1
500,1129,1
501,89,1
501,1847,1
501,2019,1
501,1736,1
501,2444,1
501,1266,1
501,1347,1
501,118,1
501,155,1
501,3,1
501,643,1
501,18,1
501,1398,1
501,339,1
501,127,1
501,2034,1
501,17,1
501,1488,1
501,11,1
501,268,1
501,1948,1
501,724,1
501,19,1
501,1313,1
501,1898,1
501,1258,1
501,2257,1
501,1039,1
501,344,1
502,663,1
502,203,1
502,1,1
502,106,1
502,163,1
502,1202,1
502,17,1
502,827,1
502,258,1
502,272,1
502,130,2
502,28,2
502,237,2
502,30,1
502,2033,1
502,159,2
502,864,1
502,0,1
503,71,1
503,1633,1
503,459,1
503,1791,1
503,913,1
503,1332,1
503,1369,1
503,516,1
503,141,1
503,0,3
503,1568,1
503,27,1
503,219,1
503,1,1
503,330,1
503,87,1
503,197,1
503,38,1
503,599,1
503,242,2
503,241,1
503,1090,1
503,1586,1
503,158,1
504,816,1
504,1567,2
504,16,2
504,1180,1
504,723,2
504,480,3
504,10,1
504,13,1
504,577,1
504,164,1
504,120,1
504,1687,1
504,210,2
504,0,1
504,56,2
504,63,1
504,980,1
504,1171,1
504,2006,2
504,1,2
504,69,1
504,81,1
504,814,1
504,731,1
504,694,1
504,1025,1
504,1178,1
504,2130,1
504,2425,2
504,259,1
504,155,1
504,3,1
504,91,1
504,85,1
504,499,1
504,507,1
505,1333,1
505,1,1
505,55,2
505,299,3
505,1332,1
505,328,1
505,5,1
505,29,1
505,2143,1
505,121,1
505,823,1
505,210,1
505,2019,1
505,132,1
505,1514,1
506,2,1
506,18,2
506,1590,1
506,184,1
506,51,1
506,277,1
506,297,1
506,1235,1
506,11,1
506,8,1
506,270,1
506,369,1
506,0,1
506,108,1
506,2217,1
506,109,1
506,142,1
506,54,1
507,22,2
507,230,1
507,939,1
507,673,1
507,12,1
507,2013,1
507,693,2
507,106,1
507,163,1
507,2118,1
507,379,1
507,159,2
507,31,1
507,74,1
507,875,1
507,2065,1
507,11,1
507,8,1
507,4,1
507,1662,1
507,414,1
507,567,1
507,30,1
507,79,1
507,217,1
507,1255,1
507,213,1
507,812,1
508,1491,1
508,2018,1
508,585,1
508,39,1
508,2037,1
508,37,1
508,837,1
508,555,1
508,829,1
508,86,1
508,2308,1
508,47,1
508,471,1
508,836,1
508,0,1
508,240,1
508,1187,1
508,9,1
508,794,1
508,54,1
508,18,1
508,11,1
508,8,1
508,12,1
508,1920,1
509,210,1
509,112,1
509,1384,1
509,167,1
509,1551,2
509,496,1
509,784,1
509,126,1
509,12,2
509,1734,2
509,1578,1
509,336,1
509,719,1
510,2,1
510,384,1
510,790,1
510,469,1
510,141,1
510,0,2
510,1547,1
510,3,1
510,7,1
510,550,1
510,402,1
510,14,1
510,195,1
510,258,1
510,301,1
510,100,1
510,495,1
510,522,1
510,1241,1
510,2118,1
510,1118,1
510,155,1
510,210,1
510,716,1
510,382,2
510,2382,1
510,6,1
511,227,1
511,1367,1
511,879,2
511,52,2
511,14,2
511,23,1
511,0,2
511,787,1
511,896,1
511,607,1
511,348,2
511,16,1
511,751,1
511,273,1
511,1582,1
511,597,1
511,6,1
511,1494,1
511,1002,1
511,447,1
511,356,1
511,464,1
511,1808,1
511,10,1
511,576,1
511,7,1
511,737,1
512,106,1
512,187,1
512,47,1
512,426,1
512,1515,1
512,1232,1
512,291,1
512,194,1
512,328,1
512,87,1
512,706,1
512,1,1
512,310,1
512,1118,1
512,119,1
512,221,1
512,31,1
512,827,1
512,853,1
512,956,1
512,1136,1
513,93,1
513,9,1
513,118,1
513,527,1
513,14,1
513,1492,1
513,82,1
513,993,1
513,532,1
513,161,1
513,526,1
513,1007,1
513,366,1
513,1579,1
513,761,1
513,2169,1
513,236,1
513,134,1
513,21,1
513,76,1
513,443,1
514,11,1
514,8,1
514,1185,1
514,42,1
514,1619,1
514,1139,1
514,807,1
514,256,1
514,33,1
514,272,1
514,1587,1
514,2273,1
514,111,2
514,542,1
514,217,1
515,2173,1
515,0,1
515,158,1
515,1539,1
515,21,2
515,30,1
515,231,1
515,804,1
515,7,1
515,689,1
515,776,1
515,459,1
515,149,1
515,1870,1
515,486,1
515,44,1
515,229,1
515,11,1
515,8,1
515,4,1
515,1872,1
515,478,1
515,1469,1
515,652,1
515,437,1
515,89,1
515,1951,1
515,244,1
515,14,1
515,1230,1
516,124,1
516,1471,1
516,93,1
516,9,1
516,936,1
516,279,2
516,98,2
516,2067,1
516,616,1
516,1448,1
516,30,1
516,90,1
516,68,1
516,1121,1
516,3,1
516,569,1
516,567,1
516,1363,1
516,935,2
516,252,1
516,1208,1
516,561,1
516,1522,1
516,31,1
516,511,1
516,1366,1
516,2263,1
516,847,1
516,6,1
516,2417,1
517,99,1
517,1034,1
517,16,1
517,290,1
517,63,1
517,1420,1
517,1246,1
517,10,1
517,434,1
517,1582,2
517,2432,1
517,201,1
517,381,1
517,812,1
517,79,1
517,878,1
517,1735,1
517,1991,1
517,2407,1
517,775,1
518,2,1
518,189,2
518,77,1
518,0,2
518,723,1
518,1749,1
518,265,1
518,7,1
518,2100,1
518,198,1
518,1527,1
518,670,1
518,21,1
518,93,1
518,9,1
518,41,1
518,1868,1
518,1454,1
518,51,1
518,36,1
518,146,1
518,2318,1
518,638,1
518,200,1
518,2227,1
518,1307,1
518,47,1
518,482,1
518,3,1
519,106,1
519,163,1
519,249,1
519,918,1
519,168,1
519,12,1
519,263,1
519,62,1
519,1823,1
519,0,1
519,79,1
519,828,1
519,11,1
519,8,1
519,4,1
519,1202,1
519,17,1
519,655,1
519,1622,1
519,599,1
519,1742,1
519,1601,1
519,209,1
519,159,1
519,889,1
519,652,1
519,42,1
519,591,1
520,1526,2
520,254,1
520,904,1
520,928,1
520,183,1
520,234,1
520,1620,1
520,252,1
520,149,1
520,60,1
520,728,1
520,393,1
520,17,1
520,1202,1
521,1064,1
521,2209,1
521,76,1
521,217,1
521,1255,1
521,456,2
521,848,1
521,2055,1
521,1098,1
521,533,1
521,1619,1
521,1427,1
521,748,1
521,1823,1
521,11,1
521,8,1
521,1186,1
521,1938,1
521,1532,1
521,1334,1
521,1742,1
521,38,1
522,71,1
522,2225,1
522,77,1
522,20,1
522,158,1
522,1980,1
522,316,1
522,171,1
522,349,1
522,1713,1
522,99,1
522,661,1
522,111,1
522,252,2
522,792,1
522,538,1
522,118,1
522,133,1
522,2432,1
522,2429,1
522,2249,1
522,1036,1
522,114,1
522,1018,1
523,125,1
523,1975,1
523,95,1
523,668,1
523,6,1
523,211,1
523,31,1
523,715,1
523,258,1
523,272,1
523,130,1
523,28,1
523,635,1
523,1625,1
523,185,1
523,1201,1
523,494,1
523,785,1
523,1937,1
523,550,1
523,1440,1
523,11,1
523,8,1
523,1560,1
523,1700,1
523,510,1
524,668,1
524,1561,1
524,913,1
524,1,1
524,1674,1
524,631,1
524,1535,1
524,1758,1
524,359,1
524,1373,1
524,2255,1
524,1218,1
524,553,1
524,99,1
524,231,1
524,293,1
524,55,1
524,49,1
524,88,1
524,2358,1
525,513,3
525,1365,1
525,598,1
525,49,1
525,176,1
525,3,1
525,1871,1
525,294,1
525,181,1
525,178,1
525,188,2
525,226,1
525,1914,1
525,592,1
525,0,1
525,100,1
525,31,1
525,74,1
525,22,1
525,1810,1
525,1583,1
525,244,1
526,2,1
526,770,1
526,1,1
526,69,1
526,81,1
526,963,1
526,157,1
526,573,1
526,39,1
526,4,1
526,403,1
526,168,1
526,12,1
526,263,1
526,62,1
526,10,1
526,13,1
526,954,1
526,140,1
526,183,1
526,648,1
526,1409,1
526,153,1
526,174,1
526,1987,1
526,2432,1
526,1599,1
526,138,1
526,92,1
526,587,1
526,6,1
526,1448,1
526,2004,1
526,1304,1
527,11,1
527,8,1
527,143,1
527,60,1
527,398,1
527,1354,1
527,1102,1
527,1747,1
527,859,1
527,20,1
527,444,1
527,219,1
527,1,2
527,330,1
527,396,1
527,454,1
527,3,1
527,1049,1
527,664,1
527,158,1
527,164,1
527,1676,1
527,0,2
527,1095,1
527,349,1
527,2050,1
527,1519,1
527,343,1
527,860,1
527,133,1
528,2,1
528,385,1
528,454,1
528,3,1
528,355,1
528,255,1
528,1,1
528,488,1
528,477,1
528,0,4
528,16,1
528,1104,1
528,2219,1
528,654,1
528,11,1
528,8,1
528,51,1
528,815,1
528,2147,1
528,137,1
528,2133,1
528,17,1
528,216,2
528,102,2
528,316,3
528,1094,1
528,2276,1
528,14,1
528,1656,1
528,652,1
528,1526,1
528,273,1
528,126,1
528,7,1
528,489,1
529,2,1
529,540,1
529,1935,1
529,141,1
529,1042,2
529,16,1
529,0,2
529,279,1
529,98,1
529,2005,1
529,856,1
529,6,1
529,1668,1
529,887,1
529,227,1
529,1061,1
529,1509,1
529,1,1
529,961,1
529,1436,1
529,694,1
529,32,1
530,61,1
530,284,2
530,675,1
530,1011,2
530,389,2
530,1634,1
530,0,1
530,1,1
530,105,1
530,1507,1
530,1701,1
530,358,1
530,200,1
530,34,1
530,234,1
530,933,2
530,2,1
530,170,1
530,953,1
530,2448,1
531,621,1
531,278,1
531,12,1
531,1074,1
531,393,1
531,1214,2
531,1273,1
531,1929,1
531,76,1
531,1655,1
531,188,1
531,2357,1
531,2,1
531,462,1
531,104,1
531,793,1
531,1177,2
531,716,1
531,546,1
531,38,1
531,6,1
531,1150,1
531,219,1
532,83,1
532,16,1
532,2143,1
532,333,1
532,1168,1
532,1089,1
532,472,1
532,1332,1
532,1466,1
532,654,1
532,9,1
532,41,1
532,1397,1
532,2059,1
532,716,1
532,1416,1
532,807,1
532,338,2
532,1477,1
532,6,1
532,295,1
532,541,1
532,850,1
532,218,1
532,1092,1
532,15,1
532,618,1
533,0,2
533,2398,1
533,1086,1
533,832,1
533,745,1
533,868,1
533,1037,1
533,252,1
533,1229,1
533,632,1
533,1894,1
533,18,1
533,1074,1
533,2,1
533,462,1
533,104,1
533,2036,1
533,1839,1
533,402,1
533,299,1
533,43,1
533,585,1
533,697,1
533,172,1
533,1916,1
533,575,1
534,1945,1
534,466,1
534,486,1
534,1459,1
534,760,1
534,2,1
534,1328,1
534,565,1
534,2280,1
534,221,1
534,788,1
534,19,1
534,1313,1
534,395,1
534,660,1
534,2288,1
534,54,2
534,18,1
534,1647,1
534,794,1
534,251,1
534,254,1
534,825,1
534,439,1
534,1,1
534,372,1
534,310,1
534,508,1
535,182,1
535,1,2
535,91,1
535,85,1
535,2070,2
535,8,1
535,305,1
535,148,1
535,2301,1
535,1937,1
535,259,1
535,1875,1
535,706,1
535,372,1
535,310,1
535,432,1
535,763,1
536,83,1
536,585,1
536,94,1
536,744,1
536,499,1
536,1766,1
536,1705,1
536,1245,1
536,972,1
536,4,2
536,230,1
536,936,1
536,587,1
536,108,1
536,166,1
536,14,1
536,1354,1
536,0,1
536,900,1
536,151,1
536,507,1
536,501,1
536,99,1
536,1170,1
536,1081,1
536,6,1
536,1493,1
536,1934,1
537,200,1
537,1017,1
537,576,1
537,1412,3
537,1066,1
537,1720,1
537,2059,1
537,1791,1
537,1165,1
537,854,1
537,393,1
537,974,1
537,1858,1
537,997,1
537,5,1
537,607,1
537,348,1
537,1697,1
537,511,1
537,625,1
537,53,1
538,1443,1
538,76,1
538,48,1
538,23,2
538,741,1
538,2,1
538,438,1
538,1801,1
538,298,1
538,423,1
538,257,1
538,1068,1
538,2430,1
538,2237,1
538,1,1
538,253,1
538,53,1
538,293,1
538,55,1
538,3,1
538,329,1
538,251,1
538,908,1
539,2,1
539,189,1
539,77,1
539,21,1
539,3,1
539,2157,1
539,92,2
539,240,1
539,868,1
539,349,1
539,105,1
539,1213,1
539,712,1
539,597,1
539,108,1
539,4,1
539,2073,1
539,649,1
539,294,1
539,27,1
539,300,1
539,813,1
539,194,1
539,393,1
540,704,1
540,360,1
540,62,1
540,2427,1
540,1467,1
540,200,1
540,1025,1
540,1597,1
540,290,1
540,2,1
540,1126,1
540,2213,1
540,9,1
540,2045,1
540,1204,1
540,351,1
540,14,1
540,1007,1
541,755,2
541,589,1
541,1770,1
541,278,1
541,12,1
541,29,1
541,28,1
541,574,1
541,1207,2
541,1025,1
541,1758,1
541,40,1
541,122,1
541,1715,1
541,391,1
541,799,1
542,786,1
542,559,1
542,863,1
542,1903,1
542,2272,1
542,2057,1
542,1014,1
542,94,1
542,1896,1
542,149,1
542,1870,1
542,1354,1
542,1102,1
542,673,1
542,351,1
542,1679,1
542,70,1
542,341,1
542,113,1
542,885,1
542,558,1
542,1261,1
542,88,1
542,298,1
542,51,1
542,230,1
542,98,1
542,798,1
543,2,2
543,384,1
543,790,1
543,249,1
543,195,2
543,1457,4
543,798,4
543,36,1
543,438,1
543,94,1
543,2152,1
543,1990,1
543,1062,1
543,8,1
543,1519,2
543,1,1
543,205,2
543,257,2
543,1737,1
543,118,2
543,432,1
543,84,1
543,610,1
543,473,1
543,461,1
543,73,1
543,212,1
543,1524,1
543,5,1
543,1872,1
543,894,1
543,0,1
543,246,1
543,362,1
543,454,1
543,3,1
543,948,1
543,2410,1
543,104,1
543,662,1
544,1965,1
544,1732,1
544,95,1
544,312,1
544,788,2
544,19,2
544,1718,1
544,1,1
544,516,1
544,70,1
544,522,1
544,53,1
544,1534,1
544,1967,1
544,7,1
544,1251,1
544,17,1
544,2097,1
545,71,1
545,810,1
545,7,1
545,198,1
545,146,1
545,0,2
545,316,1
545,171,1
545,201,1
545,164,1
545,1484,1
545,1170,1
545,1784,1
545,711,1
545,185,1
545,1732,1
545,11,1
545,8,2
545,87,1
545,5,1
545,1381,1
545,108,2
545,4,2
545,90,1
545,68,1
545,202,1
545,409,1
545,27,1
545,853,1
545,40,1
545,22,1
545,1911,1
545,231,1
545,261,1
545,1,1
545,36,1
545,1737,1
545,1942,1
545,343,1
545,1408,1
545,789,1
545,58,1
545,132,1
545,1179,1
546,1178,1
546,379,1
546,1235,1
546,66,2
546,1296,2
546,662,1
546,567,1
546,1195,1
546,449,1
546,39,1
546,4,1
546,234,1
546,698,1
546,19,1
547,1747,2
547,2425,1
547,1705,1
547,1191,1
547,1661,1
547,23,1
547,495,1
547,146,1
547,43,1
547,505,1
547,131,1
547,16,1
547,246,1
547,118,1
547,1756,1
547,1338,1
547,2071,1
547,416,1
548,182,2
548,4,2
548,2245,1
548,138,1
548,1559,1
548,2414,1
548,1002,1
548,357,1
548,120,1
548,14,1
548,1157,1
548,2355,1
548,642,1
548,944,1
548,325,1
548,0,2
548,602,1
548,335,1
548,402,1
548,904,1
548,360,1
549,105,2
549,782,1
549,236,1
549,134,1
549,52,1
549,951,1
549,1168,1
549,1089,1
549,0,1
549,2275,1
549,1971,1
549,1508,1
549,1311,1
549,262,1
549,2428,1
549,1414,1
549,19,1
549,64,1
549,117,1
549,898,1
549,1596,1
549,114,1
549,1057,1
550,125,1
550,757,1
550,356,1
550,464,1
550,1839,3
550,2334,1
550,364,1
550,297,1
550,1232,1
550,491,1
550,359,1
550,1750,1
550,353,1
550,1083,2
550,2254,1
550,21,1
550,366,1
550,1773,1
550,534,1
550,883,1
550,161,1
550,526,1
550,5,1
550,151,1
550,964,1
550,2220,1
550,1972,1
550,17,1
550,74,1
550,22,1
550,11,1
550,268,1
550,666,1
550,644,1
551,22,1
551,775,1
551,1106,1
551,926,3
551,1521,2
551,44,1
551,2295,1
551,251,1
551,365,1
551,520,1
551,1,2
551,682,1
551,243,1
551,2442,1
551,321,1
551,207,1
551,2151,1
551,12,1
551,1227,1
551,756,1
551,2334,2
551,1989,1
551,187,1
551,217,1
551,150,1
551,256,1
551,1648,1
551,1450,1
551,1556,1
551,548,1
551,834,1
551,162,1
551,814,1
551,1551,1
551,1833,1
551,2065,1
551,1696,1
551,1760,1
551,1396,1
551,86,1
551,1811,1
551,1839,1
551,720,1
551,894,1
551,806,1
551,586,1
552,2,1
552,1729,1
552,423,1
552,304,1
552,0,4
552,2089,1
552,533,1
552,132,1
552,812,1
552,537,1
552,19,1
552,64,1
552,117,1
552,421,1
552,745,2
552,76,1
552,1232,2
552,1358,2
552,172,1
552,510,1
552,1148,1
552,1567,2
552,1667,1
552,3,1
552,191,1
552,1628,1
552,277,1
552,1701,1
552,358,1
552,336,1
553,135,1
553,160,1
553,249,1
553,122,1
553,60,1
553,1085,1
553,1291,1
553,2060,1
553,4,1
553,1973,1
553,474,1
553,566,1
553,1979,1
553,10,1
553,13,1
553,221,1
553,451,1
553,107,1
553,397,1
553,486,1
553,43,1
553,1414,1
554,139,2
554,50,1
554,1422,1
554,2445,1
554,267,1
554,1268,2
554,86,1
554,821,1
554,2442,1
554,2062,1
554,1111,1
555,186,1
555,2226,1
555,1,2
555,689,1
555,534,1
555,1803,1
555,56,1
555,598,1
555,4,1
555,989,1
555,32,1
555,1054,1
555,24,1
555,2,1
555,173,1
555,125,1
555,854,1
555,261,1
555,268,1
555,75,1
555,1728,1
555,1838,1
555,1521,1
555,44,1
555,74,1
555,22,1
555,883,1
555,12,1
555,236,1
555,134,2
555,72,1
555,1145,1
555,1725,1
555,2390,1
555,67,1
555,393,1
555,58,1
555,0,2
555,353,1
555,969,1
555,2082,1
556,1268,2
556,0,3
556,57,1
556,78,1
556,21,2
556,1481,1
556,7,1
556,239,2
556,523,2
556,24,1
556,2,1
556,173,1
556,107,1
556,28,1
556,553,1
556,2441,1
556,353,2
556,331,1
556,2406,1
556,1632,1
556,3,2
556,405,1
556,393,1
556,242,1
556,1339,1
556,1209,1
556,493,1
556,56,1
556,1080,1
556,591,1
556,551,1
556,191,1
556,1628,1
556,282,1
556,30,1
556,5,1
556,212,1
556,1525,1
556,117,1
556,1741,1
556,901,1
556,366,1
556,1608,1
556,1456,1
556,1048,1
556,1522,1
556,1999,1
556,2080,1
557,519,2
557,351,1
557,1199,1
557,131,3
557,313,1
557,398,1
557,66,1
557,227,2
557,2455,1
557,3,1
557,692,1
557,215,1
557,34,1
557,1,3
557,61,1
557,165,1
557,292,1
557,559,1
557,412,1
557,808,2
557,1618,1
557,184,1
557,186,1
557,2227,1
557,488,1
557,477,1
557,0,1
557,2339,1
557,24,1
557,19,1
557,900,1
557,28,1
557,1805,1
558,1845,1
558,1541,1
558,262,2
558,2136,1
558,269,1
558,373,1
558,67,1
558,0,2
558,1054,1
558,2374,1
558,474,1
558,1591,1
558,19,3
558,64,2
558,2065,1
558,1555,1
558,377,1
558,536,1
558,2154,1
558,345,1
558,1,1
558,400,1
558,14,1
558,15,1
558,194,1
558,432,1
558,2356,1
558,2371,1
558,42,1
558,242,1
558,1398,1
558,239,1
558,119,1
558,1277,2
558,21,2
558,2254,1
558,615,1
558,264,3
558,1059,1
558,176,1
558,73,1
558,148,1
558,179,1
558,364,1
558,46,1
558,394,1
558,117,1
558,47,1
558,906,1
558,336,1
558,6,2
558,735,1
558,28,1
558,350,1
558,381,1
558,22,1
558,1796,1
558,1786,1
558,941,1
558,1405,1
559,1554,1
559,133,1
559,28,1
559,1208,1
559,273,1
559,1710,1
559,194,2
559,1077,1
559,351,1
559,5,1
559,100,2
559,1004,1
559,0,2
559,960,1
559,1949,1
559,125,1
559,459,1
559,60,1
559,1204,1
559,465,1
559,1207,1
559,87,1
559,393,1
559,17,1
559,147,1
559,136,1
559,496,1
559,50,1
559,621,1
559,769,1
559,773,1
560,24,2
560,2,2
560,173,2
560,359,2
560,1750,1
560,353,2
560,37,1
560,0,6
560,969,3
560,283,1
560,2208,1
560,1143,1
560,75,2
560,945,1
560,1521,1
560,44,1
560,691,1
560,1833,1
560,1860,1
560,1728,1
560,1838,1
560,618,1
560,2254,1
560,675,1
560,4,1
560,775,1
560,2387,3
560,202,1
560,115,1
560,2106,2
560,159,1
560,958,1
560,1267,1
560,2283,1
560,1,1
560,548,1
560,834,1
560,294,1
560,42,1
560,45,1
560,303,1
560,615,1
560,176,1
560,3,1
560,56,1
561,2,1
561,540,1
561,1828,1
561,1547,1
561,46,1
561,327,1
561,1258,1
561,50,1
561,2160,1
561,470,3
561,493,1
561,2381,1
561,244,1
561,100,1
561,2122,1
561,1096,1
561,237,1
561,345,2
561,5,2
561,1352,1
561,26,1
561,14,1
561,579,1
561,0,2
561,191,1
561,709,1
561,2167,1
561,235,1
561,292,1
561,387,1
561,29,1
561,7,1
561,75,1
561,2024,1
562,1167,1
562,1016,1
562,2,1
562,1739,1
562,643,1
562,238,3
562,799,2
562,1425,2
562,278,1
562,12,1
562,2188,1
562,17,1
562,100,1
562,1201,2
562,1453,1
562,2080,1
562,244,1
562,2207,1
562,19,1
562,755,1
562,783,1
562,1481,1
562,0,1
562,956,1
562,745,1
562,18,1
562,2168,1
562,104,1
562,294,1
562,192,1
562,1305,1
562,34,1
562,67,1
563,1551,1
563,209,1
563,50,1
563,575,1
563,5,1
563,734,1
563,716,1
563,0,1
563,569,1
563,1776,1
563,18,1
563,2450,1
563,1326,1
563,1456,1
563,186,1
563,782,1
563,253,1
563,1207,1
563,2377,1
563,121,1
563,1650,1
563,367,1
564,222,1
564,1487,1
564,329,1
564,19,1
564,305,1
564,2212,1
564,5,1
564,1937,1
564,651,2
564,563,1
564,1769,1
564,2135,1
564,421,1
564,1835,1
564,0,3
564,79,2
564,90,1
564,68,1
564,155,1
564,3,1
564,119,1
564,38,1
564,1,1
564,130,1
564,28,1
565,262,1
565,482,1
565,308,2
565,106,1
565,2008,1
565,831,1
565,9,1
565,41,1
565,956,1
565,797,1
565,1440,1
565,258,1
565,272,1
565,130,1
565,28,1
565,31,1
565,6,1
565,1406,1
565,1554,1
565,1715,1
565,1885,1
565,1280,1
566,897,2
566,1021,1
566,452,1
566,1450,3
566,713,1
566,17,1
566,1017,1
566,601,1
566,1,1
566,488,1
566,477,1
566,1417,1
566,1728,1
566,1838,2
566,1710,1
566,1196,1
566,2409,1
566,1324,1
566,565,1
566,941,1
566,1143,2
566,854,1
566,0,5
566,2418,1
566,1371,1
566,759,1
566,21,1
566,1040,1
566,2195,1
566,700,1
566,1232,1
566,778,1
566,969,1
566,3,1
566,1237,1
566,9,1
566,194,1
566,379,1
566,1930,1
566,12,1
566,718,1
566,1003,1
567,786,1
567,559,1
567,34,1
567,2099,1
567,17,1
567,2239,1
567,139,1
567,631,1
567,6,1
567,900,1
567,120,1
567,1604,1
567,159,1
567,205,1
567,46,2
567,1391,1
567,312,1
567,218,1
567,844,1
567,401,1
567,1385,1
567,756,1
567,1392,1
567,122,1
567,0,1
567,1500,1
567,336,1
567,912,1
567,265,1
567,429,1
568,1886,1
568,1828,3
568,9,2
568,1571,2
568,181,2
568,178,2
568,182,1
568,421,1
568,242,1
568,1,1
568,1116,1
568,108,1
568,30,1
568,443,1
568,2427,1
568,51,1
568,395,1
568,4,1
568,0,1
568,387,1
568,237,2
568,1238,1
568,586,1
568,46,1
568,2,1
568,379,1
568,1219,1
568,768,1
569,2,1
569,189,1
569,16,1
569,1808,1
569,873,1
569,1553,1
569,1323,1
569,1545,1
569,15,1
569,120,1
569,1,2
569,1505,1
569,1828,1
569,253,1
569,166,1
569,236,1
569,134,1
569,0,3
569,405,1
569,1019,1
569,2020,1
569,430,1
569,3,1
569,66,2
569,2089,1
569,1667,1
569,165,1
569,535,1
569,395,1
569,327,1
569,2024,1
569,973,1
569,1971,1
570,257,2
570,12,2
570,596,2
570,2060,1
570,294,1
570,27,1
570,436,1
570,797,1
570,32,1
570,337,2
570,344,2
570,376,2
570,1333,1
570,9,1
570,95,1
570,73,1
570,1151,1
570,24,1
570,2,1
570,173,1
570,11,1
570,1,2
570,488,1
570,477,1
570,1034,1
570,2192,1
570,3,1
570,191,1
570,1628,1
570,1191,1
570,975,2
570,46,2
570,252,2
570,1807,1
570,704,1
570,701,1
570,2124,1
570,61,1
570,215,1
570,18,1
570,1453,1
570,1388,1
570,2384,1
571,552,1
571,1895,1
571,1434,1
571,1219,1
571,377,1
571,227,1
571,1243,1
571,4,1
571,130,1
571,28,1
571,536,1
571,2349,1
571,0,3
571,1481,1
571,1356,1
571,39,1
571,143,1
571,1431,1
571,1070,1
571,443,1
571,974,1
571,105,3
571,77,3
571,276,2
571,36,1
571,5,2
571,319,1
571,2401,1
571,147,2
571,136,2
571,2019,2
571,1840,1
571,2044,2
571,150,1
571,478,1
571,938,1
571,951,1
571,6,1
571,1499,1
571,157,1
571,573,1
571,769,1
572,2,1
572,110,1
572,1885,3
572,21,1
572,267,1
572,885,1
572,19,1
572,64,1
572,117,1
572,1133,1
572,1359,1
572,89,1
572,4,1
572,1865,1
572,2027,1
572,767,1
572,768,1
572,761,1
572,392,1
572,413,1
572,1,1
572,841,1
572,1110,1
572,27,1
572,2244,1
572,986,1
572,338,1
572,53,1
572,179,1
572,1915,1
572,399,1
572,889,1
572,172,1
572,1393,1
572,526,1
572,5,1
572,0,1
573,112,1
573,1795,1
573,425,1
573,487,1
573,1641,1
573,297,1
573,113,1
573,885,1
573,976,1
573,927,1
573,1864,1
573,707,1
573,49,2
573,11,1
573,268,1
573,301,1
573,807,2
573,12,1
573,263,1
573,62,1
573,408,1
573,994,1
573,1364,1
573,1106,1
573,679,1
573,948,1
573,2229,1
573,1379,1
573,0,1
573,1167,1
573,1327,1
573,86,1
573,91,1
573,85,1
573,14,1
574,897,1
574,0,1
574,5,1
574,843,1
574,368,1
574,601,1
574,1040,1
574,2270,1
574,1436,1
575,450,1
575,1,4
575,367,1
575,139,1
575,1877,1
575,12,2
575,57,1
575,78,1
575,231,1
575,369,1
575,0,1
575,36,3
575,678,1
575,6,1
575,882,1
575,1021,1
575,278,1
575,716,1
575,1237,1
575,9,1
575,56,2
575,1523,1
575,17,1
575,153,1
575,174,1
575,75,1
575,1014,1
575,2365,1
575,1768,1
575,19,1
575,64,1
575,301,1
575,105,1
575,1238,1
575,263,1
575,62,1
575,644,1
575,1702,1
575,2126,1
575,47,1
575,1834,1
575,1148,1
575,50,1
575,404,1
575,2313,1
576,124,1
576,16,1
576,262,1
576,1426,1
576,2420,1
576,87,1
576,1160,1
576,2253,1
576,1147,1
576,1728,1
576,2375,1
576,1930,1
576,1,5
576,1552,1
576,1153,1
576,1316,1
576,6,1
576,782,2
576,11,1
576,8,1
576,116,1
576,75,1
576,157,1
577,1,4
577,819,1
577,709,1
577,194,1
577,565,1
577,4,4
577,197,1
577,747,1
577,6,3
577,317,1
577,1128,1
577,886,1
577,3,3
577,791,1
577,164,2
577,120,1
577,213,1
577,392,1
577,28,2
577,537,3
577,2162,1
577,14,1
577,79,3
577,1565,1
577,517,1
577,113,1
577,399,1
577,1287,1
577,1591,1
577,1704,1
577,1673,1
577,328,2
577,5,2
577,32,3
577,468,1
577,845,2
577,129,7
577,260,1
577,605,1
577,44,3
577,1657,1
577,412,1
577,0,2
577,352,1
577,889,1
577,208,1
577,74,2
577,22,2
577,307,1
577,218,1
577,2445,1
577,30,1
577,2258,1
577,2423,1
577,2393,2
577,2154,2
577,345,3
577,693,2
577,201,1
577,735,1
577,24,1
577,2,1
577,173,1
577,11,2
577,8,2
577,240,1
577,1932,1
577,1007,1
577,1154,1
577,242,1
577,548,1
577,834,1
577,133,1
577,677,1
577,39,1
577,318,1
577,115,1
577,1853,1
577,796,1
577,404,2
577,1414,1
577,2023,1
577,584,1
577,2168,1
577,253,1
577,88,1
578,1523,1
578,2008,1
578,1146,1
578,95,1
578,12,2
578,2,1
578,1125,1
578,9,1
578,1,1
578,488,1
578,477,1
578,0,1
578,19,1
578,64,1
578,117,1
578,4,1
578,247,1
578,1178,1
578,75,1
578,1602,1
578,180,1
578,211,1
578,564,1
578,1930,1
578,61,1
579,2,1
579,540,1
579,1935,1
579,105,1
579,77,1
579,507,1
579,1,1
579,572,1
579,66,1
579,44,2
579,2094,1
579,6,1
579,1720,1
579,508,1
579,165,2
579,0,5
579,147,1
579,136,1
579,399,1
579,1085,1
579,106,1
579,94,1
579,1180,1
579,159,1
579,796,1
579,8,2
579,27,1
579,1132,1
579,1969,1
579,327,1
579,2400,1
579,259,1
579,1875,1
579,123,1
579,331,1
579,2130,1
579,4,1
579,100,1
579,22,1
579,1026,1
579,1601,1
579,209,1
579,448,1
579,32,1
579,328,1
579,491,1
579,88,1
579,1021,1
579,295,1
579,541,1
580,40,1
580,96,1
580,1084,1
580,554,1
580,1235,1
580,1887,1
580,864,1
580,881,1
580,1324,1
580,1597,1
580,1400,1
580,0,1
580,1155,1
580,1,1
580,443,1
580,2154,1
580,345,1
580,693,1
581,336,2
581,406,1
581,86,1
581,1052,1
581,784,1
581,126,1
581,1140,1
581,704,1
581,375,1
581,7,1
581,1,5
581,2068,1
581,20,1
581,147,1
581,136,1
581,2,1
581,385,1
581,2003,1
581,950,1
581,472,1
581,96,1
581,353,1
581,151,1
581,1989,1
581,187,4
581,2139,3
581,282,1
581,757,1
581,342,2
581,180,2
581,488,1
581,477,1
581,1522,1
581,317,1
581,995,1
581,152,2
581,251,1
581,394,1
581,409,1
581,27,1
581,1358,2
581,45,1
581,478,2
581,698,2
581,0,6
581,192,1
581,1540,1
581,551,2
581,706,1
581,239,1
581,523,1
581,2120,1
581,709,1
581,243,1
581,74,2
581,22,2
581,1681,1
581,1751,1
581,2374,1
581,2455,1
581,36,1
581,1124,1
581,2195,1
581,1160,2
581,21,1
581,683,1
581,2083,1
581,779,1
581,3,1
581,562,1
581,64,1
581,655,1
581,1003,1
581,17,1
581,1854,1
581,2220,1
581,1006,1
581,5,1
581,12,1
581,263,1
581,62,1
581,644,1
581,1845,1
581,139,1
581,2421,1
581,208,1
582,519,1
582,295,1
582,541,1
582,1,1
582,239,1
582,9,1
582,377,1
582,83,1
582,94,1
582,1971,1
582,207,1
582,41,1
582,61,1
582,589,1
582,786,1
582,559,1
582,4,1
582,130,1
582,28,1
582,2207,1
582,1151,1
583,14,1
583,29,1
583,543,1
583,381,1
583,21,1
583,200,1
583,152,1
583,18,1
583,2176,1
583,1396,1
583,1,1
583,488,1
583,477,1
583,1928,1
583,892,1
583,4,1
583,517,1
583,113,1
583,771,1
583,1745,1
583,0,1
583,1496,1
583,806,1
583,5,1
583,387,1
584,50,1
584,6,2
584,316,1
584,171,1
584,521,1
584,269,1
584,2313,2
584,1518,1
584,132,1
584,1392,1
584,297,1
584,1663,1
584,1390,1
584,21,2
584,3,1
584,1234,1
584,122,1
584,270,1
584,234,1
584,1114,1
584,75,1
584,34,1
584,377,1
584,601,1
584,1391,1
584,2227,1
584,479,1
584,218,1
584,239,1
584,1012,1
584,497,1
584,2014,1
584,47,1
584,470,1
584,880,1
584,22,1
584,24,1
585,16,1
585,675,1
585,937,1
585,976,1
585,638,1
585,1038,1
585,3,3
585,2096,1
585,2382,1
585,555,1
585,336,1
585,364,2
585,809,3
585,21,2
585,2145,1
585,2401,1
585,1767,1
585,1311,1
585,262,1
585,63,1
585,433,1
585,48,1
585,23,1
585,1117,1
585,199,1
585,1411,1
585,2359,1
585,395,1
585,4,2
585,1500,1
585,26,1
585,1175,1
585,56,1
585,698,1
585,0,1
585,682,1
585,1182,1
585,35,1
585,227,1
585,150,1
585,848,1
586,50,1
586,1438,1
586,754,1
586,2231,1
586,1,4
586,548,1
586,2367,1
586,1030,1
586,2157,1
586,2305,1
586,740,1
586,979,1
586,11,1
586,1962,1
586,284,1
586,721,1
586,404,2
586,37,3
586,291,2
586,853,1
586,956,1
586,537,1
586,421,1
586,84,1
586,0,1
586,1274,1
586,845,1
586,440,1
586,244,1
586,444,1
586,1108,1
586,70,1
586,101,1
586,1463,1
586,356,1
586,464,1
586,701,1
587,236,1
587,134,1
587,188,1
587,60,1
587,398,1
587,902,2
587,2066,1
587,70,1
587,405,1
587,941,1
587,922,1
587,20,1
587,2105,1
587,1442,1
587,710,1
587,18,1
587,1651,1
587,76,1
587,1488,1
587,1165,1
587,19,1
587,64,1
587,117,1
587,4,1
587,12,1
587,262,1
587,28,1
587,275,1
588,2,1
588,888,1
588,16,1
588,0,2
588,1154,1
588,590,1
588,14,3
588,53,1
588,634,1
588,1626,1
588,1659,1
588,1004,1
588,6,2
588,317,1
588,574,1
588,296,1
588,303,1
588,34,1
588,67,1
588,393,1
588,15,1
588,1928,1
588,301,1
588,1855,1
588,1082,1
588,1667,1
588,1681,1
588,1751,1
588,315,1
588,37,1
588,382,1
589,43,2
589,2,1
589,678,1
589,44,1
589,1805,1
589,7,4
589,353,3
589,473,1
589,621,1
589,1380,1
589,91,2
589,85,2
589,2029,2
589,86,1
589,782,1
589,211,2
589,52,1
589,1602,1
589,0,3
589,964,1
589,1609,1
589,181,1
589,178,1
589,5,1
589,843,1
589,312,2
589,251,1
589,1775,1
589,1618,1
589,184,1
589,3,1
589,1943,1
589,6,1
589,442,1
589,366,1
589,243,1
589,336,1
589,36,1
589,1124,1
589,28,1
589,2065,2
589,2418,1
589,1371,1
589,756,1
589,912,1
589,2222,1
589,1268,1
589,2255,1
589,1413,2
590,141,1
590,0,1
590,1667,2
590,1538,1
590,1014,1
590,16,1
590,399,1
590,2346,1
590,891,1
590,2044,1
590,660,1
590,2285,1
590,1535,1
590,824,1
590,400,2
590,2104,2
590,191,1
590,2276,1
590,14,1
590,382,2
590,467,2
590,312,2
590,522,1
590,4,1
590,1494,1
590,1002,1
590,1605,1
590,1392,1
590,1,1
590,239,1
590,523,1
590,572,1
590,2434,2
590,9,2
590,429,1
590,7,1
590,166,1
590,19,2
590,244,1
590,117,1
590,143,1
590,378,1
590,435,1
590,499,1
590,397,1
590,15,1
590,77,1
590,21,1
590,3,1
591,2,2
591,1126,1
591,75,2
591,278,1
591,12,3
591,3,1
591,2151,1
591,1425,1
591,34,1
591,391,2
591,670,1
591,21,1
591,212,1
591,1524,1
591,1513,1
591,421,1
591,84,1
591,1342,1
591,693,1
591,917,1
591,772,2
591,0,3
591,1488,1
591,968,2
591,29,1
591,5,1
591,735,1
591,1,2
591,547,1
591,1033,1
591,356,1
591,1343,1
591,2422,1
591,412,1
591,1933,1
591,166,1
591,1249,1
591,1552,1
591,1860,1
591,1920,1
591,361,1
591,1998,2
591,2349,1
591,157,2
591,677,1
591,1109,1
591,11,1
591,8,1
591,4,1
591,2285,1
591,1368,1
591,1522,1
591,304,1
591,231,1
591,186,1
591,53,1
591,634,1
591,43,1
591,559,1
591,959,1
591,59,1
591,1267,2
592,649,1
592,1895,1
592,147,1
592,136,2
592,1458,1
592,2378,1
592,315,1
592,2323,1
592,1342,1
592,59,1
592,478,1
592,20,1
592,5,2
592,36,1
592,467,1
592,312,1
592,1710,1
592,1591,1
592,217,1
592,458,1
592,949,1
592,1168,1
592,1089,1
592,0,1
592,313,1
592,204,1
592,239,1
592,523,1
592,652,1
592,590,1
593,15,3
593,16,1
593,1805,1
593,131,1
593,561,5
593,2152,1
593,1990,3
593,1589,1
593,0,3
593,1798,2
593,810,1
593,2,1
593,462,1
593,1220,1
593,301,1
593,1755,2
593,12,1
593,2196,1
593,866,1
593,5,2
593,470,1
593,52,4
593,1168,1
593,1089,1
593,1496,1
593,1134,1
593,121,1
593,1896,1
593,192,1
593,1727,1
593,773,2
593,1438,1
593,45,1
593,188,2
593,66,1
593,670,2
593,21,2
593,1272,1
593,165,1
593,353,1
593,113,1
593,1459,1
593,624,1
593,1554,3
593,224,4
593,625,1
593,2207,2
593,202,1
593,1058,1
593,18,1
593,1614,1
593,60,1
593,320,2
593,1187,1
593,9,2
593,1253,1
593,745,1
593,17,1
593,1711,1
593,235,1
593,194,1
593,1,1
593,36,1
593,173,1
593,11,1
593,8,1
593,4,2
593,1084,1
593,392,1
593,14,1
593,64,1
593,152,1
593,543,1
593,623,1
593,27,1
593,213,1
593,599,1
593,733,1
593,41,1
593,227,1
593,42,1
593,1620,1
593,397,1
594,307,2
594,213,1
594,1066,1
594,1720,1
594,0,3
594,308,1
594,1034,1
594,5,1
594,171,1
594,2417,1
594,20,1
594,2406,1
594,1632,1
594,1890,1
594,275,1
594,16,1
594,797,1
594,872,1
594,1104,1
594,2081,1
594,231,1
594,2302,1
594,1,2
594,1789,1
594,119,1
594,1077,1
594,1982,1
594,946,1
594,1659,1
594,1004,1
594,6,1
594,1333,1
594,1071,1
595,2,2
595,540,1
595,1994,2
595,1259,1
595,2334,1
595,564,1
595,19,1
595,1443,1
595,1982,1
595,1296,1
595,1467,1
595,24,1
595,173,1
595,11,2
595,780,1
595,404,1
595,410,1
595,1660,1
595,185,1
595,696,1
595,433,1
595,3,1
595,605,1
595,210,1
595,440,1
595,284,1
595,460,1
595,1073,1
595,8,1
595,305,1
595,971,1
595,12,1
595,2302,1
595,47,1
596,40,1
596,96,1
596,1458,2
596,528,1
596,1438,1
596,754,1
596,187,3
596,2453,1
596,1535,1
596,1120,2
596,10,1
596,13,1
596,1291,1
596,932,1
596,1755,1
596,1377,1
596,19,1
596,2232,1
596,644,1
596,5,2
596,29,2
596,419,1
596,1,2
596,2328,1
596,665,1
596,7,1
596,444,1
596,4,1
596,900,1
596,151,1
596,72,1
596,108,1
596,588,1
596,196,1
596,868,1
596,1037,1
597,2,1
597,806,1
597,1739,1
597,151,1
597,366,2
597,1413,1
597,0,4
597,19,1
597,64,2
597,117,1
597,4,1
597,2116,2
597,1714,1
597,901,1
597,1608,1
597,1190,1
597,119,1
597,152,2
597,251,2
597,1521,1
597,44,3
597,691,1
597,1833,1
597,1873,1
597,22,1
597,1,1
597,1358,1
597,208,1
597,148,1
597,1976,1
597,332,1
597,1265,1
597,710,1
597,7,1
597,34,1
597,1539,1
597,21,1
597,3,1
597,2254,1
597,76,1
597,1427,1
598,24,1
598,2,1
598,173,1
598,125,1
598,1216,1
598,1590,1
598,1484,1
598,626,1
598,20,1
598,404,1
598,197,1
598,1,2
598,0,1
598,240,1
598,259,1
598,75,1
598,261,1
598,8,2
598,294,2
598,846,2
598,959,1
598,45,1
598,933,1
598,148,1
598,1138,1
598,550,1
598,1814,1
598,70,1
598,945,1
598,1201,1
599,953,3
599,589,1
599,455,1
599,764,1
599,1693,1
599,2278,1
599,1181,1
599,1192,1
599,242,1
599,209,2
599,1662,2
599,414,4
599,0,2
599,461,1
599,542,2
599,2441,1
599,103,1
599,27,1
599,67,1
599,2268,1
599,643,1
599,775,1
599,59,1
600,213,1
600,1016,1
600,149,1
600,1850,1
600,874,1
600,560,1
600,75,1
600,2024,1
600,1772,1
600,2150,1
600,1571,1
600,0,1
600,19,1
600,64,1
600,117,1
600,577,1
600,31,1
600,2380,1
600,1,1
600,1356,1
601,802,1
601,2031,1
601,60,1
601,1828,3
601,654,1
601,84,1
601,579,1
601,14,1
601,389,1
601,1,1
601,205,1
601,46,1
601,0,4
601,1151,1
601,443,1
601,446,1
601,1365,1
601,299,1
601,260,1
601,237,3
601,864,3
601,39,1
601,577,1
601,1016,1
601,168,1
601,608,1
601,1917,1
601,869,1
602,19,4
602,64,2
602,117,2
602,73,2
602,959,2
602,75,2
602,1836,1
602,115,1
602,74,2
602,22,2
602,537,1
602,514,1
602,9,1
602,328,1
602,5,1
602,339,1
602,1710,1
602,2034,1
602,162,1
602,44,1
602,1235,1
603,36,1
603,170,1
603,1659,1
603,1004,1
603,139,1
603,45,1
603,926,1
603,382,1
603,1489,2
603,2208,3
603,44,2
603,899,2
603,2125,1
603,571,1
603,273,1
603,375,1
603,938,1
603,225,1
603,199,1
603,1575,1
603,25,1
603,1,1
603,206,1
603,363,1
603,5,1
603,0,1
603,6,1
603,2095,1
603,596,1
603,257,1
603,1553,1
604,45,1
604,1898,1
604,715,1
604,1570,1
604,1817,1
604,1571,1
604,856,1
604,21,1
604,679,1
604,275,1
604,168,1
604,1,2
604,685,1
604,543,1
604,1092,1
604,75,1
604,2024,1
604,1772,1
604,1473,1
604,237,1
604,1841,1
604,224,1
604,12,1
604,1921,1
604,1017,1
604,30,3
604,1854,1
604,443,1
604,212,1
604,1356,1
604,1969,1
604,405,1
604,1019,1
604,2258,1
604,491,1
604,683,1
604,145,1
604,29,1
604,2364,1
604,609,1
604,528,1
604,166,1
604,1291,1
604,584,1
604,100,1
604,1147,1
604,318,1
604,1838,1
604,523,1
604,1805,1
605,514,1
605,1664,1
605,1441,1
605,0,3
605,93,1
605,1911,1
605,43,1
605,379,1
605,2294,1
605,72,1
605,742,1
605,1977,1
605,91,2
605,85,2
605,52,1
605,551,1
605,1,7
605,139,3
605,7,2
605,899,2
605,1040,1
605,1154,1
605,556,1
605,75,1
605,882,1
605,512,1
605,5,2
605,548,1
605,834,1
605,371,1
605,1302,1
605,460,1
605,2265,1
605,866,1
605,662,1
605,19,1
605,2288,1
605,29,1
605,46,2
605,565,1
605,2419,1
605,2144,1
605,18,1
605,6,2
605,2192,1
605,312,2
605,2011,1
605,1227,1
605,902,1
605,265,1
605,585,1
605,114,1
605,855,1
605,309,1
605,122,1
605,2316,1
605,758,1
605,2062,1
606,16,1
606,912,1
606,2222,1
606,867,1
606,1188,1
606,453,1
606,20,1
606,409,1
606,27,1
606,378,2
606,212,1
606,1006,1
606,1181,1
606,136,1
606,43,1
606,660,1
606,1602,1
606,524,1
606,176,1
606,3,1
606,302,1
606,6,1
606,533,1
606,1203,2
606,1300,1
607,2,1
607,170,1
607,949,1
607,1739,1
607,467,2
607,312,2
607,7,1
607,147,2
607,136,2
607,865,1
607,36,2
607,385,1
607,810,1
607,146,1
607,198,1
607,1284,1
607,1984,2
607,2211,1
607,59,1
607,1651,1
607,773,1
607,453,1
607,24,2
607,212,1
607,1665,1
607,1299,2
607,1531,1
607,1936,1
607,572,1
607,845,1
607,660,1
607,84,1
607,1351,1
607,42,1
607,658,1
608,147,1
608,1311,2
608,262,2
608,136,1
608,2310,1
608,1481,1
608,34,1
608,181,1
608,178,1
608,1745,1
608,1686,1
608,1003,1
608,77,1
608,321,1
608,207,1
608,1283,1
608,2255,1
608,0,1
608,471,1
608,1483,1
608,1911,1
608,72,1
608,148,1
608,952,1
608,712,1
608,1392,1
609,154,1
609,223,1
609,1982,1
609,276,1
609,238,2
609,799,2
609,125,1
609,28,1
609,478,2
609,846,1
609,194,2
609,345,1
609,979,1
609,45,1
609,373,1
609,1624,1
609,11,1
609,8,1
609,421,1
609,1198,1
609,192,1
609,1031,1
609,621,1
609,157,1
609,39,1
609,1849,1
609,2445,1
609,237,2
609,119,1
609,248,1
609,506,1
609,1007,1
609,496,1
609,394,1
609,161,1
609,88,1
609,521,1
609,49,1
609,779,1
610,623,2
610,1886,1
610,917,1
610,0,1
610,1153,1
610,1577,1
610,636,1
610,382,1
610,34,1
610,192,1
610,128,1
611,2,1
611,170,1
611,819,1
611,1188,2
611,1905,2
611,375,1
611,825,1
611,1068,1
611,1554,1
611,660,1
611,46,1
611,1058,1
611,784,1
611,126,1
611,300,1
611,1,3
611,296,1
611,597,2
611,1169,1
611,665,1
611,113,1
611,1026,2
611,321,1
611,207,1
611,242,1
611,1392,1
611,335,1
611,1538,2
611,524,1
611,5,1
611,56,1
611,265,1
611,7,1
611,100,2
611,1083,1
611,1334,1
611,6,1
611,216,1
611,102,1
611,1959,1
611,65,1
611,35,1
611,822,1
611,25,1
611,445,1
611,1171,1
611,0,1
611,1498,1
611,3,1
611,2073,1
611,1943,1
611,1037,1
611,429,1
612,36,1
612,0,7
612,1316,8
612,1103,1
612,1153,5
612,630,1
612,1417,1
612,299,2
612,1997,1
612,1521,1
612,28,2
612,44,2
612,172,1
612,3,1
612,9,1
612,41,1
612,233,1
612,1430,1
612,6,2
612,298,1
612,478,2
612,375,1
612,1906,1
612,2154,2
612,1719,1
612,272,1
612,1,1
612,402,1
612,1189,1
612,979,1
612,387,1
612,227,1
612,18,1
612,823,1
612,938,1
612,304,1
612,470,1
612,634,1
612,47,1
612,30,1
612,1406,1
612,884,1
612,338,1
612,70,1
613,1207,1
613,227,1
613,1424,1
613,1397,1
613,211,1
613,0,1
613,482,1
613,395,1
613,1332,2
613,5,2
613,402,2
613,299,2
613,2,1
613,189,1
613,435,1
613,4,1
613,840,1
614,112,1
614,1417,2
614,3,1
614,721,1
614,1329,1
614,525,2
614,1096,1
614,0,2
614,1871,1
614,34,1
614,233,1
614,20,1
614,836,1
614,2315,1
614,119,1
614,84,1
614,403,1
614,591,1
614,154,1
614,141,1
614,157,1
614,2377,1
614,121,2
614,1207,1
614,57,1
614,78,1
614,823,1
614,2342,1
614,33,1
614,2165,1
614,1409,1
614,1234,1
614,122,1
614,2032,1
614,830,1
614,881,1
614,542,1
614,201,1
614,409,1
614,192,1
614,1540,1
615,2,1
615,384,1
615,75,2
615,590,1
615,2453,1
615,1016,1
615,7,1
615,239,1
615,523,1
615,1291,1
615,1642,2
615,1714,1
615,649,1
615,2235,1
615,31,2
615,309,3
615,1,1
615,89,1
615,4,1
615,59,1
615,0,2
615,198,1
615,33,1
615,159,1
615,29,1
615,28,1
615,283,1
615,404,1
615,60,1
615,1732,1
615,536,1
615,289,1
615,1352,1
615,709,1
615,1417,1
616,348,3
616,0,4
616,465,1
616,2011,1
616,1265,1
616,710,1
616,18,1
616,867,1
616,2182,1
616,1614,1
616,1,2
616,168,1
616,22,2
616,1756,1
616,37,1
616,2098,1
616,93,1
616,1348,2
616,607,1
616,220,1
616,5,1
616,496,1
616,345,1
616,491,1
616,31,1
616,129,1
616,483,1
616,275,1
616,872,1
616,74,1
616,6,1
616,838,1
616,1705,1
616,936,1
617,379,1
617,569,1
617,95,4
617,197,1
617,747,1
617,106,1
617,1034,1
617,308,4
617,194,2
617,17,1
617,352,5
617,1193,1
617,380,1
617,157,1
617,437,1
617,1195,1
617,50,1
617,560,1
617,41,2
617,1446,1
617,1398,1
617,24,1
617,2,1
617,173,1
617,916,1
617,4,2
617,1166,1
617,1488,1
617,443,1
617,648,1
617,797,1
617,1440,1
617,2149,1
617,748,1
617,933,3
617,18,1
617,1198,1
617,846,1
617,954,1
617,478,1
617,76,2
617,11,1
617,8,1
617,1421,1
617,82,1
617,5,2
617,44,2
617,440,1
617,2108,1
617,772,1
617,492,1
617,319,1
617,959,1
617,75,1
617,209,1
617,1116,1
617,654,1
617,100,3
617,28,1
617,0,2
617,1557,1
617,27,1
617,1445,1
617,1887,1
617,1757,2
617,1301,1
617,992,1
617,539,1
617,84,1
617,444,1
617,6,1
617,2330,1
617,40,1
617,34,1
617,482,1
617,259,1
617,94,1
617,647,1
617,88,1
617,952,1
617,239,1
617,9,1
617,57,1
617,78,1
617,30,1
617,159,1
617,958,1
617,1267,1
618,768,1
618,1921,1
618,1017,1
618,450,1
618,951,1
618,1944,1
618,1022,2
618,1505,2
618,1979,1
618,11,2
618,19,1
618,763,1
618,143,1
618,101,1
618,37,1
618,0,2
618,1048,1
618,562,1
618,447,1
618,405,2
618,651,1
618,8,1
618,2391,1
618,566,1
618,970,1
618,1111,1
618,428,1
618,1414,1
618,691,1
618,1226,1
618,390,1
618,182,1
618,305,1
618,148,1
618,2359,1
618,4,1
618,2082,1
618,272,1
618,1199,1
618,556,1
618,513,1
618,7,1
618,551,1
618,432,1
618,84,1
618,57,1
619,122,1
619,1626,1
619,1064,1
619,1145,1
619,269,1
619,1390,1
619,5,2
619,0,11
619,642,2
619,944,2
619,693,6
619,2327,3
619,1054,2
619,15,1
619,47,2
619,25,1
619,2083,1
619,34,1
619,67,1
619,2275,1
619,1252,1
619,2451,1
619,283,1
619,444,1
619,478,1
619,11,1
619,8,1
619,1273,1
619,132,2
619,221,1
619,1678,1
619,187,1
619,3,1
619,2419,2
619,1697,1
619,119,1
619,1413,1
619,403,1
619,425,1
619,789,1
619,467,1
619,756,1
619,1071,1
619,207,1
619,41,1
619,1860,3
619,1259,1
619,2328,1
619,57,1
619,78,1
619,751,1
619,379,2
619,10,1
619,13,1
619,1244,1
619,161,1
619,1744,1
619,30,1
619,405,1
619,941,1
619,647,1
619,476,1
619,513,1
619,1982,1
619,194,1
619,59,1
619,150,1
619,1247,1
619,373,1
619,109,1
620,2,1
620,139,1
620,9,1
620,41,1
620,422,2
620,235,3
620,874,1
620,20,1
620,56,3
620,1745,1
620,870,1
620,1106,1
620,21,1
620,364,1
620,86,1
620,638,1
620,1140,1
620,1279,1
620,2036,1
620,176,2
620,3,3
620,1564,1
620,0,4
620,555,1
620,1298,1
620,6,1
620,444,1
620,244,1
620,31,1
620,1358,2
620,50,1
620,636,1
620,1514,1
620,2238,1
620,7,1
620,1838,1
620,523,1
620,1640,2
620,819,1
620,759,1
620,2248,1
620,2144,1
620,714,1
620,148,1
620,1562,1
620,36,1
620,678,1
620,227,1
620,1556,1
620,1741,1
620,534,1
620,553,1
620,408,1
620,1537,1
620,720,1
620,2372,1
621,605,1
621,391,1
621,709,1
621,392,1
621,1198,1
621,27,1
621,28,3
621,1800,1
621,1226,1
621,1,3
621,652,1
621,599,1
621,4,1
621,440,1
621,694,1
621,20,1
621,404,1
621,0,1
621,756,1
621,1543,1
621,731,1
621,145,1
621,130,1
621,419,2
621,1084,1
621,507,1
621,292,1
621,365,1
621,2141,1
621,1202,1
621,1291,1
621,7,1
621,240,1
621,1972,1
621,17,1
621,383,1
621,397,1
621,79,1
621,573,1
621,1053,1
621,746,1
621,282,1
621,1782,1
621,394,1
621,1267,1
621,33,1
621,559,1
621,898,1
621,155,1
621,3,1
621,958,1
621,796,1
621,685,1
621,151,1
621,537,1
622,198,1
622,146,1
622,1333,1
622,9,1
622,2204,1
622,20,1
622,129,1
622,1919,1
622,851,1
622,1,1
622,79,1
622,1613,1
622,100,2
622,211,1
622,226,3
622,14,1
622,728,1
622,1264,2
622,185,1
622,19,2
622,64,2
622,117,2
622,577,1
622,656,1
622,1533,1
622,2197,1
622,1153,1
622,1316,3
622,242,1
622,31,1
622,340,1
622,127,1
622,875,1
622,1427,1
622,748,1
622,456,1
622,849,1
622,560,1
622,2122,1
622,12,1
622,1921,1
622,213,1
623,1853,1
623,276,1
623,238,7
623,28,1
623,1799,1
623,2392,1
623,755,1
623,589,1
623,237,5
623,478,2
623,846,1
623,599,1
623,543,1
623,1887,1
623,1757,1
623,208,1
623,345,1
623,549,1
623,50,1
623,866,2
623,605,1
623,292,1
623,209,1
623,513,1
623,260,1
623,232,1
623,41,1
623,1181,1
623,865,1
623,166,1
623,1249,3
623,18,1
623,107,1
623,391,1
623,799,2
623,1453,2
623,1388,2
623,2384,1
623,2207,1
623,14,1
623,467,1
623,312,1
623,11,1
623,268,1
623,88,1
623,12,1
623,2196,1
623,1007,1
623,150,1
623,1278,1
624,125,1
624,16,1
624,52,1
624,2167,3
624,22,2
624,480,1
624,981,1
624,60,1
624,711,1
624,1085,1
624,135,1
624,160,1
624,360,1
624,2386,1
624,2373,1
624,751,1
624,1453,1
624,1388,1
624,467,1
624,312,1
624,7,1
624,147,1
624,136,1
624,368,1
624,1915,1
624,148,1
624,179,1
624,1071,1
624,262,1
624,47,1
624,729,1
624,6,1
624,0,1
624,1352,1
624,304,1
624,157,1
624,1760,1
624,2358,1
624,429,1
625,2009,1
625,1997,1
625,7,1
625,682,1
625,243,1
625,535,1
625,1,2
625,91,1
625,85,1
625,37,3
625,2036,1
625,28,1
625,1924,1
625,364,1
625,180,1
625,73,1
625,1052,1
625,1579,1
625,715,2
625,802,1
625,1812,1
625,2248,3
625,1106,1
625,964,1
625,0,3
625,1047,1
625,1442,1
625,710,1
625,18,1
625,84,1
625,61,1
625,1539,1
625,21,1
625,414,1
625,154,1
625,65,1
625,35,1
625,508,1
625,3,1
625,113,1
626,403,1
626,2387,1
626,64,1
626,152,1
626,251,2
626,806,3
626,194,1
626,2188,1
626,1989,1
626,1111,2
626,580,2
626,484,2
626,0,8
626,1515,1
626,1052,1
626,1244,1
626,969,3
626,1038,1
626,3,1
626,2215,1
626,2295,1
626,1273,1
626,132,1
626,425,1
626,1645,1
626,5,2
626,37,2
626,52,1
626,1256,1
626,211,1
626,145,1
626,720,1
626,86,1
626,1496,1
626,172,1
626,1265,2
626,710,2
626,18,1
626,1505,1
626,965,1
626,1423,1
626,2226,1
626,1,1
626,36,1
626,262,1
626,150,1
626,179,1
626,1541,1
626,7,1
626,2098,1
626,375,1
626,373,1
626,2375,1
626,626,1
626,1799,1
626,575,1
626,2206,1
626,1145,1
626,25,1
626,2420,1
626,87,1
626,2224,1
627,2,1
627,190,1
627,420,1
627,1234,1
627,122,1
627,366,2
627,86,2
627,508,1
627,1020,1
627,1390,1
627,19,2
627,64,2
627,117,2
627,356,1
627,464,1
627,319,1
627,45,3
627,17,1
627,2195,3
627,2060,1
627,1146,1
627,2139,2
627,1,8
627,1358,4
627,200,1
627,331,1
627,1579,1
627,733,1
627,856,1
627,77,1
627,108,1
627,50,1
627,1845,1
627,638,1
627,429,1
627,0,13
627,36,1
627,88,1
627,342,4
627,180,5
627,34,3
627,2048,2
627,1314,1
627,114,1
627,5,3
627,682,2
627,243,6
627,6,1
627,1160,1
627,7,1
627,551,1
627,974,2
627,355,1
627,255,1
627,275,2
627,1101,1
627,351,1
627,57,1
627,78,1
627,1534,1
627,91,1
627,85,1
627,2334,1
627,683,1
627,995,1
627,152,1
627,18,1
627,989,1
627,470,1
627,72,1
627,244,1
627,403,1
627,975,1
627,1653,1
627,444,1
627,42,1
627,1621,1
627,221,1
627,31,1
627,445,2
627,463,2
627,3,1
627,1998,1
627,169,1
627,205,1
627,46,1
627,2215,2
627,2295,1
627,12,2
627,1860,1
627,336,1
627,522,1
627,2455,1
627,47,1
628,43,1
628,2,1
628,678,1
628,44,1
628,502,1
628,2161,1
628,194,1
628,66,1
628,143,2
628,1987,1
628,1031,1
628,846,1
628,276,1
628,238,1
628,799,1
628,1301,1
628,992,1
628,539,1
628,1201,2
628,756,2
628,5,1
628,2256,1
628,1453,1
628,1388,1
628,467,1
628,1402,1
628,367,1
628,165,2
628,198,1
628,655,1
628,1714,2
628,2080,1
628,409,1
628,192,1
628,1913,1
628,209,1
628,2168,1
628,104,1
628,42,1
629,1414,1
629,542,2
629,264,1
629,706,1
629,351,1
629,34,1
629,67,1
629,70,1
629,6,1
629,640,1
629,212,1
629,1755,1
629,1191,1
629,467,1
629,1541,1
630,146,1
630,43,1
630,1678,1
630,186,1
630,17,1
630,166,2
630,0,3
630,2129,1
630,628,2
630,45,1
630,1601,1
630,209,1
630,237,1
630,453,1
630,206,1
630,1332,1
630,2250,1
630,21,1
630,3,1
630,604,1
630,1877,1
630,1084,1
630,149,1
630,516,1
630,1557,1
630,460,1
630,1971,1
630,1904,1
630,910,1
630,19,1
630,64,1
630,117,1
630,143,1
630,564,1
631,19,1
631,64,1
631,117,1
631,733,1
631,20,1
631,1492,1
631,1553,2
631,3,1
631,74,1
631,22,1
631,0,1
631,2014,1
631,1033,1
631,1800,1
631,12,1
631,2188,1
631,1840,1
631,2044,1
631,864,1
631,283,1
631,2034,1
631,548,1
631,9,1
631,41,1
631,2291,1
631,2154,2
631,1356,2
631,1980,1
632,125,1
632,757,1
632,356,1
632,464,1
632,0,5
632,781,1
632,2224,2
632,449,1
632,1684,1
632,1591,1
632,748,1
632,456,1
632,369,1
632,72,1
632,32,1
632,309,1
632,1510,1
632,95,3
632,1639,1
632,2108,1
632,1,3
632,442,1
632,211,1
632,7,1
632,2411,1
632,2071,1
632,43,1
632,1515,1
632,2368,1
632,216,1
632,102,1
632,5,2
632,1241,1
632,70,1
632,118,2
632,6,1
632,716,1
632,575,1
632,1440,1
632,258,1
632,272,1
632,61,1
632,1597,1
632,33,1
632,207,1
632,1313,1
632,261,1
632,8,1
632,4,1
632,2277,1
633,359,1
633,1453,1
633,1388,1
633,467,1
633,312,1
633,18,1
633,1398,2
633,61,2
633,887,2
633,1298,1
633,6,1
633,273,1
633,675,1
633,19,1
633,64,1
633,117,1
633,12,1
633,968,1
633,508,1
633,84,1
633,2445,1
633,391,1
633,460,1
633,1469,1
633,318,1
633,44,1
633,239,1
633,1,1
633,206,1
633,503,1
634,2172,1
634,949,1
634,16,1
634,276,2
634,893,2
634,512,1
634,5,1
634,967,1
634,1825,1
634,230,1
634,671,1
634,990,1
634,587,1
634,696,1
634,46,1
634,1198,1
634,42,1
634,402,1
634,460,1
634,3,1
634,471,1
634,836,1
634,0,2
634,330,1
634,908,1
634,145,1
634,258,1
634,272,1
634,130,1
634,28,1
634,1716,1
634,96,1
634,103,1
634,1422,1
634,20,1
634,2406,1
634,1632,1
634,1890,1
634,43,2
634,2445,1
634,166,1
634,916,1
634,294,1
634,846,1
634,845,1
634,465,1
634,284,1
634,1946,1
634,12,1
634,1841,1
634,224,1
634,561,1
634,1447,1
635,125,1
635,238,4
635,799,3
635,542,2
635,536,1
635,2060,1
635,4,1
635,823,1
635,107,1
635,351,1
635,1,1
635,239,1
635,181,1
635,178,1
635,5,1
635,1626,1
635,0,2
635,130,1
635,28,1
635,258,1
635,272,1
635,755,1
635,1298,1
635,261,1
635,8,1
635,2391,1
636,21,1
636,260,3
636,1513,1
636,2119,1
636,1649,1
636,955,1
636,1698,1
636,5,1
636,2108,1
636,650,1
636,82,1
636,191,1
636,1727,1
636,1754,1
636,349,1
636,333,1
636,1728,1
636,2375,2
636,203,1
636,29,1
636,2364,1
636,1481,1
636,86,2
636,0,2
636,15,1
636,369,1
636,56,1
636,413,1
636,62,1
636,2427,1
636,1722,2
636,363,1
636,1595,1
636,1580,1
636,256,1
636,410,1
636,1350,1
636,210,1
637,2,1
637,170,1
637,1160,1
637,177,1
637,2452,1
637,2306,1
637,919,1
637,701,1
637,139,3
637,683,2
637,618,1
637,867,1
637,930,1
637,6,1
637,316,1
637,171,1
637,521,1
637,36,1
637,1125,1
637,1953,1
637,147,1
637,136,1
637,881,1
637,46,3
637,409,2
637,27,2
637,436,1
637,1718,1
637,236,1
637,134,1
637,0,3
637,205,2
637,2215,1
637,1,1
637,239,1
637,523,1
637,562,1
637,1104,1
637,282,1
637,425,1
637,76,1
637,2098,1
638,1767,1
638,1104,1
638,582,1
638,163,1
638,1864,1
638,568,1
638,1966,1
638,151,1
638,861,1
638,1511,1
638,521,1
638,1022,1
638,900,1
638,1020,1
638,1721,1
638,1578,1
638,366,1
638,243,1
638,882,1
638,187,1
638,53,1
638,13,1
638,1283,2
638,361,1
638,1164,1
638,2261,1
638,1140,1
638,2213,1
638,1,1
638,314,1
638,325,1
638,27,1
638,436,1
638,1455,1
638,2244,1
638,1199,1
638,862,1
639,262,1
639,5,1
639,578,1
639,151,2
639,1213,1
639,242,1
639,84,1
639,1105,1
639,1,2
639,2102,1
639,437,1
639,1345,1
639,241,1
639,529,1
639,232,1
639,41,1
639,859,1
639,255,1
639,1022,1
639,1164,3
639,1613,1
639,36,1
639,189,1
639,16,1
639,0,2
639,166,1
639,34,1
639,1721,1
639,938,1
639,311,1
639,7,1
639,2238,1
639,14,1
639,445,1
639,103,1
639,88,1
639,1138,1
639,8,2
639,4,1
639,93,1
639,1988,1
639,19,1
639,59,1
639,1606,1
639,1304,1
639,53,1
639,411,1
639,294,1
639,846,1
639,351,1
639,1292,1
639,705,1
640,2,1
640,1125,1
640,20,1
640,337,1
640,1078,1
640,1904,1
640,1547,1
640,1486,1
640,1063,1
640,1088,1
640,2020,1
640,379,1
641,2,1
641,110,1
641,323,1
641,1808,3
641,858,1
641,797,1
641,6,1
641,1858,1
641,1080,1
641,14,2
641,607,2
641,348,3
641,237,4
641,1007,1
641,1535,1
641,2136,1
641,269,2
641,731,2
641,979,1
641,1251,1
641,5,2
641,970,2
641,34,1
641,1153,1
641,45,1
641,1444,1
641,2016,1
641,586,1
641,59,1
641,19,1
641,169,1
641,26,1
641,0,4
641,1667,1
641,821,1
641,135,1
641,1799,1
641,260,4
641,698,1
641,72,2
641,1513,1
641,1176,2
641,283,1
641,1252,1
641,228,1
641,398,1
641,1020,1
641,181,1
641,178,1
641,53,1
641,634,1
641,1117,1
641,281,1
641,594,1
641,166,1
641,155,1
641,3,1
641,1857,1
641,232,1
641,365,1
641,453,1
641,1431,1
642,1644,1
642,1139,1
642,2279,1
642,76,1
642,216,1
642,102,1
642,0,2
642,1348,1
642,24,1
642,2205,1
642,9,1
642,2067,1
642,20,1
642,151,1
642,6,1
642,846,1
642,1887,1
642,453,1
642,19,1
642,210,1
642,507,1
642,1612,1
642,2289,1
642,1610,1
642,226,1
642,14,1
642,74,1
642,22,1
642,1,1
642,683,1
642,2258,1
642,2423,1
642,2302,1
643,2,1
643,1126,1
643,769,1
643,238,6
643,799,2
643,2392,1
643,755,4
643,849,2
643,788,1
643,19,3
643,17,1
643,57,1
643,2135,1
643,18,1
643,1301,2
643,992,2
643,539,2
643,455,2
643,2278,4
643,1481,1
643,1800,1
643,75,1
643,276,1
643,953,1
643,1425,1
643,1552,1
643,643,1
643,589,1
643,2253,1
643,1189,1
643,5,1
643,482,1
644,2,1
644,170,1
644,2195,1
644,1160,1
644,139,1
644,187,1
644,2248,1
644,1020,1
644,901,1
644,366,1
644,562,3
644,169,1
644,1988,1
644,1048,1
644,1557,1
644,572,2
644,327,1
644,1029,1
644,194,1
644,6,2
644,191,1
644,5,2
644,1658,1
644,1753,1
644,0,3
644,389,1
644,14,1
644,444,1
644,308,1
644,64,2
644,152,2
644,113,2
644,1196,1
644,771,1
644,714,1
644,318,1
644,44,1
644,66,1
644,1349,1
644,2028,1
644,1337,1
644,1989,1
644,149,3
644,1197,1
644,29,1
644,445,1
644,1422,2
644,72,2
644,19,2
644,604,1
644,530,1
644,4,2
644,57,2
644,78,2
644,566,1
644,353,1
644,151,1
644,683,1
644,37,1
644,1602,1
644,208,1
644,18,1
644,34,1
644,117,1
644,691,1
644,1335,1
644,793,1
644,380,1
644,382,1
644,1242,1
644,1,1
644,690,1
644,265,1
644,502,1
644,176,1
644,104,1
644,143,1
644,564,1
644,1819,1
644,2288,1
644,54,1
645,2195,1
645,1508,3
645,1104,1
645,842,1
645,521,1
645,551,1
645,139,1
645,793,1
645,14,1
645,239,1
645,523,1
645,105,1
645,2176,1
645,467,1
645,312,1
645,1392,1
645,1604,1
645,267,1
645,771,1
645,176,2
645,3,2
645,1234,1
645,122,1
645,0,3
645,1298,1
645,172,1
645,995,1
645,152,1
645,18,2
645,2191,1
645,1971,1
645,150,1
645,964,2
645,1609,1
645,2125,1
646,1696,1
646,146,1
646,1214,1
646,16,1
646,734,1
646,955,1
646,1698,1
646,820,1
646,125,1
646,352,2
646,256,1
646,1,2
646,1917,1
646,654,1
646,28,2
646,185,4
646,802,1
646,1029,1
646,194,1
646,213,1
646,299,2
646,11,1
646,8,2
646,123,1
646,2378,3
646,1011,1
646,1146,2
646,542,1
646,827,1
646,208,1
646,703,1
646,1237,2
646,226,1
646,244,1
646,45,1
646,2159,1
646,548,1
646,834,1
646,282,1
646,1062,1
646,4,2
646,296,1
646,303,1
646,0,2
646,481,1
646,1488,1
646,2138,1
646,108,1
646,132,1
647,2,1
647,190,1
647,312,1
647,7,2
647,2395,1
647,525,1
647,1218,1
647,283,2
647,0,4
647,11,1
647,1589,1
647,42,2
647,282,1
647,57,1
647,78,1
647,751,1
647,1621,1
647,18,1
647,307,1
647,435,1
647,1156,1
647,1999,1
647,2080,1
647,144,1
647,88,1
647,179,1
647,429,1
647,262,1
647,1053,1
647,503,1
647,19,1
647,64,1
647,117,1
647,60,1
647,224,1
647,585,1
647,94,1
648,299,1
648,236,2
648,134,2
648,1,2
648,34,1
648,1914,1
648,592,1
648,1650,1
648,1584,1
648,705,1
648,315,1
648,200,1
648,239,1
648,523,1
648,2,3
648,189,1
648,534,1
648,122,1
648,47,1
648,6,1
648,1477,1
648,375,1
648,12,1
648,1920,1
648,361,1
648,0,1
648,119,1
648,43,1
648,1491,1
648,621,1
649,2,1
649,2333,1
649,657,1
649,472,1
649,241,1
649,529,1
649,232,1
649,858,1
649,1729,1
649,2427,2
649,934,1
649,40,1
649,1476,1
649,590,1
649,574,1
649,1473,1
649,1159,1
649,1706,1
649,2454,1
649,746,1
649,282,1
649,1283,1
649,1264,1
649,1567,2
649,20,1
649,1976,1
650,40,1
650,933,1
650,238,1
650,839,1
650,618,1
650,11,1
650,8,1
650,898,1
650,539,1
650,2052,1
650,1070,1
650,267,1
650,275,1
650,2207,1
650,874,1
650,560,1
650,557,1
650,910,2
650,814,2
650,1324,1
650,12,1
650,408,1
650,1263,1
650,53,1
650,952,1
650,5,1
650,894,1
650,428,1
650,648,1
650,264,1
650,693,1
651,2009,3
651,1277,2
651,187,1
651,3,1
651,0,6
651,481,1
651,205,1
651,46,1
651,122,1
651,52,1
651,1707,1
651,139,1
651,514,1
651,783,1
651,492,1
651,964,1
651,1609,1
651,37,1
651,735,1
651,57,1
651,78,1
651,30,1
651,517,1
651,113,1
651,382,1
651,493,1
651,389,1
651,1312,1
651,289,1
651,1346,1
651,1006,1
651,693,1
651,45,1
651,551,1
651,1552,1
651,157,1
651,227,1
651,280,1
651,260,1
651,5,1
651,782,1
651,206,1
651,1052,1
651,202,1
651,880,1
651,565,1
651,162,1
651,376,1
651,1174,1
651,18,1
651,97,1
651,160,1
651,1496,1
651,806,1
652,197,1
652,1553,3
652,0,5
652,216,3
652,102,3
652,957,2
652,42,1
652,626,1
652,4,3
652,579,4
652,2,1
652,66,1
652,1904,1
652,872,1
652,874,1
652,560,1
652,1736,1
652,446,1
652,24,1
652,2154,1
652,598,1
652,143,1
652,1,1
652,239,1
652,149,1
652,1197,1
652,29,1
652,165,1
652,461,1
652,395,1
652,31,1
653,71,1
653,487,1
653,1040,4
653,307,2
653,1044,1
653,0,7
653,1190,2
653,2117,1
653,14,1
653,29,2
653,31,1
653,159,1
653,642,1
653,944,1
653,325,1
653,807,1
653,166,2
653,513,1
653,493,1
653,317,1
653,801,1
653,1,1
653,53,1
653,634,1
653,2195,1
653,2265,1
653,1311,1
653,262,1
653,1413,1
653,783,1
653,84,1
653,1950,1
653,67,1
653,553,1
653,786,1
653,44,1
653,61,1
653,655,1
653,33,1
653,606,1
653,235,1
653,70,1
653,1489,1
653,6,1
653,855,1
653,720,1
654,2,1
654,110,1
654,1080,1
654,191,1
654,1920,1
654,361,1
654,6,2
654,608,1
654,2229,1
654,234,1
654,581,1
654,0,2
654,356,1
654,464,1
654,381,1
654,50,3
654,2356,1
654,3,1
654,101,1
654,37,1
654,615,1
654,319,1
654,280,1
654,19,1
654,1442,1
654,1297,1
654,4,1
654,1272,1
654,2323,1
654,1405,2
654,1640,1
654,7,1
654,445,1
654,1148,2
654,1734,2
654,819,1
654,720,1
654,1796,1
654,451,1
654,62,1
654,272,1
654,1496,1
654,806,1
654,594,1
654,72,1
654,1562,2
654,1,2
654,1428,1
654,468,1
654,2218,1
655,333,1
655,747,1
655,891,1
655,308,1
655,2204,1
655,5,1
655,468,2
655,161,1
655,352,1
655,1196,1
655,3,1
655,40,1
655,96,1
655,309,1
655,215,1
655,1714,1
655,172,1
655,11,1
655,8,1
655,22,1
655,1488,1
655,179,1
655,1541,1
656,663,1
656,89,1
656,1,1
656,1203,1
656,1938,1
656,114,1
656,2,1
656,273,1
656,2067,1
656,1424,1
656,1081,1
656,1856,1
656,1944,1
656,2075,1
656,682,1
656,283,1
656,871,1
656,1032,1
656,614,1
656,458,1
656,918,1
657,2,2
657,438,1
657,406,1
657,1967,1
657,1,1
657,299,1
657,119,1
657,2000,1
657,104,1
657,2302,1
657,24,1
657,31,1
657,550,2
657,161,1
657,1744,1
657,14,1
657,1050,1
657,317,1
657,521,1
657,1639,1
657,547,1
657,315,2
657,43,1
657,1124,1
657,19,1
657,64,1
657,117,1
657,4,1
657,1555,1
657,272,1
657,2412,1
657,0,1
657,12,1
657,922,1
658,2,1
658,347,1
658,200,1
658,785,1
658,702,1
658,410,1
658,1143,1
658,0,1
658,1487,1
658,26,1
658,10,1
658,5,1
658,241,1
658,329,1
658,233,1
658,791,1
658,1456,1
658,199,1
658,1479,1
658,124,1
658,2343,1
658,156,1
658,4,1
658,157,1
658,20,1
658,783,1
658,492,1
658,1803,1
658,2141,1
658,282,1
658,645,1
658,2441,2
658,12,2
658,1892,1
658,216,1
658,102,1
658,2030,1
658,18,1
658,872,1
658,786,1
658,559,1
658,898,1
658,1449,1
658,1900,1
658,1020,1
658,1721,1
658,1578,1
659,125,1
659,2008,1
659,2150,1
659,1287,1
659,1,1
659,1491,1
659,1856,2
659,1015,1
659,226,3
659,430,1
659,3,1
659,966,1
659,95,1
659,185,4
659,19,1
659,64,1
659,117,1
659,143,1
659,2053,1
659,57,1
659,78,1
659,161,1
659,1744,1
659,264,1
659,626,1
659,467,1
659,236,1
659,134,1
659,1541,1
659,132,1
659,275,1
660,1333,1
660,705,2
660,216,2
660,102,2
660,1,3
660,2239,2
660,1385,1
660,46,1
660,995,1
660,152,1
660,18,1
660,2302,1
660,36,1
660,678,1
660,39,1
660,4,1
660,1584,1
660,0,2
660,1339,1
660,1833,1
660,597,1
660,108,1
660,345,1
660,24,1
660,331,1
660,901,1
660,2206,1
660,7,2
660,130,1
660,28,1
660,1493,1
660,1934,1
660,2139,1
660,1391,1
660,2371,1
660,595,1
660,1709,1
660,243,1
660,205,1
660,1392,1
660,148,1
660,179,1
660,1915,1
660,1728,1
660,2375,1
660,880,1
660,618,1
660,1056,1
660,2431,1
660,1117,1
660,47,1
661,1782,1
661,1523,1
661,2202,1
661,24,1
661,2,1
661,173,1
661,907,1
661,1131,1
661,4,1
661,0,2
661,1591,1
661,270,1
661,274,1
661,2358,1
661,397,1
661,275,3
661,997,1
661,5,1
661,1198,1
661,27,1
661,202,1
661,128,1
661,1346,1
661,1101,1
661,714,1
661,2379,1
661,2315,1
661,221,1
661,31,1
661,381,1
661,872,1
661,44,1
661,1232,1
661,151,1
661,32,1
661,1632,1
661,1456,1
662,11,1
662,8,1
662,162,1
662,19,1
662,763,1
662,950,1
662,1308,1
662,139,1
662,1,1
662,91,1
662,85,1
662,881,1
662,479,1
662,1402,1
662,336,4
662,31,1
662,2091,1
662,1605,1
662,59,1
662,337,1
662,1710,1
662,113,1
662,771,1
662,2283,1
662,1396,1
662,658,1
662,151,1
662,2029,1
662,1892,1
662,1912,1
662,410,1
662,523,1
662,720,1
662,894,1
662,806,1
663,1243,1
663,295,1
663,541,1
663,11,1
663,147,1
663,136,1
663,773,1
663,453,1
663,60,1
663,1438,1
663,1990,1
663,392,1
664,392,1
664,1201,1
664,226,1
664,1979,1
664,1187,1
664,9,1
664,432,1
664,1973,1
665,260,2
665,357,1
665,21,1
665,916,1
665,1557,1
665,2325,1
665,395,1
665,371,1
665,1059,1
665,5,3
665,0,2
665,1988,1
665,74,1
665,197,1
665,12,1
665,1921,1
665,1017,1
665,30,1
665,422,1
665,235,1
665,4,1
665,685,1
665,43,1
665,331,1
665,50,1
665,2146,1
665,2010,1
665,243,1
665,375,1
665,29,1
665,97,1
665,2319,1
665,19,1
665,64,1
665,117,1
665,1848,1
665,599,1
665,17,1
665,405,1
666,1101,1
666,2269,1
666,707,1
666,974,1
666,1,1
666,0,2
666,79,1
666,5,1
666,307,1
666,31,1
666,1102,1
666,70,1
666,6,1
666,1194,1
666,12,1
666,236,1
666,134,1
666,192,1
666,22,1
666,1803,1
666,105,1
666,1213,1
666,4,1
666,1156,1
666,2330,1
666,1603,1
666,1013,1
666,650,1
666,200,1
666,84,1
666,1139,1
666,2420,1
666,87,1
666,1140,1
666,1279,1
666,2018,1
666,14,1
666,199,1
666,1391,1
667,2,1
667,139,5
667,1489,2
667,1554,1
667,1308,1
667,6,3
667,36,1
667,462,1
667,1220,1
667,666,1
667,1680,1
667,1803,1
667,5,5
667,389,2
667,458,1
667,1989,1
667,1021,1
667,34,1
667,1724,1
667,73,1
667,2030,2
667,53,1
667,187,1
667,51,1
667,598,1
667,162,1
667,76,1
667,281,1
667,97,1
667,634,1
667,0,7
667,1508,1
667,866,1
667,2139,2
667,2036,1
667,735,1
667,1924,1
667,7,2
667,1575,1
667,64,1
667,1024,1
667,18,2
667,626,1
667,295,1
667,1305,1
667,910,1
667,3,2
667,783,1
667,57,2
667,78,2
667,30,2
667,74,2
667,22,2
667,1196,2
667,353,2
667,1521,1
667,155,1
667,684,1
667,632,1
667,56,2
667,2334,1
667,1,2
667,15,2
667,501,1
667,1892,1
667,1912,1
667,410,1
667,1062,1
667,8,1
667,1486,1
667,706,1
667,149,1
667,842,1
667,50,1
667,327,1
667,231,1
667,141,1
667,307,1
667,292,1
667,39,1
667,109,2
667,373,1
667,1434,1
667,202,1
667,409,1
667,27,1
667,921,1
667,469,1
667,265,1
667,1531,1
667,61,1
667,892,1
667,221,1
667,31,1
667,211,1
667,819,1
667,1443,1
668,1,2
668,488,1
668,477,1
668,551,7
668,139,1
668,670,1
668,21,2
668,3,2
668,215,1
668,0,4
668,1155,1
668,2061,1
668,1404,1
668,56,2
668,19,2
668,202,1
668,880,1
668,5,1
668,2120,3
668,831,1
668,565,1
668,162,1
668,618,1
668,75,1
668,910,1
668,59,1
668,1154,1
668,2113,1
668,101,1
668,37,1
668,2027,1
668,2082,2
668,248,1
668,1106,1
668,1508,1
668,1104,1
668,6,1
668,353,1
668,1371,1
668,64,1
668,1513,1
668,336,1
668,1392,1
668,1011,1
668,2110,1
668,122,1
668,157,2
668,524,1
668,694,1
668,581,1
668,1799,1
668,2329,1
668,160,1
668,1496,1
668,806,1
668,594,1
669,237,2
669,49,1
669,1619,1
669,1,2
669,1146,1
669,1084,1
669,1116,1
669,295,1
669,1821,1
669,569,1
669,2138,1
669,845,1
669,11,1
669,8,1
669,123,1
669,1038,1
669,3,1
669,130,1
669,28,1
669,238,3
669,119,1
669,542,1
669,1031,1
669,2014,1
669,755,1
669,12,2
669,1173,2
669,799,1
669,0,1
670,1473,2
670,1096,1
670,1016,1
670,1101,1
670,9,2
670,1342,1
670,1904,1
670,2072,1
670,474,1
670,114,1
670,590,1
670,185,1
670,58,1
670,331,1
670,292,1
670,1311,1
670,262,1
670,406,1
670,66,1
670,1,1
670,2051,1
670,1693,1
671,272,1
671,469,1
671,141,1
671,0,1
671,1492,1
671,2020,1
671,654,1
671,1483,1
671,261,1
671,8,1
671,143,1
671,1022,1
671,1870,1
671,20,1
671,1267,1
671,459,1
671,1197,1
671,29,2
671,27,1
671,94,1
671,1147,1
671,1196,1
671,478,1
672,24,1
672,519,1
672,125,1
672,98,1
672,459,1
672,1937,1
672,1703,1
672,1139,1
672,649,1
672,27,3
672,1445,1
672,1887,1
672,453,1
672,1,2
672,1762,1
672,79,1
672,378,1
672,32,2
672,247,1
672,30,1
672,1879,1
672,546,1
672,38,1
672,12,2
672,51,1
672,57,1
672,78,1
672,37,1
672,45,1
672,2037,1
672,1866,1
672,33,1
672,411,1
672,8,1
672,1404,1
672,0,1
672,100,1
672,2255,1
672,823,1
672,827,1
672,6,1
672,191,1
673,2356,3
673,1651,1
673,423,1
673,667,1
673,615,3
673,1811,3
673,9,1
673,2144,1
673,116,1
673,90,1
673,68,1
673,1118,2
673,1395,2
673,765,2
673,17,1
673,216,1
673,102,1
673,741,1
673,31,1
673,0,3
673,101,1
673,37,1
673,12,2
673,1497,1
673,1,1
673,548,1
673,834,1
673,371,1
673,145,1
673,5,1
673,6,1
673,1919,1
673,1227,1
673,49,1
673,2275,1
673,2278,1
673,1518,1
673,1252,1
673,1853,1
673,1971,1
673,699,1
673,1734,1
673,1578,1
673,297,1
673,29,1
673,262,1
674,764,1
674,186,1
674,143,1
674,42,1
674,953,1
674,11,1
674,8,1
674,4,1
674,114,1
674,1167,1
674,2252,1
674,880,1
674,732,1
674,520,1
674,1,1
674,1050,1
674,1952,1
675,107,1
675,2232,1
675,467,1
675,312,1
675,7,2
675,1268,1
675,75,1
675,149,1
675,42,1
675,155,1
675,278,1
675,176,1
675,3,1
675,445,1
675,18,1
675,1734,1
675,88,2
675,47,1
675,581,1
675,33,1
675,411,1
675,8,1
675,1496,1
675,408,1
675,994,1
675,952,1
675,2428,1
675,832,1
675,1522,1
676,139,1
676,1390,1
676,218,1
676,6,1
676,12,2
676,9,2
676,41,1
676,208,1
676,1031,1
676,2015,1
676,2035,1
676,1159,1
676,18,1
676,336,2
676,86,1
676,0,1
676,57,2
676,78,2
676,50,1
676,49,1
676,349,1
676,1534,1
676,1059,1
676,1271,1
676,125,1
676,1,3
676,521,1
676,1701,1
676,358,1
676,844,2
676,21,1
676,1921,1
676,1017,1
676,366,1
676,2238,1
676,1047,1
676,29,1
676,1609,1
676,2082,1
676,1209,1
676,493,1
676,444,1
676,357,1
676,267,1
676,771,1
676,445,1
676,253,1
676,2325,1
676,2016,1
676,880,1
676,720,1
676,894,1
676,806,1
677,125,1
677,757,1
677,1490,6
677,551,2
677,21,1
677,286,2
677,1104,1
677,7,4
677,842,1
677,139,1
677,62,1
677,977,1
677,1345,1
677,165,2
677,1040,3
677,196,1
677,1724,2
677,353,1
677,1145,2
677,429,1
677,581,1
677,0,1
677,11,1
677,119,1
677,4,2
677,19,1
677,64,1
677,117,1
677,17,1
677,740,1
677,5,1
677,6,1
677,1292,1
677,84,1
677,1539,1
677,1515,1
677,154,1
677,44,1
678,2,1
678,190,1
678,420,1
678,2066,1
678,847,1
678,525,2
678,1034,1
678,821,1
678,359,1
678,1750,1
678,2395,2
678,187,1
678,261,1
678,8,1
678,1653,1
678,1,3
678,61,1
678,1798,1
678,194,1
678,159,1
678,796,1
678,4,1
678,308,1
678,32,1
678,6,1
678,352,1
678,748,1
678,45,1
678,64,1
678,152,1
678,18,1
678,31,1
678,0,1
678,388,1
678,2291,1
679,2,1
679,189,1
679,1343,2
679,197,1
679,270,1
679,243,1
679,187,1
679,1292,1
679,1,1
679,2248,1
679,772,1
679,186,1
679,2222,1
679,1841,1
679,2240,1
679,297,1
679,17,1
679,1615,1
679,20,1
679,389,2
679,102,2
679,0,4
679,101,1
679,37,1
679,5,1
679,280,1
679,968,1
679,1514,1
679,423,1
679,2145,1
679,216,1
679,72,1
679,263,1
679,62,1
679,644,1
679,278,1
679,12,1
679,236,2
679,134,2
679,883,1
679,336,1
679,1871,1
679,562,1
679,64,1
679,152,1
679,52,1
679,1268,1
679,720,1
679,333,1
679,1066,1
679,1536,1
679,1429,1
679,43,1
680,24,1
680,2,1
680,173,1
680,112,1
680,1826,1
680,2240,1
680,94,1
680,2453,1
680,364,3
680,20,1
680,689,1
680,506,1
680,3,2
680,738,1
680,122,2
680,31,1
680,2144,1
680,527,1
680,14,1
680,960,2
680,2066,1
680,70,1
680,6,1
680,610,1
680,473,1
680,0,4
680,1155,2
680,298,1
680,212,1
680,1524,1
680,437,1
680,397,1
680,1234,1
680,206,1
680,906,1
680,336,1
680,366,1
680,1,1
680,239,1
680,1376,2
680,11,2
680,8,3
680,143,1
680,256,1
680,12,2
680,2188,1
680,328,1
680,21,1
680,86,1
680,72,1
680,5,2
680,263,1
680,62,1
680,423,1
680,1106,1
680,1083,1
680,794,2
680,54,2
680,33,1
680,411,1
680,2393,1
680,1277,1
680,251,1
680,662,1
680,806,1
680,1003,1
680,32,1
680,389,1
680,102,1
680,1054,1
680,60,1
680,1066,1
680,413,1
680,322,1
680,1871,1
680,1176,1
680,236,2
680,134,2
680,832,1
680,114,1
680,884,1
681,2,1
681,347,1
681,1773,1
681,534,1
681,883,1
681,334,2
681,5,3
681,682,1
681,243,1
681,177,2
681,413,1
681,1650,1
681,1804,1
681,1582,1
681,597,1
681,114,1
681,1199,1
681,166,1
681,1450,1
681,1,2
681,1915,1
681,19,1
681,64,1
681,117,1
681,4,3
681,3,1
681,1489,1
681,1523,1
681,2010,1
681,187,1
681,1266,1
681,649,1
681,1741,1
681,0,1
681,619,1
681,1609,1
681,928,1
681,39,1
681,31,1
681,389,1
681,409,2
681,27,2
681,551,1
681,6,1
681,2432,1
681,148,1
681,779,1
681,2048,1
681,2139,1
681,221,1
681,213,1
682,2,1
682,190,1
682,420,1
682,90,1
682,68,1
682,31,1
682,1488,2
682,95,1
682,231,1
682,1109,1
682,292,1
682,352,1
682,84,1
682,290,1
682,2089,1
682,39,1
682,115,1
682,780,2
682,226,1
682,609,1
683,2,1
683,347,1
683,873,1
683,48,1
683,23,1
683,416,2
683,1761,3
683,3,1
683,330,4
683,1557,1
683,1324,1
683,196,1
683,203,1
683,291,1
683,17,1
683,206,1
683,949,1
683,707,1
683,1166,1
683,130,1
683,28,1
683,2033,1
683,1222,5
683,70,1
683,0,6
683,1484,1
683,6,2
683,15,1
683,120,1
683,1005,1
683,1511,1
683,521,1
683,391,1
683,2077,1
683,1,6
683,372,1
683,310,1
683,2100,2
683,1613,1
683,419,3
683,194,1
683,91,1
683,85,1
683,1555,1
683,45,1
683,44,1
683,1946,1
683,397,1
683,1212,1
683,2214,1
683,738,2
683,234,1
683,1620,1
683,1096,1
683,439,1
684,797,1
684,16,1
684,1997,1
684,4,1
684,1348,1
684,15,1
684,2012,1
684,2075,1
684,66,1
684,807,2
684,283,1
684,0,1
684,1,1
684,248,1
685,649,1
685,2235,1
685,147,1
685,136,1
685,1473,1
685,528,1
685,1583,1
685,1546,1
685,1693,1
685,51,1
685,11,1
685,8,1
685,2072,2
685,599,1
685,2391,1
685,1067,1
685,55,1
685,1486,1
685,88,1
685,264,1
685,2196,1
685,866,1
685,2328,1
686,562,1
686,1602,1
686,2222,1
686,7,2
686,1616,1
686,21,1
686,1584,1
686,705,1
686,2396,1
686,273,1
686,0,5
686,843,2
686,366,2
686,1608,3
686,1190,1
686,101,1
686,37,1
686,1895,1
686,256,1
686,1648,1
686,12,1
686,317,1
686,1005,1
686,18,1
686,263,1
686,520,1
686,1982,1
686,1605,1
686,345,1
686,5,1
686,1511,1
686,243,1
686,1054,1
686,544,1
686,1071,1
686,595,1
686,244,1
687,117,1
687,1225,1
687,129,1
687,483,1
687,1006,1
687,1686,1
687,1644,2
687,784,1
687,126,1
687,7,2
687,295,1
687,541,1
687,331,1
687,1848,1
687,2060,1
687,4,1
687,1129,1
687,5,2
687,208,1
687,181,1
687,178,1
687,609,1
687,782,1
687,14,1
687,1050,1
687,1952,1
687,2002,1
687,154,1
687,759,1
687,41,1
687,2110,1
687,778,1
687,157,1
687,2112,1
687,830,1
688,1527,1
688,73,1
688,641,1
688,2373,1
688,1140,7
688,149,2
688,1545,1
688,360,1
688,2,1
688,888,1
688,75,1
688,897,2
688,1279,2
688,2036,2
688,1,2
688,544,1
688,1640,1
688,459,1
688,12,2
688,701,1
688,1145,2
688,177,1
688,1059,1
688,52,1
688,854,1
688,120,1
688,1998,1
688,271,1
688,706,1
688,91,1
688,85,1
688,318,1
688,1105,1
688,161,1
688,526,1
688,522,1
688,1775,1
688,697,1
688,339,1
688,345,1
688,491,2
688,112,1
688,1795,1
688,1162,1
688,56,1
688,998,1
688,159,2
688,642,1
688,944,1
688,2423,1
688,30,1
688,691,1
688,1833,1
688,1741,1
688,157,1
688,104,1
688,1486,1
688,2372,1
688,82,1
688,1513,1
689,1168,2
689,1089,1
689,543,1
689,1962,1
689,28,1
689,27,1
689,1147,1
689,1196,1
689,907,2
689,1131,2
689,12,2
689,2196,1
689,866,1
689,953,1
689,1425,1
689,278,1
689,84,3
689,778,1
689,772,1
689,765,1
689,17,1
689,1605,1
689,670,1
689,21,1
689,776,1
689,1077,1
689,841,1
689,1793,1
689,1547,1
689,9,1
689,41,1
689,6,1
689,315,2
689,400,1
689,66,2
689,421,1
689,74,1
689,22,1
689,838,3
689,2423,1
689,845,1
689,2347,1
689,4,1
689,242,1
689,693,1
689,123,1
689,891,1
689,1301,1
689,992,1
689,539,1
689,901,1
689,478,1
689,491,1
690,2,1
690,899,1
690,520,1
690,2271,2
690,177,2
690,121,1
690,809,1
690,704,1
690,505,1
690,1453,1
690,1388,1
690,467,1
690,3,1
690,1666,1
690,273,1
690,0,1
690,579,2
690,1647,1
690,1392,1
690,599,1
690,4,1
690,461,1
690,1999,1
690,7,1
690,350,1
690,19,1
690,64,1
690,117,1
690,12,1
690,1301,1
690,992,1
690,539,1
690,84,1
690,2409,1
690,682,1
690,1917,1
690,869,1
690,1518,1
690,919,1
691,2,1
691,347,1
691,122,1
691,0,5
691,901,1
691,366,2
691,1608,2
691,6,1
691,2240,1
691,7,1
691,398,1
691,267,2
691,771,3
691,1745,1
691,176,1
691,210,1
691,2295,1
691,15,1
691,19,1
691,1785,1
691,849,1
691,789,1
691,159,1
691,1347,1
691,242,1
691,1439,2
691,569,2
691,113,1
691,1396,1
691,12,1
691,403,1
691,1933,1
692,1696,1
692,1760,1
692,206,1
692,16,1
692,1805,1
692,131,2
692,561,1
692,2152,1
692,1990,1
692,1511,1
692,521,1
692,2305,2
692,1706,1
692,14,1
692,1505,1
692,830,1
692,2419,1
692,164,2
692,510,1
692,344,1
692,2365,1
692,1868,1
692,1244,1
692,301,1
692,296,1
692,303,1
692,188,1
692,482,1
692,129,1
692,938,1
692,553,1
692,112,1
692,871,1
692,1032,1
692,11,1
692,8,1
692,201,1
692,631,1
692,108,1
692,77,1
692,1319,1
692,79,1
693,40,1
693,96,1
693,0,3
693,100,2
693,181,1
693,178,1
693,5,2
693,74,1
693,22,1
693,2053,1
693,121,1
693,1583,1
693,147,1
693,136,1
693,775,1
693,75,1
693,508,1
693,535,1
693,9,1
693,41,1
693,589,1
693,59,1
693,2277,1
693,65,1
693,35,1
693,412,1
693,3,1
693,333,1
693,444,1
693,2394,2
693,1312,1
693,1400,1
693,514,1
693,479,1
693,2052,1
693,2205,1
693,171,1
693,70,2
693,1790,1
693,42,1
693,2327,1
693,1682,1
693,2228,1
693,166,1
693,1111,1
693,208,1
693,244,1
693,1114,1
693,51,1
694,552,1
694,75,1
694,505,1
694,1886,1
694,660,1
694,2381,1
694,1313,1
694,1116,1
694,107,1
694,391,1
694,773,1
694,28,1
694,145,1
694,67,1
694,1005,1
694,905,1
694,1431,1
694,221,1
695,1219,1
695,590,1
695,836,1
695,0,1
695,330,1
695,2295,1
695,168,1
695,76,1
695,471,1
695,1817,1
695,605,1
695,1192,1
695,1770,1
695,45,1
695,565,1
695,27,1
695,453,1
695,9,1
695,2424,1
695,1483,1
695,345,1
695,5,1
695,1053,1
696,112,1
696,1773,1
696,534,1
696,883,1
696,21,1
696,3,1
696,2395,1
696,45,1
696,2283,1
696,14,1
696,691,1
696,0,5
696,28,1
696,115,1
696,206,1
696,7,2
696,402,1
696,207,1
696,41,1
696,353,1
696,1083,1
696,2417,1
696,578,1
696,151,1
696,12,1
696,1345,1
696,2418,1
696,1371,1
696,1067,1
696,557,1
696,1168,1
696,1089,1
696,941,1
696,425,1
696,487,1
696,609,1
696,338,1
696,1002,1
696,631,1
696,1559,1
696,712,1
696,2175,1
697,2,1
697,385,1
697,321,1
697,207,1
697,27,1
697,811,1
697,945,1
697,210,1
697,1811,2
697,1770,1
697,155,1
697,208,1
697,615,1
697,50,1
697,1720,1
697,0,3
697,87,1
697,1413,1
697,1693,1
697,53,1
697,179,1
697,451,1
697,62,1
697,1246,1
697,223,1
697,843,1
697,778,1
697,520,1
697,894,1
697,1157,1
697,138,1
697,1366,1
698,2,1
698,384,1
698,790,1
698,1227,1
698,321,1
698,207,1
698,12,2
698,364,1
698,31,1
698,6,2
698,74,1
698,22,1
698,2258,1
698,2423,1
698,14,2
698,691,1
698,1833,1
698,11,1
698,8,1
698,3,1
698,2119,1
698,1649,1
698,0,2
698,1395,1
698,765,1
698,517,1
698,113,1
698,1459,1
698,624,1
698,2174,1
698,119,1
698,432,1
698,527,1
698,960,1
698,2248,1
698,1518,1
698,1741,1
698,1,1
698,248,1
698,342,1
698,180,1
698,2027,1
698,1501,1
698,594,1
698,10,1
698,13,1
698,4,1
698,366,1
698,2090,1
698,906,2
698,336,2
698,271,1
698,447,1
698,166,1
698,562,1
698,169,1
698,539,1
698,293,1
698,55,1
698,109,1
698,635,1
699,1287,1
699,1637,1
699,52,1
699,317,1
699,536,1
699,853,1
699,728,1
699,1392,1
699,1972,1
699,17,2
699,102,1
699,0,2
699,443,1
699,2150,1
699,772,1
699,1299,1
699,197,1
699,747,1
699,2112,1
699,5,2
699,11,1
699,8,1
699,123,1
699,2009,1
699,2285,1
699,361,1
699,166,1
699,6,1
699,2409,1
699,2328,1
699,43,1
699,331,1
699,297,1
699,1873,1
699,1012,1
699,537,1
699,2162,1
699,886,1
699,1030,1
699,1696,1
699,239,1
699,745,1
699,1027,1
700,112,1
700,16,1
700,823,1
700,1332,1
700,599,1
700,4,3
700,840,4
700,1185,2
700,1301,1
700,992,1
700,539,1
700,1521,1
700,44,1
700,1165,1
700,589,1
700,213,1
700,2170,1
700,208,2
700,73,1
700,130,1
700,28,3
700,621,1
700,157,2
700,164,2
700,120,3
700,39,2
700,162,2
700,0,3
700,11,1
700,8,1
700,1397,2
700,361,3
700,17,2
700,2412,2
700,2303,1
700,64,1
700,152,1
700,18,1
700,1920,1
700,122,1
700,1382,1
700,43,1
700,490,1
700,12,1
700,57,1
700,15,1
700,244,1
700,1,1
700,248,1
700,506,1
700,565,1
700,97,1
700,2420,1
700,87,1
700,1175,1
700,231,1
700,299,1
700,50,1
700,523,1
700,94,1
701,1708,1
701,121,1
701,1520,1
701,236,1
701,134,1
701,770,1
701,226,1
701,185,1
701,37,1
701,57,1
701,78,1
701,556,1
701,1,1
701,153,1
701,174,1
701,0,2
701,1857,1
701,104,1
701,586,1
701,59,1
701,575,1
701,5,1
701,30,1
701,1872,1
701,1406,1
701,1393,1
701,821,1
701,984,1
701,88,1
701,952,1
701,753,1
701,1682,1
701,2228,1
701,971,1
701,70,1
701,1339,1
701,1057,1
702,359,1
702,1924,1
702,7,2
702,1236,2
702,982,2
702,0,3
702,917,2
702,1463,1
702,1031,1
702,2014,1
702,585,1
702,670,1
702,21,1
702,122,1
702,881,1
702,257,1
702,1643,1
702,360,1
702,10,1
702,1958,1
702,18,2
702,209,1
702,30,1
702,2414,1
702,1002,1
702,630,1
702,33,1
702,411,1
702,8,1
702,543,1
702,149,1
702,273,1
702,721,1
702,1454,1
702,251,1
703,22,1
703,117,1
703,143,1
703,172,1
703,1724,1
703,2310,1
703,989,1
703,11,1
703,8,1
703,123,1
703,331,1
703,3,2
703,508,1
703,1417,2
703,31,1
703,49,3
703,521,2
703,2060,1
703,543,1
703,209,1
703,24,1
703,654,1
703,119,1
704,2368,1
704,654,1
704,342,1
704,180,1
704,47,1
704,185,4
704,1347,1
704,1962,1
704,0,1
704,269,1
704,1117,1
704,11,1
704,8,1
704,4,2
704,1870,1
704,238,2
704,799,1
704,1425,1
704,34,2
704,2008,1
704,1306,1
704,29,1
704,536,1
704,104,1
704,755,1
704,435,1
704,267,1
704,275,1
704,478,1
704,1843,1
704,67,1
705,2,1
705,190,1
705,420,1
705,356,1
705,464,1
705,2266,1
705,1709,1
705,187,1
705,149,1
705,1615,2
705,50,1
705,527,2
705,14,2
705,11,1
705,8,1
705,4,1
705,589,1
705,1,2
705,91,1
705,85,1
705,52,1
705,1255,1
705,45,2
705,5,1
705,20,1
705,2089,1
705,112,1
705,21,2
705,3,1
705,1497,1
705,1106,1
705,1645,1
705,33,1
705,487,1
705,15,1
705,1616,1
705,776,1
705,1685,1
706,3,1
706,359,1
706,391,1
706,0,1
706,1252,1
707,2,1
707,189,1
707,334,1
707,2239,1
707,2271,1
707,177,1
707,187,1
707,6,3
707,579,3
707,74,1
707,22,2
707,2321,2
707,767,1
707,768,1
707,1734,1
707,2089,1
707,2265,1
707,227,1
707,2306,1
707,919,2
707,599,1
707,30,1
707,602,1
707,838,1
707,2423,1
707,2095,1
707,23,1
707,682,1
707,1196,1
707,162,1
707,814,1
707,12,1
707,336,1
707,262,1
707,149,1
707,280,1
707,335,1
707,0,1
707,1950,2
707,450,1
707,912,1
707,1645,2
707,122,1
707,720,1
707,892,1
707,4,1
707,235,1
707,2261,1
707,375,1
707,615,1
707,2304,1
708,50,1
708,11,1
708,8,1
708,812,1
708,75,1
708,1644,1
708,308,1
708,1,2
708,372,1
708,310,1
708,716,1
708,165,1
708,12,2
708,91,1
708,85,1
708,635,1
708,752,1
708,9,1
708,636,1
708,537,1
708,2060,1
708,185,2
708,933,1
708,877,1
708,3,1
708,241,1
708,529,1
708,232,1
708,833,1
709,258,1
709,1201,1
709,238,2
709,755,2
709,589,1
709,933,1
709,1301,1
709,992,1
709,539,1
709,455,1
709,19,1
709,44,1
709,605,1
709,269,1
709,1117,1
709,547,1
709,159,1
709,643,1
709,845,1
709,317,1
709,801,2
709,0,1
709,307,2
709,2299,1
709,32,2
709,492,2
709,43,2
709,536,1
709,289,1
709,2105,1
710,1967,1
710,465,2
710,660,2
710,1926,2
710,1693,1
710,95,1
710,1198,1
710,192,1
710,450,1
710,28,1
710,2032,1
710,27,1
710,213,1
710,224,1
710,453,1
710,1425,1
710,45,1
710,345,1
710,5,1
710,1235,1
710,864,1
710,0,1
710,683,1
710,1204,1
710,1278,1
710,537,1
710,1898,1
710,119,1
710,2041,1
710,640,1
711,73,1
711,134,1
711,137,1
711,709,1
711,1670,1
711,1565,1
711,216,1
711,102,1
711,0,2
711,106,1
711,163,1
711,1438,1
711,1732,3
711,9,2
711,41,2
711,989,1
711,31,2
711,1296,2
711,2065,1
711,1556,1
711,547,3
711,1033,1
711,964,1
711,2330,2
711,59,1
711,1258,1
711,115,1
711,20,1
711,1053,1
711,1194,1
711,1789,1
711,361,1
711,538,1
711,400,2
711,930,1
711,2045,1
711,315,1
712,590,1
712,2150,1
712,1571,2
712,1593,1
712,12,1
712,1921,1
712,1017,1
712,1194,1
712,1368,1
712,333,1
712,1010,1
712,1153,1
712,237,1
712,772,1
712,1,1
712,945,1
712,14,1
712,506,1
712,435,1
712,2276,1
712,597,1
712,259,1
712,1557,1
712,963,2
712,45,1
712,44,1
712,87,1
712,5,2
712,61,1
712,412,1
712,1095,1
712,107,1
712,391,1
712,0,2
712,217,1
712,934,1
713,258,1
713,1,1
713,1470,1
713,759,1
713,192,1
713,1165,1
713,333,1
713,3,2
713,130,1
713,28,1
713,2379,1
713,0,1
713,330,1
713,599,1
713,543,1
713,478,1
713,840,1
713,447,1
713,1862,1
713,2275,1
713,1634,2
713,6,1
713,1967,1
713,7,1
713,444,1
713,1798,1
713,186,1
713,2451,1
713,520,1
714,24,1
714,2,1
714,94,1
714,2254,1
714,353,1
714,159,1
714,314,1
714,2264,1
714,44,1
714,29,1
714,2364,1
714,2191,1
714,7,1
714,1505,1
714,941,1
714,598,1
714,4,2
714,1490,1
714,169,1
714,19,1
714,117,1
714,2348,1
714,2283,1
714,1,1
714,548,1
714,834,1
714,315,1
714,400,1
714,1836,1
714,115,1
714,389,1
714,998,1
714,491,1
715,1554,1
715,1771,1
715,785,1
715,24,1
715,2,1
715,173,1
715,975,1
715,1691,1
715,749,1
715,1266,1
715,4,1
715,130,1
715,28,1
715,1971,1
715,1605,1
715,649,1
715,215,1
715,0,3
715,2020,1
715,1481,2
715,2039,1
715,11,1
715,8,1
715,543,1
715,1192,2
715,1800,1
715,2441,1
715,783,1
715,564,1
715,2439,1
715,45,2
715,7,1
715,307,1
715,242,1
715,635,2
715,1892,1
715,1393,1
715,149,1
715,1235,1
715,2150,1
715,802,1
715,298,1
715,1720,1
715,43,1
715,331,1
715,258,1
715,607,2
715,34,2
715,1726,1
715,478,1
715,44,1
715,200,1
715,2455,1
716,1204,2
716,217,1
716,1438,1
716,1280,1
716,9,1
716,1926,2
716,1975,1
716,95,1
716,7,1
716,1570,1
716,1904,2
716,571,1
716,383,1
716,299,1
716,1024,1
716,1683,1
716,1031,1
716,1583,1
716,2051,1
716,889,2
716,1906,1
716,218,1
716,1670,1
716,6,2
716,79,2
716,2454,1
716,1191,1
716,851,1
716,1,1
716,18,1
716,258,1
716,272,1
716,419,1
716,34,1
716,11,1
716,8,1
716,998,1
716,491,1
716,1919,1
716,1078,2
716,5,3
716,33,1
716,411,1
716,147,1
716,136,1
716,1458,1
716,1494,1
716,2291,1
716,82,1
717,831,1
717,9,2
717,41,1
717,1634,1
717,537,1
717,745,1
717,95,1
717,1440,1
717,107,1
717,4,2
717,103,1
717,31,1
717,840,1
717,2452,1
717,2001,1
717,22,1
717,318,1
717,1253,1
717,823,3
717,598,1
717,1968,1
717,1057,1
717,37,1
717,827,1
717,584,1
717,33,1
717,411,1
717,8,1
717,1146,1
717,1084,1
717,0,1
717,1078,1
717,5,1
717,49,1
717,1621,1
717,2143,1
717,172,1
718,2,1
718,1058,1
718,364,4
718,192,1
718,1727,1
718,1949,3
718,0,6
718,2144,2
718,1587,1
718,1715,1
718,2116,2
718,1218,2
718,37,1
718,960,2
718,430,1
718,3,7
718,1971,1
718,2215,1
718,211,1
718,15,1
718,2012,1
718,1521,1
718,44,1
718,1054,1
718,381,1
718,208,2
718,18,2
718,2120,3
718,194,1
718,2119,1
718,1649,1
718,70,1
718,1518,2
718,6,1
718,481,1
718,1003,2
718,7,3
718,398,1
718,445,1
718,172,1
718,2145,1
718,101,2
718,1545,1
718,20,1
718,968,1
718,2135,1
718,1190,1
718,42,1
718,176,1
718,901,2
718,366,1
718,1608,1
718,1174,1
718,181,3
718,178,3
718,19,1
718,29,1
718,262,1
718,977,1
718,1277,1
718,365,1
718,520,1
718,505,1
718,66,1
718,227,1
718,2329,1
718,1,1
718,1377,1
718,941,1
718,21,1
718,377,1
718,806,2
718,8,2
718,4,2
718,609,2
718,886,2
718,2323,2
718,791,2
718,482,2
718,165,1
718,334,1
718,1770,1
718,697,1
718,451,1
718,244,1
718,1714,1
718,1477,1
718,339,1
718,5,1
718,149,1
719,1249,1
719,831,1
719,9,1
719,1570,1
719,273,1
719,2034,1
719,2122,1
719,2146,1
719,298,1
719,1828,1
719,1743,1
719,7,3
719,0,1
719,443,1
719,1771,1
719,1508,1
719,301,2
719,2288,1
719,54,1
719,18,1
719,1194,1
719,28,1
719,623,1
719,1571,1
719,242,1
719,30,1
719,833,1
719,5,4
719,378,1
719,1593,1
719,749,1
719,479,1
719,1972,1
719,17,1
719,1153,1
719,1316,1
719,1965,1
719,906,2
719,1426,1
719,1096,1
719,14,1
719,605,1
719,289,1
719,2389,1
719,191,1
719,2385,1
719,53,1
719,293,1
719,55,1
719,294,1
719,192,1
719,256,1
719,318,1
719,1105,1
719,526,1
719,1219,1
719,590,1
719,1377,1
719,150,1
719,2302,1
719,1,1
719,248,1
719,506,1
720,24,1
720,2,1
720,173,1
720,125,1
720,757,1
720,843,1
720,2266,1
720,1709,1
720,243,1
720,0,2
720,339,2
720,35,2
720,1989,1
720,149,1
720,234,1
720,20,1
720,15,1
720,120,1
720,59,1
720,1642,1
720,18,1
720,2277,1
720,1,1
720,6,1
720,959,1
720,75,1
720,882,1
720,47,1
720,756,1
720,321,1
720,207,1
720,19,1
720,763,1
720,950,1
720,423,1
720,667,1
720,2455,1
720,342,1
720,180,1
720,775,1
721,2,1
721,347,1
721,75,1
721,572,1
721,1886,1
721,1426,1
721,525,2
721,1242,1
721,9,2
721,41,2
721,772,2
721,2160,1
721,1219,1
721,590,1
721,1356,1
721,10,1
721,1958,1
721,130,3
721,28,1
721,1084,1
721,0,4
721,2395,1
721,1521,1
721,44,1
721,1494,1
721,29,1
721,746,1
721,282,1
721,2128,1
721,3,1
721,1291,1
721,1539,1
721,21,1
721,1901,2
721,140,1
721,443,1
721,871,1
721,1032,1
721,2129,1
721,567,1
721,850,1
721,34,1
721,67,1
721,286,1
721,17,1
722,2,1
722,190,1
722,9,1
722,41,1
722,2412,1
722,623,1
722,1843,1
722,2029,1
722,696,1
722,433,1
722,3,1
722,1497,2
722,2266,1
722,1709,1
722,243,2
722,770,2
722,218,2
722,843,3
722,0,3
722,6,3
722,2106,2
722,5,1
722,682,1
722,2208,1
722,1167,1
722,649,1
722,7,1
722,31,1
722,960,1
722,1268,1
722,925,1
722,429,1
722,28,1
722,2026,1
722,467,1
722,1629,1
722,297,1
722,355,1
722,255,1
722,236,1
722,134,1
722,463,1
723,1477,1
723,701,2
723,1470,1
723,7,1
723,1722,1
723,1139,1
723,10,1
723,13,1
723,86,1
723,1754,1
723,34,1
723,1610,1
723,732,1
723,1423,1
723,1782,1
723,1822,1
723,497,1
723,1451,1
723,448,1
723,1641,1
723,1768,1
723,550,1
723,1814,1
723,46,1
723,401,1
723,243,1
723,43,1
723,366,1
723,677,1
723,21,1
723,1726,1
723,635,1
723,47,1
723,148,1
723,265,1
723,1729,1
723,57,1
723,78,1
723,73,1
723,0,1
723,1165,1
723,338,1
724,112,1
724,759,1
724,41,1
724,687,6
724,12,2
724,0,6
724,97,1
724,691,2
724,1414,1
724,24,1
724,1239,1
724,413,1
724,463,2
724,187,1
724,501,1
724,1696,1
724,1760,1
724,261,1
724,8,4
724,4,2
724,1190,1
724,1972,1
724,297,1
724,53,1
724,634,1
724,506,1
724,11,2
724,123,1
724,5,2
724,181,1
724,178,1
724,259,1
724,1875,1
724,6,2
724,70,1
724,1048,1
724,2255,1
724,155,1
724,107,1
724,71,1
724,425,1
724,76,1
724,389,2
724,496,1
724,305,1
724,148,1
724,263,1
724,62,1
724,644,1
724,577,1
724,944,1
724,7,1
724,636,1
724,615,1
724,264,1
725,907,3
725,136,2
725,773,2
725,453,1
725,525,2
725,2004,1
725,9,1
725,41,1
725,74,2
725,22,2
725,1601,1
725,209,1
725,128,1
725,115,1
725,1221,1
725,1462,1
725,1131,2
725,0,5
725,3,2
725,603,1
725,15,1
725,292,1
725,97,1
725,1824,1
725,20,1
725,1237,1
725,872,1
725,1919,1
725,2295,1
725,1606,1
725,2232,1
725,10,1
725,13,1
725,4,1
725,100,1
725,2255,1
725,2414,1
725,1049,1
725,664,1
725,275,1
725,1440,1
725,1084,2
725,1078,1
725,2395,1
726,2,1
726,110,1
726,323,1
726,1856,1
726,243,1
726,2219,1
726,34,1
726,1,1
726,1054,1
726,381,1
726,564,1
726,2267,1
726,1342,1
726,651,1
726,361,1
726,107,1
726,1635,1
726,321,1
726,207,1
726,1789,1
726,2222,1
726,2239,1
726,910,1
726,19,1
726,64,1
726,117,1
726,75,1
726,212,1
726,1525,1
726,11,1
726,8,1
726,4,1
726,562,1
726,2348,1
726,1584,1
726,1609,1
726,135,1
726,386,1
726,197,1
726,282,1
726,2235,1
726,925,1
726,188,1
726,2241,1
727,125,1
727,1185,1
727,556,1
727,1984,1
727,34,1
727,3,2
727,471,2
727,836,1
727,0,3
727,330,1
727,1207,1
727,2076,1
727,1438,1
727,2138,1
727,155,1
727,1483,1
727,6,2
727,445,1
727,463,1
727,233,1
727,1049,1
727,664,1
727,2020,2
727,1494,1
727,1002,1
727,145,1
727,1271,1
727,258,1
727,769,1
727,1214,1
727,236,1
727,134,1
727,270,1
727,1838,1
727,523,1
727,157,1
727,283,1
727,94,1
727,837,1
727,1910,1
727,698,1
727,1029,1
727,373,1
728,40,1
728,2008,1
728,1199,1
728,95,1
728,133,1
728,847,1
728,1283,1
728,2190,1
728,2251,1
728,107,1
728,1181,1
728,1201,1
728,442,1
728,211,1
728,52,2
728,7,2
728,181,1
728,178,1
728,35,1
728,23,1
728,0,1
728,468,1
728,34,1
728,45,1
728,5,3
728,781,2
728,923,2
728,946,2
728,150,1
728,894,1
728,1479,1
728,258,2
728,272,1
728,9,1
728,145,1
728,17,1
728,440,1
728,467,1
728,1555,1
728,1429,1
728,53,1
728,1159,1
729,2,1
729,540,1
729,811,1
729,572,1
729,906,1
729,1188,2
729,1695,1
729,490,1
729,1975,1
729,2054,1
729,188,1
729,1129,1
729,584,1
729,1699,1
729,3,1
729,316,1
729,171,1
729,1700,1
729,510,1
729,119,1
729,2041,1
729,1728,1
729,2375,1
729,319,1
729,820,1
729,116,1
729,1272,1
729,699,1
729,1248,1
729,2267,1
729,259,1
729,952,1
729,2261,1
729,810,1
729,146,1
729,1546,1
730,20,2
730,7,1
730,2120,1
730,551,2
730,325,1
730,45,1
730,941,2
730,40,1
730,96,1
730,640,1
730,1106,1
730,1645,1
730,122,1
730,21,1
730,261,1
730,8,1
730,123,1
730,2387,1
731,124,1
731,1414,1
731,1278,1
731,66,1
731,1431,1
731,380,1
731,0,1
731,736,1
731,1911,1
731,1426,1
731,668,1
731,42,1
731,165,1
731,212,1
731,1524,1
731,1146,1
731,181,1
731,178,1
731,796,1
731,1147,1
731,186,2
731,2451,1
731,520,1
731,1098,1
731,1597,1
731,3,1
731,147,2
731,136,2
731,528,1
731,2375,1
731,114,1
731,119,1
732,2,1
732,110,1
732,1,1
732,488,1
732,477,1
732,811,1
732,1626,1
732,187,3
732,66,1
732,40,1
732,312,1
732,256,2
732,756,1
732,1556,1
732,165,1
732,135,1
732,623,1
732,802,1
732,72,1
732,107,1
732,1635,1
732,321,1
732,207,1
732,1300,1
732,24,1
732,647,1
732,476,1
732,2391,1
732,897,1
732,1010,1
733,755,2
733,589,2
733,1198,1
733,846,1
733,599,1
733,543,1
733,623,1
733,636,2
733,1033,1
733,0,2
733,443,1
733,979,1
733,14,1
733,734,1
733,907,1
733,1131,1
734,40,1
734,1201,1
734,2008,1
734,149,1
734,2108,1
734,772,1
734,1287,1
734,1704,1
734,1786,1
734,17,1
734,308,1
734,699,1
734,12,3
734,677,1
734,3,1
734,959,1
734,75,2
734,327,1
734,0,1
734,144,1
734,2206,1
734,113,1
734,258,1
734,1937,1
734,1715,1
734,1967,1
734,1928,1
734,892,1
734,143,1
734,238,3
734,755,1
734,1770,1
734,278,1
734,1173,4
734,880,1
734,1177,1
734,2164,1
734,259,1
734,130,1
734,28,1
734,2039,1
734,11,2
734,8,2
734,276,1
734,953,1
734,1239,2
734,799,2
734,47,1
734,30,1
734,264,1
734,24,1
735,11,1
735,60,1
735,1016,1
735,6,1
735,409,1
735,27,1
735,1553,2
735,73,1
735,474,1
735,536,1
735,226,1
735,185,1
735,181,1
735,178,1
735,979,1
736,709,1
736,2167,1
736,322,1
736,19,1
736,64,1
736,117,1
736,4,1
736,605,1
736,756,1
736,12,2
736,1165,2
736,1770,1
736,45,1
736,108,1
736,1414,1
736,1282,1
736,1541,1
736,759,1
736,2250,1
736,18,1
736,264,1
737,5,1
737,12,1
737,17,1
737,2166,1
737,59,2
737,19,2
737,1172,1
737,905,1
737,2335,1
737,36,1
737,384,1
737,1690,1
737,207,1
737,763,1
737,950,1
737,1057,1
737,827,1
737,6,1
737,840,1
737,20,1
737,1271,1
737,11,1
737,8,1
737,4,1
737,782,1
737,283,1
737,0,2
737,15,1
737,120,1
737,42,1
737,209,1
737,1299,1
737,1999,1
737,1651,1
737,249,1
738,2,1
738,385,1
738,312,1
738,811,1
738,187,1
738,1227,1
738,756,1
738,912,1
738,922,1
738,391,1
738,821,1
738,11,1
738,8,1
738,143,1
738,1,1
738,842,1
738,12,1
738,1920,1
738,361,1
738,3,1
738,342,1
738,180,1
738,0,1
738,307,1
738,2017,2
738,57,1
738,78,1
738,766,1
738,194,1
738,256,1
738,244,1
739,154,1
739,223,1
739,249,1
739,122,1
739,0,3
739,1053,1
739,1617,1
739,503,1
739,94,1
739,1594,1
739,696,1
739,433,1
739,3,1
739,2403,1
739,769,1
739,520,1
739,1,2
739,782,1
739,131,1
739,391,1
739,66,1
739,807,1
739,1274,1
739,1407,1
739,368,1
739,1351,1
739,248,1
739,2002,1
739,294,1
739,12,1
739,291,1
739,419,2
739,1483,1
739,108,1
739,4,1
739,533,1
739,768,1
739,1733,1
739,26,1
739,46,1
739,37,1
739,1463,1
739,7,1
739,961,1
739,627,1
739,79,1
739,2330,1
739,764,1
740,2,1
740,601,1
740,0,2
740,2120,1
740,551,1
740,398,1
740,2110,1
740,912,1
740,297,1
740,172,1
740,1,3
740,548,1
740,834,1
740,4,1
740,1057,1
740,1003,3
740,298,1
740,64,2
740,152,1
740,18,5
740,31,2
740,1443,1
740,150,1
740,444,1
740,327,1
740,72,1
740,447,1
740,191,1
740,1024,1
741,124,1
741,810,1
741,243,2
741,1811,1
741,408,1
741,0,4
741,15,1
741,1343,1
741,5,1
741,465,1
741,150,1
741,2378,1
741,1504,1
741,1839,1
741,937,1
741,709,1
741,1982,1
741,682,1
741,622,1
741,107,1
741,1,1
741,7,1
741,968,1
741,1709,1
741,1805,1
741,75,1
741,882,1
742,11,1
742,8,1
742,143,1
742,1132,1
742,3,1
742,783,1
742,492,1
742,275,1
742,649,1
742,1886,1
742,1426,1
742,9,2
742,525,1
742,1147,1
742,114,1
742,41,1
742,1356,1
742,12,2
742,263,2
742,62,2
742,406,1
743,2,1
743,462,1
743,1220,1
743,666,1
743,785,1
743,3,1
743,1660,1
743,185,1
743,829,1
743,1,2
743,91,1
743,85,1
743,1625,1
743,121,1
743,507,1
743,12,1
743,975,1
743,1350,1
743,113,1
743,771,1
743,150,1
743,251,1
743,1427,1
743,387,1
743,0,1
743,901,1
743,366,1
743,1608,1
743,2106,1
743,283,1
743,43,1
743,1678,1
743,1177,1
743,2164,1
743,18,1
743,47,1
743,143,1
743,521,2
743,373,1
743,652,1
743,1496,1
743,806,1
743,594,1
743,157,1
743,1575,1
744,112,1
744,1826,1
744,2348,1
744,505,1
744,1,2
744,29,1
744,909,1
744,166,1
744,715,1
744,0,1
744,1154,1
744,468,1
744,478,1
744,302,1
744,584,1
744,845,1
744,2112,1
744,830,1
744,932,1
744,581,1
744,191,1
744,19,1
744,64,1
744,117,1
744,123,1
744,453,1
745,2,1
745,189,1
745,0,5
745,166,1
745,62,3
745,66,1
745,807,1
745,334,1
745,290,1
745,1034,1
745,971,1
745,2231,1
745,36,1
745,2378,1
745,365,1
745,977,1
745,1589,2
745,297,1
745,101,1
745,1915,1
745,1796,1
745,451,1
745,1680,1
745,2232,1
745,312,1
745,622,1
745,390,1
745,182,1
745,4,1
745,115,1
745,5,1
745,318,1
745,1376,1
745,308,1
745,2279,1
745,76,1
745,1488,1
745,706,1
745,1,1
745,1053,1
745,1552,1
745,31,1
746,2136,1
746,269,1
746,6,1
746,608,1
746,18,3
746,17,1
746,282,1
746,751,1
746,232,1
746,953,1
747,2,1
747,385,1
747,321,1
747,207,1
747,41,1
747,591,1
747,482,1
747,1350,1
747,2028,1
747,12,1
747,263,1
747,2141,1
747,2239,1
747,1066,1
747,301,1
747,342,1
747,180,1
747,72,1
747,198,1
747,146,1
748,2,1
748,1058,1
748,177,1
748,283,1
748,0,3
748,15,2
748,120,2
748,213,1
748,623,1
748,1,2
748,602,2
748,919,2
748,34,1
748,1914,1
748,27,3
748,381,1
748,1521,2
748,44,1
748,1833,1
748,14,3
748,809,1
748,891,1
748,2295,2
748,20,2
748,1500,1
748,336,1
748,2323,1
748,208,1
748,1711,1
748,159,1
748,3,2
748,691,1
748,2374,2
748,6,1
748,1054,1
748,428,1
748,10,1
748,101,1
748,37,1
748,42,2
748,1445,1
748,83,2
748,2140,1
748,977,1
748,1515,1
748,974,1
748,407,1
748,644,1
748,2441,1
748,181,3
748,178,3
748,5,2
748,341,1
748,166,1
748,21,1
748,1770,1
748,11,1
748,268,1
748,666,1
748,339,1
748,901,2
748,149,1
748,1417,1
748,87,1
748,1740,1
748,7,1
748,405,1
748,735,1
748,366,1
748,1608,1
748,562,1
748,169,1
748,1609,1
748,683,1
748,49,1
748,1621,1
748,430,1
749,1473,1
749,2381,2
749,709,1
749,1033,1
749,1198,2
749,846,1
749,561,2
749,759,1
749,41,1
749,213,1
749,856,1
749,876,1
749,42,1
749,547,1
749,455,1
749,2068,1
749,453,1
749,9,1
749,907,1
749,1131,1
749,421,1
749,192,1
749,1727,1
749,1194,1
749,14,1
749,29,1
749,217,1
749,24,1
749,713,1
750,2,1
750,1256,2
750,933,2
750,9,1
750,1253,1
750,95,4
750,668,1
750,1283,1
750,2190,1
750,159,2
750,958,2
750,1267,2
750,725,1
750,2054,1
750,42,1
750,985,1
750,185,1
750,194,1
750,59,2
750,101,1
750,37,1
750,772,1
750,872,1
750,554,1
750,1440,1
750,11,2
750,268,1
750,301,1
750,12,2
750,622,1
750,8,1
750,4,1
750,745,1
750,6,1
750,213,1
751,125,1
751,75,1
751,1426,1
751,9,1
751,192,1
751,1031,1
751,24,1
751,1239,1
751,27,1
751,623,2
751,802,1
751,0,2
751,599,1
751,733,1
751,1473,1
751,864,1
751,443,1
751,1301,1
751,992,1
751,539,1
751,455,1
751,19,1
751,933,1
751,474,1
751,299,1
751,45,1
751,1300,1
751,1006,1
751,5,1
751,7,1
751,308,1
752,2,1
752,190,1
752,420,1
752,843,2
752,811,2
752,0,3
752,66,1
752,1583,1
752,2051,1
752,94,1
752,1139,1
752,319,1
752,966,2
752,2053,3
752,2251,1
752,11,1
752,8,2
752,4,2
752,120,1
752,33,1
752,1750,1
752,17,1
752,15,1
752,261,1
752,305,1
752,2356,1
752,1479,1
752,649,1
752,2235,1
752,1165,1
752,442,2
752,211,2
752,52,1
752,1526,1
752,718,1
752,37,1
752,725,1
752,2054,2
752,45,1
752,1996,1
752,592,1
752,74,2
752,22,2
752,963,1
752,2265,1
752,227,1
752,1088,1
752,2409,1
752,14,1
752,447,1
752,42,1
752,259,1
752,148,1
752,952,1
752,31,1
752,49,1
752,426,1
752,2222,1
752,88,1
752,1163,1
752,880,1
752,47,1
752,1693,1
752,1796,1
753,40,1
753,525,1
753,1034,1
753,93,1
753,9,1
753,1644,1
753,1061,1
753,1133,1
753,405,1
753,1019,1
753,775,1
753,1582,3
753,12,1
753,328,1
753,744,1
753,1280,1
753,1,1
753,61,1
753,1325,1
753,539,1
753,1330,1
753,571,1
753,352,2
753,1704,1
753,5,1
753,1532,1
753,87,1
753,359,1
753,7,1
753,1659,1
753,1004,1
753,1804,1
753,597,1
753,496,1
753,665,1
753,832,1
753,428,1
753,107,1
753,1635,1
753,321,1
753,207,1
753,2258,1
753,491,1
754,2,1
754,146,1
754,1277,1
754,1452,1
754,17,1
754,543,1
754,1764,1
754,243,1
754,356,1
754,1719,1
754,1998,1
754,45,1
754,12,1
754,5,1
754,782,1
754,227,1
754,4,1
754,1247,1
754,1523,1
755,821,1
755,11,1
755,1108,1
755,2266,1
755,21,1
755,2325,1
755,970,2
755,535,1
755,119,1
755,455,1
755,19,1
755,4,1
755,845,1
755,1054,1
755,381,1
755,264,1
755,1734,1
755,32,1
755,832,1
755,208,1
755,18,1
755,155,1
755,699,1
755,12,1
755,256,1
755,113,1
755,771,2
755,1273,1
755,132,2
755,1259,1
755,135,1
755,149,2
755,1048,1
755,24,1
755,1239,1
755,75,1
755,882,1
755,17,1
755,2396,1
755,1564,1
755,474,1
755,1094,1
755,1056,1
755,2430,2
755,317,1
755,1190,1
755,0,2
755,339,1
755,803,1
755,45,1
755,731,1
755,1064,1
755,850,1
755,7,2
755,166,1
755,359,1
755,267,1
755,1848,1
755,34,1
755,691,1
756,106,1
756,163,1
756,1497,2
756,2266,1
756,1709,1
756,243,1
756,2030,3
756,1521,1
756,28,1
756,333,1
756,1414,1
756,508,1
756,1479,1
756,11,1
756,8,1
756,305,1
756,149,1
756,2267,2
756,1342,1
756,107,2
756,391,1
756,0,5
756,337,1
756,31,1
756,74,4
756,22,4
756,1450,1
756,1006,1
756,5,1
756,463,1
756,381,1
756,376,1
756,1,1
756,239,1
756,9,1
756,41,1
756,940,1
756,115,1
756,359,1
756,1453,1
756,1388,1
756,2384,1
756,2418,1
756,1371,1
756,1827,1
756,2017,1
756,3,2
756,20,1
756,33,1
756,1143,1
756,642,1
756,944,1
756,2283,1
756,1641,1
756,273,1
756,130,1
756,634,1
756,1626,1
756,720,1
757,2,1
757,170,1
757,2439,1
757,45,1
757,1996,1
757,592,1
757,1209,1
757,493,1
757,783,4
757,1342,1
757,482,1
757,333,1
757,1653,1
757,32,1
757,2416,2
757,2197,1
757,866,1
757,1,2
757,0,1
757,192,1
758,353,1
758,1371,1
758,1745,2
758,2319,1
758,273,2
758,0,3
758,56,2
758,413,1
758,333,1
758,5,1
758,2395,1
758,2,2
758,1626,1
758,861,1
758,30,1
758,1,3
758,959,1
758,75,1
758,2083,2
758,478,1
758,1021,1
758,29,1
758,19,1
758,1442,1
758,1297,1
758,1845,5
758,24,1
758,1239,1
758,1972,1
758,964,3
758,45,1
758,14,1
758,1680,1
758,706,1
758,1894,1
758,202,1
758,1252,2
758,946,1
758,15,1
758,854,1
758,2367,1
758,47,1
758,897,1
758,2139,1
759,2,1
759,190,1
759,243,1
759,2208,1
759,9,1
759,41,1
759,1860,1
759,12,1
759,1,2
759,2255,1
759,1319,1
759,1949,1
759,318,1
759,364,1
759,112,1
759,75,1
759,373,1
759,34,1
759,304,1
759,0,1
759,987,1
759,1259,1
759,649,1
759,6,1
759,1337,2
759,47,2
759,1167,1
759,867,1
759,7,1
759,843,1
759,1429,1
759,105,1
759,124,1
759,333,1
759,855,1
759,1720,1
760,907,1
760,1,1
760,206,1
760,2054,1
760,228,1
760,4,1
760,547,1
760,236,1
760,134,1
760,137,1
760,980,1
760,1800,1
760,1177,1
760,2164,1
761,1020,3
761,913,1
761,358,1
761,367,1
761,2,1
761,2266,1
761,1709,1
761,595,2
761,1555,1
761,34,1
761,1638,1
761,213,1
761,924,1
761,1392,2
761,114,1
761,187,1
761,19,1
761,64,2
761,117,1
761,4,1
761,1505,1
761,809,1
761,562,2
761,59,1
761,1190,2
761,0,2
761,2134,2
761,1343,2
761,5,2
761,464,2
761,177,2
761,1011,1
761,900,1
761,705,1
761,65,1
761,35,1
761,947,1
761,1,1
761,91,1
761,85,1
761,2321,1
761,1164,1
761,90,1
761,68,1
761,74,1
761,22,1
761,571,1
761,2062,1
761,7,1
761,2267,1
761,33,1
761,1111,1
761,619,1
761,13,1
761,12,1
761,2010,1
761,112,1
761,2271,1
761,413,1
761,360,1
761,261,1
761,8,1
761,162,1
761,812,1
761,2442,1
762,107,1
762,391,1
762,0,3
762,1054,1
762,75,1
762,535,1
762,24,1
762,1239,1
762,28,3
762,7,1
762,1695,1
762,970,1
762,187,1
762,1016,1
762,1101,1
762,1,3
762,91,2
762,85,2
762,2028,1
762,1206,1
762,413,1
762,121,1
762,649,1
762,4,1
762,883,2
762,17,1
762,15,1
762,12,2
762,30,2
762,130,1
762,549,1
762,1105,1
762,83,1
762,248,1
762,1429,1
762,1859,1
762,1588,1
762,2266,1
763,135,1
763,2239,1
763,31,1
763,381,1
763,0,2
763,1057,1
763,22,1
763,1911,1
763,1111,1
763,114,1
763,1307,1
763,1523,1
763,5,1
763,147,1
763,136,1
763,11,1
763,8,1
763,421,1
763,84,1
763,59,1
763,1,1
763,445,1
763,463,1
763,56,1
763,34,1
763,47,1
763,1529,1
764,71,2
764,766,1
764,2219,1
764,216,1
764,102,1
764,11,1
764,8,1
764,1272,1
764,2208,1
764,12,2
764,573,1
764,1278,1
764,34,2
764,2174,1
764,187,1
764,2241,1
764,296,1
764,303,1
764,0,1
764,2267,1
764,33,1
764,1190,1
764,508,1
764,2349,1
764,157,1
764,2225,1
764,1160,1
764,1092,1
764,1106,1
764,21,2
764,3,1
764,891,2
764,1722,1
764,522,1
764,1849,1
764,2441,1
764,2325,1
764,107,1
764,1635,1
764,312,1
764,7,1
764,342,1
764,180,1
764,2029,1
764,1192,1
764,50,1
765,260,1
765,2132,1
765,130,2
765,28,2
765,84,2
765,12,2
765,185,1
765,256,1
765,1648,1
765,1532,1
765,394,1
765,50,1
765,2,1
765,462,1
765,104,1
765,421,1
765,1794,1
765,564,1
765,2439,1
765,42,1
765,2335,1
765,238,1
765,755,1
765,1173,1
765,1840,1
765,2044,1
765,453,1
765,1192,1
765,963,1
765,39,1
766,40,1
766,96,1
766,147,1
766,136,1
766,675,1
766,1614,1
766,525,1
766,286,1
766,677,1
766,1138,1
766,8,1
766,1225,1
766,3,1
766,1564,1
766,0,2
766,471,1
766,12,1
766,20,1
766,240,1
766,1187,1
766,119,1
766,1630,1
766,907,1
766,1131,1
766,2384,1
766,1181,1
766,39,1
766,4,1
766,1236,1
766,982,1
766,1715,1
766,1555,1
766,44,1
766,239,1
766,1,1
766,91,1
766,85,1
766,2310,1
766,161,1
766,526,1
766,42,1
766,1621,1
766,522,1
766,618,1
766,867,1
766,1438,1
767,2,1
767,110,1
767,1982,1
767,276,1
767,238,2
767,755,1
767,542,1
767,1264,1
767,715,1
767,1570,1
767,237,3
767,1198,1
767,846,1
767,891,1
767,599,1
767,1342,1
767,1757,1
767,351,1
767,1,2
767,1462,1
767,11,1
767,143,1
767,1301,1
767,992,1
767,539,1
767,455,1
767,19,1
767,33,1
767,2165,1
767,157,1
767,437,1
768,2,1
768,190,1
768,811,1
768,2030,1
768,463,2
768,675,1
768,131,1
768,313,1
768,20,1
768,66,1
768,1531,1
768,0,4
768,56,1
768,595,1
768,49,1
768,703,1
768,471,1
768,2378,1
768,15,1
768,42,1
768,1218,1
768,2295,1
768,968,1
768,181,1
768,178,1
768,5,1
768,445,1
768,381,1
768,234,1
768,2080,1
768,83,1
768,713,1
768,977,1
768,1481,1
768,1111,1
768,46,1
768,12,1
768,2168,1
768,1429,1
768,53,1
769,125,1
769,601,1
769,1625,1
769,944,1
769,636,1
769,0,2
769,2180,1
769,364,1
769,1640,1
769,94,1
769,779,1
769,3,1
769,958,1
769,796,1
769,4,2
769,445,1
769,1539,1
769,21,1
769,11,1
769,8,1
769,1225,1
769,366,1
769,735,1
769,2387,1
770,124,1
770,1244,1
770,130,1
770,28,2
770,30,1
770,1494,1
770,1002,1
770,838,1
770,590,1
770,837,1
770,234,1
770,1114,1
770,31,1
770,964,1
770,881,1
770,46,1
770,1996,1
770,592,1
770,0,1
770,404,1
770,318,1
770,44,1
770,239,1
770,84,1
770,1202,1
770,259,1
770,1635,1
770,321,1
770,207,1
770,715,1
770,1666,1
770,73,1
770,1055,1
770,561,1
770,986,1
771,252,1
771,0,1
771,967,1
771,1545,1
771,890,1
771,2,1
771,131,1
771,313,1
771,16,1
771,630,1
771,250,2
771,167,2
771,65,1
771,35,1
771,945,2
771,139,1
771,177,1
771,861,1
771,737,1
771,1773,1
771,534,1
771,883,1
771,1047,1
771,68,1
771,3,1
771,306,1
771,665,1
771,113,1
771,370,1
771,1076,1
772,552,1
772,1750,1
772,353,1
772,151,1
772,383,1
772,1977,1
772,553,1
772,1695,1
772,7,1
772,199,1
772,273,1
772,0,3
772,571,2
772,847,1
772,208,1
772,1788,1
772,635,1
772,5,1
772,91,1
772,85,1
772,1,1
772,129,1
772,1802,1
772,45,1
772,12,1
772,263,1
772,62,1
772,644,1
772,926,1
772,1236,1
772,57,2
772,78,2
772,359,1
772,282,1
772,1336,1
773,40,1
773,96,1
773,153,1
773,174,1
773,1016,1
773,668,1
773,2268,1
773,46,4
773,891,1
773,401,3
773,59,1
773,337,1
773,17,1
773,205,2
773,378,1
773,865,1
773,49,1
773,833,1
773,1161,1
773,25,1
773,6,2
773,149,1
773,609,1
773,2361,1
773,1073,1
773,154,1
773,31,2
773,1494,1
773,1002,1
773,2258,1
773,1718,1
773,479,1
773,1735,1
773,683,1
774,125,1
774,1616,2
774,21,1
774,3,2
774,430,1
774,2442,1
774,445,2
774,599,1
774,4,2
774,1154,1
774,45,1
774,759,2
774,1714,1
774,763,1
774,7,3
774,15,2
774,820,1
774,2149,1
774,31,1
774,389,2
774,375,1
774,2283,1
774,677,1
774,44,1
774,1741,1
774,0,4
774,901,1
774,366,1
774,549,1
774,907,2
774,1745,1
774,899,2
774,1,1
774,1914,1
774,1450,1
774,703,1
774,683,3
774,1879,1
774,400,1
774,84,1
774,1131,1
774,37,2
774,19,1
774,405,1
774,941,1
774,487,1
774,359,1
774,2371,1
774,595,1
774,94,1
774,1167,1
775,552,1
775,2010,1
775,1584,1
775,187,1
775,1796,1
775,0,16
775,1504,4
775,18,1
775,1734,1
775,210,1
775,2396,5
775,1564,5
775,47,1
775,43,1
775,1950,3
775,2029,2
775,1190,1
775,125,1
775,459,1
775,94,1
775,2453,1
775,381,1
775,1529,1
775,45,1
775,867,1
775,821,1
775,107,1
775,1827,1
775,236,1
775,134,1
775,1518,1
775,21,1
775,71,1
775,1,3
775,66,1
775,1413,2
775,2132,1
775,336,1
775,14,1
775,165,2
775,505,1
775,615,3
775,1265,1
775,1919,1
775,41,1
775,20,1
775,32,1
775,11,1
775,8,1
775,954,1
775,271,1
775,2176,1
775,1396,1
776,2,1
776,540,1
776,2303,1
776,34,1
776,45,1
776,652,1
776,1372,1
776,49,1
776,1621,1
776,11,1
776,8,2
776,4,2
776,130,1
776,28,1
776,12,1
776,1920,1
776,259,1
776,769,1
776,261,1
776,162,1
776,1739,1
776,0,1
776,148,1
776,293,1
776,55,1
776,386,1
777,2,1
777,110,1
777,323,1
777,356,1
777,464,1
777,1963,1
777,2255,1
777,0,4
777,187,1
777,139,1
777,2408,1
777,1767,1
777,122,2
777,8,1
777,4,1
777,405,1
777,941,1
777,60,1
777,12,1
777,2188,1
777,2447,1
777,945,1
777,735,1
777,176,1
777,3,2
777,1499,1
777,1,1
777,642,1
777,944,1
777,73,2
777,130,1
777,28,1
777,460,1
777,29,1
777,1417,1
777,6,1
777,2235,1
777,296,1
777,304,1
777,199,1
777,496,1
777,2189,1
778,125,1
778,757,1
778,682,1
778,243,1
778,675,1
778,177,1
778,535,1
778,1,6
778,91,2
778,85,2
778,2334,2
778,479,1
778,809,2
778,704,2
778,701,1
778,57,1
778,78,1
778,1927,1
778,705,2
778,691,1
778,473,1
778,461,1
778,97,1
778,115,1
778,48,1
778,2306,1
778,335,3
778,2238,1
778,339,1
778,0,2
778,602,2
778,1310,1
778,579,1
778,1052,1
778,831,1
778,114,1
778,73,1
778,8,1
778,309,2
778,42,1
778,132,1
778,5,1
778,221,1
778,172,1
779,40,1
779,96,1
779,2114,1
779,1209,1
779,1651,1
779,1201,4
779,358,1
779,2008,1
779,1167,1
779,2442,1
779,827,1
779,2072,1
779,59,1
779,521,1
779,1421,1
780,40,1
780,590,1
780,9,1
780,41,1
780,260,1
780,197,1
780,1914,1
780,677,1
780,1109,1
780,435,1
780,2335,1
780,12,1
780,30,1
780,1494,1
780,1002,1
780,2258,1
780,298,1
780,985,1
781,1194,3
781,382,2
781,28,3
781,916,1
781,1347,1
781,304,1
781,1291,1
781,108,1
781,1146,1
781,84,1
781,443,1
781,617,1
781,497,1
781,599,1
781,4,1
781,2105,2
781,1339,1
781,845,1
781,5,1
781,1377,1
781,213,1
781,917,1
781,0,1
781,130,1
781,1458,2
781,522,1
781,2219,1
782,71,1
782,595,2
782,7,2
782,342,1
782,180,1
782,1384,1
782,364,1
782,187,1
782,1376,1
782,88,2
782,221,1
782,1444,1
782,940,1
782,115,1
782,691,1
782,1833,1
782,11,1
782,8,2
782,4,2
782,21,1
782,1,2
782,66,2
782,2176,1
782,1396,1
782,31,3
782,45,1
782,899,1
782,0,1
782,960,1
782,1949,1
782,1011,1
782,12,1
782,2188,1
782,28,1
782,50,1
782,33,2
782,411,1
782,1048,1
782,562,1
782,1504,1
782,521,1
782,2365,1
782,49,1
782,1515,1
782,1555,1
782,34,2
782,2451,1
782,62,1
782,1371,1
782,1702,1
782,524,1
782,60,1
782,855,1
782,14,1
782,65,1
782,35,1
782,870,1
782,649,1
782,835,1
782,383,1
782,2017,1
782,1413,1
782,2029,1
782,373,1
782,1724,1
782,985,1
782,657,1
782,1160,1
782,107,1
782,2062,1
782,317,1
782,30,1
782,735,1
782,1337,1
782,159,1
782,766,1
782,536,1
783,2,1
783,110,1
783,323,1
783,1896,1
783,780,1
783,258,1
783,9,1
783,567,1
783,598,1
783,143,1
783,378,1
783,707,1
783,1205,1
783,714,1
783,1473,1
783,221,1
783,42,1
783,1136,1
784,278,1
784,12,1
784,591,1
784,1165,1
784,1298,1
784,28,3
784,2378,2
784,2253,1
784,2342,1
784,2149,1
784,8,2
784,371,1
784,145,1
784,1917,1
784,869,1
784,1870,1
784,471,1
784,2374,1
784,14,1
784,1,2
784,148,1
784,282,1
784,369,1
784,2138,1
784,11,1
784,426,1
784,7,1
784,305,1
784,130,2
784,20,1
784,248,1
784,2002,1
784,408,1
784,994,1
784,727,1
784,22,1
784,1064,1
784,121,1
784,2303,1
784,1470,1
784,623,1
784,820,1
784,852,1
784,667,1
784,6,1
784,469,1
784,141,1
785,2384,1
785,1181,1
785,39,1
785,4,1
785,1450,1
785,32,1
785,389,2
785,359,1
785,7,1
785,843,1
785,321,1
785,207,1
785,0,2
785,2098,1
785,2207,1
785,1999,1
785,2080,2
785,11,1
785,8,1
785,756,1
785,1725,1
785,1243,1
785,2234,1
785,2442,1
785,1038,1
785,34,1
785,408,1
785,148,1
785,952,1
785,977,1
785,1597,1
785,1111,1
785,585,1
786,0,1
786,2308,1
786,299,1
786,12,2
786,1643,1
786,963,1
786,24,1
786,2,1
786,677,1
786,1109,1
786,292,1
786,460,1
786,1332,1
786,1368,1
786,1917,1
786,84,1
786,352,1
786,2311,1
786,666,1
786,976,1
786,28,2
786,1888,1
786,181,1
786,178,1
786,1,1
786,130,2
786,1445,1
786,11,1
786,8,1
786,1486,1
786,1177,1
786,2164,1
786,922,1
786,52,1
787,19,2
787,1064,1
787,4,1
787,1496,1
787,806,1
787,1645,1
787,122,1
787,601,1
787,3,4
787,12,1
787,108,1
787,21,2
787,1950,1
787,119,1
787,24,1
787,2,1
787,173,1
787,1928,1
787,149,1
787,642,1
787,944,1
787,2264,1
787,1490,3
787,2283,1
787,45,1
787,59,1
787,337,1
787,161,1
787,526,1
787,1690,1
787,1894,1
787,1952,1
787,169,1
787,159,1
787,524,1
787,5,1
787,105,1
787,1160,1
787,2418,1
787,1371,1
787,0,1
787,1,1
787,2401,1
787,716,1
787,1664,1
787,1441,1
787,720,1
788,125,1
788,2067,1
788,1992,1
788,672,1
788,409,1
788,27,1
788,1164,2
788,300,1
788,2342,1
788,11,1
788,8,1
788,543,1
788,341,1
788,1083,1
788,12,1
788,1740,1
788,148,1
788,221,1
788,31,1
788,101,1
788,1943,1
788,2321,1
788,249,1
788,34,1
788,2232,1
788,1244,1
788,119,1
788,1657,1
788,412,1
788,1742,1
788,208,1
788,1836,1
788,2084,1
788,84,1
788,2120,1
788,478,1
788,595,1
788,7,1
788,964,1
788,523,1
789,40,1
789,1614,2
789,9,2
789,1253,2
789,1994,3
789,172,1
789,1071,1
789,6,2
789,100,1
789,242,1
789,696,1
789,433,1
789,24,1
789,662,1
789,2005,1
789,1849,1
789,2441,1
789,1577,1
789,852,1
789,467,3
789,7,2
789,1705,2
789,57,1
789,78,1
789,2072,1
789,18,1
789,312,1
789,1045,1
789,925,1
789,773,1
790,2,1
790,540,1
790,2208,1
790,698,1
790,0,2
790,364,1
790,1728,1
790,2375,1
790,970,1
790,1020,1
790,1725,1
790,651,2
790,19,1
790,1286,1
790,1326,2
790,107,1
790,34,1
790,1339,1
790,1209,1
790,649,1
790,2235,1
790,605,1
790,353,4
790,1268,1
790,1190,1
790,1741,2
790,1625,1
790,2241,1
790,7,1
790,37,3
790,52,1
790,941,1
790,159,2
790,642,2
790,944,1
790,122,2
790,700,1
790,188,1
790,333,1
790,855,1
790,2029,1
791,811,2
791,364,1
791,187,1
791,1949,1
791,218,1
791,547,2
791,2277,1
791,12,1
791,263,1
791,62,1
791,667,1
791,203,1
791,0,2
791,2452,1
791,39,1
791,76,1
791,101,1
791,37,1
792,112,1
792,2110,3
792,778,1
792,149,1
792,642,4
792,944,2
792,2264,1
792,21,2
792,47,2
792,30,1
792,51,2
792,5,2
792,2157,1
792,1292,1
792,897,1
792,3,1
792,191,1
792,1628,1
792,1680,1
792,1750,1
792,1943,1
792,552,1
792,194,1
792,159,1
792,742,1
792,1871,2
792,217,1
792,42,1
792,1621,1
792,2065,1
792,208,1
792,560,1
792,387,1
792,0,1
792,1796,1
792,1071,1
792,262,1
792,1111,1
792,602,1
792,335,1
792,2271,1
792,177,1
793,24,1
793,2,1
793,173,1
793,40,1
793,96,1
793,1500,1
793,336,1
793,1640,1
793,94,1
793,22,7
793,809,2
793,1266,1
793,4,1
793,74,5
793,520,2
793,940,1
793,115,1
793,389,1
793,1,2
793,56,1
793,501,1
793,649,1
793,2235,1
793,964,2
793,1609,2
793,37,2
793,0,4
793,2240,1
793,7,1
793,30,1
793,571,1
793,6,1
793,2306,1
793,335,1
793,2423,1
793,231,1
793,1109,1
793,350,1
793,36,1
793,678,1
793,39,2
793,1225,1
793,562,1
793,1996,1
793,592,1
793,682,1
793,2192,1
793,59,1
793,43,1
793,331,1
793,292,1
793,543,1
793,3,1
793,42,1
793,1114,1
793,1454,1
793,250,1
793,167,1
794,390,1
794,182,1
794,1480,4
794,2002,1
794,125,1
794,824,1
794,180,1
794,40,1
794,9,1
794,2210,1
794,1747,1
794,677,1
794,1109,1
794,1284,1
794,1993,1
794,742,1
794,777,1
794,853,1
794,738,1
794,50,1
794,135,1
794,1077,1
794,65,1
794,35,1
794,449,1
794,441,1
794,220,1
794,781,1
794,923,1
794,416,1
794,6,1
794,1506,1
794,0,1
794,341,1
794,2351,1
794,33,1
794,805,1
794,684,1
794,632,1
794,946,1
794,162,1
794,764,1
794,45,1
795,112,1
795,1795,2
795,1272,2
795,3,3
795,48,2
795,23,2
795,340,1
795,127,1
795,0,1
795,264,1
795,2017,1
795,1138,1
795,8,1
795,12,1
795,2069,1
795,713,1
795,17,1
795,2091,1
795,204,1
795,5,1
795,2445,1
795,432,1
795,1443,1
795,1299,1
795,319,1
795,1353,1
795,408,1
795,994,1
795,1689,1
795,1639,1
795,368,1
795,627,1
795,2187,1
795,555,1
795,2344,1
795,461,1
796,2,1
796,170,1
796,487,1
796,1,1
796,2430,1
796,94,1
796,1972,1
796,17,1
796,1181,1
796,969,2
796,12,1
796,262,1
796,333,1
796,1168,1
796,1089,1
796,0,1
796,1604,1
797,748,1
797,365,1
797,62,1
797,95,1
797,168,1
797,1065,1
797,172,2
797,1912,1
797,410,1
797,1,1
797,786,1
797,559,1
797,4,1
797,241,1
797,1090,1
797,508,1
797,557,1
797,2095,1
797,195,1
797,1472,1
797,41,1
797,60,1
797,856,1
797,1325,1
797,1685,1
798,1257,1
798,1443,1
798,2210,2
798,1719,1
798,1427,1
798,748,1
798,456,1
798,91,1
798,85,1
798,1117,1
798,1375,1
798,497,1
798,717,1
798,129,1
798,978,1
798,1,1
798,2190,1
798,1331,1
798,121,1
798,828,1
798,1266,1
798,1612,1
799,318,1
799,44,1
799,66,1
799,894,1
799,0,4
799,594,2
799,572,1
799,933,1
799,633,1
799,2089,3
799,6,1
799,559,1
799,4,1
799,1501,1
799,1176,2
799,2389,2
799,387,2
799,29,1
799,1895,1
799,1434,1
799,2284,1
799,99,1
799,1860,1
799,820,1
799,33,1
799,2384,1
799,1181,1
799,159,1
800,1112,2
800,1,2
800,101,1
800,37,1
800,368,1
800,627,1
800,426,1
800,106,1
800,972,1
800,283,1
800,0,4
800,2414,1
800,503,1
800,94,1
800,1477,1
800,1095,1
800,677,1
800,928,1
800,39,1
800,143,1
800,865,1
800,578,1
800,151,1
800,12,1
800,1210,1
800,902,1
800,331,1
800,292,1
800,1788,1
800,635,1
800,25,1
800,479,1
800,1693,1
800,20,1
800,1134,1
800,1767,1
800,44,1
800,147,1
800,136,1
800,335,1
800,1516,1
800,1168,1
800,1641,1
800,495,1
800,300,1
800,963,1
800,210,1
800,139,1
800,2339,1
801,1560,1
801,2189,2
801,176,1
801,57,2
801,78,1
801,30,1
801,246,2
801,118,2
801,82,1
801,61,1
801,1325,1
801,998,1
801,84,1
801,0,1
801,352,2
801,234,1
801,31,3
801,19,1
801,2284,1
801,2291,1
801,436,1
802,705,1
802,1864,2
802,287,2
802,885,2
802,1581,1
802,577,1
802,571,1
802,1579,1
802,1394,1
802,2372,1
802,791,1
802,4,2
802,1046,1
802,18,1
802,1258,1
802,197,1
802,1707,1
802,731,1
802,8,1
802,294,1
802,27,1
802,1,1
802,682,1
802,390,1
802,182,1
802,15,1
802,1251,1
802,703,1
802,2079,1
802,415,1
802,83,1
802,2434,1
802,334,1
802,1773,1
802,534,1
802,883,1
802,850,1
802,1675,1
802,934,2
802,1327,1
802,7,1
802,1820,1
802,221,1
803,1307,1
803,24,1
803,2242,1
803,314,1
803,325,1
803,213,1
803,748,1
803,933,1
803,643,1
803,102,1
803,1254,1
803,978,1
803,25,1
803,1,2
803,440,1
803,284,1
803,415,1
803,1909,1
803,3,1
803,680,1
803,653,1
803,188,1
803,1349,1
803,55,1
803,209,1
803,750,1
803,186,1
803,911,1
803,2078,1
803,1087,1
803,7,1
804,124,1
804,326,1
804,288,1
804,819,1
804,177,1
804,906,1
804,809,1
804,1773,1
804,534,1
804,883,1
804,584,1
804,216,1
804,102,1
804,230,1
804,671,1
804,595,1
804,481,1
804,0,1
804,517,1
804,113,1
804,222,1
804,1076,2
804,988,2
804,1468,1
805,314,1
805,325,1
805,266,1
805,1,2
805,92,1
805,0,3
805,2104,1
805,522,1
805,620,1
805,760,1
805,3,1
805,680,1
805,653,1
805,1802,1
805,1579,1
805,1915,1
805,222,1
805,917,1
805,171,1
805,967,1
805,35,1
805,108,1
805,4,1
805,147,1
805,136,1
805,43,1
805,1240,1
805,1405,1
805,14,1
805,546,1
805,38,1
805,138,1
805,1366,1
805,1961,1
806,2,1
806,189,1
806,503,1
806,93,1
806,9,1
806,419,1
806,665,1
806,662,1
806,6,1
806,35,2
806,220,1
806,989,1
806,1505,1
806,1406,1
806,634,1
806,716,1
806,2109,1
807,2173,1
807,1039,1
807,2428,1
807,1266,1
807,715,1
807,1570,1
807,165,1
807,7,2
807,2044,1
807,864,1
807,52,1
807,133,1
807,11,1
807,305,1
807,259,1
807,1635,1
807,2232,1
807,2080,1
807,166,1
807,29,1
808,192,1
808,9,1
808,706,1
808,686,1
808,0,3
808,19,1
808,64,1
808,117,1
808,543,1
808,361,1
808,95,1
808,31,1
808,402,2
808,1606,1
808,1,1
808,547,1
808,1033,1
808,195,1
808,742,1
808,1096,1
808,432,1
808,84,1
808,1335,1
808,1229,1
808,318,1
808,213,1
808,572,1
808,1520,1
809,0,3
809,1,3
809,1931,1
809,488,1
809,477,1
809,2313,1
809,2352,1
809,21,1
809,740,1
809,1636,1
809,156,1
809,1314,1
809,1162,1
809,1178,1
809,251,1
809,2332,1
810,954,1
810,202,1
810,1710,1
810,1217,1
810,495,1
810,2354,1
810,315,1
810,400,1
810,29,1
810,127,1
810,1938,1
810,360,1
810,49,1
810,2246,1
810,39,1
810,4,1
810,1655,1
810,1452,1
810,356,1
810,17,1
810,342,1
810,180,1
810,1,1
810,1843,1
810,6,1
810,966,1
810,718,1
810,277,1
811,1,2
811,488,1
811,477,1
811,939,2
811,125,1
811,757,1
811,688,2
811,638,1
811,1776,2
811,18,3
811,12,2
811,34,1
811,9,1
811,536,1
811,264,1
811,24,1
811,1642,1
811,379,1
811,27,1
811,7,2
811,79,1
811,45,1
811,989,1
811,1226,1
811,1454,1
811,871,1
811,1032,1
811,1305,1
811,265,2
811,151,1
811,1026,1
811,1420,1
811,2155,1
811,119,1
811,569,1
811,567,1
811,337,1
811,1332,1
811,376,1
811,405,1
811,242,1
811,1446,1
811,13,1
811,198,1
811,1527,1
811,14,1
811,878,1
811,469,1
811,1205,1
811,1390,1
812,2,1
812,385,1
812,86,1
812,675,1
812,862,1
812,16,1
812,1121,1
812,21,1
812,1379,1
812,679,1
812,20,1
812,0,2
812,1867,1
812,230,1
812,98,1
812,1611,1
812,1504,1
812,1768,1
812,1849,1
812,105,1
812,1507,1
812,1209,1
812,719,2
812,280,1
812,10,1
812,13,1
812,92,1
812,1305,1
812,63,2
812,2187,1
812,1891,1
812,1,1
812,2174,1
812,1115,1
812,1081,1
812,2186,1
813,60,2
813,2172,1
813,949,1
813,392,2
813,2152,1
813,707,3
813,27,1
813,320,1
813,1714,1
813,138,1
813,18,3
813,333,1
813,226,1
813,524,1
813,5,1
813,440,1
813,1,1
813,79,1
813,598,1
813,371,1
813,1176,1
814,19,1
814,1064,1
814,1034,1
814,1673,1
814,550,1
814,1814,1
814,2281,1
814,1,1
814,781,1
814,923,1
814,1199,1
814,50,1
814,57,1
814,78,1
814,1015,1
814,394,1
814,6,1
814,11,1
814,8,1
814,4,1
814,900,1
814,23,2
814,114,1
814,12,2
814,1075,1
814,1302,1
814,1668,1
814,1373,1
814,699,1
814,1920,1
814,236,1
814,134,1
814,0,1
814,1057,1
815,2,1
815,77,1
815,422,2
815,235,2
815,507,1
815,1362,1
815,754,2
815,1169,1
815,91,1
815,884,1
815,4,1
815,240,1
815,1243,1
815,6,1
815,495,1
815,1462,1
815,1,2
815,306,1
815,1330,1
815,930,1
815,1528,1
815,1242,1
815,745,1
815,1717,1
815,192,1
815,1540,1
815,660,1
815,49,1
815,934,1
815,274,1
815,33,1
815,411,1
815,8,1
815,1486,1
815,88,1
815,1755,1
815,2199,1
816,121,1
816,1028,1
816,2063,1
816,324,1
816,1,2
816,91,1
816,85,1
816,65,1
816,35,1
816,50,1
816,697,1
816,205,1
816,46,1
816,88,1
816,452,1
816,7,1
816,2355,1
816,1595,1
816,1580,1
816,52,1
816,1047,1
816,86,1
816,0,1
816,2078,1
816,225,1
816,346,1
816,634,1
816,1822,1
817,808,2
817,39,1
817,162,1
817,798,1
817,1067,1
817,2,1
817,1255,1
817,486,1
817,1148,1
817,1545,1
817,1587,1
817,492,1
817,2309,1
817,2000,1
817,104,1
817,319,1
817,206,1
817,1617,1
817,503,1
817,637,2
817,84,1
817,2097,1
817,25,1
817,1781,1
817,1607,1
817,401,1
817,1252,1
817,0,1
817,15,1
817,8,1
817,628,1
817,34,1
817,7,1
817,158,1
817,1692,1
817,2233,1
817,360,1
817,1012,1
818,186,1
818,486,1
818,4,1
818,102,2
818,0,2
818,341,1
818,2288,1
818,54,1
818,18,1
818,331,1
818,292,1
818,64,1
818,152,1
818,2223,1
818,327,1
818,557,1
818,759,1
818,41,1
818,402,1
818,1825,1
818,103,1
818,2454,1
818,466,1
818,2354,1
818,681,1
818,195,1
818,266,1
818,1,1
818,2317,1
818,293,1
818,55,1
818,1225,1
818,1556,1
818,1079,1
818,1005,1
819,131,1
819,949,1
819,1798,1
819,311,1
819,1752,1
819,2,1
819,347,1
819,2097,1
819,103,1
819,14,1
819,0,1
819,2049,1
819,1265,1
819,710,1
819,172,1
819,361,1
819,557,1
819,1777,1
819,612,1
819,1009,1
819,430,1
819,1030,1
820,2,1
820,888,1
820,16,1
820,416,3
820,707,1
820,673,2
820,797,1
820,668,1
820,1714,1
820,1749,1
820,378,2
820,865,2
820,316,1
820,486,1
820,774,1
820,1995,1
820,195,1
820,291,1
820,753,1
820,1243,1
820,1938,1
820,11,1
820,8,1
820,143,1
820,6,1
820,26,1
820,1344,1
821,863,2
821,199,1
821,1411,1
821,293,1
821,55,1
821,4,1
821,498,1
821,824,2
821,658,1
821,604,1
821,530,1
821,371,1
821,1059,1
821,1288,2
821,439,1
821,1809,1
821,1631,1
821,1763,1
821,2095,1
821,264,1
821,1074,1
821,393,1
821,17,1
821,1834,1
821,2026,1
821,208,1
821,245,1
821,2158,1
821,544,1
821,2397,1
821,58,1
821,67,1
821,1,1
821,481,1
822,1297,1
822,4,1
822,1665,2
822,612,1
822,44,1
822,594,1
822,0,2
822,105,1
822,77,1
822,774,1
822,662,1
822,48,1
822,23,1
822,460,1
822,5,1
822,135,1
822,629,1
822,51,1
822,1615,3
822,1773,1
822,534,1
822,883,1
822,10,1
822,13,1
822,2086,1
822,380,1
822,1344,1
822,42,1
822,1420,1
823,2,1
823,854,1
823,334,1
823,67,1
823,1172,1
823,1925,1
823,995,1
823,152,2
823,621,1
823,0,3
823,130,1
823,28,1
823,1458,1
823,510,1
823,737,1
823,2382,1
823,6,2
823,1283,1
823,74,1
823,22,1
823,176,1
823,3,1
823,1237,1
823,1178,1
823,589,1
823,64,1
823,496,1
823,181,1
823,178,1
823,1161,1
823,25,1
823,47,1
823,1835,1
823,79,1
823,2005,1
824,233,1
824,1793,2
824,32,1
824,211,1
824,55,1
824,628,1
824,637,2
824,1037,1
824,1723,1
824,1083,1
824,1985,1
824,1408,1
824,439,1
824,973,1
824,192,1
824,1752,1
824,2,1
824,1125,1
824,1519,1
824,1,1
824,686,1
824,349,1
824,1712,1
824,120,1
824,1104,1
824,2226,1
824,9,1
824,1264,1
824,6,1
824,603,1
824,1763,1
824,377,1
824,490,1
824,631,1
824,375,1
824,1965,1
824,912,1
825,0,4
825,878,1
825,2117,1
825,1960,1
825,987,1
825,499,1
825,318,1
825,524,3
825,334,1
825,2,1
825,438,1
825,554,1
825,976,1
825,927,1
825,1501,1
825,594,1
825,154,1
825,493,1
825,1954,2
825,1,3
825,246,2
825,118,1
825,12,1
825,1731,1
825,786,1
825,559,1
825,543,1
825,1061,1
825,1042,1
825,1738,1
825,6,1
825,830,1
825,2026,1
825,514,1
825,850,1
825,1382,1
825,72,1
825,44,1
825,231,1
825,486,1
825,97,1
825,205,1
825,46,1
825,197,1
825,361,1
825,448,1
825,2433,1
825,84,1
825,1810,1
825,1430,1
825,1719,1
825,195,1
825,89,1
825,2086,1
825,66,1
825,1379,1
825,903,1
826,186,1
826,201,1
826,164,1
826,398,1
826,772,1
826,2115,1
826,1217,1
826,0,2
826,1,1
826,10,1
826,1278,1
826,1222,2
826,17,1
826,324,1
826,113,1
826,59,1
826,1603,1
826,1013,1
826,46,1
826,2432,1
826,3,1
827,2,1
827,678,1
827,670,1
827,21,1
827,3,3
827,1663,1
827,543,1
827,623,1
827,192,1
827,1727,1
827,269,1
827,6,1
827,191,1
827,1,1
827,248,1
827,492,2
827,1786,1
827,19,1
827,64,1
827,117,1
827,4,1
827,689,1
827,121,1
827,0,1
827,12,1
827,2196,1
827,866,1
827,423,1
827,740,1
827,197,1
827,119,1
827,2041,1
827,48,1
827,23,1
827,772,1
827,627,1
827,555,1
827,44,1
827,29,1
827,2364,1
827,556,1
827,1306,1
827,461,1
827,288,1
827,1590,1
827,1903,1
827,32,1
827,1353,1
828,2,1
828,189,1
828,77,1
828,9,1
828,2018,1
828,1208,2
828,166,1
828,1558,1
828,1447,1
828,5,1
828,444,1
828,105,1
828,1213,1
828,1,2
828,1232,1
828,889,1
828,127,1
828,1077,1
828,65,1
828,35,1
828,0,1
828,101,1
828,37,1
828,945,1
828,1314,1
828,267,1
828,80,1
828,836,1
828,73,1
828,388,1
829,96,1
829,2382,1
829,6,3
829,100,1
829,1813,1
829,2231,1
829,521,1
829,2060,1
829,155,1
829,2322,1
829,658,1
829,295,1
829,541,1
829,1309,1
829,138,1
829,8,1
829,108,1
829,4,1
829,12,1
829,28,1
829,1263,1
829,15,1
829,204,1
829,582,1
829,163,2
829,65,1
829,35,1
829,275,1
829,101,1
829,37,1
829,368,1
829,192,1
829,1727,1
829,2136,1
829,269,1
829,722,1
829,92,1
829,1036,1
829,45,1
829,44,1
829,1655,1
829,494,1
829,1248,1
829,1148,1
829,50,1
829,584,1
829,90,1
829,68,1
829,52,2
829,2352,1
829,700,1
830,1973,1
830,18,1
830,1031,1
830,7,1
830,0,3
830,1972,1
830,1230,1
830,599,1
830,2143,1
830,1069,1
830,34,1
830,592,1
830,556,1
830,358,1
830,1391,1
831,2,1
831,385,1
831,454,1
831,3,1
831,316,1
831,171,1
831,15,1
831,322,1
831,20,1
831,0,1
831,48,1
831,23,1
831,1518,1
831,6,1
831,397,1
831,245,1
831,1321,1
831,1600,1
831,782,1
831,52,1
831,184,1
831,17,1
831,1736,1
831,1989,1
832,124,1
832,894,1
832,0,8
832,158,2
832,1150,2
832,30,1
832,1745,2
832,10,2
832,2086,1
832,380,1
832,1730,1
832,5,2
832,1504,1
832,616,1
832,6,1
832,113,1
832,568,4
832,2371,1
832,740,1
832,234,1
832,1456,1
832,281,1
832,332,1
832,985,1
832,93,1
832,9,1
832,41,1
832,1179,1
832,418,1
832,370,1
832,133,1
832,2170,1
832,1335,1
832,279,1
832,277,1
832,397,1
832,219,1
832,1,2
832,87,1
832,197,1
832,285,1
832,38,1
832,764,1
832,14,1
832,289,1
832,287,1
832,593,1
832,220,1
832,415,1
832,2332,1
832,490,1
832,2410,1
832,210,1
832,57,1
832,78,1
832,1344,1
832,620,1
832,434,1
832,641,1
832,15,2
832,42,1
832,779,1
832,671,1
832,990,1
832,201,1
832,1629,1
832,1575,1
832,18,1
832,115,1
833,124,1
833,131,1
833,313,1
833,16,1
833,1246,1
833,493,2
833,2344,1
833,1999,1
833,1651,1
833,330,1
833,1735,1
833,89,1
833,2264,1
833,748,1
833,456,1
833,1522,1
833,224,1
833,561,1
833,2153,1
833,432,1
833,706,1
833,1,1
833,372,1
833,310,1
833,52,1
834,1696,1
834,1760,1
834,206,1
834,146,1
834,1511,1
834,521,1
834,7,2
834,295,1
834,1821,1
834,617,1
834,128,1
834,1346,1
834,3,1
834,1835,1
834,0,1
834,79,1
834,2004,1
834,161,1
834,1744,1
834,14,2
834,248,1
834,2002,1
834,561,1
834,547,1
834,1033,1
834,11,1
834,8,1
834,294,1
834,599,1
834,100,1
834,44,1
834,1053,1
834,1226,1
834,1136,1
834,1,1
834,437,1
834,355,1
834,255,1
834,945,1
834,312,1
834,773,1
835,2,1
835,189,1
835,93,1
835,9,2
835,2230,1
835,2428,1
835,2279,3
835,1817,2
835,40,1
835,96,1
835,1,3
835,683,3
835,76,1
835,11,1
835,8,1
835,143,1
835,714,1
835,0,1
835,846,1
835,1887,1
835,1757,1
835,114,1
835,104,1
835,26,2
835,1466,1
835,1467,1
835,233,1
835,29,1
835,829,1
835,479,1
835,32,1
835,340,1
835,2197,1
835,728,1
835,87,1
835,1163,1
836,40,1
836,96,1
836,1132,2
836,726,1
836,633,1
836,2161,1
836,668,1
836,699,1
836,1767,1
836,1105,1
836,526,1
836,1890,1
836,0,3
836,21,2
836,696,1
836,433,1
836,486,1
836,549,1
836,71,1
836,769,1
836,52,1
836,224,1
836,3,1
836,958,1
836,796,1
836,1347,1
836,1041,1
836,820,1
836,258,1
836,272,1
836,1235,1
836,1887,1
836,1324,1
836,256,1
836,1648,1
836,100,2
836,2357,1
836,1055,1
836,1216,1
836,1306,1
836,1930,1
836,1557,1
836,2318,1
836,625,1
836,422,1
836,235,1
836,6,1
836,74,1
836,22,1
837,1575,1
837,1523,1
837,304,1
837,72,1
837,474,1
837,192,1
837,269,2
837,537,1
837,3,1
837,280,1
837,50,1
837,193,1
837,322,1
837,1183,1
837,1591,1
837,274,1
837,463,1
837,381,1
837,338,1
837,911,1
837,251,1
838,457,1
838,934,1
838,396,1
838,2257,1
838,1039,1
838,1257,1
838,2163,1
838,286,1
838,210,2
838,229,1
838,1819,1
838,76,1
838,1639,1
838,1460,1
838,825,1
838,1069,1
838,2,1
838,888,1
838,777,1
838,47,1
838,773,1
838,2177,1
838,32,1
838,29,1
838,1341,1
838,2329,1
838,278,1
838,1273,1
838,320,1
839,2,1
839,332,1
839,346,1
839,404,1
839,915,1
839,4,1
839,1422,1
839,399,2
839,828,2
839,1230,1
839,3,1
839,304,1
839,1029,1
839,36,1
839,361,1
839,17,1
839,1150,1
839,37,1
839,1463,1
839,1098,1
839,955,1
839,97,1
839,566,1
839,410,1
839,601,1
839,43,1
840,2,1
840,170,1
840,1941,1
840,16,1
840,2292,1
840,2216,1
840,392,1
840,582,1
840,163,1
840,686,2
840,576,2
840,47,1
840,30,2
840,34,1
840,1025,1
840,1431,1
840,1746,1
840,1595,2
840,1580,2
840,1318,2
840,550,1
840,2155,2
840,444,1
840,703,1
840,1859,1
840,563,1
840,517,1
840,113,1
840,306,1
840,665,1
840,832,1
840,6,1
840,1073,2
840,202,1
840,142,1
840,54,1
840,1755,1
840,109,1
840,1451,1
840,414,1
840,0,2
840,226,1
840,92,1
840,419,1
840,547,1
840,1033,1
840,1068,1
841,147,2
841,136,2
841,399,1
841,52,1
841,7,2
841,97,2
841,1612,3
841,11,1
841,8,1
841,86,1
841,507,2
841,12,1
841,17,1
841,1666,1
841,243,2
841,1298,1
841,333,1
841,0,3
841,15,1
841,94,1
841,1702,1
841,452,1
841,1499,1
841,1,1
841,2100,1
841,1437,1
841,380,1
841,1044,1
841,51,1
841,5,1
841,115,1
841,118,1
842,60,1
842,320,1
842,637,1
842,1140,1
842,215,1
842,570,2
842,513,1
842,2061,2
842,1192,1
842,1035,1
842,283,1
842,1643,2
842,1558,1
842,1267,1
842,2007,1
842,210,1
842,94,1
842,201,1
842,164,1
842,398,1
842,23,1
842,3,2
842,354,1
842,1509,1
842,1990,1
842,551,1
842,1749,1
842,1979,1
842,11,1
842,8,1
842,88,1
842,1,1
842,1351,1
843,233,1
843,144,1
843,1674,3
843,97,1
843,204,1
843,406,1
843,1472,1
843,1103,1
843,0,1
843,56,1
843,501,1
843,695,1
843,1616,1
843,21,1
843,2326,1
843,128,1
843,2390,1
843,448,1
843,1374,1
843,3,4
843,2054,1
843,11,1
843,8,1
843,123,1
843,1272,1
843,101,1
843,61,1
843,889,1
843,555,1
843,48,1
843,23,1
843,84,1
843,206,2
843,18,1
843,1398,1
843,389,3
843,5,1
843,210,1
843,381,1
843,161,1
843,31,1
843,713,1
843,453,1
843,1,1
843,767,1
843,2446,1
843,2068,1
843,720,1
843,1501,1
843,594,1
843,157,1
843,573,2
843,630,1
843,408,1
843,994,1
843,334,1
843,1689,1
843,976,1
844,0,2
844,105,1
844,77,1
844,39,1
844,1312,1
844,817,1
844,54,1
844,18,3
844,793,1
844,2,2
844,110,1
844,972,1
844,131,1
844,313,1
844,16,1
844,980,1
844,333,1
844,94,1
844,549,1
844,2421,1
844,1767,1
844,365,1
844,62,1
844,1685,1
844,601,1
844,452,1
844,7,2
844,1226,1
844,17,1
844,69,1
844,81,1
844,1071,1
844,514,1
844,670,1
844,21,1
844,3,1
844,1019,1
844,1075,1
844,70,1
844,249,1
844,1923,1
844,2189,1
844,57,1
844,857,1
844,1265,1
844,710,1
844,251,1
844,1775,1
844,1618,1
844,678,1
844,2137,1
844,2128,1
844,576,1
844,1238,1
844,813,1
844,1516,1
845,106,1
845,9,1
845,41,1
845,959,1
845,75,1
845,536,1
845,1374,1
845,226,1
845,11,1
845,1225,1
845,159,2
845,1325,2
845,1551,1
845,2351,1
845,61,2
845,7,1
845,2098,1
845,12,1
845,1733,1
845,26,1
845,2153,1
845,1241,1
845,859,1
845,378,1
846,154,1
846,223,1
846,2216,1
846,664,1
846,2019,1
846,858,1
846,1426,1
846,9,1
846,891,1
846,2031,1
846,22,1
846,172,1
846,1071,1
846,2162,1
846,443,1
846,196,1
846,1832,1
846,709,1
846,571,1
846,357,1
846,10,1
846,39,1
846,1,2
846,442,1
846,211,1
846,12,1
846,276,1
847,11,1
847,8,1
847,77,1
847,1288,2
847,21,1
847,3,1
847,61,1
847,1931,1
847,226,1
847,1594,1
847,512,1
847,357,1
847,311,1
847,7,1
847,158,1
848,125,2
848,1041,1
848,16,1
848,1317,1
848,290,1
848,34,1
848,67,1
848,368,1
848,1099,1
848,1172,1
848,848,1
848,1778,1
848,11,2
848,8,2
848,143,2
848,24,2
848,1136,1
848,331,1
848,1594,1
848,1560,1
848,1390,1
848,1,1
848,91,1
848,85,1
848,674,1
848,612,1
848,3,1
848,52,1
848,224,1
848,1085,1
848,131,1
848,1191,1
849,106,1
849,9,1
849,12,2
849,1,2
849,372,1
849,310,1
849,72,1
849,516,2
849,2049,1
849,1962,1
849,0,2
849,242,1
849,636,1
849,2379,1
849,2315,1
849,1079,1
849,871,1
849,1032,1
849,849,1
849,142,1
849,1055,1
849,848,1
849,762,1
849,246,1
849,118,1
849,1715,1
849,694,1
849,1509,1
849,263,1
849,62,1
849,332,1
849,346,1
849,147,1
849,136,1
849,1119,1
849,387,1
849,248,1
849,506,1
849,1178,1
849,114,1
849,626,1
849,2344,1
849,1759,1
849,18,1
850,1452,1
850,17,1
850,578,1
850,151,1
850,2018,2
850,1072,2
850,1387,1
850,124,1
850,525,1
850,313,1
850,93,1
850,9,1
850,1348,1
850,1247,1
850,2161,1
850,1974,1
850,556,1
850,446,1
850,1115,1
850,1270,1
850,143,1
850,1,1
850,1151,1
850,1374,1
850,978,1
850,221,1
850,2020,1
850,1651,1
850,905,1
850,981,1
850,378,1
850,2181,1
850,437,1
850,104,1
850,1885,1
850,1561,1
850,1394,1
850,764,1
850,274,1
850,3,1
850,296,1
850,303,1
850,0,1
851,1205,1
851,1178,1
851,1607,1
851,482,1
851,1097,1
851,161,1
851,6,1
851,1462,1
851,109,1
851,142,2
851,54,2
851,18,1
851,242,1
851,1075,1
851,1951,1
851,1604,1
851,1682,1
851,2228,1
852,24,1
852,2,1
852,173,1
852,166,1
852,2230,1
852,11,1
852,8,1
852,4,2
852,1864,2
852,84,2
852,2204,2
852,2130,2
852,52,1
852,39,1
852,1823,2
852,129,2
852,3,1
852,191,1
852,1628,1
852,0,3
852,30,2
852,739,1
852,388,1
852,1330,1
852,491,1
852,1686,2
852,1203,1
852,1938,1
852,6,1
853,16,1
853,723,1
853,480,1
853,2133,1
853,327,1
853,0,4
853,144,1
853,24,1
853,1803,1
853,1575,1
853,607,1
853,348,1
853,105,2
853,3,3
853,2103,1
853,1884,1
853,14,1
853,330,1
853,159,1
853,72,1
853,161,1
853,2,1
853,438,1
853,890,1
853,857,1
853,861,1
853,425,1
853,896,1
853,137,2
853,1883,3
853,302,1
853,114,1
853,1,1
853,372,1
853,310,1
853,1800,1
853,1744,1
853,380,1
853,1050,1
853,1952,1
853,1923,1
853,636,1
853,1623,1
853,759,1
853,10,1
853,13,1
853,713,1
853,17,1
853,264,1
853,7,1
853,1110,1
853,201,1
853,437,1
854,435,1
854,954,1
854,1165,1
854,1298,1
854,496,1
854,581,1
854,0,1
854,186,1
854,152,1
854,2020,1
854,390,1
854,182,1
854,898,1
854,2207,2
854,59,1
854,1114,1
854,788,1
854,19,1
854,670,1
854,21,1
855,186,1
855,131,1
855,1928,1
855,892,1
855,1415,1
855,24,1
855,778,1
855,1238,1
855,193,1
855,1970,1
855,2007,1
855,1823,1
855,1869,1
856,135,1
856,160,1
856,0,1
856,101,2
856,37,4
856,1703,1
856,2194,1
856,1278,1
856,15,1
856,1103,1
856,1123,1
856,359,1
856,1406,1
856,25,1
856,1484,1
856,114,1
856,1,3
856,10,1
856,321,1
856,207,1
856,33,1
856,94,1
856,619,1
856,13,1
856,143,1
856,730,1
856,510,1
857,2,1
857,1125,1
857,1953,1
857,469,1
857,265,1
857,1340,1
857,1175,1
857,6,1
857,100,2
857,37,1
857,368,2
857,1266,1
857,4,1
857,108,2
857,162,1
857,341,1
857,721,1
857,161,1
857,526,1
857,125,1
857,757,1
857,239,1
857,9,1
857,11,1
857,8,1
857,898,1
857,2004,1
857,12,1
857,1590,1
857,1070,1
857,694,1
857,2015,1
857,43,1
857,231,1
857,1109,1
857,292,1
857,39,1
857,543,1
857,1700,1
857,510,1
857,1556,1
857,1903,2
857,2211,1
857,44,1
857,29,1
857,123,2
857,627,1
857,558,1
857,14,1
858,320,1
858,392,1
858,22,2
858,537,1
858,1526,1
858,1969,1
858,747,1
858,1704,1
858,1522,1
858,240,1
858,70,1
858,956,2
858,1898,1
858,1,4
858,12,2
858,262,1
858,276,1
858,1383,1
858,47,1
858,745,2
858,2137,1
858,257,1
858,1925,1
858,196,2
858,494,2
858,1937,1
858,114,1
858,46,3
858,1222,1
858,404,1
858,41,1
858,1154,2
858,466,1
858,205,2
858,409,1
858,846,1
858,1256,2
858,45,1
858,548,1
858,834,1
858,1269,1
858,42,1
858,59,1
858,7,1
858,1358,1
858,1078,1
858,549,1
858,19,1
858,147,1
858,136,1
858,52,1
858,1485,1
858,1685,1
858,0,1
859,1869,1
859,1617,1
859,503,1
859,120,1
859,365,1
859,62,1
859,423,1
859,667,1
859,844,1
859,401,1
859,23,1
859,426,1
859,1357,1
859,2056,1
859,460,1
859,1170,1
859,608,1
859,1665,2
859,38,1
859,1988,1
859,113,1
859,219,1
859,2075,1
859,198,1
859,1527,1
859,670,1
859,21,1
859,3,1
859,680,1
859,653,1
859,0,1
859,166,1
859,126,2
859,111,4
859,792,4
859,175,1
859,1399,1
859,1468,1
859,2252,1
859,128,1
859,2388,1
859,479,1
859,841,1
859,1110,1
859,72,1
859,1675,1
859,924,1
859,286,1
859,17,1
860,1034,1
860,131,1
860,1743,1
860,2223,1
860,0,1
860,1790,1
860,1910,1
860,2076,1
860,1560,2
860,1932,1
860,1007,1
860,6,2
860,2075,1
860,79,1
860,2194,1
860,232,1
860,2168,1
860,1604,1
860,9,1
860,41,1
860,1026,1
860,1420,1
860,101,1
860,37,1
860,1804,1
860,14,1
860,957,1
860,496,1
860,1104,1
861,93,1
861,9,1
861,41,1
861,2108,1
861,772,1
861,273,1
861,770,1
861,2,1
861,462,1
861,104,1
861,421,1
861,1100,1
861,2290,1
861,1375,1
861,1481,1
861,31,1
861,563,1
861,730,1
861,0,1
861,248,1
862,16,1
862,676,3
862,365,1
862,62,1
862,48,1
862,23,1
862,478,1
862,412,2
862,1,3
862,1637,2
862,19,1
862,64,1
862,117,1
862,4,2
862,1657,4
862,401,1
862,34,2
862,1385,1
862,46,1
862,1393,1
862,1658,1
862,1753,1
862,2060,1
862,1035,1
862,42,1
862,957,1
862,31,1
863,71,1
863,1566,1
863,224,1
863,228,1
863,2085,1
863,112,1
863,769,1
863,1932,1
863,1716,1
863,96,1
863,241,1
863,529,1
863,232,1
863,1256,1
863,284,1
863,15,1
863,719,1
863,12,1
863,263,1
863,62,1
863,472,1
863,2383,1
863,301,1
863,1068,1
863,2379,1
863,461,1
863,133,1
863,1510,1
863,1851,1
863,495,1
863,6,1
863,296,1
863,597,1
863,2046,1
863,822,1
863,25,1
864,518,1
864,16,1
864,0,4
864,279,1
864,98,1
864,2004,1
864,9,1
864,1975,1
864,95,1
864,168,1
864,76,1
864,580,1
864,484,1
864,188,1
864,1877,1
864,1400,1
864,253,1
864,42,1
864,32,1
864,2148,1
864,1264,1
864,30,1
864,547,1
864,1033,1
864,52,1
864,1732,1
864,15,1
864,120,1
864,365,1
864,62,1
864,1062,1
864,8,1
864,47,1
864,2288,1
864,54,1
864,2128,1
864,12,1
864,527,1
864,616,1
864,699,1
864,1813,1
865,24,2
865,518,1
865,106,1
865,163,1
865,469,1
865,141,1
865,399,2
865,2346,3
865,7,1
865,229,1
865,125,1
865,1568,1
865,1,1
865,129,2
865,3,1
865,2400,1
865,11,1
865,8,1
865,0,2
865,422,1
865,492,1
865,19,1
865,763,1
865,950,1
865,1685,1
865,29,1
865,28,1
865,108,1
865,1347,1
865,565,1
865,1342,1
865,777,1
865,34,1
865,429,1
865,592,1
865,789,1
865,2356,1
866,1959,2
866,565,1
866,371,1
866,1568,1
866,196,2
866,1131,1
866,1225,1
866,224,1
866,1840,1
866,192,1
866,1727,1
866,1914,1
866,592,1
866,382,1
866,430,1
866,3,1
866,339,1
866,1203,2
866,1,1
866,79,1
866,1023,1
866,109,1
866,119,1
866,2041,1
866,1547,1
867,2,1
867,540,1
867,1935,1
867,464,1
867,1804,1
867,1784,1
867,1248,1
867,19,2
867,64,2
867,117,2
867,421,2
867,1099,1
867,281,1
867,510,1
867,247,1
867,891,2
867,133,1
867,127,1
867,774,1
867,1570,1
867,871,1
867,1032,1
867,1365,1
867,2104,1
867,1014,1
867,93,1
867,9,1
867,1665,1
867,21,1
867,3,1
867,365,1
867,2141,1
867,7,2
867,1162,1
867,1339,1
867,0,2
867,752,1
868,30,1
868,0,1
868,338,1
868,52,1
868,2171,1
868,791,1
868,258,1
868,1139,1
868,1862,2
868,2290,1
868,1531,1
868,1040,1
868,375,1
868,531,1
868,912,1
868,6,1
869,106,1
869,163,1
869,48,2
869,23,2
869,1317,2
869,2345,4
869,1,1
869,1517,1
869,177,1
869,80,1
869,2298,1
869,184,1
869,14,1
869,2431,1
869,399,1
869,828,1
869,1240,1
869,803,1
869,361,1
869,593,1
869,88,1
869,1744,1
869,581,1
869,1297,1
869,2276,1
869,1928,1
869,892,1
869,4,1
869,602,1
869,335,1
870,750,1
870,18,1
870,31,1
870,341,4
870,113,1
870,885,1
870,2079,1
870,415,1
870,2197,1
870,2349,1
870,230,3
870,2075,1
870,440,2
870,284,2
870,2322,1
870,659,1
870,16,1
870,2025,1
870,1112,1
870,1,2
870,102,1
870,571,1
870,847,1
870,6,1
870,15,1
870,1495,1
870,4,1
870,287,1
870,288,1
870,1312,1
870,289,1
870,1346,1
870,49,1
870,1136,1
870,253,1
870,50,1
871,359,1
871,265,1
871,335,1
871,1223,4
871,138,2
871,2131,1
871,373,1
871,83,1
871,1773,1
871,534,1
871,883,1
871,1687,2
871,15,2
871,339,1
871,2425,1
871,990,1
871,1831,1
871,1,2
871,2011,1
871,694,1
871,1025,1
871,56,1
871,625,1
871,317,1
872,2,1
872,190,1
872,2380,1
872,1399,2
872,1902,1
872,374,1
872,1664,1
872,1441,1
872,708,1
872,992,1
872,280,1
872,159,2
872,2402,2
872,17,1
872,453,1
872,1,1
872,1779,1
872,355,1
872,255,1
872,399,1
872,427,1
872,1008,1
872,156,1
872,4,1
872,129,1
872,2284,1
872,1331,1
873,1020,1
873,3,1
873,12,1
873,922,1
873,20,1
873,932,1
873,1418,1
873,1535,1
873,1758,1
873,787,1
873,1,1
873,1035,1
873,10,1
873,13,1
873,1166,1
873,781,2
873,923,1
873,1487,2
873,6,1
873,2224,1
873,1387,1
873,483,1
873,405,1
873,371,1
873,17,1
873,247,1
874,361,1
874,5,1
874,496,1
874,17,1
874,76,1
874,1361,1
874,617,1
874,1334,1
874,785,1
875,1,1
875,91,1
875,85,1
875,571,1
875,2124,1
875,11,1
875,8,1
875,1534,1
875,106,1
875,94,1
875,290,1
875,1535,1
875,815,1
875,2161,1
875,1937,1
875,84,1
875,1660,1
875,185,1
875,769,1
875,19,1
875,378,1
876,45,1
876,670,1
876,21,1
876,3,1
876,460,1
876,60,1
876,1963,1
876,934,1
876,1972,1
876,17,1
876,468,1
876,6,2
876,295,1
876,541,1
876,1531,1
876,1549,1
876,34,1
876,971,1
876,12,1
876,145,1
876,1189,1
876,5,1
876,1202,1
876,481,1
877,99,1
877,224,1
877,313,1
877,16,1
877,675,1
877,2230,1
877,415,1
877,2180,1
877,645,1
877,160,1
877,65,1
877,35,1
877,1317,1
877,2280,2
877,1,1
877,1170,1
877,1387,1
877,26,1
877,10,1
877,13,1
877,4,1
877,517,1
877,113,1
877,448,1
877,2043,1
877,1742,1
877,1406,1
877,1429,1
877,153,1
877,174,1
877,2317,1
877,1715,1
877,141,1
877,0,1
877,15,1
877,819,1
878,132,1
878,1027,1
878,415,1
878,1742,2
878,60,1
878,1204,1
878,202,1
878,432,1
878,29,1
878,1973,1
878,1259,1
878,437,1
878,143,1
878,1096,1
878,70,1
878,441,1
878,6,1
878,1498,1
879,245,1
879,1028,1
879,21,1
879,3,1
879,2230,1
879,580,1
879,484,1
879,1428,1
879,2021,1
879,6,1
879,440,1
879,284,1
879,1242,1
879,1,1
879,1353,1
879,222,1
879,7,1
879,685,1
879,988,1
879,45,1
879,517,1
879,1282,1
880,71,1
880,77,1
880,9,1
880,41,1
880,580,1
880,484,1
880,0,2
880,496,1
880,133,1
880,512,1
880,32,2
880,309,1
880,2125,1
880,17,1
880,104,2
880,4,1
880,1735,1
880,524,1
880,1690,1
880,1894,1
880,736,1
880,316,1
880,930,1
881,939,2
881,1614,1
881,228,1
881,98,1
881,430,1
881,808,1
881,887,1
881,1844,1
881,230,1
881,73,1
881,1149,1
881,175,1
881,53,1
881,952,1
881,2132,1
881,1756,1
881,21,1
881,2166,1
881,2089,1
881,155,1
881,2148,1
882,19,1
882,1225,1
882,49,1
882,528,2
882,9,2
882,44,1
882,680,1
882,7,1
882,283,1
882,0,1
882,517,1
882,113,1
882,1461,1
882,24,1
882,2,1
882,8,1
882,421,1
882,186,1
882,239,1
882,2141,1
882,60,1
883,1696,1
883,16,1
883,2278,1
883,1383,1
883,9,1
883,1228,1
883,431,1
883,2337,1
883,6,2
883,945,1
883,1681,1
883,1751,1
883,1668,1
883,11,1
883,268,1
883,12,1
883,263,1
883,62,1
883,198,1
883,146,1
883,510,1
883,367,1
883,47,1
883,30,1
883,61,1
883,383,1
883,673,1
883,249,1
883,1373,1
883,23,1
883,828,1
884,21,2
884,3,1
884,1040,1
884,299,3
884,64,1
884,152,1
884,18,1
884,1006,1
884,197,1
884,735,1
884,525,2
884,44,1
884,29,1
884,2364,1
884,2191,1
884,12,1
884,217,1
884,1301,1
884,992,1
884,539,1
884,455,1
884,19,1
884,0,1
884,351,1
884,1432,1
884,75,1
885,552,1
885,93,1
885,9,1
885,1253,1
885,1898,1
885,10,1
885,13,1
885,577,1
885,2098,1
885,823,2
885,1999,1
885,1651,1
885,147,2
885,136,2
885,2033,3
885,1192,2
885,130,2
885,28,2
885,1189,1
885,5,1
885,1577,1
885,1393,1
885,1,1
885,172,1
885,940,1
885,2389,1
885,387,1
885,264,1
886,1754,3
886,1081,2
886,2,1
886,385,1
886,1795,1
886,582,1
886,972,1
886,349,1
886,701,1
886,2124,1
886,11,1
886,8,1
886,304,1
886,72,1
886,1273,1
886,132,1
886,33,1
886,1077,1
886,90,1
886,68,1
886,555,1
886,408,1
886,994,1
886,1466,1
886,1058,1
886,121,1
886,532,1
886,1070,1
887,1500,1
887,1898,1
887,60,1
887,320,1
887,12,1
887,71,1
887,1566,1
887,93,1
887,9,1
887,760,1
887,1340,1
887,32,1
887,0,2
887,967,2
887,1023,1
887,1178,1
887,1248,1
887,1938,1
887,319,1
887,240,1
887,20,1
887,70,1
887,37,1
887,1322,1
887,1081,1
887,333,1
887,856,1
887,1766,1
887,306,1
887,665,1
887,155,1
887,1404,1
887,718,1
887,1163,1
888,518,1
888,1256,2
888,933,1
888,1670,1
888,1962,3
888,1027,4
888,415,2
888,1533,1
888,28,2
888,302,1
888,6,1
888,907,1
888,1131,1
888,1846,1
888,221,1
888,1612,1
888,1159,1
888,2357,1
888,60,1
889,99,1
889,896,1
889,16,1
889,1806,2
889,1,1
889,488,1
889,477,1
889,775,1
889,15,1
889,719,1
889,859,1
889,346,1
889,1981,1
889,0,2
889,903,1
889,3,1
889,692,1
889,215,1
889,83,1
889,1155,1
889,284,1
889,6,1
889,281,1
889,597,1
889,65,1
889,35,1
889,266,1
889,854,1
889,925,1
890,154,1
890,223,1
890,153,1
890,174,1
890,1200,1
890,890,1
890,684,1
890,632,1
890,0,2
890,1565,1
890,100,1
890,812,2
890,27,1
890,807,1
890,501,1
890,10,1
890,225,1
890,1777,1
890,1907,1
890,2074,2
890,826,1
890,169,1
890,26,1
890,149,1
890,967,1
890,1825,1
890,538,1
890,1897,1
890,700,1
890,2026,1
891,2,1
891,189,1
891,75,1
891,882,1
891,535,1
891,9,1
891,1253,1
891,369,1
891,188,1
891,2373,1
891,751,1
891,848,1
891,762,1
891,1045,1
891,230,1
891,5,1
891,2400,1
891,1420,1
891,6,1
891,1354,1
891,853,1
891,722,2
891,92,3
891,754,2
891,113,1
891,1459,2
891,138,1
891,2131,1
891,2340,1
891,258,1
891,272,1
891,130,1
891,28,1
891,1222,2
891,20,1
891,261,1
891,1745,1
891,1513,1
891,1077,1
891,900,1
891,664,1
891,0,1
891,471,1
891,1483,1
891,429,1
891,437,1
891,1527,1
891,1367,1
891,2435,1
891,153,1
891,17,1
891,1,2
891,1154,1
891,1035,1
891,150,1
891,976,1
891,927,1
891,90,1
891,68,1
891,203,1
891,291,1
891,88,1
891,1779,1
891,355,1
891,255,1
891,1659,1
891,1004,1
892,143,1
892,1,1
892,2247,1
892,588,1
892,626,1
892,6,1
892,1152,1
892,119,1
892,1890,1
892,0,1
892,2110,1
892,778,1
892,724,1
892,229,1
892,1469,1
892,97,1
892,19,1
892,1544,1
892,1146,1
892,989,1
892,43,1
892,641,1
892,18,1
892,1423,1
892,108,1
892,294,1
892,27,1
892,1444,1
892,2048,1
893,193,1
893,80,1
893,20,1
893,2,1
893,189,1
893,951,1
893,926,2
893,0,2
893,1054,1
893,1,1
893,1165,1
893,1770,1
893,2119,1
893,1649,1
893,2341,1
893,969,1
893,1305,1
893,18,1
893,1733,1
893,26,1
893,654,1
893,338,1
893,91,1
893,85,1
893,42,1
893,750,1
893,332,1
893,904,1
893,1717,1
893,27,1
893,156,1
893,1834,1
893,2025,1
893,346,1
893,53,1
894,19,1
894,87,2
894,219,1
894,1,1
894,580,2
894,484,2
894,519,1
894,323,1
894,65,1
894,35,1
894,3,1
894,1432,1
894,5,1
894,1314,1
894,360,1
894,1404,1
894,0,1
894,71,1
894,807,1
894,228,1
894,839,1
894,618,1
894,1164,1
894,2261,1
894,53,1
894,576,1
894,7,1
894,1868,1
894,43,1
895,2083,1
895,2228,1
895,465,3
895,21,1
895,1030,1
895,1411,1
895,895,1
895,1437,2
895,495,1
895,598,1
895,95,2
895,234,2
895,1005,1
895,403,1
895,399,1
895,437,1
895,4,1
895,1855,1
895,1082,1
895,725,1
895,1591,1
895,274,1
896,1417,1
896,535,1
896,9,1
896,41,1
896,1406,2
896,76,1
896,639,1
896,429,1
896,394,1
896,1139,1
896,1185,1
896,709,1
896,2167,1
897,457,4
897,82,2
897,1243,1
897,304,1
897,0,1
897,195,1
897,65,1
897,35,1
897,1799,1
897,3,1
897,441,1
897,220,1
897,859,1
897,1759,1
897,25,1
897,1,1
897,246,2
897,118,2
897,34,1
897,5,1
897,67,1
897,761,1
897,1932,1
897,7,1
897,341,1
898,1725,1
898,62,1
898,1682,1
898,318,1
898,1206,1
898,2,1
898,2333,1
898,657,1
898,2126,1
898,1276,1
898,0,1
898,333,1
898,76,1
898,280,1
899,696,1
899,433,1
899,3,2
899,65,1
899,35,1
899,947,2
899,267,1
899,1804,1
899,417,3
899,712,2
899,16,1
899,1319,1
899,177,1
899,63,1
899,203,1
899,73,1
899,388,1
899,164,1
899,631,1
899,1411,1
899,1138,1
899,8,1
899,205,1
899,46,1
899,113,1
899,1322,1
899,234,1
899,1114,1
899,1,1
899,844,1
899,401,1
899,58,1
899,2052,1
899,1910,1
899,273,1
899,0,2
899,1656,1
899,37,1
899,2400,2
899,148,1
899,750,1
899,18,1
899,592,1
899,1209,1
899,493,1
899,673,1
899,1568,1
899,1200,1
899,198,1
899,1077,1
899,689,1
899,1147,1
899,186,1
899,1025,1
899,379,1
900,773,1
900,453,1
900,1,1
900,79,1
900,878,1
900,2407,1
900,6,2
900,441,1
900,80,1
900,99,1
900,1218,1
900,0,1
900,341,1
900,56,1
900,224,1
900,561,1
900,344,1
900,2365,1
900,1171,1
900,282,1
900,2355,1
900,314,1
900,325,1
901,2,2
901,347,1
901,873,1
901,153,2
901,174,2
901,2280,1
901,1,1
901,2094,1
901,363,1
901,5,2
901,103,1
901,14,1
901,915,1
901,1558,1
901,437,1
901,1483,1
901,672,1
901,2250,1
901,2128,1
901,576,1
901,89,1
901,2294,1
901,0,1
901,2099,1
901,1454,1
901,18,1
901,1784,1
901,1304,1
901,25,1
902,2,1
902,1284,1
902,143,1
902,797,1
902,669,1
902,1933,1
902,1462,1
902,132,1
902,2425,1
902,21,1
902,1498,1
902,617,1
902,732,2
902,252,1
902,251,1
902,52,1
902,1000,1
902,119,1
902,1777,1
902,109,1
902,142,1
902,54,1
902,581,1
903,2,1
903,190,1
903,420,1
903,863,1
903,140,1
903,66,1
903,1964,1
903,931,1
903,2436,1
903,80,1
903,20,1
903,0,2
903,1867,1
903,230,2
903,98,2
903,1611,1
903,16,1
903,568,1
903,210,1
903,882,1
903,1,1
903,248,1
903,1047,1
903,86,1
903,15,1
903,454,1
903,58,1
903,1781,1
903,394,1
903,511,1
903,400,1
904,55,1
904,4,1
904,578,2
904,151,3
904,1119,1
904,694,1
904,19,1
904,194,1
904,367,1
904,24,1
904,2,1
904,1640,1
904,120,1
904,937,1
904,839,1
904,618,1
904,163,1
904,161,1
904,526,1
904,13,1
904,586,1
904,59,1
904,761,1
904,753,1
904,879,1
904,144,1
904,89,1
904,371,1
904,145,1
904,794,2
904,54,2
904,18,1
904,1464,1
904,666,1
905,519,3
905,14,1
905,655,1
905,889,1
905,30,1
905,166,1
905,995,1
905,152,1
905,1045,2
905,925,2
905,1284,2
905,421,2
905,84,2
905,2417,1
905,2350,1
905,589,1
905,49,1
905,1,1
905,1154,1
905,1035,1
905,5,2
905,1046,2
905,287,2
905,885,2
905,2079,1
905,1312,1
905,289,1
905,1346,1
905,845,1
905,961,1
905,1561,1
905,794,1
905,54,1
905,18,1
905,1402,1
905,1370,1
905,855,1
905,926,1
905,0,1
905,452,1
905,7,1
905,309,1
905,103,1
905,148,1
905,1055,1
906,2,1
906,347,1
906,873,1
906,1474,1
906,175,2
906,4,1
906,738,1
906,594,1
906,188,1
906,535,1
906,98,3
906,586,1
906,629,1
906,51,1
906,5,4
906,604,1
906,530,1
906,2064,1
906,49,1
906,1850,1
906,1825,1
906,230,1
906,264,1
906,2156,1
906,17,1
906,425,1
906,14,1
906,2223,1
906,0,3
906,279,2
906,942,1
906,1266,1
906,673,1
906,172,1
906,109,1
906,1139,1
906,83,1
906,407,1
906,105,1
906,77,1
906,946,1
906,1680,1
906,224,1
906,2066,1
906,2379,1
906,240,1
906,2233,1
906,2186,1
906,1789,1
906,1617,1
906,503,1
906,93,1
906,871,1
906,1032,1
906,32,1
906,1149,1
906,141,1
906,317,1
906,1071,1
906,2410,1
906,122,1
906,157,1
906,164,1
906,750,1
906,18,1
906,114,1
906,714,1
906,1176,1
906,1518,1
906,2177,1
906,209,1
906,57,1
906,191,1
906,2145,1
906,2111,1
906,2333,1
906,1210,1
906,82,1
906,1690,1
906,125,1
906,757,1
906,144,1
907,1828,2
907,204,1
907,476,1
907,140,2
907,1355,2
907,1511,1
907,137,2
907,2204,1
907,5,2
907,1130,1
907,504,1
907,214,1
907,1760,1
907,510,1
907,382,1
907,3,1
907,1466,1
907,1507,1
907,6,1
907,77,1
907,1832,1
908,52,1
908,1204,1
908,1376,1
908,1568,1
908,196,1
908,494,2
908,505,1
908,66,1
908,236,2
908,134,2
908,0,6
908,3,2
908,74,1
908,22,1
908,1,1
908,129,1
908,2374,1
908,6,2
908,165,2
908,7,1
908,20,1
908,999,1
908,70,1
908,118,1
908,1142,1
908,1230,1
908,1590,1
908,559,1
908,4,1
908,12,1
908,263,1
908,1251,1
908,17,1
908,1670,1
909,40,1
909,96,1
909,356,1
909,464,1
909,946,1
909,1438,1
909,1134,1
909,1022,1
909,66,1
909,120,1
909,93,1
909,9,1
909,92,1
909,288,1
909,146,1
909,72,1
909,971,1
909,2329,1
909,1266,1
909,201,1
909,820,1
909,892,1
909,4,1
909,964,1
909,1844,1
909,2324,1
909,1274,1
909,436,1
909,2301,1
909,10,1
909,254,1
909,712,1
909,1262,1
909,714,1
909,1900,1
910,11,1
910,268,1
910,70,1
910,722,1
910,92,1
910,12,1
910,263,1
910,62,1
910,423,1
910,667,1
910,1,3
910,579,1
910,917,1
910,6,1
910,1121,2
910,114,1
910,1448,1
910,221,1
910,2236,1
910,1970,1
910,222,1
910,111,1
910,0,1
910,610,1
910,629,1
910,51,1
910,450,1
911,19,1
911,423,1
911,229,3
911,256,1
911,481,1
911,1,3
911,545,1
911,76,1
911,1863,1
911,287,1
911,0,1
911,1671,1
911,1142,1
911,220,1
911,34,2
911,82,1
911,2,1
911,1842,1
911,1708,1
911,2221,1
911,2370,1
911,7,2
911,595,1
911,1654,1
911,26,1
912,3,1
912,112,1
912,283,1
912,0,2
912,332,1
912,504,1
912,214,1
912,432,1
912,455,1
912,593,1
912,1159,1
912,1818,1
912,812,1
913,688,1
913,498,2
913,2320,2
913,1250,4
913,1706,1
913,14,1
913,61,1
913,131,1
913,313,1
913,204,1
913,406,1
913,1832,1
913,1898,1
913,201,1
913,1646,1
913,172,1
913,2137,1
913,1614,1
913,1,1
913,372,1
913,310,1
913,290,2
913,6,2
913,249,1
913,1198,1
913,27,1
913,59,1
913,197,1
913,240,1
913,12,1
913,1378,1
913,448,1
914,2,1
914,110,1
914,323,1
914,974,1
914,183,1
914,5,1
914,437,2
914,1437,1
914,4,2
914,482,1
914,405,2
914,17,1
914,32,1
914,29,1
914,1341,1
914,1510,1
914,639,1
914,103,1
914,407,1
914,1019,1
914,1,1
914,315,2
914,400,2
914,89,1
914,625,1
914,50,1
915,24,1
915,2,1
915,173,1
915,1384,1
915,862,1
915,16,1
915,2085,1
915,210,1
915,2026,1
915,1558,1
915,673,2
915,6,1
915,342,1
915,180,1
915,774,1
915,905,1
915,627,1
915,15,1
915,120,1
915,63,1
915,544,1
915,1839,1
915,451,1
915,62,1
915,613,1
915,795,1
915,48,1
915,254,1
915,3,1
915,1051,1
915,326,1
915,2157,1
915,1334,1
915,1262,1
915,103,1
915,1719,1
915,777,1
915,1221,1
915,368,1
916,2,1
916,1035,1
916,3,2
916,1081,1
916,6,1
916,101,1
916,37,1
916,1463,1
916,252,1
916,291,1
916,863,1
916,27,1
916,865,1
916,155,1
916,514,1
916,444,1
916,786,1
916,43,1
916,331,1
916,15,1
916,9,1
916,46,1
916,932,1
916,1552,1
916,240,1
916,1000,1
916,404,1
916,1,1
916,191,1
917,2,1
917,190,1
917,420,1
917,578,1
917,151,1
917,0,3
917,2399,2
917,324,3
917,1,3
917,949,1
917,392,1
917,1377,1
917,9,1
917,297,1
917,198,1
917,104,1
917,864,1
917,120,1
917,59,1
917,159,1
917,588,2
917,286,1
917,133,1
917,1242,1
917,504,1
917,214,1
917,5,1
917,70,1
917,267,1
917,1461,1
917,2326,1
917,218,1
917,6,1
917,361,1
917,345,1
918,328,1
918,5,1
918,381,1
918,19,1
918,64,1
918,117,1
918,4,2
918,440,1
918,284,1
918,0,3
918,14,3
918,108,1
918,1382,1
918,2032,1
918,2276,1
918,1046,1
918,287,1
918,441,1
918,220,1
918,482,1
918,1671,1
918,1142,1
918,74,1
918,22,1
918,1,1
918,12,1
918,234,1
918,718,1
918,1163,1
919,1020,1
919,60,1
919,320,2
919,392,2
919,300,1
919,1,2
919,442,1
919,211,1
919,1607,1
919,1011,1
919,1666,1
919,1035,1
919,1072,1
919,1257,1
919,19,1
919,64,1
919,117,1
919,123,1
919,100,1
919,864,1
919,52,1
919,721,1
919,1134,1
919,28,1
919,337,1
919,886,1
919,3,2
919,370,1
919,1559,2
919,376,1
919,602,1
919,335,1
919,473,1
919,0,1
919,579,1
920,1,1
920,216,1
920,102,1
920,674,1
920,672,1
920,861,1
920,253,1
920,59,1
920,1707,1
920,2047,1
920,658,1
920,91,1
920,85,1
920,144,1
920,603,1
920,2247,1
920,43,1
920,401,1
920,1624,1
920,1565,1
920,355,1
920,255,1
920,139,1
920,688,1
920,23,1
920,793,1
921,146,1
921,1034,1
921,1104,1
921,2226,1
921,9,1
921,1897,1
921,601,1
921,1799,1
921,262,1
921,80,1
921,2081,1
921,367,1
921,1289,1
921,1,1
921,53,1
921,1137,1
921,222,1
921,97,3
921,963,1
921,4,1
921,298,1
921,328,1
921,5,1
921,334,1
921,1177,1
921,2164,1
921,263,1
921,520,1
922,2,1
922,190,1
922,420,1
922,129,1
922,34,1
922,673,1
922,172,1
922,328,1
922,512,1
922,1031,1
922,1492,1
922,796,1
922,4,1
922,1647,1
922,1595,1
922,1580,1
922,147,1
922,136,1
922,465,1
922,660,1
922,623,1
922,802,1
922,0,2
922,842,2
922,141,1
922,1020,1
922,912,1
922,1789,1
922,7,1
922,15,1
922,94,1
922,139,1
922,73,1
922,388,1
923,2,1
923,2333,1
923,2244,1
923,697,1
923,314,1
923,325,1
923,4,1
923,545,3
923,73,1
923,49,1
923,0,3
923,18,1
923,1674,1
923,16,1
923,2005,1
923,126,1
923,1010,1
923,30,1
923,690,1
923,350,1
923,1885,2
923,499,1
923,36,1
923,898,1
923,32,1
923,1956,1
923,2422,1
923,1863,1
923,396,1
924,71,1
924,1566,1
924,2172,1
924,949,1
924,16,1
924,1319,1
924,434,1
924,9,1
924,92,1
924,1274,1
924,44,1
924,1459,2
924,712,1
924,6,2
924,319,1
924,935,1
924,196,1
924,975,1
924,874,1
924,11,1
924,8,2
924,1653,1
924,132,1
924,164,1
924,77,1
924,0,1
924,1383,1
924,620,1
924,33,1
924,411,1
924,306,2
924,665,2
924,285,1
924,38,2
924,2288,1
924,54,1
924,1248,1
924,1,2
924,832,1
924,485,1
924,737,1
924,1077,1
924,578,1
924,151,1
924,725,1
924,140,1
924,26,1
924,362,1
925,2,1
925,347,1
925,873,1
925,1038,1
925,3,1
925,309,1
925,139,1
925,151,1
925,721,1
925,558,1
925,2175,1
925,713,1
925,1134,1
925,93,1
925,9,1
925,542,1
925,1888,1
925,1425,1
925,299,4
925,15,1
925,1616,1
925,21,1
925,2325,1
925,1730,1
925,338,1
925,150,1
925,607,1
925,348,1
925,770,2
925,218,1
925,1351,1
925,6,1
925,910,1
925,601,2
925,0,3
925,402,2
925,10,1
925,13,1
925,4,1
925,1501,1
925,594,1
925,631,1
925,575,1
925,5,1
925,734,1
925,800,1
925,364,1
926,2,1
926,438,1
926,894,1
926,368,1
926,472,1
926,96,1
926,1864,1
926,1634,1
926,1,3
926,69,1
926,81,1
926,267,1
926,571,1
926,243,1
926,721,2
926,1211,1
926,986,1
926,1765,1
926,973,1
926,742,1
926,1183,1
926,1631,2
926,2416,1
926,111,1
926,0,1
926,279,1
926,1607,1
926,1436,1
926,424,1
926,1393,1
926,1520,1
926,574,1
926,73,1
926,1051,1
926,326,1
926,804,1
926,300,1
927,3,1
927,680,1
927,653,1
927,492,1
927,93,1
927,9,1
927,887,1
927,8,1
927,242,1
927,554,1
927,17,1
927,215,1
927,0,2
927,997,1
927,1446,1
927,762,1
927,7,1
927,1895,1
927,1434,1
927,738,1
927,702,1
927,1338,1
927,419,1
928,106,1
928,163,1
928,1045,2
928,1756,1
928,1171,1
928,23,1
928,1319,1
928,3,1
928,680,1
928,653,1
928,1936,2
928,34,1
928,527,1
928,428,1
928,11,1
928,8,1
928,4,1
928,342,3
928,180,3
928,508,1
928,1296,1
928,61,1
928,550,1
928,1814,1
928,70,1
928,290,1
928,591,1
928,17,1
928,1351,1
928,0,1
928,6,1
928,643,1
928,195,1
928,344,1
928,918,1
928,2211,1
928,244,1
929,6,1
929,274,1
929,1893,1
929,24,1
929,1264,1
929,403,1
929,749,2
929,1978,1
929,872,1
929,319,1
929,240,2
929,317,1
929,1071,1
929,645,1
929,133,1
929,221,1
929,908,1
929,301,1
929,210,1
929,0,1
930,2,1
930,1876,1
930,1323,1
930,1369,1
930,140,1
930,603,1
930,215,1
930,0,1
930,7,1
930,951,1
930,52,1
930,9,1
930,41,1
930,1,2
930,736,1
930,630,1
930,975,1
930,697,1
930,193,1
930,80,1
930,20,1
930,13,1
930,4,2
930,650,1
930,200,1
930,108,1
930,2118,1
931,4,1
931,610,2
931,473,2
931,1120,2
931,3,1
931,1357,1
931,16,1
931,1650,1
931,80,1
931,161,1
931,2,1
931,110,1
931,413,1
931,1581,1
931,0,2
931,1498,1
931,76,1
931,15,1
931,86,1
931,737,1
931,49,1
931,1619,1
931,1197,1
932,122,1
932,159,1
932,0,1
932,912,1
932,6,1
932,342,1
932,180,1
932,43,1
932,1,4
932,643,1
932,893,1
932,285,1
932,38,2
932,1270,1
932,145,1
932,703,1
932,2338,1
932,404,1
932,1186,1
933,1290,1
933,1507,1
933,6,1
933,1293,1
933,260,1
933,387,1
933,858,1
933,253,1
933,105,1
933,1508,1
933,2042,1
933,1308,1
933,847,1
933,114,1
933,1,1
933,19,1
933,59,1
933,1987,1
934,519,1
934,873,1
934,943,3
934,72,1
934,55,1
934,266,1
934,198,1
934,1284,1
934,733,1
934,285,2
934,38,2
934,1,2
934,1867,1
934,1889,1
934,184,1
934,45,1
934,202,1
934,909,1
934,961,1
934,1436,1
934,2101,1
934,298,1
935,39,1
935,34,1
935,226,1
935,60,1
935,753,1
935,371,1
935,17,1
935,206,1
935,849,1
935,2,1
935,810,1
935,7,1
935,198,1
935,146,1
935,72,1
935,269,1
935,5,1
935,815,1
935,399,1
935,1220,1
935,1180,1
935,533,1
935,1,1
936,40,1
936,96,1
936,469,1
936,141,1
936,585,2
936,83,1
936,871,1
936,1032,1
936,300,2
936,338,2
936,1,1
936,1864,1
936,287,2
936,885,2
936,333,1
936,2172,1
936,949,2
936,1585,1
936,977,1
936,1085,1
936,15,1
936,740,1
936,5,1
936,1779,1
936,48,1
936,23,1
936,1904,1
936,3,2
936,79,1
936,483,1
936,884,1
936,457,1
936,349,1
936,6,1
936,1236,1
936,982,1
936,1122,1
936,1223,1
936,10,1
936,13,1
936,1551,1
936,274,1
936,737,1
936,494,1
936,1881,1
937,71,1
937,2225,1
937,77,1
937,21,1
937,1967,1
937,377,1
937,1794,1
937,44,1
937,1424,1
937,422,1
937,235,1
937,824,2
937,1480,1
937,2171,1
937,64,1
937,152,1
937,1558,1
937,3,1
937,1136,1
937,47,1
937,33,1
937,96,1
937,653,1
937,19,1
937,17,1
937,241,1
937,529,1
937,232,1
937,328,1
937,749,1
938,36,1
938,170,1
938,77,1
938,9,2
938,41,2
938,1751,1
938,6,2
938,2312,1
938,2013,1
938,464,1
938,290,1
938,15,1
938,120,1
938,64,1
938,152,1
938,406,1
938,28,1
938,1077,1
938,90,1
938,68,1
938,1094,1
938,281,1
938,5,2
938,0,1
938,97,1
938,1485,1
938,652,1
938,1980,1
939,112,1
939,224,1
939,313,1
939,228,1
939,278,1
939,859,1
939,1700,1
939,510,1
939,723,2
939,716,1
939,606,1
939,1279,2
939,658,1
939,815,1
939,855,1
939,1574,1
939,146,1
939,157,1
939,164,1
939,1798,1
939,500,1
939,46,2
939,413,1
939,261,1
939,8,1
939,162,1
939,302,1
939,2100,1
939,1086,1
939,148,1
939,1636,1
939,1108,1
939,324,1
940,985,1
940,1448,1
940,16,1
940,304,1
940,1029,1
940,373,1
940,9,1
940,12,1
940,11,1
940,8,1
940,1225,1
940,108,1
940,4,1
940,63,1
940,341,1
940,267,1
940,885,1
940,2079,1
940,2187,1
940,2338,1
940,38,1
941,210,1
941,0,2
941,14,1
941,1235,1
941,425,1
941,896,1
941,105,1
941,77,1
941,1478,1
941,150,1
941,1336,1
941,355,2
941,255,2
941,824,2
941,51,1
941,58,1
941,338,2
941,1,1
941,91,1
941,85,1
941,1512,1
941,1182,1
941,601,1
941,351,1
941,132,1
941,1063,1
941,1088,1
941,604,1
941,530,1
941,543,1
941,1763,1
941,20,1
941,1526,1
941,368,1
941,727,1
941,1419,1
941,55,1
941,1834,1
941,884,1
941,1139,1
942,2,1
942,694,1
942,45,1
942,379,1
942,863,1
942,747,1
942,502,1
942,265,1
942,709,1
942,1365,1
942,848,1
942,762,1
942,103,1
942,654,1
942,226,1
942,84,1
942,352,1
942,2420,1
942,308,1
942,849,1
942,18,1
942,31,1
943,71,1
943,659,1
943,16,1
943,827,1
943,1791,1
943,1602,1
943,922,1
943,2143,1
943,6,1
943,874,1
943,17,2
943,603,1
943,916,1
943,465,1
943,1,3
943,689,1
943,373,1
943,1264,1
943,371,1
943,536,1
943,1733,1
943,26,1
943,409,1
943,27,1
943,15,1
943,204,1
943,1271,1
943,11,1
943,8,1
943,1254,1
943,978,1
943,1299,1
943,2277,1
943,402,2
943,400,1
943,114,1
943,430,1
943,288,1
943,1312,1
943,817,1
943,54,2
943,142,1
943,1062,1
943,57,1
943,78,1
943,1099,1
943,2287,1
944,299,1
944,2059,1
944,1507,1
944,121,2
944,1539,1
944,21,1
944,3,1
944,2099,1
944,1847,1
944,216,3
944,102,3
944,0,1
944,970,1
944,4,1
944,70,1
944,2034,1
944,1192,1
944,77,1
944,502,1
944,583,1
944,43,1
944,9,2
944,289,1
944,553,1
944,128,1
944,1530,1
944,57,1
944,78,1
944,2273,1
944,88,1
944,293,1
944,55,1
944,294,1
944,192,1
944,264,1
944,2377,1
945,71,1
945,2225,1
945,77,1
945,21,1
945,16,1
945,9,1
945,1929,1
945,145,1
945,446,1
945,15,1
945,877,1
945,761,1
945,654,1
945,76,1
945,102,1
945,1482,1
946,124,1
946,862,1
946,16,1
946,217,1
946,1469,1
946,2301,1
946,907,1
946,1473,1
946,1192,1
946,22,1
946,2031,1
946,378,1
946,865,1
946,216,1
946,102,1
946,524,1
946,5,2
946,239,1
946,1434,1
946,494,1
946,815,1
946,51,1
946,295,1
946,541,1
947,227,1
947,251,1
947,1197,1
947,1230,1
947,536,1
947,565,1
947,1178,1
947,14,1
947,53,1
947,121,1
947,2022,1
947,800,1
947,1209,1
947,1699,2
947,570,1
947,1880,2
947,84,1
947,52,1
947,447,1
947,549,1
947,1343,1
947,290,1
947,1390,1
947,185,1
947,533,1
947,768,1
947,9,2
947,1,1
947,1151,1
947,32,1
947,246,1
947,118,1
947,1672,1
947,8,1
947,577,1
947,409,1
947,192,1
947,278,1
947,0,1
947,241,1
947,1090,1
947,2204,1
947,453,1
947,633,1
947,1973,1
947,1541,1
948,24,1
948,518,1
948,124,1
948,16,1
948,45,1
948,9,1
948,3,1
948,369,1
948,1626,1
948,2162,1
948,741,1
948,295,1
948,541,1
948,808,1
948,20,1
948,15,1
948,820,1
948,390,1
948,182,1
948,123,1
948,555,1
948,1988,1
948,6,1
948,1152,1
949,71,1
949,810,1
949,7,1
949,198,1
949,146,2
949,675,1
949,1221,1
949,797,1
949,1803,1
949,638,1
949,200,1
949,1286,1
949,14,1
949,2401,1
949,777,1
949,34,1
949,1542,2
949,1705,1
949,785,1
949,208,1
949,565,1
949,12,1
949,2049,1
949,2232,1
949,1244,1
949,647,1
949,217,1
949,2168,1
949,1563,1
949,31,1
949,681,1
949,2379,1
949,0,1
949,95,1
950,125,1
950,1102,1
950,46,4
950,891,1
950,401,2
950,9,1
950,41,1
950,205,1
950,50,1
950,29,1
950,20,1
950,1853,1
950,93,1
950,1266,1
950,4,1
950,844,1
950,371,1
950,667,1
950,339,1
950,772,1
950,492,1
950,881,1
950,49,1
950,1978,1
950,107,1
950,391,2
950,773,2
950,1924,1
950,7,1
950,278,1
950,12,1
950,940,1
950,115,1
950,33,1
950,892,1
950,1000,1
950,930,1
951,106,1
951,465,2
951,16,1
951,399,1
951,60,1
951,27,2
951,1278,1
951,1026,1
951,1938,2
951,168,1
951,1717,1
951,556,2
951,0,5
951,1015,1
951,7,1
951,935,1
951,194,1
951,1789,1
951,397,1
951,79,1
951,483,1
951,129,3
951,1166,1
951,1157,1
951,138,1
951,1994,1
951,651,1
951,61,1
951,426,1
951,378,1
951,865,1
951,226,1
951,708,1
951,1162,1
952,124,1
952,77,1
952,21,1
952,3,1
952,314,1
952,325,1
952,2323,1
952,651,1
952,9,1
952,164,2
952,1213,1
952,4,1
952,840,1
952,1185,1
952,1162,1
952,82,1
952,31,2
952,204,1
952,148,1
952,701,2
952,2124,2
952,47,2
952,556,2
952,360,1
952,1911,1
952,1151,1
952,35,1
952,6,1
952,48,1
952,23,1
952,2028,1
952,1782,1
952,535,1
952,201,1
952,1466,1
952,2289,2
952,681,1
952,195,1
952,914,1
952,1759,1
952,1485,1
952,558,1
952,226,2
952,212,1
952,42,1
952,221,1
952,1113,1
952,52,1
952,394,1
952,45,1
952,2027,1
953,1965,1
953,1249,2
953,590,3
953,47,1
953,202,1
953,128,1
953,1,1
953,959,1
953,75,1
953,572,1
953,1740,1
953,7,1
953,968,3
953,0,2
953,1589,1
953,1343,1
953,1706,1
953,217,1
953,227,1
953,1772,1
953,450,1
954,518,1
954,16,1
954,1804,1
954,1081,1
954,1716,1
954,1484,1
954,1262,1
954,1312,1
954,734,1
954,800,1
954,2276,1
954,14,1
954,129,2
954,1215,1
954,32,1
954,29,1
954,1341,1
954,202,1
954,1023,1
954,28,1
954,593,1
954,226,1
954,25,2
954,256,1
954,84,1
954,1686,1
954,289,1
954,12,1
955,71,1
955,810,1
955,1,3
955,734,1
955,1481,1
955,537,1
955,3,2
955,1865,1
955,606,1
955,1835,1
955,1534,1
955,145,1
955,1725,1
955,103,1
955,1226,2
955,650,1
955,19,1
955,763,1
955,950,1
955,1504,1
955,858,1
955,372,1
955,310,1
955,46,1
955,1271,1
955,408,1
955,994,1
955,1585,1
955,875,1
955,816,1
955,429,1
955,30,1
955,841,1
955,1110,1
955,655,1
955,775,1
955,435,1
955,4,1
955,214,1
955,253,1
955,1057,1
955,221,1
955,1394,1
956,50,1
956,2122,1
956,814,1
956,21,1
956,45,1
956,59,1
956,703,1
956,2137,1
956,301,1
956,403,2
956,1454,1
956,40,1
956,1,1
956,442,1
956,211,1
956,12,1
956,1173,1
956,84,1
956,872,1
956,17,1
956,1531,1
956,410,1
956,7,1
956,733,1
956,119,1
956,1630,1
956,984,1
956,149,2
956,165,2
956,226,1
956,185,1
957,749,1
957,696,1
957,433,1
957,3,1
957,153,2
957,241,2
957,529,2
957,232,2
957,6,1
957,11,2
957,268,2
957,252,1
957,675,1
957,9,1
957,1254,1
957,908,1
957,18,1
957,263,1
957,520,1
957,1,1
957,1151,1
957,1367,1
957,2435,1
957,2127,1
957,1696,1
957,1760,1
957,198,1
957,2275,1
957,295,1
957,1821,1
957,174,1
957,2311,1
957,28,1
957,49,1
957,176,1
957,172,1
957,835,1
958,44,1
958,1870,1
958,1975,1
958,564,1
958,59,1
958,114,2
958,256,1
958,304,1
958,2035,1
958,2133,1
958,974,1
958,342,1
958,180,1
958,676,3
958,2034,1
958,9,2
958,37,1
958,369,1
958,0,2
958,471,2
958,836,1
958,240,1
958,1530,1
958,426,1
958,32,1
958,2104,1
958,39,1
958,294,1
958,192,1
958,226,1
958,1134,1
958,82,1
958,1690,1
958,12,1
958,739,1
959,518,1
959,951,1
959,391,1
959,497,1
959,880,1
959,75,1
959,2342,1
959,3,1
959,1864,1
959,1695,1
959,197,1
959,20,1
959,1046,1
959,287,1
959,1807,1
959,83,1
959,407,1
959,334,1
959,250,1
959,7,1
959,1083,1
959,1,1
959,26,1
959,1822,1
959,10,1
959,1008,1
959,1087,1
959,867,1
960,27,1
960,550,1
960,36,1
960,438,1
960,16,1
960,1319,1
960,2015,1
960,1991,1
960,315,1
960,2347,1
960,776,1
960,18,1
960,481,1
961,7,1
961,100,1
961,113,1
961,1318,1
961,31,1
961,74,1
961,22,1
961,399,1
961,2291,1
961,221,1
961,465,1
961,996,2
961,310,1
961,2316,1
961,84,1
961,1491,1
961,1427,1
961,748,1
961,456,1
961,616,1
961,690,1
961,292,1
961,213,1
961,285,1
961,38,1
961,1,1
961,608,2
961,1315,2
961,1842,1
961,651,1
961,656,1
961,1068,1
961,42,1
961,229,1
961,426,1
961,1092,1
962,2,1
962,170,1
962,503,1
962,361,1
962,9,1
962,41,1
962,1049,1
962,664,1
962,2186,1
962,646,2
962,169,1
962,26,1
962,14,1
962,280,1
962,1,2
962,69,1
962,81,1
962,837,1
962,360,1
962,73,1
962,685,1
962,915,1
962,733,1
962,285,4
962,38,4
962,517,1
962,113,1
962,1156,1
962,511,1
962,1435,1
962,183,1
962,2438,2
962,2074,1
962,219,1
962,1573,1
962,1261,1
963,2,1
963,189,1
963,1707,1
963,146,1
963,0,4
963,1968,1
963,57,1
963,78,1
963,267,1
963,176,1
963,3,2
963,418,1
963,687,1
963,1004,1
963,101,1
963,37,1
963,998,1
963,362,1
963,469,1
963,141,1
963,15,1
963,120,1
964,140,1
964,1018,1
964,390,1
964,182,1
964,305,1
964,12,1
964,2146,1
964,17,1
964,686,1
964,97,1
964,49,1
964,447,1
964,1089,1
964,0,1
964,1577,1
964,1466,1
964,804,1
964,7,1
964,379,1
964,2123,1
964,14,1
964,1954,1
964,51,1
965,2,1
965,189,1
965,77,1
965,21,1
965,2204,1
965,5,1
965,237,1
965,1000,1
965,3,1
965,6,1
965,328,1
965,1324,1
965,1210,1
965,1634,1
965,0,1
965,354,1
966,559,1
966,1903,1
966,91,1
966,85,1
966,0,1
966,341,1
966,922,1
966,24,1
966,2,1
966,542,1
966,1587,1
966,490,1
966,120,2
966,2285,1
966,361,1
966,15,2
966,365,1
966,62,1
966,1367,1
966,749,1
967,475,1
967,183,1
967,1902,1
967,60,1
967,1961,1
967,712,1
967,703,1
967,1439,1
967,98,1
967,336,1
967,86,1
967,0,1
967,274,1
967,756,1
967,364,1
967,669,1
967,3,1
967,68,1
968,16,2
968,344,1
968,2365,1
968,131,1
968,361,1
968,1736,1
968,378,1
968,987,1
968,662,1
968,233,1
968,29,1
968,1728,1
968,1838,1
968,11,1
968,8,1
968,201,1
968,221,1
968,908,1
968,876,1
968,42,1
968,208,1
968,1445,1
969,2,1
969,385,1
969,1160,1
969,7,1
969,689,1
969,730,2
969,646,1
969,26,1
969,14,1
969,199,1
969,369,1
969,43,1
969,2377,1
969,21,1
969,226,2
969,300,1
969,1,4
969,517,1
969,113,1
969,1053,1
969,20,1
969,736,1
969,717,1
969,967,1
969,98,1
969,92,1
969,1688,1
969,602,1
969,335,1
969,473,1
969,793,1
969,1123,1
969,36,1
969,462,1
969,104,1
969,123,1
969,1550,1
969,126,1
969,111,1
969,0,2
969,158,1
969,1692,1
969,1193,1
969,380,1
969,382,1
969,141,1
969,105,1
969,712,1
969,56,1
970,2,1
970,189,1
970,1103,1
970,21,1
970,1280,1
970,1200,1
970,890,1
970,474,1
970,1783,1
970,2231,1
970,1660,1
970,185,1
970,220,1
970,1586,1
970,1241,1
970,402,1
970,1142,1
971,106,1
971,163,1
971,216,1
971,6,1
971,1988,1
971,1763,1
971,1993,1
971,220,1
971,2151,1
971,1177,2
971,1545,1
971,536,1
971,697,1
971,3,1
971,1671,1
971,71,1
971,659,1
971,16,1
971,824,1
971,210,1
971,722,1
971,317,1
971,1323,1
971,87,1
971,1206,1
971,814,1
971,2164,1
972,2,1
972,1729,1
972,423,1
972,1,3
972,158,1
972,98,2
972,1613,1
972,199,1
972,1574,1
972,63,1
972,991,1
972,21,1
972,679,1
972,1320,1
972,1330,1
972,571,1
972,765,1
972,17,1
972,1335,1
972,0,2
972,1598,1
972,741,1
972,32,2
972,69,1
972,81,1
972,2077,1
972,1096,1
972,4,1
972,29,1
972,202,1
972,142,1
972,54,1
972,18,1
972,150,1
972,809,1
972,863,1
972,1067,1
972,1402,1
972,298,1
972,7,1
972,296,1
972,303,1
973,73,1
973,685,1
973,256,1
973,1,2
973,641,1
973,139,1
973,454,1
973,868,1
973,349,1
973,1712,1
973,343,1
973,860,1
973,322,1
973,1224,1
973,413,1
973,32,1
973,451,1
973,62,1
973,1245,1
973,805,1
973,314,1
973,325,1
973,266,1
973,441,1
973,220,1
973,103,1
973,627,1
973,132,1
973,489,1
973,1951,1
973,169,1
973,26,1
973,104,1
973,1891,1
974,1499,1
974,17,2
974,0,5
974,976,1
974,927,1
974,48,1
974,23,2
974,1947,1
974,449,1
974,330,1
974,743,1
974,983,1
974,21,1
974,7,1
974,1386,1
974,13,1
974,4,1
974,655,1
974,183,1
974,1067,1
974,1076,1
974,424,1
974,1981,1
974,770,1
974,1,1
974,531,1
974,101,1
974,37,1
975,1758,1
975,11,1
975,8,2
975,1439,1
975,922,1
975,893,1
975,429,1
975,181,1
975,178,1
975,58,1
975,1637,1
975,72,1
975,1229,1
975,826,1
975,1917,1
975,455,1
975,19,1
975,591,1
975,123,1
975,655,1
975,264,1
975,1921,1
975,1017,1
975,214,1
975,42,1
975,702,1
975,350,1
975,1299,1
975,59,2
975,1114,1
975,208,1
975,53,1
975,2359,1
975,395,1
975,767,1
975,1096,1
975,2367,1
975,0,1
976,112,1
976,16,1
976,9,1
976,1100,1
976,328,1
976,45,2
976,1191,1
976,784,1
976,126,1
976,1,2
976,403,1
976,11,1
976,8,1
976,276,1
976,337,1
976,886,1
976,376,1
976,1464,1
976,1105,1
976,643,1
976,28,1
976,1078,1
976,695,1
976,805,1
976,469,1
976,141,1
976,157,1
976,164,1
976,93,1
976,1597,1
976,428,1
976,2445,1
976,22,1
977,60,1
977,909,1
977,2093,1
977,404,2
977,12,1
977,357,1
977,135,1
977,160,1
977,241,1
977,529,1
977,232,1
977,41,1
977,606,1
977,931,3
977,177,1
977,63,1
977,3,1
977,772,1
977,1113,1
977,0,3
977,2087,1
977,53,2
977,1138,1
977,8,1
977,4,1
977,736,1
977,1591,1
977,270,1
977,184,1
977,349,1
977,6,1
977,1683,1
977,179,1
977,1726,1
977,635,1
977,245,1
977,150,1
977,5,1
977,809,1
977,89,1
977,752,1
977,913,1
977,1302,1
978,744,4
978,671,1
978,990,1
978,20,1
978,220,1
978,867,1
978,2078,1
978,2244,1
978,80,1
978,1970,1
978,895,1
978,1874,1
978,1694,1
978,1561,1
978,1542,2
978,2372,1
978,172,1
978,67,1
978,270,1
978,369,1
978,0,3
978,2247,1
978,640,1
978,615,1
978,5,1
978,195,1
978,188,1
978,223,1
978,688,1
978,23,1
978,1812,1
978,269,1
978,133,1
978,1960,1
978,1896,1
978,2221,1
978,1646,1
978,1709,1
978,243,1
978,1,1
978,91,1
978,85,1
978,13,1
978,4,1
979,2,1
979,1328,1
979,915,1
979,4,2
979,85,1
979,383,1
979,492,1
979,9,1
979,41,1
979,186,1
979,1,3
979,546,1
979,38,1
979,568,2
979,1966,2
979,133,1
979,124,1
979,335,1
979,892,1
979,142,1
979,54,1
979,83,1
979,116,2
979,355,1
979,255,1
979,743,1
979,983,1
979,406,1
979,1636,1
979,2274,1
979,1652,1
979,0,1
979,918,1
979,157,1
980,156,1
980,1077,1
980,684,1
980,632,1
980,80,1
980,1,1
980,1204,1
980,519,1
980,1768,1
980,1858,1
980,128,1
980,27,1
980,34,1
980,694,1
980,474,1
980,56,1
980,222,1
980,4,1
980,280,1
980,59,1
980,51,1
981,160,1
981,2097,1
981,77,1
981,0,1
981,129,1
981,1215,2
981,260,1
981,232,1
981,1469,1
981,182,1
981,4,1
981,1067,1
981,761,1
981,217,1
981,224,2
981,453,1
981,9,1
981,564,1
981,1841,1
981,536,1
981,432,1
981,256,1
981,2379,1
981,2315,1
981,354,1
981,197,1
981,2167,1
982,1246,1
982,324,1
982,229,1
982,2,1
982,1863,1
982,396,1
982,25,1
982,1,1
982,1146,1
982,489,1
982,104,1
982,457,1
982,128,1
982,519,1
982,691,1
982,115,1
982,323,1
982,90,1
982,68,1
982,291,1
982,57,1
982,78,1
982,1935,1
982,309,1
982,139,1
982,122,1
982,0,1
982,56,1
982,360,1
982,406,1
983,0,3
983,144,1
983,1502,1
983,233,1
983,899,1
983,1183,1
983,245,1
983,1573,1
983,1212,1
983,329,1
983,1955,1
983,2184,1
983,1012,1
983,200,1
983,410,1
983,34,1
983,371,1
983,2,1
983,462,1
983,104,1
983,162,1
983,19,1
983,763,1
983,950,1
983,332,1
983,211,1
983,723,1
983,480,1
983,1884,1
983,14,1
983,16,1
983,367,1
983,620,1
984,2,1
984,2047,1
984,1573,1
984,1261,1
984,14,1
984,993,1
984,180,1
984,383,3
984,47,1
984,2224,1
984,335,1
984,1138,1
984,8,1
984,2001,1
984,22,1
984,1897,1
984,999,1
984,6,1
984,1381,1
984,1974,1
985,326,1
985,1748,1
985,121,1
985,230,1
985,288,2
985,171,1
985,25,1
985,1677,1
985,1123,1
985,616,1
985,383,1
985,2148,1
985,505,2
985,277,1
985,1812,2
985,172,1
985,914,1
985,289,2
985,714,1
985,1900,1
985,1103,1
985,72,1
985,612,1
985,39,1
985,209,1
985,1310,1
985,671,1
985,474,1
986,446,1
986,2,1
986,384,1
986,790,1
986,1563,1
986,449,1
986,197,1
986,536,1
986,1400,1
986,15,4
986,1213,1
986,627,1
986,6,1
986,89,1
986,569,1
986,219,1
986,813,1
986,435,1
986,1761,1
987,256,1
987,2435,1
987,692,1
987,215,1
987,0,3
987,443,1
987,296,1
987,303,1
987,280,1
987,1597,1
987,224,1
987,1065,1
987,60,1
987,34,1
987,67,1
987,1011,1
987,389,1
987,37,1
987,1079,1
987,1440,1
987,10,1
987,13,1
987,1394,1
987,183,1
987,114,1
987,932,1
987,327,1
987,1758,1
987,135,1
987,510,1
988,1565,1
988,925,1
988,107,1
988,804,1
988,1010,1
988,1928,1
988,319,1
988,72,1
988,33,1
988,411,1
988,268,1
988,301,1
988,656,1
988,1533,1
988,171,1
988,70,1
988,965,1
988,818,1
988,496,1
989,112,1
989,6,1
989,317,1
989,376,1
989,221,1
989,185,1
989,226,1
989,1784,1
989,212,1
989,1525,1
989,11,1
989,8,1
989,2076,1
989,103,1
989,622,1
989,786,1
989,559,1
989,651,1
990,71,1
990,2225,1
990,77,1
990,230,1
990,9,1
990,2058,2
990,132,1
990,2370,1
990,1647,1
990,196,1
990,184,1
990,825,1
990,6,1
990,65,1
990,803,1
990,33,1
990,777,1
991,1538,1
991,20,2
991,0,1
991,307,1
991,1633,1
991,1369,1
991,560,1
991,109,1
991,142,2
991,54,1
991,18,1
991,1531,1
991,898,1
991,45,1
991,1079,1
991,1673,1
991,2067,1
991,470,1
991,242,1
991,1398,1
991,239,1
992,2,1
992,1,1
992,248,1
992,506,1
992,3,1
992,146,1
992,723,1
992,712,1
992,86,1
992,0,3
992,1869,1
992,1522,1
992,304,2
992,256,1
992,335,1
992,143,1
992,1199,1
992,300,1
992,704,1
992,114,1
992,771,1
992,508,1
992,1623,1
992,860,1
992,6,1
992,48,1
992,23,1
993,2,1
993,1729,1
993,406,1
993,7,1
993,2350,1
993,60,1
993,503,1
993,2056,1
993,383,1
993,273,1
993,1,1
993,0,1
993,1237,1
993,15,1
993,1220,1
993,1148,1
993,569,1
993,265,1
993,620,1
993,39,1
993,4,1
993,201,2
993,494,2
993,905,1
993,556,1
994,2,1
994,190,1
994,420,1
994,1130,1
994,334,1
994,5,1
994,105,1
994,77,1
994,0,2
994,247,1
994,73,1
994,1859,1
994,563,1
994,1350,1
994,1916,1
994,1520,1
994,747,1
994,217,1
994,270,1
994,513,2
995,2444,1
995,398,1
995,1929,1
995,212,1
995,1524,1
995,357,1
995,2121,1
995,558,1
995,628,1
995,5,1
995,538,1
995,41,1
995,88,1
995,32,1
995,770,1
996,1581,1
996,133,1
996,2292,2
996,2300,1
996,222,1
996,123,1
996,586,1
996,59,1
996,2169,1
996,804,1
996,377,1
996,904,1
996,21,1
996,3,1
996,1354,1
996,1102,1
996,7,2
996,316,1
996,171,2
996,712,1
996,6,1
996,1236,1
996,982,1
996,82,1
996,986,1
996,126,1
996,2119,1
996,1649,1
996,0,1
996,199,1
997,1335,2
997,2074,2
997,2155,1
997,1,7
997,279,1
997,568,2
997,0,1
997,967,1
997,1825,1
997,702,1
997,285,1
997,38,3
997,1671,1
997,1142,1
997,1338,1
997,844,1
997,401,1
997,1042,1
997,1738,1
997,717,1
997,2421,1
997,89,1
997,4,1
997,69,1
997,81,1
997,1654,2
997,569,1
997,200,1
997,479,1
997,218,1
997,1150,1
997,219,1
997,140,2
997,6,1
997,640,1
998,2,1
998,347,1
998,873,1
998,48,1
998,23,1
998,1462,3
998,3,2
998,1665,1
998,1563,1
998,679,1
998,669,1
998,37,1
998,1115,1
998,220,1
998,260,1
998,5,1
998,53,1
998,895,1
998,1874,1
998,1694,1
998,1669,1
998,1135,1
998,774,1
998,754,1
998,26,1
998,14,1
998,607,1
998,348,1
998,0,1
998,105,1
998,27,1
998,300,1
998,1,1
998,65,1
998,35,2
998,19,1
998,1295,1
998,1081,1
998,375,1
998,1765,1
998,973,1
998,1612,1
998,11,1
998,8,1
998,4,1
998,2298,1
998,264,1
998,1074,1
998,393,1
999,36,1
999,190,1
999,1898,1
999,1,2
999,91,2
999,85,2
999,31,3
999,308,2
999,51,2
999,5,2
999,161,1
999,1884,1
999,1287,1
999,1256,1
999,14,1
999,2258,2
999,491,1
999,2423,1
1000,16,1
1000,1323,1
1000,1206,1
1000,872,1
1000,1896,1
1000,446,1
1000,118,1
1000,6,1
1000,0,1
1000,203,1
1000,674,1
1000,101,1
1000,37,1
1000,461,1
1000,1824,1
1000,1100,1
1000,27,1
1000,1445,1
1000,1887,1
1000,561,1
1000,538,1
1000,1777,1
1000,1907,1
1000,50,1
1000,1423,1
1001,2,1
1001,170,1
1001,228,1
1001,104,1
1001,1368,1
1001,449,1
1001,1737,1
1001,588,1
1001,1095,1
1001,532,1
1001,457,1
1001,50,1
1001,1181,1
1001,201,1
1001,164,1
1001,252,1
1001,0,1
1001,1810,1
1001,354,1
1001,871,1
1001,1032,1
1001,1478,1
1002,688,1
1002,2018,1
1002,585,1
1002,20,1
1002,103,1
1002,743,3
1002,1152,1
1002,983,2
1002,1094,2
1002,278,1
1002,12,1
1002,1074,1
1002,2275,1
1002,606,1
1002,1086,1
1002,1643,1
1002,832,1
1002,1223,1
1002,1148,1
1002,50,1
1002,2353,1
1002,457,1
1002,1,1
1002,69,1
1002,81,1
1002,47,1
1002,15,1
1002,1168,1
1002,1089,1
1002,1134,1
1002,827,1
1002,2007,1
1002,53,1
1002,512,1
1002,417,1
1002,434,1
1002,2233,1
1002,2174,1
1002,14,1
1002,291,1
1003,2,1
1003,347,1
1003,2031,1
1003,196,2
1003,432,1
1003,59,1
1003,231,1
1003,2265,1
1003,39,1
1003,1347,1
1003,636,2
1003,188,1
1003,455,1
1003,19,1
1003,1105,1
1003,2127,1
1003,365,1
1003,62,1
1003,130,1
1003,28,1
1003,2113,1
1003,968,1
1003,1342,1
1003,0,1
1004,124,1
1004,2343,1
1004,1293,1
1004,929,1
1004,9,1
1004,553,1
1004,1526,1
1004,412,1
1004,21,1
1004,3,1
1004,339,1
1004,1825,1
1004,89,1
1004,218,3
1004,902,4
1004,1082,2
1004,2322,1
1004,833,1
1004,954,1
1004,6,2
1004,1855,2
1004,2329,1
1004,1500,2
1004,4,2
1004,253,1
1004,1186,1
1004,201,1
1004,1418,1
1004,10,1
1004,13,1
1004,1664,1
1004,1441,1
1004,146,1
1004,461,1
1004,1992,1
1004,104,1
1004,1897,1
1004,1703,1
1004,914,1
1004,817,1
1004,54,1
1004,18,1
1004,148,1
1004,1779,1
1004,70,1
1004,1132,1
1004,2178,1
1005,96,1
1005,61,1
1005,230,2
1005,671,1
1005,990,1
1005,1199,1
1005,328,1
1005,1134,1
1005,1703,1
1005,1447,2
1005,59,1
1005,508,1
1005,312,1
1005,1607,1
1005,2386,1
1005,1744,1
1005,912,1
1005,2222,1
1005,7,3
1005,684,1
1005,632,1
1005,0,1
1005,309,1
1005,2124,1
1005,2055,1
1005,375,1
1005,2076,1
1005,1,1
1005,101,1
1005,37,1
1005,1519,1
1005,637,1
1005,2062,1
1005,8,1
1005,21,1
1005,1313,1
1006,2,1
1006,888,1
1006,980,1
1006,2186,1
1006,646,2
1006,870,1
1006,1001,1
1006,2214,1
1006,580,1
1006,2271,1
1006,177,1
1006,63,1
1006,1014,1
1006,94,1
1006,1896,1
1006,1023,3
1006,1534,1
1006,1210,1
1006,144,1
1006,942,1
1006,7,1
1006,324,2
1006,848,1
1006,2352,1
1006,82,1
1006,319,1
1006,29,1
1006,297,1
1006,1355,1
1006,486,1
1006,358,1
1006,13,1
1006,418,1
1006,281,1
1006,1897,1
1006,128,1
1006,140,1
1006,108,1
1006,305,1
1006,1300,1
1006,439,1
1006,1399,1
1006,1902,1
1006,374,1
1006,612,1
1006,895,1
1006,314,1
1006,325,1
1006,1202,1
1006,17,1
1006,2399,1
1007,86,1
1007,0,1
1007,1006,1
1007,491,1
1007,1,2
1007,69,1
1007,1386,1
1007,7,1
1007,159,2
1007,375,1
1007,307,1
1007,911,1
1007,18,1
1007,1766,1
1007,148,1
1007,2403,1
1007,4,1
1007,1423,1
1007,1516,1
1007,548,1
1007,2367,1
1007,1469,1
1007,55,1
1008,4,3
1008,57,1
1008,78,1
1008,47,1
1008,322,1
1008,7,1
1008,183,1
1008,8,1
1008,70,2
1008,6,1
1008,3,2
1008,1410,1
1008,90,1
1008,68,1
1008,0,2
1008,32,1
1008,74,1
1008,22,1
1008,460,1
1008,853,1
1008,475,1
1008,128,2
1008,2388,2
1008,447,1
1008,444,1
1008,251,1
1008,466,1
1008,2014,1
1009,40,1
1009,1219,1
1009,590,1
1009,149,1
1009,2027,1
1009,47,1
1009,606,2
1009,1977,2
1009,0,3
1009,100,1
1009,3,1
1009,315,1
1009,555,1
1009,1464,1
1009,31,2
1009,1057,2
1009,683,1
1009,5,1
1009,1084,1
1009,525,2
1009,1194,1
1009,1551,1
1009,28,1
1009,1241,1
1009,2395,1
1009,767,1
1009,768,1
1009,1031,1
1010,2,1
1010,190,1
1010,420,1
1010,1872,1
1010,141,1
1010,724,1
1010,229,1
1010,459,4
1010,1998,1
1010,149,2
1010,73,1
1010,1819,1
1010,874,1
1010,560,1
1010,17,2
1010,752,1
1010,0,1
1010,1850,1
1010,502,1
1010,1824,1
1010,280,1
1010,300,1
1010,842,1
1010,1020,1
1010,1721,1
1010,366,1
1010,396,1
1010,996,1
1010,6,1
1010,158,1
1010,1956,1
1010,478,1
1010,1137,1
1010,222,1
1010,4,1
1010,1176,1
1010,115,1
1010,1359,1
1010,89,1
1011,5,1
1011,19,1
1011,1044,1
1011,1569,1
1011,71,1
1011,66,1
1011,601,1
1011,43,1
1011,2421,1
1011,77,1
1011,21,1
1011,1145,1
1011,1,1
1011,10,1
1011,1008,1
1011,1087,1
1011,1820,1
1011,600,1
1011,1476,1
1012,753,1
1012,614,2
1012,458,2
1012,65,1
1012,35,2
1012,1317,2
1012,1401,1
1012,1,2
1012,488,1
1012,477,1
1012,373,1
1012,18,1
1012,252,2
1012,381,1
1012,1136,1
1012,327,1
1012,0,1
1012,166,1
1012,360,1
1012,47,1
1012,83,1
1012,2140,1
1012,1186,2
1012,1400,1
1012,1056,2
1012,2201,1
1012,10,1
1012,13,1
1012,4,1
1012,333,1
1012,285,1
1012,38,1
1012,374,1
1012,82,1
1012,1512,1
1012,1012,1
1012,26,1
1012,940,1
1012,2236,1
1012,49,1
1012,7,1
1012,1240,1
1012,803,1
1012,1444,1
1012,2016,1
1013,8,1
1013,1375,1
1013,140,1
1013,685,1
1013,1850,1
1013,303,1
1013,0,1
1013,611,1
1013,765,1
1013,572,1
1013,693,1
1013,67,1
1013,27,1
1013,160,1
1013,692,1
1013,215,1
1013,1123,2
1013,7,1
1013,388,1
1013,363,1
1013,259,1
1013,1,1
1013,101,1
1013,37,1
1013,616,1
1013,1068,1
1013,853,1
1013,1656,1
1013,1062,1
1013,126,1
1013,25,1
1013,622,1
1013,175,1
1013,1646,1
1013,574,1
1013,480,1
1014,80,1
1014,1538,1
1014,60,1
1014,423,1
1014,667,1
1014,10,1
1014,13,1
1014,25,1
1014,1555,1
1014,875,1
1014,375,1
1014,1763,1
1014,133,1
1014,718,1
1014,2064,1
1014,1183,1
1014,108,1
1014,2186,1
1014,662,1
1014,1394,1
1014,82,1
1014,5,1
1014,640,1
1014,1752,1
1014,0,1
1014,1876,1
1014,346,1
1014,489,1
1015,2,1
1015,1125,1
1015,1953,1
1015,241,1
1015,529,1
1015,232,1
1015,41,1
1015,12,1
1015,1731,1
1015,357,1
1015,442,1
1015,1560,1
1015,1642,1
1015,850,1
1015,18,1
1015,2444,1
1015,398,1
1015,632,1
1015,947,1
1015,2076,1
1015,30,1
1015,4,1
1015,2379,1
1015,0,1
1015,330,1
1015,5,1
1015,735,1
1015,536,1
1015,52,1
1015,19,1
1015,64,1
1015,117,1
1015,898,1
1015,59,1
1015,1005,1
1015,905,1
1015,3,1
1016,80,1
1016,76,1
1016,1771,1
1016,1876,1
1016,1175,1
1016,1699,1
1016,1690,1
1016,749,1
1016,934,1
1016,0,1
1016,280,1
1016,132,1
1016,513,1
1016,1025,1
1016,2387,1
1016,1239,1
1016,75,1
1016,2024,1
1016,1772,1
1016,6,1
1016,2111,1
1016,2333,1
1016,53,1
1016,634,1
1016,508,1
1017,18,1
1017,1355,1
1017,150,1
1017,2221,1
1017,131,1
1017,453,1
1017,24,1
1017,490,1
1017,398,1
1017,279,1
1017,98,1
1017,2064,1
1017,2067,1
1017,20,1
1017,342,1
1017,180,1
1017,6,1
1017,1348,1
1017,44,1
1017,928,1
1017,39,1
1017,2353,1
1017,457,1
1018,320,1
1018,1960,1
1018,499,1
1018,1529,1
1018,561,1
1018,1700,1
1018,510,1
1018,2030,1
1018,229,1
1018,1078,1
1018,66,1
1018,42,1
1018,703,1
1018,129,1
1018,1215,1
1018,1,1
1018,1357,1
1018,2350,1
1018,598,1
1019,1617,1
1019,503,2
1019,19,2
1019,763,1
1019,950,1
1019,849,1
1019,50,1
1019,2,1
1019,462,1
1019,104,1
1019,123,1
1019,2301,1
1019,60,1
1019,94,1
1019,138,1
1019,1362,1
1019,64,1
1019,117,1
1019,733,1
1019,285,1
1019,38,1
1019,1338,1
1019,306,2
1019,665,2
1019,242,1
1019,108,1
1019,485,1
1019,717,1
1019,264,1
1019,536,1
1020,2,1
1020,888,1
1020,2350,1
1020,328,1
1020,1096,1
1020,2318,1
1020,2000,1
1020,104,1
1020,1360,1
1020,242,1
1020,378,1
1020,1007,1
1020,108,1
1020,616,1
1020,1260,1
1020,15,1
1020,120,1
1020,169,1
1020,26,1
1020,2452,1
1020,1752,1
1020,2214,1
1020,1762,1
1020,1212,1
1020,860,1
1020,6,1
1020,2109,1
1020,999,1
1020,70,1
1020,2438,1
1020,1813,1
1020,2155,1
1020,1986,1
1020,87,1
1020,522,1
1020,1206,1
1020,528,1
1021,1721,1
1021,2233,1
1021,375,1
1021,7,1
1021,17,1
1021,363,1
1021,2,1
1021,291,1
1021,5,1
1021,306,1
1021,624,1
1021,72,1
1021,48,2
1021,23,2
1021,0,2
1021,1152,1
1021,2304,1
1021,700,1
1021,90,1
1021,68,1
1021,367,1
1021,267,1
1021,1461,1
1021,511,1
1021,1362,1
1021,587,1
1021,6,1
1022,437,1
1022,6,1
1022,1971,1
1022,2017,1
1022,595,1
1022,2323,1
1022,782,1
1022,146,1
1022,105,2
1022,77,2
1022,397,1
1022,1423,1
1022,379,1
1022,1,2
1022,1237,1
1022,48,2
1022,23,1
1022,33,1
1022,2140,1
1022,334,1
1022,976,1
1022,27,1
1022,155,1
1022,2145,1
1022,254,1
1022,422,1
1022,235,1
1022,1317,1
1022,79,1
1022,878,1
1022,25,1
1022,302,1
1022,415,1
1023,2,1
1023,110,1
1023,48,1
1023,23,1
1023,1,2
1023,158,1
1023,198,1
1023,146,1
1023,0,1
1023,309,1
1023,139,1
1023,335,1
1023,1499,1
1023,91,1
1023,85,1
1023,1723,1
1023,2262,1
1023,612,1
1023,1009,1
1023,271,1
1023,26,1
1023,14,1
1023,17,1
1023,371,1
1023,1306,1
1024,502,1
1024,186,1
1024,1439,1
1024,17,1
1024,299,2
1024,402,1
1024,281,1
1024,815,1
1024,3,1
1024,1807,1
1024,51,1
1024,5,2
1024,372,1
1024,310,1
1024,52,1
1024,28,2
1024,228,1
1024,311,1
1024,7,1
1024,57,1
1024,78,1
1024,648,1
1024,265,1
1024,243,1
1024,1754,1
1024,349,1
1025,139,1
1025,457,1
1025,302,1
1025,361,1
1025,286,1
1025,598,1
1025,371,1
1025,1877,1
1025,12,1
1025,1921,1
1025,1017,1
1025,30,1
1025,1221,2
1025,1423,1
1025,1,1
1025,1315,1
1025,1257,1
1025,900,1
1025,122,1
1025,0,3
1025,544,2
1025,2011,1
1025,1538,1
1025,152,1
1025,1687,1
1025,380,1
1025,348,1
1025,15,1
1025,398,1
1025,244,1
1025,62,1
1025,614,1
1025,458,1
1025,281,1
1025,255,1
1025,772,1
1025,150,1
1025,472,1
1025,512,1
1026,2,1
1026,540,1
1026,889,1
1026,1338,1
1026,309,1
1026,72,1
1026,874,1
1026,560,1
1026,17,1
1026,3,4
1026,57,1
1026,2210,1
1026,986,1
1026,1561,1
1026,278,1
1026,12,1
1027,2,1
1027,1729,1
1027,12,2
1027,262,1
1027,5,1
1027,198,1
1027,146,1
1027,1028,1
1027,853,1
1027,330,1
1027,1605,1
1027,1062,1
1027,268,1
1027,263,1
1027,150,1
1027,32,1
1027,29,1
1027,1341,1
1027,1510,1
1027,162,1
1027,76,1
1028,633,2
1028,13,1
1028,6,1
1028,1153,1
1028,237,1
1028,2,1
1028,110,1
1028,1079,1
1028,51,1
1028,5,1
1028,604,1
1028,530,1
1028,2393,1
1028,27,1
1028,14,1
1028,690,1
1028,350,1
1028,0,1
1028,39,1
1028,109,1
1028,1374,1
1028,31,1
1028,662,1
1028,688,1
1028,233,1
1028,29,1
1028,1359,1
1028,70,1
1028,1590,1
1029,0,1
1029,77,1
1029,95,2
1029,91,1
1029,85,1
1029,725,1
1029,569,1
1029,1775,1
1029,1618,1
1029,184,1
1029,3,1
1029,643,1
1029,788,1
1029,764,1
1029,1591,1
1029,19,1
1029,227,1
1029,1012,1
1029,1208,1
1029,1705,1
1029,29,1
1029,15,1
1029,951,1
1029,391,1
1029,31,1
1029,1598,1
1029,1576,1
1029,256,1
1029,233,1
1029,17,1
1029,97,1
1030,855,1
1030,1143,2
1030,0,8
1030,105,3
1030,77,3
1030,926,1
1030,309,1
1030,483,1
1030,59,1
1030,252,1
1030,2344,1
1030,24,1
1030,2,1
1030,173,1
1030,83,1
1030,1058,1
1030,1680,1
1030,228,1
1030,589,1
1030,365,1
1030,62,1
1030,977,1
1030,86,1
1030,830,1
1030,2113,1
1030,1702,1
1030,452,1
1030,7,1
1030,377,1
1030,199,1
1030,141,1
1031,2,1
1031,190,1
1031,290,1
1031,1560,1
1031,328,1
1031,1094,1
1031,1488,1
1031,257,1
1031,244,1
1031,1017,1
1031,800,1
1031,1743,1
1031,1556,1
1031,100,2
1031,308,1
1031,122,1
1031,344,1
1032,198,1
1032,1345,1
1032,16,1
1032,2198,1
1032,316,1
1032,171,1
1032,267,1
1032,319,1
1032,29,1
1032,692,1
1032,215,1
1032,43,1
1032,322,1
1032,2294,1
1032,0,2
1032,601,1
1032,6,1
1032,53,1
1032,293,1
1032,55,1
1032,1389,1
1032,103,2
1032,987,1
1032,203,1
1032,1395,1
1032,765,1
1032,429,1
1032,1,2
1032,279,1
1032,98,1
1032,681,2
1032,1286,1
1032,2128,1
1032,19,1
1032,1312,1
1032,493,1
1032,611,2
1032,24,1
1032,548,1
1032,2367,1
1032,729,1
1032,1651,1
1032,195,1
1033,2,1
1033,141,1
1033,0,2
1033,326,3
1033,1953,1
1033,241,1
1033,529,1
1033,232,1
1033,920,2
1033,719,1
1033,1976,1
1033,332,1
1033,346,1
1033,66,1
1033,1531,1
1033,122,1
1033,822,1
1033,25,1
1033,370,2
1033,308,1
1033,36,1
1033,39,1
1033,1,1
1033,91,1
1033,85,1
1033,512,1
1033,1607,1
1033,1099,1
1033,547,1
1033,93,1
1033,9,1
1033,57,1
1033,78,1
1033,2191,1
1034,36,1
1034,170,1
1034,334,1
1034,605,1
1034,1961,1
1034,214,1
1034,5,1
1034,295,1
1034,541,1
1034,227,1
1034,1061,1
1034,1133,1
1034,1672,1
1034,1880,1
1034,87,1
1034,97,1
1034,765,1
1034,17,1
1034,422,1
1034,235,1
1034,70,1
1034,6,1
1034,686,1
1035,614,1
1035,458,1
1035,403,1
1035,6,1
1035,609,1
1035,1071,1
1035,60,1
1035,780,1
1035,283,1
1035,0,3
1035,29,1
1035,304,1
1035,26,1
1035,2453,1
1035,482,1
1035,191,1
1035,72,1
1035,970,1
1035,379,1
1035,2294,1
1035,55,1
1036,2,1
1036,888,1
1036,1309,1
1036,92,3
1036,754,1
1036,1057,1
1036,1794,1
1036,51,1
1036,5,1
1036,1354,1
1036,226,1
1036,1994,1
1036,1,3
1036,279,1
1036,98,1
1036,19,1
1036,64,1
1036,117,1
1036,4,1
1036,100,1
1036,113,1
1036,1461,1
1036,3,1
1036,2277,1
1036,339,1
1036,0,1
1036,662,1
1036,989,1
1036,1357,1
1036,240,1
1036,138,1
1036,2131,1
1036,192,1
1036,1540,1
1036,1703,1
1036,7,1
1036,29,1
1037,1270,1
1037,2444,1
1037,2424,1
1037,1424,1
1037,281,1
1037,255,1
1037,1,2
1037,368,1
1037,1599,1
1037,793,1
1037,965,1
1037,818,1
1037,72,1
1037,1280,1
1037,205,1
1037,46,1
1037,2252,1
1037,746,1
1037,282,1
1037,332,1
1037,1759,1
1037,791,1
1037,337,1
1037,749,1
1037,58,2
1037,1737,1
1037,343,1
1038,337,1
1038,886,1
1038,3,1
1038,422,1
1038,235,1
1038,1462,1
1038,376,1
1038,2037,1
1038,2303,1
1038,24,1
1038,518,1
1038,112,1
1038,260,1
1038,232,1
1038,617,1
1038,2264,1
1038,835,1
1038,892,1
1038,9,2
1038,327,1
1038,72,1
1039,2,1
1039,385,1
1039,3,1
1039,2418,1
1039,1371,1
1039,0,1
1039,1238,1
1039,1014,1
1039,16,1
1039,2280,1
1039,160,1
1039,65,2
1039,35,4
1039,13,1
1039,932,1
1039,12,3
1039,14,1
1039,1,1
1039,2298,1
1039,966,1
1039,1390,1
1039,53,1
1039,582,1
1039,163,1
1039,316,1
1039,171,1
1039,1081,1
1040,870,1
1040,1001,1
1040,2214,1
1040,241,1
1040,529,1
1040,232,1
1040,1130,1
1040,812,1
1040,32,1
1040,309,1
1040,2125,1
1040,71,1
1040,1041,1
1040,16,1
1040,0,1
1040,1448,2
1040,1204,1
1040,1367,1
1040,2435,1
1040,1015,1
1040,73,2
1040,1944,1
1040,174,1
1040,1,1
1040,248,1
1040,2002,1
1040,83,1
1040,407,1
1040,15,1
1040,204,1
1040,2369,1
1040,877,1
1040,3,1
1040,143,1
1040,161,1
1040,526,1
1040,1247,1
1040,329,1
1040,11,1
1040,268,1
1040,221,1
1040,908,1
1040,145,1
1040,749,1
1040,301,1
1040,25,1
1040,1306,1
1040,5,1
1040,2406,1
1040,1378,1
1040,508,1
1040,33,1
1040,1779,1
1040,355,1
1040,255,1
1040,92,1
1040,7,1
1040,249,1
1041,140,1
1041,7,2
1041,18,1
1041,63,1
1041,1627,1
1041,2229,1
1041,1062,1
1041,8,2
1041,4,1
1041,360,1
1041,41,1
1041,97,1
1041,1130,1
1041,1088,1
1041,461,1
1041,494,1
1041,614,1
1041,458,1
1041,65,2
1041,35,2
1041,1030,1
1041,416,2
1041,1664,1
1041,1441,1
1041,576,1
1042,1760,1
1042,2242,1
1042,288,5
1042,1142,1
1042,383,1
1042,13,2
1042,4,1
1042,611,1
1042,287,1
1042,476,1
1042,586,1
1042,169,1
1042,26,2
1042,161,1
1042,146,1
1042,0,1
1042,460,1
1042,363,1
1042,104,1
1042,329,1
1042,57,1
1042,78,1
1042,266,1
1042,398,1
1042,315,1
1042,400,1
1042,386,2
1042,1592,1
1042,196,1
1042,253,1
1042,544,1
1042,1722,1
1042,1820,1
1042,109,1
1042,142,1
1042,54,1
1042,1498,1
1042,18,1
1042,148,1
1042,179,1
1042,271,1
1042,14,1
1042,1869,1
1042,16,1
1042,230,1
1042,1842,1
1042,55,1
1042,2143,1
1042,1712,1
1042,59,1
1042,270,1
1042,1,1
1042,1563,1
1043,2,1
1043,170,1
1043,16,1
1043,1043,1
1043,311,2
1043,1421,1
1043,2432,1
1043,1261,1
1043,417,3
1043,434,1
1043,1,2
1043,15,1
1043,1083,1
1043,1810,1
1043,1350,1
1043,240,1
1043,2357,1
1043,2128,1
1043,30,1
1043,186,1
1043,73,1
1043,641,1
1043,874,1
1043,560,1
1043,17,2
1043,0,2
1043,651,1
1043,739,1
1043,760,1
1043,5,1
1043,306,2
1043,624,2
1043,2286,1
1043,378,1
1043,737,1
1043,511,1
1044,318,1
1044,16,1
1044,1808,1
1044,470,2
1044,352,3
1044,6,1
1044,1023,1
1044,211,1
1044,722,1
1044,92,1
1044,1,1
1044,205,1
1044,46,3
1044,539,1
1044,84,1
1044,44,1
1044,1322,1
1044,747,1
1044,50,1
1044,598,1
1044,434,2
1044,161,1
1044,1312,1
1044,793,2
1044,1433,1
1044,1241,1
1044,15,1
1044,719,1
1044,2257,1
1044,1039,1
1045,2,1
1045,189,1
1045,582,1
1045,163,1
1045,48,2
1045,23,2
1045,991,1
1045,98,2
1045,25,2
1045,1,4
1045,158,2
1045,37,2
1045,1123,3
1045,72,1
1045,1721,1
1045,2113,1
1045,2396,1
1045,1564,1
1045,193,1
1045,80,1
1045,20,1
1045,468,1
1045,2218,1
1045,10,2
1045,556,1
1045,1782,1
1045,1533,1
1045,1842,2
1045,1708,2
1045,2221,1
1045,1304,2
1045,1503,1
1045,730,1
1045,1435,2
1045,646,2
1045,363,2
1045,156,1
1045,4,1
1045,1150,1
1045,219,1
1045,608,1
1045,102,1
1045,0,1
1045,2101,1
1045,943,1
1045,1335,1
1045,43,1
1045,38,1
1045,647,1
1045,476,1
1046,2,1
1046,190,1
1046,420,1
1046,48,1
1046,23,1
1046,3,1
1046,692,1
1046,215,1
1046,1123,1
1046,1370,1
1046,311,1
1046,1292,1
1046,120,1
1046,937,1
1046,177,1
1046,322,1
1046,20,1
1046,158,1
1046,2218,1
1046,53,1
1046,293,1
1046,55,1
1046,987,2
1046,203,3
1046,212,1
1046,574,1
1046,1703,2
1046,973,1
1046,1375,1
1047,154,1
1047,223,1
1047,23,1
1047,3,1
1047,863,2
1047,1638,1
1047,625,1
1047,67,1
1047,0,2
1047,404,1
1047,703,1
1047,1606,1
1047,1520,1
1047,7,1
1047,166,1
1047,718,1
1047,2055,2
1047,86,1
1047,2234,1
1047,112,1
1047,1678,1
1047,619,1
1047,13,1
1047,4,1
1047,903,1
1047,1867,1
1048,525,2
1048,12,2
1048,1920,1
1048,1736,1
1048,2253,1
1048,11,1
1048,268,1
1048,666,1
1048,785,1
1048,644,1
1048,1450,2
1048,713,1
1048,1773,1
1048,534,1
1048,883,1
1048,1556,1
1048,317,1
1048,1796,1
1048,657,1
1048,18,1
1048,262,1
1049,2,1
1049,158,1
1049,17,1
1049,0,2
1049,1283,1
1049,1391,1
1049,1699,1
1049,1361,1
1049,1352,1
1049,1060,1
1049,6,1
1049,121,1
1049,72,1
1049,108,1
1049,126,1
1049,210,1
1049,1538,1
1049,450,1
1049,524,1
1049,1467,1
1049,1,1
1049,56,1
1050,2,2
1050,110,1
1050,323,1
1050,65,1
1050,35,1
1050,1467,1
1050,1,3
1050,545,1
1050,207,1
1050,886,1
1050,3,2
1050,0,1
1050,341,1
1050,212,1
1050,339,1
1050,789,1
1050,802,1
1050,72,1
1050,1377,1
1050,27,2
1050,412,1
1050,1158,1
1050,1060,1
1050,103,1
1050,25,2
1050,829,1
1050,418,1
1050,436,1
1050,38,1
1050,1403,1
1050,17,1
1050,911,1
1050,18,1
1050,51,1
1050,369,1
1050,97,1
1051,250,1
1051,908,1
1051,145,1
1051,2,1
1051,101,1
1051,37,1
1051,0,1
1051,1615,1
1051,746,1
1051,282,1
1051,2126,1
1051,1276,1
1051,1045,1
1051,925,1
1051,272,1
1051,90,1
1051,68,1
1051,1208,1
1051,1756,1
1051,408,1
1051,994,1
1051,88,1
1051,952,1
1051,1680,1
1051,1111,1
1051,150,1
1051,645,1
1051,122,1
1051,6,1
1051,15,1
1051,16,1
1052,2,1
1052,190,1
1052,1199,1
1052,862,1
1052,16,1
1052,1712,1
1052,1,1
1052,372,1
1052,310,1
1052,2449,1
1052,740,1
1052,424,1
1052,32,1
1052,1403,1
1052,1939,1
1052,1984,1
1052,558,1
1052,161,1
1052,29,1
1052,1468,1
1053,568,1
1053,1966,1
1053,743,1
1053,983,1
1053,1070,1
1053,2,1
1053,438,1
1053,150,1
1053,1062,1
1053,8,1
1053,531,2
1053,460,2
1053,1430,1
1053,497,1
1053,128,1
1053,0,1
1053,374,1
1053,841,1
1053,1400,1
1053,911,1
1053,251,1
1053,200,1
1054,2,1
1054,110,1
1054,323,1
1054,65,1
1054,35,1
1054,2316,1
1054,1431,1
1054,2064,2
1054,1128,1
1054,6,1
1054,422,1
1054,235,1
1054,199,1
1054,1574,1
1054,21,1
1054,1106,1
1054,679,1
1054,89,1
1054,1389,1
1054,103,1
1054,1,3
1054,476,1
1054,1303,1
1054,466,1
1054,2046,1
1054,1318,1
1054,1112,1
1055,2,1
1055,888,1
1055,203,2
1055,2045,1
1055,826,1
1055,93,1
1055,9,1
1055,1828,1
1055,87,1
1055,456,2
1055,30,1
1055,2147,1
1055,137,1
1055,340,1
1055,127,1
1055,730,1
1056,2,1
1056,110,1
1056,323,1
1056,48,1
1056,23,1
1056,1205,1
1056,64,1
1056,152,1
1056,221,2
1056,763,1
1056,2192,1
1056,30,1
1056,59,1
1056,20,1
1056,1586,1
1056,1359,1
1056,89,1
1056,2236,1
1056,373,1
1056,1539,1
1056,21,1
1056,3,1
1056,958,1
1056,1267,1
1056,1317,1
1056,938,1
1056,2003,1
1056,1373,1
1057,135,1
1057,9,1
1057,2285,1
1057,361,1
1057,290,2
1057,1604,1
1057,2425,1
1057,1775,1
1057,337,1
1057,244,1
1057,793,1
1057,148,1
1057,2048,1
1057,5,1
1057,688,1
1057,255,1
1058,48,2
1058,23,2
1058,0,3
1058,2189,1
1058,24,1
1058,2,1
1058,656,1
1058,991,1
1058,568,1
1058,1966,1
1058,18,1
1058,1,1
1058,1656,2
1058,861,1
1058,1511,1
1058,86,1
1058,3,1
1059,1592,1
1059,6,1
1059,1156,1
1059,511,1
1059,1655,1
1059,494,1
1059,784,1
1059,126,1
1059,377,1
1059,186,1
1059,487,1
1059,1474,2
1059,175,2
1059,1748,2
1059,512,1
1059,98,1
1059,842,1
1059,14,1
1059,56,1
1059,1629,1
1059,1411,1
1059,1137,1
1059,222,1
1059,162,1
1059,876,1
1060,2,1
1060,438,1
1060,894,1
1060,368,1
1060,63,1
1060,450,1
1060,425,1
1060,896,1
1060,206,1
1060,490,1
1060,1213,1
1060,319,1
1060,101,2
1060,37,2
1060,721,1
1060,2211,1
1060,1996,1
1060,592,1
1060,0,1
1060,727,1
1060,1677,1
1061,1134,1
1061,764,1
1061,34,2
1061,32,2
1061,579,1
1061,1992,1
1061,1790,1
1061,2185,1
1061,1537,1
1061,5,1
1061,957,1
1061,24,1
1061,2,1
1061,182,1
1061,1038,1
1061,3,1
1061,1666,1
1061,151,1
1061,775,1
1061,2001,1
1061,22,1
1061,914,1
1061,289,1
1061,1545,1
1061,394,1
1061,744,1
1061,247,1
1061,929,1
1061,767,1
1061,674,1
1061,1820,1
1062,2,1
1062,385,1
1062,362,1
1062,454,1
1062,3,1
1062,48,1
1062,23,1
1062,416,1
1062,655,1
1062,2199,1
1062,1038,1
1062,457,1
1062,690,1
1062,292,1
1062,213,1
1062,118,2
1062,99,1
1062,167,1
1062,354,1
1062,30,1
1062,1044,1
1062,1569,1
1062,70,1
1062,6,1
1062,570,1
1062,489,1
1062,1437,1
1062,4,1
1062,12,1
1062,375,1
1062,1964,1
1062,19,1
1062,0,1
1062,29,1
1063,1854,1
1063,1184,1
1063,575,2
1063,5,2
1063,1149,1
1063,175,1
1063,497,1
1063,743,1
1063,983,1
1063,0,1
1063,62,1
1063,644,1
1063,21,1
1063,2325,1
1063,202,1
1063,115,1
1063,1502,1
1063,1310,1
1063,2310,1
1063,395,1
1063,2148,1
1064,2,1
1064,438,1
1064,2438,1
1064,789,1
1064,1121,2
1064,613,1
1064,795,1
1064,65,1
1064,35,1
1064,3,1
1064,544,2
1064,138,2
1064,1366,3
1064,56,1
1064,222,1
1064,49,1
1064,511,1
1064,1615,2
1064,1437,1
1064,733,1
1064,1255,1
1064,475,1
1064,2043,1
1064,926,1
1064,0,1
1064,603,1
1064,186,1
1065,135,1
1065,160,1
1065,90,2
1065,68,2
1065,289,2
1065,2084,1
1065,115,2
1065,1230,1
1065,940,1
1065,1913,1
1065,209,1
1065,2191,1
1065,568,1
1065,1966,1
1065,349,1
1065,92,1
1065,50,1
1065,1075,1
1065,1023,1
1065,253,1
1065,592,1
1065,147,1
1065,136,1
1066,2433,1
1066,2192,2
1066,2,2
1066,347,1
1066,66,1
1066,2246,3
1066,39,3
1066,512,1
1066,5,1
1066,240,1
1066,200,1
1066,1,2
1066,1502,1
1066,165,1
1066,4,2
1066,1407,1
1066,1460,1
1066,208,1
1066,1403,1
1066,58,1
1066,1237,1
1066,2439,1
1066,175,1
1066,17,1
1066,489,1
1066,24,1
1067,943,4
1067,363,1
1067,976,1
1067,927,1
1067,90,1
1067,68,1
1067,0,3
1067,2402,1
1067,1432,3
1067,1399,1
1067,1902,1
1067,374,1
1067,1503,2
1067,1318,1
1067,149,1
1067,2101,2
1067,86,1
1067,65,1
1067,35,1
1067,1231,1
1067,33,1
1067,955,1
1067,5,1
1067,10,1
1067,1294,1
1067,4,1
1067,730,1
1067,1,1
1068,71,1
1068,659,1
1068,93,1
1068,9,1
1068,871,1
1068,1032,1
1068,800,1
1068,137,1
1068,1369,2
1068,1863,1
1068,2454,1
1068,446,1
1068,155,1
1068,555,1
1068,3,1
1068,249,1
1068,40,1
1068,96,1
1068,692,1
1068,215,1
1068,1,1
1068,686,1
1068,1007,1
1068,6,1
1068,895,1
1068,516,1
1068,33,1
1068,2165,1
1068,256,1
1068,1648,1
1068,251,1
1068,1197,1
1068,354,1
1068,97,1
1069,55,1
1069,162,1
1069,19,1
1069,1105,1
1069,1785,1
1069,777,1
1069,532,1
1069,1169,2
1069,871,1
1069,1032,1
1069,36,1
1069,1674,1
1069,228,1
1069,737,1
1069,17,1
1069,489,1
1069,177,1
1069,413,1
1069,2066,1
1069,1599,1
1070,2,1
1070,110,1
1070,323,1
1070,65,1
1070,35,1
1070,2322,1
1070,277,2
1070,1399,1
1070,1902,1
1070,266,1
1070,1,1
1070,901,1
1070,1598,1
1070,17,1
1070,1285,1
1070,412,1
1070,196,1
1070,1765,2
1070,7,1
1070,1231,1
1070,544,1
1071,90,1
1071,68,1
1071,2336,1
1071,679,1
1071,2021,1
1071,1512,1
1071,1182,1
1071,2282,1
1071,103,1
1071,2452,1
1071,816,1
1071,1588,1
1071,1144,1
1071,1338,1
1071,315,1
1071,2347,1
1071,764,1
1071,1195,1
1071,1618,1
1071,184,1
1071,449,1
1072,135,1
1072,321,1
1072,207,1
1072,1545,1
1072,20,1
1072,975,1
1072,2072,1
1072,565,1
1072,1203,2
1072,1823,1
1072,1555,1
1072,1226,1
1072,823,1
1072,695,1
1072,1091,1
1072,704,1
1072,428,1
1072,154,1
1073,2,1
1073,110,1
1073,1169,1
1073,192,1
1073,5,1
1073,15,1
1073,266,1
1073,1127,2
1073,1274,1
1073,202,1
1073,1485,1
1073,246,1
1073,118,1
1073,2021,1
1073,128,1
1073,627,1
1073,340,1
1073,127,1
1073,291,1
1073,219,1
1074,2,1
1074,170,1
1074,1941,1
1074,16,1
1074,996,2
1074,17,1
1074,69,1
1074,81,1
1074,1,1
1074,1355,1
1074,15,2
1074,120,1
1074,937,1
1074,1578,1
1074,758,1
1074,349,1
1074,1047,1
1074,86,1
1074,0,2
1074,2011,1
1074,271,1
1074,26,1
1074,14,1
1074,607,1
1074,348,1
1074,1872,1
1074,1674,1
1074,819,1
1074,867,1
1074,218,1
1074,832,1
1074,2183,1
1074,7,1
1075,1523,1
1075,2346,1
1075,3,1
1075,83,1
1075,861,1
1075,2424,1
1075,10,1
1075,13,1
1075,447,1
1075,1158,2
1075,1060,2
1075,1128,2
1075,29,2
1075,0,1
1075,129,1
1075,1208,1
1075,319,1
1075,904,1
1075,1505,1
1075,796,1
1075,1283,1
1075,89,1
1075,629,1
1075,791,1
1075,1024,1
1076,82,2
1076,616,1
1076,2246,1
1076,39,1
1076,45,1
1076,399,1
1076,1203,1
1076,124,1
1076,1471,1
1076,16,1
1076,21,1
1076,2324,1
1076,401,1
1076,1823,1
1076,1784,1
1076,107,1
1076,1636,1
1076,1293,1
1076,20,1
1076,2274,1
1076,1652,1
1076,43,1
1076,2421,1
1077,124,1
1077,1471,1
1077,93,1
1077,9,1
1077,2324,1
1077,504,1
1077,214,1
1077,430,1
1077,1397,1
1077,291,1
1077,409,1
1077,27,1
1077,1148,1
1077,1677,1
1077,169,1
1077,26,1
1077,14,1
1077,2318,1
1077,638,1
1078,2,1
1078,110,1
1078,123,1
1078,761,1
1078,14,1
1078,1146,1
1078,29,1
1078,1407,1
1078,161,1
1078,526,1
1078,5,1
1078,1217,1
1078,36,1
1078,1125,1
1078,43,1
1079,846,1
1079,999,1
1079,1416,1
1079,480,1
1079,980,1
1079,6,1
1079,296,1
1079,303,1
1079,382,1
1079,2092,1
1079,1193,1
1079,245,1
1079,570,1
1079,1774,2
1079,57,1
1079,78,1
1079,1778,1
1079,208,1
1079,1788,1
1079,635,1
1079,5,1
1079,1700,1
1079,510,2
1079,2246,1
1079,39,1
1079,466,1
1079,495,1
1079,36,1
1079,385,1
1079,26,1
1079,119,1
1079,2041,1
1079,316,1
1079,171,1
1079,134,1
1079,137,1
1080,2,1
1080,110,1
1080,363,3
1080,6,1
1080,0,1
1080,186,1
1080,219,1
1080,27,1
1080,2066,1
1080,63,1
1080,302,1
1080,1397,1
1080,55,1
1080,143,1
1080,1,1
1080,2349,1
1080,1424,1
1080,17,1
1080,128,1
1081,2,1
1081,131,1
1081,313,1
1081,16,1
1081,338,2
1081,285,1
1081,38,1
1081,1170,1
1081,1250,4
1081,1196,1
1081,742,1
1081,320,2
1081,392,2
1081,1644,1
1081,1139,1
1081,127,1
1081,2320,1
1081,1365,1
1081,337,1
1081,780,1
1081,376,1
1082,2,1
1082,385,1
1082,66,1
1082,454,1
1082,1464,1
1082,349,2
1082,2193,2
1082,177,1
1082,322,1
1082,1849,1
1082,2325,1
1082,7,1
1082,388,1
1082,10,3
1082,13,1
1082,294,1
1082,27,1
1082,1444,1
1082,133,2
1082,1242,1
1082,58,1
1082,212,1
1082,49,1
1082,997,1
1082,821,1
1082,647,1
1082,476,1
1082,116,1
1082,560,1
1082,1942,1
1082,622,1
1082,1294,1
1083,985,1
1083,16,1
1083,675,1
1083,1187,1
1083,9,1
1083,564,1
1083,1841,1
1083,320,1
1083,337,1
1083,1120,1
1083,900,1
1083,1102,1
1083,2175,2
1083,1072,2
1083,2135,1
1083,18,1
1083,41,1
1083,48,1
1083,23,1
1083,1247,1
1083,11,1
1083,8,1
1083,512,1
1083,1436,1
1083,1737,1
1083,588,1
1083,1433,1
1083,825,1
1084,830,1
1084,1117,1
1084,97,1
1084,1680,1
1084,1272,1
1084,1072,1
1084,829,1
1084,24,1
1084,916,1
1084,742,1
1084,57,1
1084,78,1
1084,11,2
1084,268,1
1084,666,1
1084,129,1
1084,932,1
1084,525,1
1084,8,1
1084,4,1
1084,12,1
1084,891,1
1084,1624,1
1084,333,1
1084,428,1
1084,83,1
1084,407,1
1084,1245,1
1084,805,1
1084,603,1
1084,10,1
1084,13,1
1084,116,1
1084,133,1
1084,847,1
1084,319,1
1085,2,1
1085,110,1
1085,23,1
1085,452,1
1085,44,1
1085,14,1
1085,2411,1
1085,2095,1
1085,475,1
1085,144,1
1085,1922,1
1085,2212,1
1086,2,1
1086,384,1
1086,790,1
1086,153,1
1086,174,1
1086,725,1
1086,95,2
1086,1101,1
1086,813,1
1086,566,1
1086,623,1
1086,176,1
1086,71,1
1086,1566,1
1086,224,1
1086,1160,1
1086,1010,1
1086,259,1
1086,185,1
1086,226,1
1086,11,1
1086,8,1
1086,1975,1
1086,168,1
1086,993,1
1086,1331,1
1086,58,1
1086,750,1
1086,426,1
1086,440,1
1086,284,1
1087,2,1
1087,862,1
1087,16,1
1087,1121,1
1087,1246,1
1087,223,1
1087,1221,1
1087,1,2
1087,43,1
1087,318,1
1087,1747,2
1087,140,1
1087,913,1
1087,501,1
1087,10,1
1087,13,1
1087,162,1
1087,19,1
1087,44,1
1087,205,1
1087,46,1
1087,103,1
1087,791,1
1087,126,1
1087,1193,1
1087,380,1
1087,0,1
1087,257,1
1087,109,1
1087,142,1
1087,54,1
1087,18,1
1087,596,1
1088,672,1
1088,80,1
1088,140,1
1088,2087,1
1088,2,1
1088,190,1
1088,420,1
1088,1154,2
1088,1035,2
1088,2340,2
1088,2200,1
1088,1688,1
1088,407,1
1088,198,1
1088,587,1
1088,195,1
1088,1852,1
1088,0,1
1088,82,2
1088,357,1
1088,1,1
1088,79,1
1088,878,1
1088,934,1
1088,470,1
1088,783,1
1088,492,1
1088,291,1
1088,1494,1
1088,1247,1
1089,24,1
1089,2,1
1089,173,1
1089,11,1
1089,8,3
1089,373,1
1089,2206,1
1089,62,1
1089,49,1
1089,258,1
1089,272,1
1089,61,1
1089,780,1
1089,261,1
1089,162,1
1089,814,1
1089,12,2
1089,1173,1
1089,102,2
1089,1310,1
1089,556,1
1089,1,1
1089,239,1
1089,523,1
1089,2310,1
1089,60,1
1089,44,1
1089,2111,1
1089,1866,1
1089,6,1
1089,186,1
1089,33,1
1089,411,1
1089,4,1
1089,249,1
1089,2449,1
1089,278,1
1089,1546,1
1090,2,1
1090,189,1
1090,324,1
1090,16,2
1090,383,1
1090,1310,1
1090,15,1
1090,20,1
1090,1174,1
1090,318,1
1090,334,1
1090,758,1
1090,19,1
1090,244,1
1090,164,1
1090,1631,1
1090,7,1
1090,10,1
1090,13,1
1090,717,1
1090,483,1
1090,475,1
1091,73,1
1091,641,1
1091,186,1
1091,0,4
1091,629,1
1091,51,1
1091,1390,1
1091,266,1
1091,1,2
1091,624,1
1091,1938,1
1091,25,1
1091,2189,2
1091,139,1
1091,6,1
1091,672,1
1091,27,1
1091,1087,1
1091,1421,1
1091,380,1
1092,1118,1
1092,156,1
1092,1787,1
1092,62,1
1092,2,1
1092,1948,1
1092,43,1
1092,479,1
1092,235,1
1092,87,2
1092,1,1
1092,31,1
1092,748,1
1092,2343,1
1092,3,1
1092,961,1
1092,2420,1
1092,1238,1
1092,9,1
1092,449,1
1092,97,1
1093,1,1
1093,69,1
1093,81,1
1093,128,1
1093,161,1
1093,612,1
1093,2418,1
1093,1371,1
1093,2307,1
1093,1639,1
1093,24,1
1093,2,1
1093,173,1
1093,71,1
1093,2225,1
1093,311,1
1093,377,1
1093,21,1
1093,3,1
1093,2403,1
1093,4,1
1093,105,1
1093,1177,1
1093,346,1
1093,1306,1
1094,1575,1
1094,1523,1
1094,329,1
1094,776,1
1094,2199,3
1094,71,1
1094,659,1
1094,16,1
1094,26,1
1094,1368,1
1094,132,1
1094,2297,1
1094,1528,1
1094,11,1
1094,8,1
1094,0,1
1094,20,1
1095,96,1
1095,1354,1
1095,1102,1
1095,1937,1
1095,480,1
1095,981,1
1095,9,2
1095,1975,1
1095,95,1
1095,168,1
1095,1065,1
1095,446,2
1095,12,1
1095,256,1
1095,234,1
1095,1620,1
1095,144,2
1095,392,1
1095,1377,1
1095,638,1
1095,1083,1
1095,2093,1
1095,14,1
1095,470,1
1095,568,2
1095,1230,1
1095,45,1
1095,17,1
1095,24,1
1095,0,1
1095,279,1
1095,101,1
1095,37,1
1095,368,1
1096,2,1
1096,385,1
1096,894,1
1096,0,1
1096,65,1
1096,35,1
1096,230,1
1096,125,1
1096,6,1
1096,1,1
1096,5,1
1096,1357,1
1096,2056,1
1096,1399,1
1096,1902,1
1096,374,1
1096,10,1
1096,13,1
1096,32,1
1096,987,1
1096,55,1
1096,309,1
1096,1718,1
1096,1897,1
1097,1,1
1097,1725,1
1097,9,1
1097,41,1
1097,1985,1
1097,10,1
1097,1957,1
1097,576,1
1097,7,1
1097,954,1
1097,1389,1
1097,103,1
1097,26,1
1097,311,1
1097,1421,1
1097,304,1
1097,0,2
1097,2109,1
1097,35,1
1097,245,1
1097,367,1
1097,53,1
1097,2048,1
1097,498,1
1097,1843,1
1097,570,1
1098,107,1
1098,1827,1
1098,2299,1
1098,497,1
1098,146,1
1098,0,4
1098,327,1
1098,144,1
1098,1,3
1098,1152,1
1098,1430,1
1098,127,1
1098,1759,1
1098,2344,1
1098,103,1
1098,2015,1
1098,188,1
1098,817,1
1098,54,1
1098,1363,1
1098,935,1
1098,17,1
1098,354,1
1098,731,1
1098,979,1
1098,520,1
1098,1306,1
1099,135,1
1099,160,1
1099,1968,2
1099,399,2
1099,1128,3
1099,1027,1
1099,415,1
1099,1909,1
1099,988,1
1099,111,1
1099,1622,1
1099,3,1
1099,680,1
1099,653,1
1099,80,1
1099,20,1
1099,230,1
1099,1822,1
1099,10,2
1099,2016,1
1099,531,2
1099,2032,2
1099,289,1
1099,13,2
1099,33,1
1099,427,1
1099,4,1
1099,524,1
1099,5,1
1099,607,1
1099,348,1
1099,1037,1
1100,58,2
1100,5,1
1100,1063,1
1100,116,1
1100,60,1
1100,133,1
1100,1245,1
1100,1183,1
1100,65,1
1100,35,1
1100,59,1
1100,393,1
1100,2336,1
1100,1780,1
1100,931,1
1100,99,1
1100,167,1
1100,1233,1
1100,498,1
1101,2443,2
1101,458,2
1101,246,1
1101,118,2
1101,721,2
1101,1370,1
1101,42,1
1101,1621,1
1101,823,1
1101,827,1
1101,1072,1
1101,341,2
1101,1203,2
1101,485,1
1101,1984,1
1101,10,1
1101,13,1
1101,4,1
1101,1859,1
1101,563,1
1101,1916,1
1101,175,1
1101,99,1
1101,167,1
1101,18,1
1101,1468,1
1101,792,1
1101,111,1
1102,24,1
1102,2,1
1102,173,1
1102,390,1
1102,182,1
1102,4,1
1102,2408,1
1102,640,1
1102,2273,1
1102,2063,2
1102,758,1
1102,44,1
1102,1,1
1102,2112,1
1102,830,1
1102,415,1
1102,1909,1
1102,1629,1
1102,1574,1
1102,80,3
1102,146,1
1102,0,1
1102,2081,1
1102,2032,1
1102,829,1
1102,795,1
1102,157,1
1102,727,1
1102,324,2
1102,2184,1
1103,326,4
1103,145,1
1103,1945,1
1103,123,1
1103,2286,1
1103,286,1
1103,2157,1
1103,1,1
1103,1051,2
1103,1565,1
1103,296,1
1103,303,2
1103,0,2
1103,7,1
1103,1863,1
1103,1764,1
1103,83,1
1103,503,1
1103,16,1
1103,1706,1
1103,1516,1
1103,861,1
1103,1668,1
1103,72,1
1104,219,2
1104,32,1
1104,309,1
1104,2125,1
1104,11,2
1104,8,3
1104,123,1
1104,318,1
1104,557,1
1104,730,1
1104,1308,1
1104,322,1
1104,1092,1
1104,919,1
1104,948,1
1104,580,1
1104,1637,1
1104,33,1
1104,411,1
1104,14,1
1104,90,1
1104,68,1
1104,2339,1
1104,148,1
1104,245,2
1104,721,1
1104,2228,1
1104,512,1
1105,71,1
1105,810,1
1105,1983,1
1105,1428,1
1105,630,1
1105,729,1
1105,1,1
1105,69,1
1105,81,1
1105,615,1
1105,73,1
1105,652,1
1105,1588,1
1105,1097,1
1105,1107,1
1105,5,1
1105,1006,1
1105,531,1
1105,563,1
1105,429,1
1105,394,1
1105,485,1
1105,448,1
1106,40,1
1106,96,1
1106,90,1
1106,68,2
1106,614,1
1106,1224,1
1106,63,1
1106,217,1
1106,10,2
1106,13,2
1106,741,1
1106,1163,1
1106,109,1
1106,142,1
1106,54,1
1106,753,1
1106,150,1
1106,1327,1
1106,179,1
1106,67,1
1106,575,1
1106,835,1
1107,40,1
1107,151,1
1107,10,1
1107,1957,1
1107,35,1
1107,3,1
1107,680,1
1107,653,1
1107,2307,1
1107,2117,1
1107,504,1
1107,2042,1
1107,24,1
1107,431,1
1108,83,1
1108,177,1
1108,322,1
1108,28,1
1108,582,1
1108,5,2
1108,545,1
1108,628,1
1108,99,1
1108,167,1
1108,1135,1
1108,1235,1
1108,1060,1
1108,0,2
1108,10,1
1108,13,1
1108,509,1
1108,304,1
1108,2339,1
1108,54,1
1108,18,1
1109,1063,1
1109,1088,1
1109,20,1
1109,250,1
1109,167,1
1109,65,1
1109,35,1
1109,1107,5
1109,985,1
1109,274,1
1109,25,1
1109,1097,3
1109,1618,1
1109,298,1
1109,10,1
1109,13,1
1109,2338,2
1109,38,3
1109,87,1
1109,424,1
1109,184,1
1109,27,1
1109,436,1
1109,1455,1
1109,156,1
1109,4,1
1109,640,1
1109,370,1
1110,107,1
1110,1636,1
1110,225,1
1110,2366,1
1110,1,1
1110,942,1
1110,430,2
1110,973,3
1110,509,1
1110,732,1
1110,1221,1
1110,43,1
1110,1528,1
1110,57,1
1110,78,1
1110,1375,1
1110,109,1
1110,142,1
1110,54,1
1110,2362,1
1110,49,1
1110,486,1
1111,2,1
1111,110,1
1111,1592,2
1111,6,1
1111,69,3
1111,81,3
1111,363,1
1111,5,2
1111,199,1
1111,1575,1
1111,524,1
1111,2123,2
1111,2156,1
1111,17,1
1111,604,1
1111,530,1
1111,115,1
1111,1041,1
1111,16,1
1111,571,1
1111,365,1
1111,62,1
1111,1367,1
1111,13,1
1111,266,1
1111,2386,1
1111,1550,1
1111,126,1
1111,1193,1
1111,380,1
1111,0,1
1111,2397,1
1111,1752,1
1111,70,1
1112,1064,1
1112,2178,1
1112,1787,1
1112,47,1
1112,2290,1
1112,103,1
1112,194,1
1112,1,1
1112,279,1
1112,98,1
1112,193,1
1112,80,1
1112,20,1
1112,69,2
1112,81,1
1112,837,1
1112,6,1
1112,11,1
1112,8,1
1112,2260,2
1112,1144,3
1112,108,1
1112,305,1
1112,2050,1
1112,0,1
1112,598,1
1113,2,1
1113,438,1
1113,423,1
1113,696,1
1113,433,1
1113,10,1
1113,13,1
1113,1420,1
1113,2325,1
1113,82,1
1113,357,1
1113,740,1
1113,424,1
1113,26,1
1113,974,1
1113,88,1
1113,293,1
1113,55,1
1113,2392,1
1113,50,1
1113,1072,1
1114,83,1
1114,65,1
1114,35,1
1114,276,1
1114,1482,2
1114,98,2
1114,63,1
1114,1068,1
1114,135,1
1114,1,1
1114,29,1
1114,109,1
1114,142,1
1114,54,1
1114,732,1
1114,1509,1
1114,10,1
1114,1008,1
1114,225,1
1114,544,1
1114,803,1
1114,1100,1
1114,1543,1
1114,612,1
1114,1009,1
1114,1726,1
1114,1881,1
1114,1861,1
1114,274,1
1114,1700,1
1114,510,1
1114,230,1
1115,2,1
1115,190,1
1115,420,1
1115,153,1
1115,174,1
1115,2317,1
1115,1,1
1115,441,1
1115,220,1
1115,11,1
1115,8,1
1115,38,1
1115,0,1
1115,84,1
1115,307,2
1115,1329,1
1115,566,1
1115,55,1
1115,371,1
1115,1245,1
1115,805,1
1115,469,1
1115,141,1
1115,1016,1
1115,1440,1
1115,99,1
1115,16,1
1115,507,1
1115,88,1
1115,2359,1
1115,395,1
1115,4,1
1115,101,1
1115,37,1
1115,448,1
1116,135,1
1116,160,1
1116,48,1
1116,23,1
1116,628,2
1116,627,1
1116,83,1
1116,407,1
1116,2256,1
1116,1702,1
1116,80,1
1116,816,1
1116,25,2
1116,1961,1
1116,71,1
1116,1585,1
1116,613,1
1116,795,1
1116,1,1
1116,91,1
1116,85,1
1116,261,1
1116,8,1
1116,4,1
1116,1045,1
1116,563,1
1116,20,1
1116,1913,1
1116,209,1
1116,1836,1
1116,115,1
1116,1859,1
1116,713,1
1117,545,1
1117,1956,1
1117,70,1
1117,140,1
1117,1152,1
1117,6,1
1117,1089,1
1117,1285,1
1117,222,1
1117,996,1
1118,1307,1
1118,1713,1
1118,2,1
1118,1125,1
1118,1953,1
1118,2410,1
1118,1262,1
1118,141,1
1118,72,1
1118,2401,1
1118,1767,1
1118,213,1
1118,1990,1
1118,326,1
1118,920,1
1118,93,1
1118,9,1
1118,1011,1
1118,280,1
1118,0,1
1118,158,1
1118,15,1
1118,2432,1
1118,335,1
1118,1592,1
1118,1288,1
1118,1903,1
1118,2449,1
1118,509,1
1118,375,1
1118,1947,1
1118,497,1
1118,230,1
1118,319,1
1118,1353,1
1119,2,1
1119,678,1
1119,0,1
1119,1234,1
1119,122,1
1119,946,1
1119,1,1
1119,1869,1
1119,1617,1
1119,503,1
1119,94,1
1119,1899,1
1119,1646,1
1119,1990,1
1119,2007,1
1119,15,1
1119,1134,1
1119,392,1
1119,671,1
1119,990,2
1119,354,3
1119,851,2
1119,1643,1
1119,887,1
1119,1196,1
1119,605,1
1119,5,1
1119,757,1
1119,469,1
1119,141,1
1120,2,1
1120,347,1
1120,1,2
1120,199,1
1120,80,1
1120,20,1
1120,10,1
1120,13,1
1120,837,1
1120,1269,1
1120,1514,1
1120,740,1
1120,1834,1
1120,332,1
1120,346,1
1120,101,1
1120,37,1
1120,622,1
1120,83,1
1120,407,1
1120,544,1
1120,204,1
1121,2,1
1121,189,1
1121,16,2
1121,1119,1
1121,9,1
1121,633,1
1121,357,1
1121,15,2
1121,28,1
1121,0,1
1121,5,1
1121,440,1
1121,284,1
1121,1944,1
1121,2075,1
1121,2247,1
1121,572,1
1121,210,1
1121,726,2
1121,2405,1
1121,2046,1
1121,6,1
1122,996,1
1122,158,1
1122,20,1
1122,471,1
1122,1483,1
1122,545,2
1122,1956,1
1122,11,1
1122,8,1
1122,123,1
1122,1384,1
1122,661,1
1122,650,1
1122,200,1
1122,2433,1
1122,2455,1
1122,88,1
1122,293,1
1122,55,1
1122,569,1
1122,140,1
1122,1152,1
1123,948,1
1123,583,2
1123,1928,1
1123,892,1
1123,25,1
1123,254,1
1123,358,1
1123,702,1
1123,509,1
1123,363,1
1123,218,1
1123,789,2
1123,2185,1
1123,973,1
1123,1865,1
1123,51,1
1123,357,1
1123,89,1
1123,1543,1
1123,731,1
1124,2003,1
1124,2422,1
1124,302,1
1124,2,1
1124,2040,1
1124,121,1
1124,675,1
1124,858,1
1124,2000,1
1124,104,1
1124,4,1
1124,218,1
1124,749,1
1124,475,1
1124,1031,1
1124,298,1
1124,1047,1
1124,395,1
1124,339,1
1125,40,1
1125,3,1
1125,267,1
1125,572,1
1125,1638,1
1125,2194,1
1125,1942,1
1125,58,1
1125,1,1
1125,440,1
1125,284,1
1125,197,1
1125,0,1
1125,390,1
1125,182,1
1125,294,1
1125,27,1
1125,875,1
1125,2201,1
1125,184,1
1125,1993,1
1125,82,1
1126,154,1
1126,80,1
1126,696,1
1126,433,1
1126,3,1
1126,0,1
1126,10,1
1126,13,1
1126,2086,1
1126,318,1
1126,169,1
1126,26,1
1126,14,1
1126,32,2
1126,1901,1
1126,1357,1
1126,88,1
1126,2369,1
1126,877,1
1126,1464,1
1126,2047,1
1126,1790,1
1126,749,1
1127,124,1
1127,77,2
1127,9,1
1127,1027,1
1127,47,1
1127,788,1
1127,853,1
1127,82,1
1127,979,1
1127,1,1
1127,734,2
1127,1031,1
1127,450,1
1127,1375,1
1127,15,1
1127,311,1
1127,358,1
1127,704,1
1127,1254,1
1127,978,1
1127,938,1
1128,73,1
1128,1149,1
1128,175,1
1128,8,2
1128,123,2
1128,1985,1
1128,1408,1
1128,94,1
1128,168,1
1128,349,1
1128,1383,1
1128,1289,1
1128,1646,1
1128,584,1
1128,374,1
1128,362,1
1128,0,1
1128,15,1
1128,2246,1
1128,169,1
1128,26,1
1128,14,1
1128,56,1
1129,2,1
1129,190,1
1129,420,1
1129,61,2
1129,368,1
1129,1403,1
1129,17,1
1129,91,1
1129,85,1
1129,1,2
1129,279,2
1129,98,2
1129,40,1
1129,1678,1
1129,831,1
1129,488,1
1129,477,1
1129,16,1
1129,0,1
1129,1897,1
1129,12,1
1129,333,1
1129,2170,1
1129,1607,1
1129,628,1
1129,2109,1
1129,246,1
1129,5,1
1129,247,1
1129,1255,1
1129,14,1
1129,216,1
1129,102,1
1129,52,1
1129,1066,1
1129,1536,1
1130,2444,1
1130,286,1
1130,11,1
1130,8,1
1130,421,1
1130,591,1
1130,259,1
1130,1263,1
1130,15,1
1130,204,1
1130,63,1
1130,677,1
1130,1109,1
1130,292,1
1130,39,1
1130,733,1
1130,285,2
1130,38,3
1130,370,1
1130,816,1
1130,1618,1
1130,612,1
1130,5,1
1131,71,1
1131,1041,1
1131,16,1
1131,723,1
1131,630,1
1131,981,1
1131,493,1
1131,29,1
1131,0,2
1131,155,1
1131,463,1
1131,15,1
1131,1798,1
1131,553,1
1131,99,1
1131,10,1
1131,13,1
1131,329,1
1131,144,1
1131,2330,1
1131,227,1
1131,251,1
1131,26,1
1131,164,1
1131,1,1
1131,1205,1
1131,1561,1
1132,2,1
1132,347,1
1132,1378,1
1132,1451,1
1132,1306,1
1132,1929,1
1132,1893,4
1132,972,1
1132,1992,1
1132,672,1
1132,168,1
1132,13,1
1132,1183,1
1132,709,1
1132,1389,1
1132,103,1
1132,987,1
1132,203,1
1132,824,1
1132,28,1
1132,245,1
1132,222,1
1132,123,1
1132,59,1
1132,286,1
1132,1548,1
1132,25,1
1132,1,1
1132,1237,1
1132,27,1
1132,156,1
1132,4,1
1132,2298,1
1132,35,1
1132,266,1
1132,1403,1
1132,45,1
1132,1888,1
1132,1425,1
1132,176,1
1132,212,1
1132,1524,1
1133,2,1
1133,110,1
1133,25,1
1133,504,1
1133,214,1
1133,835,1
1133,73,1
1133,388,1
1133,146,1
1133,929,1
1133,672,1
1133,2360,1
1133,32,1
1133,309,1
1133,2125,1
1133,203,1
1133,266,2
1133,1129,1
1133,172,1
1133,377,1
1133,28,1
1134,135,1
1134,83,1
1134,2436,1
1134,322,1
1134,2147,1
1134,1,2
1134,691,1
1134,56,1
1134,1080,1
1134,196,1
1134,257,1
1134,636,1
1134,72,1
1134,331,1
1134,292,1
1134,169,1
1134,26,1
1134,93,1
1134,9,1
1134,41,1
1134,402,1
1134,102,1
1134,217,1
1134,447,1
1134,639,1
1134,14,1
1134,29,2
1134,431,1
1134,276,1
1134,1968,1
1134,1812,1
1134,16,1
1134,5,1
1134,1655,1
1135,974,1
1135,129,3
1135,483,2
1135,382,2
1135,1823,1
1135,1549,1
1135,2256,1
1135,496,1
1135,140,1
1135,903,2
1135,5,2
1135,1129,1
1135,10,1
1135,1008,1
1135,225,1
1135,89,1
1135,111,1
1135,1603,1
1135,2045,1
1135,538,1
1135,202,1
1135,374,1
1135,494,1
1136,2,1
1136,1125,1
1136,1690,1
1136,1439,1
1136,71,1
1136,93,1
1136,9,1
1136,15,1
1136,31,1
1136,787,1
1136,164,1
1136,1402,1
1136,1517,1
1136,177,1
1136,63,1
1136,1,1
1136,158,1
1136,2077,1
1136,161,1
1136,526,1
1136,5,1
1136,1694,1
1136,2049,1
1136,560,1
1136,10,1
1136,13,1
1136,294,1
1136,192,1
1136,23,1
1136,2022,1
1137,106,1
1137,9,1
1137,111,1
1137,1468,1
1137,792,1
1137,1,3
1137,114,1
1137,1476,1
1137,1285,1
1137,1857,1
1137,148,1
1137,293,1
1137,55,1
1137,954,1
1137,2182,1
1138,40,1
1138,1188,1
1138,1329,1
1138,193,1
1138,80,1
1138,20,1
1138,158,1
1138,583,1
1138,28,1
1138,440,1
1138,699,1
1138,1177,1
1138,2053,1
1138,94,1
1138,1550,1
1138,126,1
1138,1010,1
1138,23,1
1138,99,1
1138,167,1
1138,737,1
1138,261,1
1138,8,1
1138,162,1
1138,814,1
1138,859,1
1138,346,1
1138,2410,1
1138,57,1
1138,259,1
1138,407,1
1138,15,1
1138,204,1
1138,613,1
1138,1934,1
1139,2,1
1139,438,1
1139,1475,1
1139,250,1
1139,167,1
1139,65,1
1139,35,1
1139,677,1
1139,1137,1
1139,222,1
1139,1820,1
1139,254,1
1139,3,1
1139,2094,1
1139,722,1
1139,92,1
1139,27,1
1139,244,1
1139,156,1
1139,1395,1
1139,765,1
1139,1372,1
1139,49,1
1139,1087,1
1139,709,1
1139,184,1
1139,48,1
1139,23,1
1139,600,1
1139,50,1
1140,83,1
1140,1257,1
1140,861,1
1140,301,1
1140,0,1
1140,2088,1
1140,558,2
1140,1482,1
1140,2149,1
1140,715,1
1140,20,1
1140,248,1
1140,506,1
1140,10,2
1140,13,1
1140,2211,1
1140,1013,1
1140,115,2
1140,1610,1
1140,1294,1
1140,1455,1
1140,156,1
1140,4,1
1140,133,1
1141,155,1
1141,1464,1
1141,1367,1
1141,71,1
1141,2225,1
1141,77,1
1141,52,1
1141,320,1
1141,1960,1
1141,1896,1
1141,671,1
1141,1248,1
1141,74,2
1141,22,2
1141,6,1
1141,772,1
1141,1287,1
1141,702,2
1141,1136,1
1141,1,1
1141,105,2
1141,300,2
1141,87,1
1141,2272,2
1141,1036,1
1141,360,1
1141,2039,1
1141,83,1
1141,407,1
1141,1058,1
1141,582,1
1141,163,1
1141,90,1
1141,68,1
1141,723,1
1141,480,1
1141,15,1
1141,204,1
1141,5,2
1141,158,1
1141,1692,1
1141,88,1
1141,1137,1
1141,222,1
1141,350,1
1141,1923,1
1141,1295,1
1141,762,1
1141,307,1
1141,0,1
1141,339,1
1141,351,2
1141,2166,1
1141,1322,1
1141,340,1
1141,127,1
1141,38,2
1141,7,1
1141,341,1
1141,1988,1
1141,717,1
1141,1859,1
1141,563,1
1141,1769,1
1141,82,1
1141,2132,1
1141,2377,1
1142,193,1
1142,63,1
1142,10,1
1142,31,1
1142,209,1
1142,1676,1
1142,83,1
1142,298,1
1142,1,1
1142,7,1
1142,33,1
1142,742,1
1142,203,1
1142,137,1
1142,622,1
1142,11,1
1142,8,1
1142,1486,1
1142,88,1
1142,179,1
1142,67,1
1142,286,1
1142,1397,1
1143,1822,1
1143,1650,1
1143,0,1
1143,158,1
1143,13,1
1143,1774,1
1143,482,1
1143,492,1
1143,291,2
1143,1444,1
1143,31,1
1143,198,1
1143,269,1
1143,131,1
1143,313,1
1143,866,1
1143,1334,1
1143,574,1
1143,1460,1
1143,532,1
1143,1592,1
1143,34,1
1143,109,1
1143,1509,1
1143,1,1
1143,1423,1
1143,420,1
1143,20,1
1143,1861,1
1144,927,1
1144,90,1
1144,68,1
1144,0,2
1144,1629,1
1144,226,1
1144,1416,2
1144,5,2
1144,903,4
1144,1395,1
1144,765,1
1144,17,1
1144,74,1
1144,22,1
1144,1,2
1144,10,3
1144,13,1
1144,4,1
1144,52,2
1144,1255,1
1144,1979,1
1144,1957,1
1144,2078,1
1144,225,2
1144,374,1
1144,380,1
1144,404,1
1144,1294,1
1144,1455,1
1144,184,1
1144,1337,1
1144,1375,1
1145,40,1
1145,96,1
1145,440,1
1145,722,1
1145,92,1
1145,1,4
1145,158,1
1145,73,1
1145,685,1
1145,2374,1
1145,10,1
1145,13,1
1145,2282,1
1145,103,1
1145,2181,1
1145,1900,1
1145,1399,1
1145,1902,1
1145,234,1
1145,1620,1
1145,2155,1
1145,29,2
1145,17,1
1145,2407,3
1145,509,1
1145,149,1
1145,2371,1
1145,25,2
1145,859,2
1145,531,1
1145,0,2
1145,546,1
1145,38,1
1145,339,1
1145,296,1
1145,2073,1
1145,37,1
1145,1026,1
1146,124,1
1146,534,1
1146,21,1
1146,638,1
1146,403,1
1146,508,1
1146,1052,1
1146,193,1
1146,80,1
1146,679,1
1146,538,1
1146,786,1
1146,559,1
1146,123,1
1146,1015,1
1146,33,1
1146,411,1
1146,1486,1
1146,59,1
1146,1339,2
1146,1209,2
1146,1182,1
1146,47,1
1146,126,1
1146,269,1
1147,135,1
1147,160,1
1147,609,1
1147,1340,3
1147,151,1
1147,676,1
1147,140,1
1147,1661,1
1147,10,1
1147,13,1
1147,196,1
1147,567,2
1147,850,2
1147,1830,1
1147,617,1
1147,1477,1
1147,702,1
1147,350,1
1147,188,1
1147,663,1
1147,89,1
1147,1270,1
1147,1059,1
1147,31,1
1147,172,1
1148,518,1
1148,420,1
1148,153,1
1148,174,1
1148,858,1
1148,35,1
1148,813,1
1148,88,1
1148,1137,1
1148,222,1
1148,4,1
1148,405,1
1148,1019,1
1148,709,1
1148,14,3
1148,841,1
1148,1110,1
1148,43,1
1148,140,1
1148,66,1
1148,695,1
1148,1978,1
1148,1240,1
1148,98,2
1148,619,1
1148,13,1
1148,31,1
1148,1232,1
1148,2005,1
1148,331,1
1148,292,1
1148,169,1
1148,26,1
1148,75,1
1148,535,1
1148,9,1
1148,407,1
1148,2321,1
1148,1036,1
1148,123,1
1148,1312,1
1148,939,1
1149,186,1
1149,1,1
1149,781,1
1149,923,1
1149,98,1
1149,533,1
1149,1109,1
1149,292,1
1149,39,1
1149,409,1
1149,192,1
1149,1542,1
1149,82,1
1149,2425,1
1149,33,1
1149,2165,1
1149,952,1
1149,5,1
1149,962,1
1149,878,1
1149,9,1
1149,478,1
1149,1379,1
1149,0,1
1149,56,1
1149,658,1
1149,91,1
1149,85,1
1150,229,1
1150,2045,1
1150,538,3
1150,24,1
1150,518,1
1150,182,1
1150,87,1
1150,197,1
1150,285,1
1150,38,1
1150,1095,1
1150,598,1
1150,97,1
1150,2127,1
1150,2346,2
1150,187,1
1150,1646,1
1150,261,1
1150,970,2
1150,1797,1
1150,1875,1
1150,8,1
1150,305,1
1150,395,1
1150,1879,1
1150,435,1
1150,394,1
1150,544,1
1150,214,1
1150,2125,2
1150,2026,1
1150,940,1
1150,115,1
1150,1669,1
1151,124,1
1151,2343,1
1151,1293,1
1151,892,1
1151,1847,2
1151,1100,1
1151,14,1
1151,688,1
1151,277,1
1151,371,1
1151,1306,1
1151,0,2
1151,101,1
1151,233,2
1151,144,2
1151,54,2
1151,2129,1
1151,5,1
1151,1310,1
1151,89,1
1151,1174,1
1151,1224,1
1151,501,1
1151,11,1
1151,8,1
1151,2101,1
1151,943,1
1151,1,1
1151,782,1
1151,289,1
1151,2390,1
1152,58,2
1152,200,1
1152,804,1
1152,1573,1
1152,991,1
1152,98,1
1152,2039,1
1152,135,1
1152,160,1
1152,778,1
1152,481,1
1152,7,1
1152,800,1
1152,1,1
1152,203,1
1152,109,1
1152,104,1
1152,429,1
1152,10,2
1152,13,2
1152,527,1
1152,430,1
1152,4,1
1152,801,2
1152,311,1
1152,0,1
1153,552,1
1153,15,2
1153,16,1
1153,2018,1
1153,2226,1
1153,1617,1
1153,503,1
1153,94,1
1153,138,1
1153,1362,1
1153,779,1
1153,2324,1
1153,24,1
1153,490,1
1153,398,1
1153,2115,2
1153,1217,2
1153,416,1
1153,2276,1
1153,14,1
1153,674,1
1153,1901,1
1153,419,1
1153,135,1
1153,141,1
1153,0,1
1153,819,1
1153,195,1
1153,6,1
1153,1493,1
1153,918,1
1153,512,1
1153,150,1
1153,5,1
1153,1852,1
1154,7,1
1154,687,1
1154,11,1
1154,8,1
1154,4,1
1154,48,1
1154,23,1
1154,176,1
1154,779,1
1154,850,1
1154,99,2
1154,661,2
1154,1347,1
1154,802,1
1154,570,1
1154,161,1
1154,777,1
1154,47,1
1154,1320,2
1154,1100,2
1154,833,1
1154,741,2
1154,1925,1
1154,1439,1
1154,1030,1
1154,329,1
1154,18,1
1154,497,1
1154,647,1
1154,476,1
1154,109,1
1154,2217,1
1154,430,1
1154,652,1
1154,1878,1
1154,49,1
1154,762,1
1154,1598,1
1155,40,1
1155,679,1
1155,128,1
1155,1127,1
1155,386,2
1155,2261,1
1155,7,1
1155,50,1
1155,60,1
1155,2167,1
1155,32,2
1155,340,2
1155,127,2
1155,0,2
1155,579,1
1155,10,3
1155,13,3
1155,1916,1
1155,486,1
1155,116,1
1155,67,2
1155,1026,1
1155,1703,1
1155,109,2
1155,1023,2
1155,234,1
1155,145,2
1155,429,2
1155,587,1
1155,2181,1
1155,1183,1
1155,924,1
1155,497,1
1155,1925,1
1155,247,1
1155,1582,1
1156,552,1
1156,1716,1
1156,1756,1
1156,2175,1
1156,585,1
1156,265,1
1156,7,1
1156,673,1
1156,2180,1
1156,32,1
1156,246,1
1156,118,1
1156,780,2
1156,11,2
1156,1252,1
1156,0,2
1156,249,1
1156,258,1
1156,272,1
1156,827,1
1156,132,1
1156,2152,1
1156,984,1
1156,1276,1
1156,317,1
1156,14,1
1156,1053,1
1156,457,1
1156,1037,1
1156,2363,1
1156,176,1
1156,3,2
1156,1257,1
1156,1899,1
1156,8,1
1156,1072,1
1156,886,1
1156,537,1
1157,2097,2
1157,4,3
1157,129,2
1157,1215,4
1157,874,1
1157,560,1
1157,17,1
1157,2115,1
1157,1217,1
1157,2316,1
1157,5,1
1157,2111,1
1157,102,1
1157,1028,1
1157,257,3
1157,1749,1
1157,887,3
1157,1818,1
1157,1,2
1157,13,2
1157,215,2
1157,0,1
1157,394,1
1157,1115,2
1157,354,3
1157,59,1
1157,84,1
1157,596,1
1157,212,1
1157,402,1
1157,826,1
1157,2076,1
1157,7,1
1157,48,1
1157,23,1
1157,610,1
1157,473,1
1157,1321,1
1157,9,1
1157,427,1
1157,61,2
1157,139,2
1157,34,1
1157,1543,1
1157,731,1
1157,1689,1
1157,1367,1
1157,2435,1
1157,56,1
1157,916,1
1157,68,1
1157,97,1
1157,32,1
1157,246,1
1157,118,1
1157,551,1
1157,318,1
1157,169,1
1157,26,1
1157,14,1
1157,948,1
1157,374,1
1158,2285,1
1158,361,1
1158,383,1
1158,4,1
1158,52,1
1158,1175,1
1158,2,1
1158,119,1
1158,194,2
1158,629,2
1158,51,3
1158,652,1
1158,53,1
1158,293,1
1158,55,1
1158,1011,1
1158,441,1
1158,220,1
1158,66,1
1158,380,1
1158,0,1
1158,280,1
1158,476,1
1158,829,1
1158,1,1
1158,1498,1
1158,271,1
1158,26,1
1158,658,1
1158,606,1
1158,1959,1
1158,1912,1
1158,410,1
1158,19,1
1158,971,1
1158,1091,1
1158,132,1
1159,182,1
1159,123,1
1159,972,1
1159,1105,1
1159,1,2
1159,1507,1
1159,114,1
1159,119,1
1159,23,1
1159,2022,1
1159,3,1
1159,296,1
1159,597,1
1159,1407,1
1159,570,1
1159,1774,1
1159,2068,1
1159,1575,1
1159,222,1
1159,898,1
1159,924,1
1159,56,1
1159,1411,1
1159,179,1
1159,271,1
1159,26,1
1159,1408,1
1159,2183,1
1159,1158,1
1159,632,1
1159,0,1
1160,44,1
1160,739,1
1160,515,1
1160,350,1
1160,0,1
1160,2,1
1160,170,1
1160,2172,1
1160,949,1
1160,93,1
1160,9,1
1160,2013,1
1160,832,1
1160,6,1
1160,129,5
1160,483,5
1160,291,5
1160,1274,3
1160,874,1
1160,118,1
1160,1170,2
1160,532,1
1160,522,1
1160,285,1
1160,38,2
1160,1,3
1160,2075,1
1160,404,1
1160,930,1
1160,893,1
1160,205,1
1160,46,1
1160,876,1
1160,42,1
1160,426,1
1161,2,1
1161,888,1
1161,766,1
1161,159,1
1161,91,1
1161,85,1
1161,682,2
1161,2381,1
1161,876,1
1161,42,1
1161,1621,1
1161,7,1
1161,100,1
1161,864,1
1161,0,2
1161,443,1
1161,906,1
1161,1,3
1161,66,2
1161,101,2
1161,37,2
1161,430,1
1161,937,1
1161,1578,1
1161,193,1
1161,63,1
1161,165,1
1161,402,1
1161,1115,1
1161,21,3
1161,3,3
1161,1561,1
1161,807,1
1161,946,1
1161,408,1
1161,1263,1
1161,1795,1
1161,471,1
1161,836,1
1161,1258,1
1161,24,1
1161,1133,1
1161,315,1
1161,400,1
1161,1336,1
1161,65,1
1161,35,1
1161,1807,1
1161,1558,1
1161,499,1
1161,555,1
1161,51,1
1161,5,1
1161,1864,1
1161,2174,1
1161,2394,1
1161,12,1
1161,1047,1
1161,86,1
1162,1977,1
1162,1080,1
1162,67,1
1162,337,1
1162,1308,1
1162,253,1
1162,309,1
1162,1787,1
1162,106,1
1162,163,1
1162,1493,1
1162,918,1
1162,43,1
1162,621,1
1162,0,6
1162,56,3
1162,525,1
1162,93,1
1162,119,1
1162,1630,1
1162,2443,1
1162,458,1
1162,23,1
1162,51,1
1162,5,1
1162,501,1
1162,33,1
1162,160,1
1162,65,1
1162,35,1
1162,10,1
1162,13,1
1162,143,1
1162,379,1
1162,115,1
1163,128,1
1163,1346,1
1163,0,1
1163,9,2
1163,32,1
1163,579,1
1163,1992,1
1163,639,1
1163,498,1
1163,5,1
1163,793,1
1163,7,1
1163,1056,1
1163,97,1
1163,1485,1
1163,243,1
1163,903,1
1163,1428,1
1163,479,1
1163,1005,1
1163,1372,1
1163,49,1
1163,1008,1
1163,156,1
1163,1144,1
1164,156,1
1164,468,1
1164,148,1
1164,709,1
1164,2059,3
1164,2,1
1164,2229,1
1164,128,1
1164,2107,1
1164,826,1
1164,89,1
1164,2210,1
1164,1611,1
1164,56,1
1164,1080,1
1164,271,1
1164,26,1
1164,14,1
1164,2403,1
1164,2096,1
1164,1412,1
1164,1059,1
1164,2019,1
1164,479,1
1164,1820,1
1165,2,1
1165,438,1
1165,472,1
1165,96,1
1165,90,1
1165,68,1
1165,514,1
1165,1465,1
1165,1676,1
1165,200,1
1165,566,1
1165,1079,1
1165,5,2
1165,1829,1
1165,7,1
1165,1132,1
1165,2027,1
1165,633,3
1165,984,1
1165,1276,1
1165,783,1
1165,492,1
1165,726,2
1165,11,1
1165,8,1
1165,4,1
1165,1166,1
1165,269,1
1165,1451,1
1165,45,1
1165,188,1
1165,446,1
1166,1593,1
1166,1233,3
1166,972,1
1166,60,2
1166,320,2
1166,392,3
1166,217,1
1166,953,1
1166,1770,1
1166,155,1
1166,3,1
1166,95,4
1166,168,1
1166,550,1
1166,2129,1
1166,1686,1
1166,1454,1
1166,5,2
1166,240,1
1166,309,2
1166,2124,3
1166,2008,1
1166,61,2
1166,235,2
1166,724,1
1166,229,1
1166,2135,1
1166,30,1
1166,2411,1
1166,2071,1
1166,0,1
1166,82,1
1166,355,1
1166,255,1
1166,725,1
1166,1101,1
1166,2055,1
1167,1,1
1167,879,1
1167,1638,1
1167,89,1
1167,4,1
1167,456,2
1167,2128,1
1167,333,1
1167,1162,1
1167,71,1
1167,1566,1
1167,16,1
1167,839,1
1167,746,1
1167,282,1
1167,166,2
1167,704,1
1167,1384,1
1167,167,1
1167,90,1
1167,68,2
1167,0,4
1167,1188,1
1167,1905,1
1167,1360,1
1167,655,1
1167,1415,1
1167,309,1
1167,1858,1
1167,727,1
1167,1419,1
1167,55,1
1167,531,1
1167,1730,1
1167,5,1
1167,658,1
1167,591,1
1167,903,1
1167,274,1
1167,616,1
1167,46,1
1167,184,1
1168,2,1
1168,190,1
1168,420,1
1168,970,1
1168,1740,1
1168,2188,1
1168,103,1
1168,14,1
1168,97,1
1168,115,1
1168,713,1
1168,17,1
1168,233,1
1168,1493,1
1168,1934,1
1168,0,1
1168,342,2
1168,180,2
1168,2251,1
1168,10,1
1168,321,1
1168,207,1
1168,30,1
1168,998,2
1168,5,2
1168,1479,1
1168,11,1
1168,8,1
1168,1040,1
1168,1292,1
1168,1,1
1168,516,1
1168,807,1
1168,254,1
1168,3,1
1168,405,1
1168,648,1
1168,1745,1
1168,622,1
1168,112,1
1168,785,1
1168,941,1
1168,922,1
1168,20,1
1169,40,2
1169,96,1
1169,61,2
1169,550,1
1169,1814,1
1169,1984,1
1169,522,2
1169,3,1
1169,191,1
1169,1628,1
1169,1480,1
1169,227,1
1169,2128,1
1169,1958,1
1169,1350,1
1169,636,1
1169,0,2
1169,1678,1
1169,87,1
1169,1034,1
1169,10,1
1169,13,1
1169,127,1
1169,621,1
1169,968,2
1169,1453,1
1169,1388,1
1169,467,1
1169,756,1
1169,912,1
1169,2222,1
1169,272,1
1169,33,1
1169,2165,1
1169,47,1
1169,30,1
1169,781,1
1169,923,1
1169,2309,1
1169,356,1
1170,2,1
1170,540,1
1170,601,1
1170,0,2
1170,1054,1
1170,776,1
1170,60,1
1170,364,1
1170,1640,1
1170,398,1
1170,2083,3
1170,638,1
1170,94,1
1170,2215,2
1170,125,1
1170,34,1
1170,1543,1
1170,746,1
1170,282,1
1170,613,1
1170,1276,1
1170,2110,1
1170,122,1
1170,47,1
1170,30,1
1170,899,1
1170,941,1
1170,6,1
1170,10,1
1170,13,1
1170,4,1
1170,2387,1
1170,345,1
1170,75,1
1170,572,1
1170,1345,1
1170,1496,1
1170,806,1
1170,634,1
1170,36,1
1170,866,1
1170,5,1
1170,239,1
1170,523,1
1170,2036,1
1170,1541,1
1171,976,1
1171,927,1
1171,90,1
1171,274,1
1171,1063,1
1171,931,1
1171,1,1
1171,524,1
1171,694,1
1171,34,1
1171,22,1
1171,10,1
1171,156,1
1171,1701,1
1171,358,1
1171,636,1
1171,47,1
1172,83,1
1172,1969,1
1172,327,1
1172,0,2
1172,144,1
1172,60,1
1172,753,1
1172,1365,1
1172,505,1
1172,2274,1
1172,1652,1
1172,663,1
1172,89,1
1172,1,3
1172,66,1
1172,3,1
1172,962,1
1172,2262,1
1172,439,1
1172,374,1
1172,404,1
1172,801,1
1172,1786,1
1172,7,1
1172,14,1
1172,29,1
1172,650,1
1172,452,1
1172,1402,1
1172,297,1
1172,79,1
1172,97,1
1173,415,1
1173,1136,1
1173,812,1
1173,266,1
1173,1,1
1173,21,2
1173,205,1
1173,46,1
1173,829,1
1173,24,1
1173,2,1
1173,173,1
1173,1336,1
1173,241,1
1173,1090,1
1173,0,1
1173,356,1
1173,2055,1
1173,862,1
1173,16,1
1173,1622,1
1173,1379,1
1173,63,1
1173,3,1
1173,151,1
1173,1815,1
1173,2025,1
1173,53,1
1173,293,1
1173,55,1
1173,475,1
1173,740,1
1173,2304,1
1173,652,1
1173,5,1
1173,1359,1
1173,89,1
1173,48,1
1173,23,1
1174,1656,2
1174,29,1
1174,2364,1
1174,556,1
1174,1,1
1174,736,1
1174,514,2
1174,794,1
1174,1150,1
1174,219,1
1174,346,1
1174,815,1
1174,62,1
1174,2426,1
1174,19,1
1174,1286,1
1174,250,1
1174,359,1
1174,752,1
1174,0,1
1174,1057,2
1174,1266,1
1174,4,1
1174,1914,1
1174,259,1
1174,25,1
1174,7,1
1174,1657,1
1174,412,1
1174,1983,1
1175,1780,1
1175,1,1
1175,732,1
1175,581,1
1175,0,2
1175,10,2
1175,1294,1
1175,23,1
1175,43,1
1175,498,1
1175,375,1
1175,1175,1
1175,2134,1
1175,2234,1
1175,116,1
1175,4,1
1175,316,1
1175,171,1
1175,832,1
1176,59,1
1176,337,1
1176,19,1
1176,119,1
1176,1091,1
1176,407,1
1176,1598,1
1176,1576,1
1176,5,1
1176,355,1
1176,255,1
1176,773,1
1176,369,1
1176,1800,1
1176,433,1
1176,18,1
1177,362,1
1177,156,1
1177,67,1
1177,24,1
1177,301,1
1177,2242,1
1177,0,1
1177,647,1
1178,83,1
1178,2436,1
1178,322,1
1178,1661,1
1178,582,1
1178,509,1
1178,1,2
1178,98,1
1178,128,1
1178,319,1
1178,6,1
1178,1115,1
1178,44,1
1178,2408,1
1178,1203,1
1178,88,1
1178,293,1
1178,55,1
1178,2336,1
1179,614,1
1179,1933,1
1179,276,1
1179,1837,1
1179,858,2
1179,201,1
1179,1176,1
1179,1,1
1179,1331,1
1179,2332,1
1179,0,1
1179,1100,2
1179,1724,1
1179,1208,1
1179,1912,1
1179,410,1
1180,1242,1
1180,509,1
1180,1037,1
1180,5,1
1180,729,1
1180,1781,1
1180,288,1
1180,1842,1
1180,266,1
1180,569,1
1180,1776,1
1181,915,1
1181,4,1
1181,140,1
1181,12,1
1181,1330,2
1181,989,1
1181,2117,1
1181,376,1
1181,252,1
1181,0,2
1181,815,1
1181,52,1
1181,363,1
1181,20,1
1181,131,1
1181,217,1
1181,2431,1
1181,718,1
1181,1,1
1181,1355,1
1181,3,1
1181,153,1
1181,174,1
1181,19,1
1181,327,1
1181,144,1
1181,2045,1
1182,86,1
1182,0,2
1182,65,1
1182,35,1
1182,50,1
1182,1596,1
1182,21,1
1182,34,1
1182,386,1
1182,262,1
1182,297,1
1182,322,1
1182,2081,1
1182,606,1
1182,931,1
1182,75,1
1182,10,1
1182,13,1
1182,76,1
1182,29,1
1182,2364,1
1182,869,1
1183,1010,1
1183,43,1
1183,55,1
1183,758,2
1183,106,1
1183,163,1
1183,578,1
1183,151,1
1183,2023,1
1183,457,1
1183,613,1
1183,27,1
1183,156,1
1183,696,1
1183,433,1
1183,145,1
1183,1944,1
1183,10,1
1183,13,1
1183,324,1
1183,49,1
1183,18,1
1183,523,1
1184,765,1
1184,17,1
1184,2115,1
1184,1217,1
1184,137,3
1184,388,2
1184,0,4
1184,66,1
1184,6,2
1184,83,1
1184,204,1
1184,645,1
1184,160,1
1184,431,1
1184,1503,1
1184,1954,1
1184,231,1
1184,286,1
1184,1280,1
1184,1,1
1185,379,1
1185,17,1
1185,135,1
1185,160,1
1185,639,1
1185,498,1
1185,322,1
1185,111,1
1185,457,1
1185,1037,1
1185,1211,1
1185,1816,1
1185,142,1
1185,54,1
1185,1718,1
1185,908,1
1185,1878,1
1185,289,1
1185,489,1
1185,1087,1
1185,1,1
1185,2087,1
1185,1874,1
1185,1694,1
1185,143,1
1185,256,1
1186,1520,1
1186,203,1
1186,1463,2
1186,11,2
1186,8,2
1186,58,1
1186,1,2
1186,83,1
1186,2299,1
1186,1224,1
1186,861,1
1186,613,1
1186,150,1
1186,614,1
1186,2351,3
1186,973,2
1186,1375,1
1186,108,1
1186,123,1
1186,2282,1
1186,103,1
1186,612,1
1186,1009,1
1186,271,1
1186,26,1
1186,1077,1
1186,1981,1
1186,742,1
1186,50,1
1186,410,1
1186,1512,1
1186,10,1
1186,1480,1
1186,70,1
1187,154,1
1187,2159,1
1187,2077,1
1187,1000,1
1187,2221,1
1187,1305,1
1187,588,2
1187,620,1
1187,1735,1
1187,1306,1
1187,30,1
1187,329,1
1187,647,1
1187,476,1
1187,798,1
1188,71,1
1188,1843,1
1188,324,3
1188,1569,1
1188,39,1
1188,1849,1
1188,63,1
1188,758,1
1188,573,1
1188,20,1
1188,553,1
1188,11,1
1188,18,1
1188,1176,1
1188,938,1
1188,367,1
1188,274,1
1189,2,1
1189,170,1
1189,1941,1
1189,16,1
1189,0,1
1189,1354,1
1189,1102,1
1189,70,1
1189,1671,1
1189,1142,1
1189,6,2
1189,52,1
1189,253,1
1189,90,1
1189,68,1
1189,72,1
1189,1976,1
1189,1641,1
1189,97,1
1189,409,1
1189,27,1
1189,456,1
1189,2424,1
1189,1767,1
1189,365,1
1189,62,1
1189,1049,1
1189,664,1
1189,1,2
1189,69,1
1189,81,1
1189,689,1
1190,695,1
1190,805,1
1190,1948,1
1190,203,1
1190,570,1
1190,304,1
1190,0,1
1190,193,1
1190,63,1
1190,3,1
1190,852,1
1190,955,2
1190,410,1
1190,566,1
1190,274,1
1190,1698,1
1190,103,1
1190,1939,1
1190,7,1
1190,738,1
1190,253,1
1190,90,1
1190,17,1
1190,1655,1
1190,947,1
1190,1483,1
1191,124,1
1191,1471,1
1191,93,1
1191,9,1
1191,1671,1
1191,1142,1
1191,17,1
1191,241,1
1191,1090,1
1191,0,1
1191,79,1
1191,787,1
1191,141,1
1191,43,1
1191,490,1
1191,554,1
1191,109,2
1191,142,1
1191,54,1
1191,251,1
1191,987,1
1191,195,1
1191,1879,1
1191,435,1
1191,108,1
1191,26,1
1191,14,1
1191,15,1
1191,820,1
1191,10,1
1191,13,2
1191,1974,1
1191,196,1
1191,33,1
1191,427,1
1191,4,2
1191,230,1
1191,671,1
1191,6,1
1191,1985,1
1191,1408,1
1191,57,1
1191,78,1
1191,556,1
1191,390,1
1191,182,1
1191,1561,1
1192,689,2
1192,219,2
1192,1,2
1192,1250,1
1192,669,1
1192,3,1
1192,688,2
1192,1790,1
1192,135,1
1192,10,1
1192,1957,1
1192,35,1
1192,0,3
1192,23,1
1192,6,1
1192,2415,1
1192,2431,1
1192,222,1
1192,4,1
1192,961,1
1192,628,1
1192,1550,1
1192,126,1
1192,1193,1
1192,380,1
1193,27,1
1193,436,1
1193,186,2
1193,876,1
1193,42,1
1193,426,1
1193,405,1
1193,242,1
1193,51,1
1193,10,1
1193,13,1
1193,4,1
1193,2282,1
1193,103,1
1193,1954,1
1193,267,1
1193,1117,1
1193,49,1
1193,209,1
1193,341,2
1193,52,1
1193,1255,1
1193,1300,1
1193,115,1
1193,1780,1
1193,1360,1
1193,289,1
1193,2388,1
1193,111,1
1193,0,1
1193,1873,1
1193,718,1
1193,17,1
1193,79,1
1194,71,1
1194,659,1
1194,16,1
1194,946,1
1194,1994,1
1194,1384,1
1194,2142,1
1194,2300,1
1194,63,1
1194,99,1
1194,511,1
1194,1366,1
1194,1809,1
1194,1631,1
1194,750,1
1194,18,1
1194,919,1
1194,1579,1
1194,1411,1
1194,2359,1
1194,395,1
1194,1270,1
1194,195,1
1194,1121,1
1194,252,1
1195,83,1
1195,63,1
1195,2126,1
1195,1276,1
1195,639,1
1195,498,1
1195,14,1
1195,681,1
1195,195,1
1195,344,4
1195,424,2
1195,111,1
1195,2407,1
1195,2103,1
1195,1210,1
1195,12,1
1195,648,1
1196,39,1
1196,294,1
1196,27,1
1196,999,1
1196,2142,1
1196,177,1
1196,322,1
1196,28,1
1196,1,2
1196,1499,1
1196,583,1
1196,171,1
1196,1548,1
1196,25,1
1196,216,1
1196,102,1
1196,1122,1
1196,212,1
1196,1525,1
1196,11,1
1196,8,1
1196,954,1
1196,218,1
1196,340,1
1196,127,1
1196,6,1
1196,2368,1
1196,252,1
1196,266,1
1197,1333,1
1197,1927,1
1197,2136,1
1197,269,1
1197,399,1
1197,66,1
1197,468,1
1197,165,1
1197,118,3
1197,408,1
1197,183,1
1197,497,1
1197,1380,2
1197,1211,1
1197,99,1
1197,661,1
1197,4,1
1197,608,1
1197,988,1
1198,1061,1
1198,776,1
1198,60,1
1198,753,1
1198,1088,1
1198,602,1
1198,116,1
1198,645,1
1198,274,1
1198,1592,2
1198,616,1
1198,1068,1
1198,146,1
1198,672,1
1198,89,1
1198,569,1
1198,1,1
1198,388,1
1198,80,1
1198,20,1
1198,1005,1
1198,1150,1
1198,219,1
1199,135,1
1199,160,1
1199,90,1
1199,68,1
1199,3,1
1199,339,2
1199,2021,1
1199,341,2
1199,1986,1
1199,115,1
1199,83,1
1199,116,1
1199,1,1
1199,1158,1
1199,1060,1
1199,2159,1
1199,972,1
1199,485,1
1199,22,1
1199,2039,1
1199,10,1
1199,13,1
1199,4,1
1199,650,1
1199,200,1
1199,1816,1
1199,142,1
1199,54,1
1199,2448,1
1199,150,1
1199,298,1
1200,135,1
1200,160,1
1200,279,1
1200,98,1
1200,878,1
1200,193,1
1200,80,1
1200,10,2
1200,13,2
1200,202,1
1200,852,1
1200,17,1
1200,2412,1
1200,0,1
1200,748,2
1200,456,2
1200,1243,1
1200,23,1
1200,26,1
1200,1477,1
1200,1711,1
1200,1974,1
1200,1171,1
1200,1476,1
1200,429,1
1201,2,1
1201,384,1
1201,63,1
1201,450,1
1201,1638,1
1201,2194,1
1201,1796,1
1201,451,1
1201,62,1
1201,231,1
1201,509,1
1201,66,1
1201,969,1
1201,1382,1
1201,1076,1
1201,1275,1
1201,2185,1
1202,182,1
1202,4,1
1202,1861,1
1202,32,1
1202,193,1
1202,80,1
1202,111,2
1202,140,1
1202,388,1
1202,40,1
1202,302,1
1202,930,1
1202,38,1
1202,1,1
1202,902,1
1202,1217,1
1202,99,1
1202,661,1
1202,2034,1
1202,1468,1
1202,1261,1
1203,11,1
1203,8,1
1203,1768,1
1203,92,1
1203,716,1
1203,605,1
1203,2064,1
1203,67,1
1203,1389,1
1203,103,1
1203,2452,1
1203,1394,1
1203,82,1
1203,5,2
1203,1044,1
1203,1569,1
1203,203,1
1203,0,2
1203,962,2
1203,1572,1
1203,196,1
1203,127,1
1203,2104,1
1204,1,1
1204,69,1
1204,81,1
1204,390,1
1204,182,1
1204,305,1
1204,1428,1
1204,7,2
1204,522,1
1204,116,1
1204,298,1
1204,10,1
1204,13,1
1204,128,1
1204,22,1
1204,43,1
1204,209,1
1204,1631,1
1205,55,1
1205,645,1
1205,30,1
1205,1,1
1205,349,1
1205,82,1
1205,908,1
1205,1939,1
1205,31,1
1205,20,1
1205,1495,1
1205,895,1
1205,1663,1
1205,497,1
1205,2014,1
1206,1211,1
1206,3,1
1206,1011,1
1206,1,1
1206,687,1
1206,770,1
1206,914,1
1206,817,1
1206,54,1
1206,1764,1
1206,1009,1
1206,67,1
1206,625,1
1206,604,1
1206,530,1
1206,294,1
1206,27,1
1206,436,1
1206,214,1
1206,89,1
1206,50,1
1207,2,1
1207,190,1
1207,420,1
1207,967,1
1207,1036,1
1207,23,1
1207,775,1
1207,1088,1
1207,604,1
1207,530,1
1207,1939,2
1207,161,1
1207,38,1
1207,1,2
1207,149,2
1207,266,1
1207,600,1
1207,1981,1
1208,2,1
1208,1328,1
1208,915,1
1208,1139,1
1208,989,1
1208,168,1
1208,87,1
1208,487,1
1208,7,1
1208,2320,2
1208,1250,1
1208,21,2
1208,3,2
1208,468,1
1208,127,1
1208,1,1
1208,69,1
1208,81,1
1208,1779,1
1208,1868,1
1208,2252,1
1208,1228,1
1208,431,1
1208,573,1
1208,726,1
1209,1093,1
1209,1918,3
1209,2443,1
1209,458,1
1209,1981,1
1209,72,1
1209,741,1
1209,1656,1
1209,1010,1
1209,600,1
1209,4,1
1209,2411,1
1209,2071,1
1209,1835,1
1209,0,1
1209,161,1
1209,74,1
1209,22,1
1209,99,1
1209,1189,1
1209,485,1
1209,377,1
1209,209,1
1210,2,1
1210,110,1
1210,493,1
1210,637,1
1210,661,1
1210,143,1
1210,419,1
1210,424,1
1210,2043,1
1210,1013,1
1210,650,1
1210,200,1
1210,26,1
1210,804,1
1210,377,1
1210,13,1
1210,1225,1
1210,181,1
1210,178,1
1210,5,2
1210,575,1
1210,18,1
1210,410,1
1210,332,1
1210,346,1
1210,1495,1
1211,2,1
1211,438,1
1211,893,1
1211,1797,1
1211,582,1
1211,163,1
1211,1049,1
1211,664,1
1211,1599,1
1211,1,4
1211,69,1
1211,81,1
1211,740,1
1211,1713,1
1211,596,1
1211,73,1
1211,2098,1
1211,743,1
1211,983,1
1211,698,1
1211,0,2
1211,546,2
1211,38,5
1211,610,2
1211,629,1
1211,51,1
1211,848,1
1211,473,1
1211,32,1
1211,2416,1
1211,1003,1
1211,1710,1
1211,514,2
1211,1654,1
1211,257,2
1211,1186,1
1211,6,1
1211,317,1
1211,233,1
1212,506,1
1212,185,1
1212,71,1
1212,659,1
1212,1616,1
1212,21,1
1212,9,1
1212,41,1
1212,342,1
1212,180,1
1212,125,1
1212,1699,1
1212,1191,1
1212,83,1
1212,573,1
1212,334,1
1212,1367,1
1212,383,1
1212,33,1
1213,651,1
1213,449,1
1213,708,1
1213,935,1
1213,135,1
1213,297,1
1213,5,1
1213,948,1
1213,298,1
1213,25,1
1213,10,1
1213,13,1
1213,955,1
1213,1202,1
1213,17,1
1213,2328,1
1213,1098,1
1213,2062,1
1214,124,1
1214,1471,1
1214,16,1
1214,9,1
1214,747,1
1214,20,1
1214,976,1
1214,24,1
1214,490,1
1214,275,1
1214,283,1
1214,0,2
1214,15,1
1214,719,1
1214,1550,1
1214,126,1
1214,1421,1
1214,304,1
1214,489,1
1214,454,1
1214,376,1
1214,1964,1
1214,386,1
1214,220,1
1215,466,1
1215,379,1
1215,980,2
1215,1169,1
1215,821,1
1215,83,1
1215,929,1
1215,672,1
1215,80,1
1215,1246,1
1215,223,1
1215,316,1
1215,171,1
1215,1939,1
1215,1783,1
1215,99,1
1215,563,1
1215,1769,1
1215,449,2
1215,1688,2
1215,10,1
1215,13,1
1215,509,1
1215,0,1
1215,307,1
1215,1240,1
1215,803,1
1215,2286,1
1215,1364,1
1215,955,1
1215,1129,1
1215,5,1
1215,1673,1
1216,2,1
1216,48,2
1216,23,3
1216,2309,2
1216,808,1
1216,1517,1
1216,1815,1
1216,1281,1
1216,10,1
1216,2298,1
1216,35,1
1216,726,1
1216,114,1
1216,119,1
1216,382,1
1216,1334,1
1216,555,1
1216,331,1
1216,292,1
1216,169,1
1216,26,1
1216,789,1
1216,535,1
1216,9,1
1216,7,1
1216,966,1
1216,269,1
1216,254,1
1216,570,1
1216,1774,1
1216,940,1
1216,732,1
1216,581,1
1216,88,1
1216,859,1
1216,346,1
1217,20,1
1217,1656,1
1217,1918,1
1217,985,1
1217,282,1
1217,2126,1
1217,1399,1
1217,1902,1
1217,374,2
1217,2402,1
1217,1106,1
1217,679,1
1217,267,2
1217,2304,1
1217,612,1
1217,222,1
1217,730,1
1217,1,1
1217,74,1
1217,22,1
1217,73,1
1218,2070,2
1218,1976,1
1218,332,1
1218,480,2
1218,1883,3
1218,10,2
1218,13,2
1218,1167,1
1218,7,1
1218,91,1
1218,85,1
1218,1309,2
1218,138,2
1218,2131,2
1218,1200,1
1218,494,1
1218,2427,1
1218,119,1
1218,501,1
1218,1676,1
1218,460,1
1218,361,1
1218,486,1
1218,1179,1
1219,343,1
1219,167,1
1219,1851,2
1219,495,2
1219,2142,1
1219,2300,1
1219,322,1
1219,380,1
1219,0,1
1219,183,1
1219,619,1
1219,13,2
1219,227,1
1219,30,1
1219,639,1
1219,1919,1
1219,41,1
1219,427,1
1219,133,1
1219,913,1
1219,1302,1
1220,80,1
1220,363,1
1220,250,1
1220,167,1
1220,65,2
1220,35,2
1220,644,1
1220,481,1
1220,0,2
1220,1050,1
1220,757,1
1220,770,1
1220,1991,1
1220,216,1
1220,102,1
1220,383,1
1220,1533,1
1220,47,1
1220,13,1
1220,954,1
1220,302,1
1220,6,1
1220,580,2
1220,484,2
1220,2307,1
1220,254,1
1220,8,1
1220,2312,1
1220,1166,1
1220,682,1
1221,71,1
1221,862,1
1221,94,1
1221,1200,1
1221,15,1
1221,1117,1
1221,253,1
1221,1944,1
1221,165,1
1221,11,1
1221,8,1
1221,4,1
1221,233,1
1221,339,1
1221,6,1
1221,145,1
1221,977,1
1221,44,1
1221,501,1
1221,10,1
1221,13,1
1222,194,1
1222,44,1
1222,1130,3
1222,449,1
1222,2081,1
1222,383,1
1222,1762,1
1222,1281,1
1222,10,1
1222,13,1
1222,221,1
1222,1542,2
1222,145,1
1222,49,1
1222,1363,1
1223,518,1
1223,873,1
1223,603,1
1223,23,1
1223,297,1
1223,1,4
1223,10,2
1223,13,2
1223,374,1
1223,1355,1
1223,370,1
1223,1211,1
1223,82,1
1223,212,1
1223,1525,1
1223,83,1
1223,407,1
1223,1026,1
1223,1960,1
1223,369,1
1223,188,1
1223,32,1
1223,0,1
1224,2,1
1224,110,1
1224,323,1
1224,844,1
1224,596,1
1224,35,1
1224,2127,1
1224,245,1
1224,909,1
1224,2093,1
1224,591,1
1224,10,1
1224,13,1
1224,4,1
1224,340,2
1224,127,2
1224,475,2
1224,1105,1
1224,253,1
1224,727,1
1224,1419,1
1224,55,1
1224,954,1
1225,135,1
1225,1091,1
1225,51,1
1225,10,1
1225,13,1
1225,4,1
1225,380,1
1225,0,1
1225,1270,1
1225,406,1
1225,32,1
1225,29,1
1225,148,1
1225,293,1
1225,55,1
1225,733,1
1225,856,1
1225,274,1
1226,135,1
1226,160,1
1226,65,2
1226,35,1
1226,0,2
1226,1250,1
1226,1681,1
1226,400,1
1226,584,1
1226,863,1
1226,742,1
1226,99,1
1226,661,1
1226,4,1
1226,903,1
1226,1076,2
1226,380,1
1226,2068,1
1226,38,1
1226,1,1
1226,1056,1
1226,82,1
1226,5,1
1227,337,1
1227,376,1
1227,872,1
1227,1311,1
1227,262,1
1227,2,1
1227,110,1
1227,1,3
1227,222,1
1227,475,1
1227,1723,1
1227,1013,1
1227,1157,1
1227,138,1
1227,172,1
1227,1047,1
1227,395,1
1227,2043,1
1227,1498,1
1228,423,1
1228,667,1
1228,65,2
1228,35,2
1228,276,3
1228,1837,5
1228,1063,1
1228,1780,1
1228,109,1
1228,142,1
1228,54,1
1228,785,1
1228,497,1
1228,1451,1
1228,2260,1
1228,449,1
1228,180,1
1228,1274,1
1228,148,1
1228,179,1
1228,67,1
1228,286,1
1228,11,1
1228,8,1
1228,4,1
1228,578,1
1228,151,1
1228,554,1
1228,17,1
1228,340,1
1228,127,1
1228,0,1
1229,40,1
1229,1,2
1229,279,1
1229,98,2
1229,1638,1
1229,1816,1
1229,429,1
1229,1830,1
1229,33,1
1229,427,1
1229,156,1
1229,20,1
1229,911,1
1229,18,1
1229,158,1
1230,1544,1
1230,4,1
1230,249,2
1230,2449,1
1230,563,1
1230,2128,1
1230,798,1
1230,49,1
1230,2,1
1230,1328,1
1230,306,1
1230,665,1
1230,113,1
1230,721,1
1230,8,1
1230,2151,1
1230,1373,2
1230,362,1
1230,663,1
1230,924,1
1230,794,1
1230,54,1
1230,18,1
1230,1300,1
1231,21,2
1231,5,1
1231,2243,1
1231,508,2
1231,1144,1
1231,2,1
1231,462,1
1231,104,1
1231,1981,1
1231,1220,1
1231,1475,1
1231,12,1
1231,263,1
1231,62,1
1231,1512,1
1231,1182,1
1231,254,1
1231,1836,1
1232,106,1
1232,1792,1
1232,479,1
1232,1549,1
1232,971,1
1232,2136,1
1232,269,1
1232,803,1
1232,202,1
1232,1092,1
1232,375,1
1232,209,1
1232,225,1
1232,637,1
1232,2062,1
1232,2197,1
1232,1844,1
1232,257,1
1233,106,1
1233,39,1
1233,11,1
1233,8,1
1233,577,1
1233,67,1
1233,1313,1
1233,114,1
1233,523,1
1233,1130,1
1233,1672,1
1233,1880,1
1233,6,1
1233,246,1
1233,118,1
1233,787,1
1233,1677,1
1233,109,1
1234,2,1
1234,241,1
1234,1090,1
1234,2317,1
1234,2216,1
1234,812,1
1234,0,2
1234,158,1
1234,1692,1
1234,10,2
1234,1188,1
1234,1905,1
1234,1442,1
1234,1423,1
1234,1781,1
1234,939,1
1234,286,1
1234,97,1
1234,13,1
1234,118,1
1234,934,1
1234,1211,1
1234,1610,1
1234,2090,1
1234,435,1
1234,798,1
1234,109,1
1235,1184,2
1235,143,1
1235,1,2
1235,372,2
1235,310,2
1235,11,1
1235,8,1
1235,123,1
1235,796,1
1235,264,1
1235,2133,1
1235,763,1
1235,706,1
1235,331,1
1235,1639,1
1235,1477,1
1235,496,1
1235,539,1
1235,1061,1
1236,135,1
1236,160,1
1236,48,1
1236,23,1
1236,2326,1
1236,0,1
1236,144,1
1236,813,1
1236,38,1
1236,109,2
1236,142,1
1236,54,1
1236,895,1
1236,575,1
1236,188,1
1236,446,1
1236,1,1
1236,442,1
1236,211,1
1236,20,1
1236,1661,1
1236,762,1
1236,405,1
1236,1019,1
1236,914,1
1236,1830,1
1237,71,1
1237,659,1
1237,228,1
1237,32,2
1237,957,1
1237,731,1
1237,5,1
1237,1053,1
1237,1617,1
1237,503,1
1237,764,1
1237,265,1
1237,7,1
1237,245,1
1237,99,1
1237,193,1
1237,63,1
1237,3,1
1237,1985,1
1237,73,1
1237,641,1
1237,88,1
1237,509,1
1237,27,1
1237,200,1
1237,1955,1
1237,602,1
1237,500,1
1237,116,1
1237,1,1
1237,1381,1
1237,311,1
1237,209,1
1237,111,1
1237,370,1
1238,2451,1
1238,1251,1
1238,852,1
1238,716,1
1238,1329,1
1238,1175,1
1238,228,1
1238,963,1
1238,621,1
1238,0,1
1238,15,1
1238,120,1
1238,39,1
1238,741,1
1239,334,1
1239,423,1
1239,984,1
1239,1823,1
1239,7,1
1239,29,2
1239,3,1
1239,63,1
1239,111,2
1239,690,1
1239,919,1
1239,414,2
1239,905,1
1239,640,1
1239,1546,1
1239,11,1
1239,8,1
1239,4,1
1239,280,1
1239,586,1
1239,761,1
1239,1167,1
1239,2138,1
1239,302,1
1239,514,1
1239,402,1
1239,88,1
1240,260,1
1240,5,2
1240,134,4
1240,137,4
1240,83,1
1240,407,1
1240,1058,1
1240,3,2
1240,680,1
1240,653,1
1240,1069,1
1240,302,1
1240,857,1
1240,259,1
1240,1702,1
1240,63,1
1240,103,1
1240,14,1
1240,383,1
1240,330,1
1240,10,1
1240,1957,1
1240,576,1
1240,7,1
1240,1491,1
1240,348,1
1240,0,1
1240,1238,1
1240,1,1
1240,280,1
1240,826,1
1241,106,1
1241,163,1
1241,65,1
1241,35,1
1241,1,1
1241,79,1
1241,878,1
1241,1093,1
1241,1005,1
1241,111,1
1241,1622,1
1241,1742,1
1241,1430,1
1241,475,1
1241,1631,1
1241,7,1
1241,339,1
1241,1718,1
1241,1405,1
1241,567,1
1241,1363,1
1241,935,1
1241,33,1
1241,427,1
1241,13,1
1241,1045,1
1241,925,1
1241,725,1
1242,107,1
1242,1827,1
1242,1802,1
1242,63,1
1242,32,1
1242,1092,1
1242,2001,1
1242,22,1
1242,1623,1
1242,501,1
1242,2443,1
1242,319,1
1242,2093,1
1242,252,1
1242,2180,1
1242,985,1
1242,10,1
1242,13,1
1242,484,1
1242,570,1
1242,27,1
1242,436,1
1242,171,1
1242,213,1
1242,270,1
1242,19,1
1242,2289,1
1242,1098,1
1243,101,2
1243,37,1
1243,1596,1
1243,1174,1
1243,121,1
1243,945,1
1243,27,1
1243,436,1
1243,3,1
1243,2197,1
1243,1454,1
1243,779,1
1243,97,1
1243,2184,1
1243,985,1
1243,20,1
1243,501,1
1243,10,1
1243,13,1
1243,1,1
1243,158,1
1243,33,1
1243,427,1
1244,1386,1
1244,565,1
1244,40,1
1244,96,1
1244,48,2
1244,23,2
1244,72,1
1244,450,1
1244,26,2
1244,14,2
1244,1051,1
1244,326,1
1244,254,1
1244,360,1
1244,105,1
1244,77,1
1244,1110,1
1244,1372,1
1244,203,1
1245,829,1
1245,14,1
1245,324,1
1245,302,1
1245,1,1
1245,69,1
1245,81,1
1245,837,1
1245,499,1
1245,606,1
1245,1279,1
1245,2316,1
1245,1530,1
1245,2063,1
1245,758,1
1245,2286,1
1245,1548,1
1245,25,2
1245,833,1
1245,1161,1
1245,1280,1
1245,319,1
1245,29,1
1245,234,1
1245,909,1
1245,1809,1
1245,32,1
1245,792,1
1246,154,1
1246,223,1
1246,65,1
1246,35,1
1246,813,1
1246,269,2
1246,377,1
1246,266,2
1246,1963,1
1246,492,1
1246,10,1
1246,1294,1
1246,1455,1
1246,156,1
1246,4,1
1246,1132,2
1246,726,1
1246,647,1
1246,476,1
1247,125,1
1247,757,1
1247,1060,1
1247,275,3
1247,1199,1
1247,2450,1
1247,31,1
1247,247,2
1247,1114,1
1247,11,1
1247,8,1
1247,164,1
1247,331,1
1247,446,1
1247,1129,1
1247,5,1
1247,148,1
1247,265,1
1247,1122,1
1247,1223,1
1248,1,1
1248,17,1
1248,1355,1
1248,0,1
1248,3,2
1248,1152,1
1248,128,1
1248,480,1
1248,220,1
1248,656,1
1248,1829,1
1248,7,1
1249,417,1
1249,2042,2
1249,11,1
1249,8,1
1249,1,1
1249,29,1
1249,1829,1
1249,7,1
1249,158,2
1249,234,1
1249,967,1
1249,1825,1
1249,188,1
1249,929,1
1249,10,1
1249,13,1
1249,4,1
1249,51,1
1249,1686,1
1250,1661,1
1250,2297,1
1250,1908,1
1250,40,1
1250,96,1
1250,578,1
1250,151,1
1250,676,1
1250,73,2
1250,205,1
1250,46,1
1250,21,1
1250,82,1
1250,825,1
1250,1,1
1250,165,1
1250,531,1
1250,0,1
1250,229,1
1250,1476,1
1250,253,1
1250,2404,1
1250,195,1
1250,760,1
1250,416,1
1250,600,1
1251,841,1
1251,1110,1
1251,1,3
1251,69,1
1251,81,1
1251,837,1
1251,1529,1
1251,67,1
1251,658,1
1251,281,1
1251,40,1
1251,3,1
1251,840,1
1251,298,1
1251,25,1
1251,10,1
1251,13,1
1251,733,1
1251,694,1
1251,1360,1
1251,274,1
1252,1893,1
1252,124,1
1252,2203,2
1252,572,1
1252,201,1
1252,501,1
1252,10,1
1252,852,1
1252,47,1
1252,2367,1
1252,1070,1
1252,1183,1
1252,695,1
1252,727,1
1252,1067,1
1252,88,1
1252,1639,1
1252,342,1
1252,180,1
1253,2,1
1253,190,1
1253,420,1
1253,724,1
1253,229,2
1253,1818,1
1253,1170,1
1253,11,2
1253,8,2
1253,1225,1
1253,565,1
1253,397,1
1253,791,1
1253,83,1
1253,407,1
1253,261,1
1253,268,1
1253,1877,1
1253,51,1
1253,5,1
1253,1273,1
1253,132,1
1253,437,1
1253,50,1
1253,1257,1
1254,1414,1
1254,1835,1
1254,0,1
1254,79,1
1254,1382,1
1254,815,1
1254,2312,1
1254,40,1
1254,96,1
1254,1536,1
1254,895,1
1254,16,1
1254,104,1
1254,209,1
1254,20,1
1254,2433,1
1255,1432,1
1255,45,1
1255,244,1
1255,2,1
1255,1126,1
1255,1795,1
1255,2126,1
1255,1736,1
1255,301,1
1255,1794,1
1255,1601,1
1255,209,1
1255,716,1
1255,307,1
1255,22,1
1255,374,1
1255,201,1
1255,573,1
1255,576,1
1255,1010,1
1255,360,1
1256,83,1
1256,861,1
1256,472,1
1256,1107,1
1256,266,1
1256,226,1
1256,2361,1
1256,654,1
1256,1065,1
1256,1428,1
1256,1917,1
1256,869,1
1256,1878,1
1256,49,1
1256,1619,1
1256,662,1
1256,1993,1
1256,55,1
1256,305,1
1256,12,1
1256,557,1
1256,856,1
1257,99,1
1257,16,1
1257,582,1
1257,163,1
1257,90,1
1257,68,1
1257,570,1
1257,1329,1
1257,1,1
1257,372,1
1257,310,1
1257,0,1
1257,471,1
1257,650,1
1257,468,1
1257,22,2
1257,1742,1
1257,74,1
1257,1226,1
1257,354,1
1257,42,1
1257,10,1
1257,225,1
1257,1119,1
1258,193,1
1258,80,1
1258,1418,1
1258,583,1
1258,1410,1
1258,1993,1
1258,936,1
1258,1428,1
1258,1651,1
1258,848,1
1258,475,1
1258,1763,1
1258,34,1
1258,1478,1
1259,193,1
1259,80,1
1259,20,1
1259,2088,1
1259,183,2
1259,428,1
1259,583,2
1259,1410,1
1259,2263,2
1259,111,3
1259,175,2
1259,1380,1
1259,1193,1
1259,380,1
1259,43,1
1259,266,1
1259,1308,1
1259,1573,1
1259,792,1
1259,648,1
1259,1409,1
1259,469,1
1259,141,1
1259,157,1
1259,88,1
1259,595,1
1259,1748,1
1259,187,1
1259,890,1
1260,154,1
1260,223,1
1260,314,1
1260,325,1
1260,53,1
1260,634,1
1260,2027,1
1260,2149,1
1260,30,1
1260,1236,1
1260,1226,1
1260,1545,1
1260,711,1
1260,320,1
1260,929,1
1260,311,2
1260,7,2
1260,1,2
1260,685,1
1260,1152,1
1260,496,1
1260,404,1
1260,629,1
1260,51,2
1260,418,1
1260,183,1
1260,6,1
1260,689,1
1260,5,1
1260,306,1
1260,624,1
1260,0,1
1260,1661,1
1261,1443,1
1261,76,1
1261,2,1
1261,438,1
1261,63,1
1261,711,1
1261,2243,1
1261,0,1
1261,582,1
1261,163,1
1261,41,1
1261,903,1
1261,25,1
1261,2050,1
1261,2134,1
1262,83,1
1262,77,1
1262,1843,1
1262,1228,1
1262,431,1
1262,0,1
1262,2073,1
1262,1756,1
1262,132,1
1262,376,1
1262,360,1
1262,23,1
1262,193,1
1262,63,1
1262,1,2
1262,69,1
1262,81,1
1262,99,1
1262,116,1
1262,1096,1
1262,2035,1
1262,87,1
1262,1364,1
1262,1373,2
1262,2234,1
1262,408,1
1262,1263,1
1262,29,1
1262,619,1
1262,34,1
1262,940,1
1262,732,1
1262,1509,1
1262,158,1
1263,40,1
1263,828,3
1263,1041,1
1263,16,1
1263,593,1
1263,553,1
1263,99,1
1263,672,1
1263,558,1
1263,2183,1
1263,49,1
1263,1336,1
1263,90,1
1263,68,1
1263,1807,1
1263,1334,2
1263,1262,1
1263,10,1
1263,13,1
1263,111,1
1263,0,1
1263,2256,1
1263,2448,1
1263,652,1
1263,274,1
1264,816,1
1264,418,1
1264,2444,1
1264,155,1
1264,3,1
1264,129,1
1264,287,1
1264,593,1
1264,656,1
1264,6,1
1264,216,1
1264,83,1
1264,116,1
1264,1,1
1264,2407,1
1264,114,1
1264,1308,1
1264,571,1
1264,99,1
1264,661,1
1264,1347,1
1264,1189,1
1264,197,1
1264,424,1
1264,144,1
1264,1883,1
1265,73,1
1265,1149,1
1265,175,1
1265,982,1
1265,1592,1
1265,2122,1
1265,1545,1
1265,58,1
1265,1781,1
1265,288,2
1265,1682,1
1265,2228,1
1265,583,1
1265,1410,1
1265,543,1
1265,218,1
1265,2187,1
1265,2148,1
1265,1300,1
1265,732,1
1265,581,1
1265,0,1
1265,390,1
1265,182,1
1265,75,1
1265,882,1
1265,259,1
1265,1875,1
1265,8,1
1265,1041,1
1266,695,1
1266,121,1
1266,674,1
1266,2163,1
1266,588,1
1266,9,1
1266,76,1
1266,1151,1
1266,21,1
1266,1221,1
1266,275,1
1266,668,1
1266,1,1
1266,844,1
1266,401,2
1266,227,1
1266,51,2
1266,1161,1
1266,25,1
1266,1292,1
1266,11,1
1266,8,1
1266,264,1
1266,263,1
1266,62,1
1266,423,1
1266,763,1
1266,534,1
1266,883,1
1266,366,1
1266,99,1
1266,164,1
1266,1516,1
1266,88,1
1266,293,1
1266,55,1
1266,414,1
1267,99,1
1267,167,1
1267,2368,1
1267,604,1
1267,530,1
1267,793,1
1267,1844,1
1267,60,1
1267,583,1
1267,1133,1
1267,405,1
1267,1019,1
1267,277,1
1267,947,1
1267,259,1
1267,861,1
1267,250,1
1267,661,1
1267,38,1
1267,475,1
1268,260,1
1268,2132,1
1268,1022,1
1268,1338,1
1268,1948,1
1268,724,1
1268,229,1
1268,1469,1
1268,717,1
1268,2309,1
1268,808,2
1268,176,1
1268,3,1
1268,1229,1
1268,2308,1
1268,596,2
1268,457,1
1268,468,1
1268,11,1
1268,268,1
1268,666,1
1268,614,1
1268,458,1
1268,254,1
1268,1800,1
1268,600,1
1268,2123,1
1268,1735,1
1269,5,1
1269,1867,1
1269,1893,1
1269,210,1
1269,0,1
1269,47,1
1269,10,1
1269,1752,1
1269,2203,1
1269,1,1
1269,201,1
1269,648,1
1269,265,1
1269,1562,1
1270,168,2
1270,1065,2
1270,872,1
1270,1751,1
1270,48,1
1270,23,1
1270,1897,2
1270,1418,1
1270,60,1
1270,600,1
1271,879,1
1271,449,1
1271,124,1
1271,2343,1
1271,613,1
1271,795,1
1271,153,1
1271,174,1
1271,1,1
1271,158,1
1271,1824,1
1271,1913,1
1271,2274,2
1271,1652,2
1271,0,2
1271,11,2
1271,8,2
1271,1688,1
1271,294,1
1271,27,1
1271,1012,1
1271,1846,1
1271,1979,1
1271,10,1
1272,723,2
1272,480,2
1272,1369,2
1272,1894,1
1272,44,1
1272,2118,1
1272,360,1
1272,980,1
1272,1633,1
1272,13,1
1272,1653,1
1272,354,1
1272,1468,1
1272,6,1
1272,2449,1
1272,563,1
1273,917,1
1273,1307,1
1273,40,1
1273,2383,1
1273,833,1
1273,512,1
1273,522,1
1273,2369,1
1273,877,1
1273,22,1
1273,2307,1
1273,121,1
1273,82,1
1273,357,1
1273,234,1
1273,586,1
1273,169,1
1273,26,1
1273,2437,1
1273,345,1
1273,5,1
1273,32,1
1273,0,1
1273,33,1
1273,65,1
1273,35,1
1273,47,1
1274,124,1
1274,77,1
1274,1909,1
1274,1570,1
1274,1593,1
1274,328,1
1274,499,1
1274,408,1
1274,1263,1
1274,15,1
1274,204,1
1274,472,1
1274,96,1
1274,1049,1
1274,664,1
1274,0,1
1274,158,1
1274,1692,1
1274,1187,1
1274,1,5
1274,641,1
1274,619,1
1274,13,1
1274,162,1
1274,814,1
1274,1737,1
1274,485,1
1274,1861,1
1274,306,1
1274,434,1
1274,1503,1
1274,730,1
1274,1855,1
1274,1082,1
1274,29,1
1274,57,1
1274,78,1
1275,2,1
1275,485,1
1275,1918,3
1275,1475,1
1275,645,1
1275,184,1
1275,1428,1
1275,1528,1
1275,277,2
1275,51,1
1275,5,1
1275,1867,1
1275,13,1
1275,954,1
1275,853,1
1275,274,1
1275,360,1
1275,53,1
1275,1138,1
1275,8,1
1275,2282,1
1275,103,1
1275,987,1
1275,32,1
1275,2117,1
1275,0,1
1275,101,1
1276,2,1
1276,888,1
1276,1893,3
1276,2251,1
1276,71,1
1276,2225,1
1276,1238,1
1276,9,1
1276,155,1
1276,752,1
1276,508,1
1276,786,1
1276,766,1
1276,1584,1
1276,705,1
1276,2171,1
1276,1992,1
1276,99,1
1276,386,1
1277,2,1
1277,190,1
1277,153,1
1277,174,1
1277,164,1
1277,16,1
1277,1213,1
1277,87,1
1277,15,1
1277,2296,1
1277,76,1
1277,574,1
1277,2436,1
1277,458,1
1277,1404,1
1277,679,1
1277,1957,1
1277,566,1
1277,1562,1
1277,119,1
1277,1630,1
1277,583,1
1277,1410,1
1278,1349,1
1278,927,2
1278,90,1
1278,1334,1
1279,1307,1
1279,193,1
1279,80,1
1279,1970,1
1279,154,1
1279,1327,1
1279,2237,1
1279,55,1
1279,1211,1
1279,475,1
1279,109,1
1279,142,1
1279,54,1
1279,1960,1
1279,2236,1
1279,222,1
1279,305,1
1279,148,1
1279,179,1
1279,67,1
1279,328,1
1279,197,1
1279,38,1
1279,859,1
1279,698,1
1279,0,1
1279,689,1
1279,82,1
1280,3,1
1280,2339,2
1280,1297,1
1280,1559,1
1280,760,1
1280,575,1
1280,25,1
1280,2270,1
1280,904,1
1280,928,1
1280,1017,1
1280,2078,1
1280,2244,1
1280,697,1
1280,112,1
1280,2169,1
1280,804,1
1280,45,1
1280,670,1
1280,21,1
1280,313,1
1280,16,1
1280,1806,1
1280,9,1
1280,833,1
1280,616,1
1280,1069,1
1280,1903,1
1280,1171,1
1280,2166,1
1281,65,1
1281,35,1
1281,10,2
1281,13,1
1281,830,2
1281,0,1
1281,371,1
1281,1117,1
1281,49,2
1281,1294,1
1281,729,1
1281,2345,1
1281,750,1
1281,418,1
1282,124,1
1282,862,1
1282,16,1
1282,344,3
1282,645,1
1282,160,1
1282,2299,1
1282,10,1
1282,13,1
1282,4,1
1282,2147,1
1282,137,2
1282,12,2
1282,816,1
1282,1610,1
1282,439,1
1282,1988,1
1282,1168,1
1282,1568,1
1282,87,1
1282,348,1
1282,0,1
1282,48,1
1282,23,1
1282,581,1
1282,2313,1
1282,459,1
1283,40,1
1283,96,1
1283,1233,1
1283,1702,1
1283,322,1
1283,363,1
1283,10,1
1283,13,1
1283,4,1
1283,90,1
1283,68,1
1283,724,2
1283,229,1
1283,987,1
1283,1730,1
1283,5,1
1283,1509,1
1283,1,1
1283,111,1
1283,0,1
1283,296,1
1283,2073,1
1283,88,1
1283,895,1
1283,147,1
1283,136,1
1283,1878,1
1283,49,1
1283,282,1
1283,849,1
1284,2,1
1284,2040,1
1284,897,1
1284,7,1
1284,147,1
1284,136,1
1284,797,1
1284,70,1
1284,545,3
1284,1956,3
1284,6,1
1284,1055,1
1284,2198,1
1284,1284,1
1284,4,1
1284,168,1
1284,1894,1
1284,1443,1
1284,938,1
1284,104,1
1284,229,2
1284,0,1
1284,668,1
1284,108,1
1284,504,2
1284,214,2
1284,694,1
1284,612,1
1284,1759,1
1284,257,1
1284,457,1
1284,730,1
1285,71,1
1285,16,1
1285,137,2
1285,1408,1
1285,1673,1
1285,58,1
1285,1,1
1285,101,1
1285,37,1
1285,909,1
1285,279,1
1285,0,1
1285,166,1
1285,2214,1
1285,2093,2
1285,1230,2
1285,617,1
1285,759,1
1285,202,1
1285,1179,1
1285,622,1
1285,135,1
1285,160,1
1285,48,1
1285,23,1
1285,1436,1
1285,1943,1
1285,6,1
1285,1407,1
1285,1026,1
1285,1762,1
1285,715,1
1286,1113,1
1286,0,1
1286,105,2
1286,1238,1
1286,23,1
1286,724,1
1286,253,1
1286,2300,1
1286,322,1
1286,7,1
1286,1345,1
1286,607,1
1286,247,2
1286,1433,2
1286,32,1
1286,788,1
1286,1337,1
1286,424,1
1286,2338,1
1286,38,1
1286,2331,1
1286,1127,1
1286,14,1
1286,1657,1
1287,1337,1
1287,1,2
1287,69,2
1287,81,2
1287,837,1
1287,1520,1
1287,939,1
1287,439,1
1287,1813,1
1287,2292,2
1287,2216,2
1287,2246,1
1287,2287,1
1287,1174,1
1287,65,1
1287,184,1
1288,2,1
1288,347,1
1288,71,1
1288,1674,1
1288,204,1
1288,274,1
1288,704,1
1288,584,1
1288,2421,1
1288,193,1
1288,63,1
1288,10,1
1288,480,1
1288,25,1
1288,788,1
1288,1407,1
1288,2314,1
1288,86,2
1288,0,1
1288,1673,1
1288,485,1
1288,1327,1
1288,460,1
1288,1900,1
1288,911,1
1288,18,1
1288,7,1
1289,739,2
1289,515,2
1289,1,3
1289,736,3
1289,390,1
1289,182,1
1289,162,1
1289,3,1
1289,6,1
1289,0,2
1289,1698,1
1289,1685,1
1289,307,1
1289,374,1
1289,1141,1
1289,201,1
1289,164,1
1289,43,1
1289,216,1
1289,102,1
1289,2200,1
1290,246,1
1290,118,1
1290,725,1
1290,430,1
1290,1549,1
1290,424,1
1290,7,1
1290,1345,1
1290,903,1
1290,1144,2
1290,1,1
1290,101,1
1290,37,1
1290,1810,1
1291,0,1
1291,155,1
1291,3,1
1291,547,1
1291,1033,1
1291,399,1
1291,83,1
1291,2126,1
1291,1276,1
1291,72,1
1291,971,1
1291,2136,1
1291,269,1
1291,424,2
1291,111,2
1291,2264,1
1291,39,1
1291,2337,1
1291,252,1
1291,275,1
1291,67,1
1292,786,1
1292,147,1
1292,136,1
1292,2028,1
1292,725,1
1292,95,3
1292,1101,1
1292,1,1
1292,205,1
1292,257,1
1292,2136,1
1292,269,1
1292,1993,2
1292,371,2
1292,145,1
1292,1477,1
1292,1059,1
1292,185,1
1292,1723,1
1292,447,1
1292,444,1
1292,1095,1
1292,973,1
1292,617,1
1292,67,1
1292,88,1
1292,559,1
1292,797,2
1292,999,1
1292,53,1
1292,487,1
1293,106,1
1293,163,1
1293,48,1
1293,23,1
1293,416,3
1293,857,1
1293,3,1
1293,405,1
1293,1019,1
1293,817,1
1293,142,1
1293,1561,1
1293,12,1
1293,132,1
1293,220,1
1293,415,1
1293,2270,1
1293,627,1
1293,1170,1
1293,109,1
1293,164,1
1293,120,1
1293,169,1
1293,26,1
1293,14,1
1293,231,1
1293,1344,1
1294,1065,1
1294,6,1
1294,340,1
1294,127,1
1294,188,1
1294,66,1
1294,2003,1
1294,996,2
1294,1685,1
1294,61,2
1294,1174,1
1294,11,1
1294,8,1
1294,4,1
1294,165,1
1294,709,1
1294,2204,1
1294,185,1
1294,887,1
1294,2385,1
1294,442,1
1294,211,1
1294,1405,1
1294,30,1
1294,2440,1
1295,2,1
1295,189,1
1295,1633,1
1295,77,1
1295,2309,1
1295,808,1
1295,2190,1
1295,1792,1
1295,278,1
1295,628,1
1295,1067,1
1295,12,1
1295,263,1
1295,62,1
1295,1216,3
1295,2437,1
1295,9,2
1295,2091,1
1295,2370,1
1295,1,1
1295,216,1
1295,102,1
1295,0,1
1295,1055,1
1295,637,1
1295,1037,1
1295,2293,1
1296,896,1
1296,314,1
1296,325,1
1296,559,1
1296,430,1
1296,22,1
1296,2021,1
1296,2351,1
1296,53,1
1296,270,1
1296,1,1
1296,248,1
1296,506,1
1296,502,1
1296,36,1
1296,1801,1
1297,11,1
1297,8,1
1297,4,2
1297,424,1
1297,38,1
1297,740,1
1297,583,1
1297,1410,1
1297,2276,1
1297,597,1
1297,208,1
1297,617,1
1297,1772,1
1297,67,2
1297,26,2
1297,7,2
1297,854,1
1297,804,1
1297,280,1
1298,362,1
1298,663,1
1298,89,1
1298,2063,4
1298,758,1
1298,8,2
1298,123,1
1298,318,1
1298,1788,1
1298,1759,1
1298,175,2
1298,1748,1
1298,200,1
1298,2137,1
1298,1687,2
1298,2405,1
1298,2046,1
1298,0,2
1298,608,3
1298,324,3
1298,143,1
1298,504,1
1298,214,1
1298,22,1
1298,1208,1
1298,920,1
1298,7,1
1298,591,1
1298,17,1
1298,15,2
1298,2011,1
1298,486,1
1298,1319,1
1298,839,1
1298,204,1
1298,205,1
1299,135,1
1299,160,1
1299,90,1
1299,68,1
1299,1202,1
1299,1845,1
1299,11,1
1299,8,1
1299,543,1
1299,7,1
1299,29,1
1299,1970,1
1299,20,1
1299,219,1
1299,557,1
1299,1255,1
1299,973,1
1299,974,1
1299,1959,1
1299,2137,1
1299,2127,1
1300,2,1
1300,385,1
1300,66,1
1300,225,2
1300,2112,1
1300,830,1
1300,505,1
1300,10,2
1300,1957,1
1300,2078,1
1300,1087,1
1300,56,1
1300,1827,1
1300,397,1
1300,1351,1
1300,151,1
1300,0,1
1300,738,2
1300,328,1
1300,13,1
1300,287,1
1300,593,1
1300,3,1
1300,2411,1
1300,2071,1
1300,188,1
1300,1785,1
1300,1302,1
1300,7,2
1300,923,1
1301,787,1
1301,808,1
1301,812,1
1301,1815,1
1301,10,1
1301,1294,1
1301,1455,1
1301,156,1
1301,1096,1
1301,1012,1
1301,1623,1
1301,592,1
1301,368,1
1301,127,1
1301,1940,2
1301,860,2
1301,73,2
1301,868,1
1301,1324,2
1301,870,1
1301,1001,1
1301,1386,1
1301,1675,1
1301,924,1
1302,124,1
1302,454,1
1302,6,1
1302,1555,1
1302,2257,1
1302,1039,1
1302,106,1
1302,2436,1
1302,80,1
1302,596,1
1302,911,1
1302,18,1
1302,1622,1
1302,575,1
1302,344,1
1303,26,1
1303,583,1
1303,1410,1
1303,1348,2
1303,1963,1
1303,284,2
1303,188,2
1303,440,1
1303,446,2
1303,253,1
1303,247,1
1303,1,1
1303,165,1
1303,1159,1
1303,166,1
1303,1400,1
1304,1,2
1304,685,1
1304,974,1
1304,2,1
1304,110,1
1304,323,1
1304,153,1
1304,174,1
1304,945,2
1304,180,1
1304,0,1
1304,624,1
1304,69,1
1304,81,1
1304,425,1
1304,493,1
1304,91,1
1304,85,1
1304,1271,1
1304,10,1
1304,13,1
1304,1211,1
1304,82,1
1305,73,1
1305,685,1
1305,8,2
1305,2086,1
1305,380,1
1305,0,3
1305,1150,1
1305,219,1
1305,813,1
1305,97,1
1305,25,1
1305,1,1
1305,1027,2
1305,1875,1
1305,480,1
1305,311,1
1305,2038,1
1305,2050,1
1305,20,1
1305,971,1
1305,559,1
1305,289,1
1305,2388,1
1305,111,1
1305,948,1
1306,611,1
1306,424,1
1306,764,1
1306,186,1
1306,1544,1
1306,123,1
1306,1983,2
1306,1,3
1306,281,2
1306,484,2
1306,425,1
1306,63,1
1306,363,1
1306,1514,1
1306,1080,1
1306,138,1
1306,1882,1
1306,2077,1
1306,1430,1
1306,111,1
1306,0,2
1306,2256,1
1306,183,1
1307,2,1
1307,110,1
1307,82,1
1307,1689,1
1307,140,3
1307,1654,1
1307,308,1
1307,1603,1
1307,620,1
1307,58,1
1307,233,1
1307,231,1
1307,412,1
1307,1,2
1307,166,1
1307,698,1
1307,0,1
1307,2406,1
1307,1954,1
1307,363,1
1307,12,1
1307,1731,1
1307,813,1
1308,2,1
1308,110,1
1308,63,1
1308,3,1
1308,279,2
1308,568,3
1308,151,1
1308,1399,1
1308,1902,1
1308,53,1
1308,179,1
1308,271,1
1308,26,1
1308,1966,1
1308,394,1
1308,142,1
1308,54,1
1308,217,1
1308,663,1
1308,89,1
1308,288,1
1308,221,1
1309,2,1
1309,189,1
1309,810,1
1309,681,1
1309,499,1
1309,498,1
1309,696,1
1309,1204,1
1309,1422,1
1309,1,2
1309,1552,1
1309,444,1
1309,19,1
1309,59,1
1309,390,1
1309,182,1
1309,4,1
1309,87,1
1309,1163,1
1309,910,1
1309,2003,1
1309,34,1
1310,2148,1
1310,67,1
1310,2,1
1310,190,1
1310,193,1
1310,63,1
1310,1581,1
1310,4,1
1310,608,1
1310,2064,1
1310,213,1
1310,2170,1
1310,273,2
1310,1,2
1310,0,1
1310,340,1
1310,127,1
1310,2320,1
1310,148,1
1310,179,1
1310,271,1
1310,26,1
1311,2,1
1311,189,1
1311,692,1
1311,215,1
1311,570,1
1311,700,1
1311,0,2
1311,686,1
1311,1916,1
1311,431,1
1311,340,1
1311,127,1
1311,119,1
1311,49,1
1311,6,1
1311,1868,1
1311,2016,1
1311,148,1
1311,1759,1
1311,256,1
1311,1940,1
1311,1777,1
1311,1532,1
1312,135,1
1312,160,1
1312,2116,1
1312,1218,1
1312,171,1
1312,370,2
1312,627,1
1312,269,1
1312,471,1
1312,836,1
1312,0,1
1312,10,1
1312,1294,1
1312,1455,1
1312,156,1
1312,620,2
1312,1193,1
1312,930,1
1312,7,1
1312,1431,1
1313,2,1
1313,189,1
1313,1041,1
1313,16,1
1313,137,1
1313,981,1
1313,1,1
1313,1613,1
1313,39,1
1313,1998,1
1313,7,3
1313,383,1
1313,15,2
1313,2012,1
1313,265,1
1313,1236,1
1313,982,1
1313,57,2
1313,78,2
1313,2191,1
1313,2092,2
1313,999,2
1313,302,2
1313,719,1
1313,1177,1
1313,2164,1
1313,2196,1
1313,866,1
1313,1881,1
1313,701,1
1313,752,1
1313,0,1
1313,151,1
1314,2,1
1314,385,1
1314,892,1
1314,4,1
1314,241,1
1314,1090,1
1314,1317,1
1314,1785,1
1314,2268,1
1314,216,1
1314,102,1
1314,109,1
1314,142,1
1314,54,1
1314,1205,1
1314,1174,1
1314,19,1
1314,1010,1
1314,639,1
1314,498,1
1314,2400,1
1314,36,1
1314,1293,1
1314,1562,1
1314,2274,1
1314,1652,1
1314,43,1
1315,2,1
1315,462,1
1315,104,1
1315,2173,1
1315,184,1
1315,793,1
1315,274,1
1315,23,1
1315,76,1
1315,103,1
1315,1444,1
1315,1836,1
1316,87,2
1316,2063,1
1316,324,1
1316,703,1
1316,1028,1
1316,1098,2
1316,639,1
1316,498,1
1316,1,1
1316,422,1
1316,235,1
1316,535,1
1316,9,1
1316,41,1
1316,372,1
1316,310,1
1316,229,1
1316,2,1
1316,2040,1
1316,1677,1
1316,500,1
1316,921,1
1316,56,1
1316,1108,1
1317,787,1
1317,461,1
1317,1141,2
1317,12,2
1317,318,1
1317,1143,1
1317,0,1
1317,2111,1
1317,16,1
1317,14,1
1317,25,3
1317,1754,1
1317,886,1
1317,830,1
1317,1457,1
1317,1324,1
1317,504,1
1317,214,1
1317,1161,1
1317,204,1
1317,10,1
1317,11,1
1317,8,1
1317,123,1
1317,1074,1
1317,1596,1
1317,597,1
1317,235,1
1318,106,1
1318,163,1
1318,1669,1
1318,1135,1
1318,708,1
1318,229,2
1318,227,1
1318,977,1
1318,454,2
1318,3,1
1318,355,1
1318,255,1
1318,416,1
1318,10,1
1318,13,1
1318,126,1
1318,418,1
1318,0,1
1318,724,1
1318,466,1
1318,1,1
1318,753,1
1318,555,1
1318,254,1
1319,168,1
1319,104,1
1319,4,1
1319,70,1
1319,457,1
1319,1044,1
1319,1569,1
1319,408,1
1319,608,1
1319,2353,1
1319,396,1
1319,1,2
1319,844,1
1319,401,1
1319,1078,1
1319,205,1
1319,46,1
1319,549,1
1319,1678,1
1319,2308,1
1319,1229,1
1319,0,1
1319,705,1
1319,2319,1
1319,97,1
1319,1547,1
1319,317,1
1320,501,1
1320,40,1
1320,96,1
1320,2186,1
1320,140,1
1320,66,1
1320,1,1
1320,279,1
1320,98,1
1320,1116,1
1320,1049,1
1320,664,1
1320,1123,1
1320,466,1
1320,24,1
1320,126,1
1320,209,1
1320,1676,1
1320,712,1
1320,6,1
1320,611,1
1320,44,1
1320,963,1
1320,917,1
1320,2322,1
1321,2,1
1321,438,1
1321,2218,1
1321,1224,1
1321,861,1
1321,645,1
1321,49,1
1321,358,1
1321,882,1
1321,1020,1
1321,1721,1
1321,527,1
1321,2178,1
1321,2237,1
1321,55,1
1321,1030,1
1321,424,1
1321,2043,1
1321,1,2
1321,1550,1
1321,126,1
1321,1963,1
1321,1465,1
1321,693,1
1321,531,1
1321,0,1
1321,546,1
1321,38,1
1321,517,1
1321,113,1
1321,1461,1
1321,511,1
1321,1882,1
1322,1972,1
1322,17,1
1322,739,1
1322,515,1
1322,221,1
1322,49,1
1322,2454,1
1322,446,1
1322,24,1
1322,2,1
1322,173,1
1322,160,1
1322,199,1
1322,362,1
1322,2251,1
1322,32,2
1322,2066,1
1322,73,1
1322,641,1
1322,1479,1
1322,578,1
1322,151,1
1322,774,1
1322,140,1
1322,103,1
1322,14,1
1322,2304,1
1322,428,1
1322,10,1
1322,174,1
1322,507,1
1323,2,1
1323,170,1
1323,481,1
1323,21,1
1323,3,1
1323,610,1
1323,473,1
1323,515,1
1323,2245,1
1323,138,1
1323,613,1
1323,795,1
1323,1,1
1323,1502,1
1323,1692,1
1323,365,1
1323,62,1
1323,123,1
1323,1647,1
1323,1265,1
1323,710,1
1323,332,1
1323,418,3
1323,0,1
1323,588,2
1323,1095,1
1323,509,1
1323,73,1
1323,388,1
1323,2156,1
1323,266,1
1323,1597,1
1323,126,1
1324,2398,2
1324,1086,2
1324,5,1
1324,199,1
1324,530,1
1324,73,1
1324,641,1
1324,21,1
1324,2326,1
1324,1172,2
1324,18,1
1324,371,1
1324,145,1
1324,575,1
1324,1485,1
1324,257,1
1324,976,1
1324,1791,1
1324,10,1
1324,13,1
1324,4,1
1324,296,1
1324,303,1
1324,0,1
1324,169,1
1324,26,1
1324,14,1
1324,463,1
1324,2059,1
1325,500,1
1325,154,1
1325,223,1
1325,195,1
1325,980,1
1325,1907,1
1325,203,1
1325,723,1
1325,480,1
1325,762,1
1325,422,2
1325,235,2
1325,47,1
1325,30,1
1325,34,1
1325,509,1
1325,940,1
1325,2390,1
1325,168,1
1325,76,1
1325,1158,1
1325,1060,1
1325,712,1
1325,835,1
1325,647,1
1325,476,1
1325,4,1
1326,2,1
1326,189,1
1326,2017,1
1326,3,1
1326,296,1
1326,399,1
1326,1128,1
1326,73,1
1326,685,1
1326,76,1
1326,56,1
1326,1080,1
1326,728,1
1326,2252,1
1326,128,1
1326,1346,1
1326,2166,1
1326,309,1
1326,1606,1
1326,2045,1
1326,538,1
1326,0,1
1326,816,1
1326,2184,1
1326,7,1
1326,29,1
1326,6,1
1326,72,1
1326,49,1
1326,176,1
1327,2,1
1327,2348,1
1327,675,1
1327,398,1
1327,2113,2
1327,2419,1
1327,1,2
1327,15,4
1327,94,1
1327,598,1
1327,4,1
1327,719,2
1327,165,1
1327,0,4
1327,1850,2
1327,245,1
1327,7,2
1327,3,2
1327,680,1
1327,653,1
1327,296,1
1327,303,1
1327,43,1
1327,1311,1
1327,262,1
1327,2132,1
1327,1474,1
1327,175,2
1327,920,1
1327,73,1
1327,1149,1
1327,536,1
1327,1687,1
1327,452,1
1327,1502,1
1327,1692,1
1327,1272,1
1327,610,2
1327,473,1
1327,424,1
1327,111,1
1328,1848,1
1328,482,1
1328,1672,1
1328,1880,1
1328,200,1
1328,1251,1
1328,1117,1
1328,71,1
1328,0,2
1328,176,1
1328,1030,1
1328,555,1
1328,3,3
1328,241,1
1328,1090,1
1328,188,1
1328,1593,1
1328,20,1
1328,155,1
1328,281,1
1328,166,1
1328,1075,1
1328,732,1
1329,2,1
1329,190,1
1329,76,1
1329,48,1
1329,23,1
1329,11,1
1329,8,1
1329,4,1
1329,61,2
1329,655,1
1329,0,1
1329,6,1
1329,20,2
1329,1241,1
1329,513,1
1329,345,1
1329,1010,1
1329,10,1
1329,576,1
1329,377,1
1329,1677,1
1329,1,1
1329,2066,1
1329,515,1
1330,40,1
1330,1,1
1330,2112,1
1330,3,1
1330,29,1
1330,116,1
1330,402,1
1330,801,1
1330,1547,1
1330,111,1
1330,0,1
1330,2107,1
1330,826,1
1330,2345,1
1330,1074,1
1330,393,1
1330,617,1
1330,26,1
1330,21,1
1330,1254,1
1330,390,1
1330,182,1
1330,4,1
1330,56,1
1330,121,1
1330,399,1
1330,828,1
1331,2,1
1331,1125,1
1331,1953,1
1331,1659,1
1331,1004,1
1331,947,1
1331,2386,1
1331,140,1
1331,1355,1
1331,1018,1
1331,47,1
1331,527,1
1331,617,1
1331,429,1
1331,471,1
1331,6,1
1331,1444,1
1331,1955,1
1331,1836,1
1332,2,1
1332,110,1
1332,871,1
1332,1032,1
1332,1681,1
1332,763,1
1332,252,1
1332,2336,1
1332,1,1
1332,1285,1
1332,2385,1
1332,442,1
1332,211,1
1332,6,1
1332,57,1
1332,78,1
1332,386,1
1332,161,1
1332,37,1
1332,387,1
1332,0,1
1332,1865,1
1333,231,1
1333,816,1
1333,266,2
1333,955,1
1333,930,1
1333,25,1
1333,39,2
1333,833,1
1333,2,1
1333,170,1
1333,658,1
1333,372,1
1333,310,1
1333,1802,1
1333,63,1
1334,83,1
1334,2081,1
1334,380,1
1334,1029,1
1334,183,1
1334,150,1
1334,614,1
1334,458,1
1334,355,1
1334,255,1
1334,1799,1
1334,412,1
1334,285,1
1334,38,1
1334,27,2
1334,2078,1
1334,156,2
1334,4,1
1334,91,1
1334,85,1
1334,383,1
1334,1386,1
1334,405,1
1334,1019,1
1334,161,1
1334,436,1
1334,1455,1
1334,489,1
1334,5,1
1334,92,1
1334,1987,1
1335,24,1
1335,518,1
1335,787,1
1335,493,1
1335,1664,3
1335,1441,3
1335,276,1
1335,1018,2
1335,485,2
1335,2341,2
1335,2198,1
1335,2322,3
1335,1629,1
1335,1574,1
1335,1527,1
1335,670,1
1335,21,1
1335,3,1
1335,1661,1
1335,1563,1
1335,7,1
1335,230,1
1335,118,1
1335,10,1
1335,13,1
1335,4,1
1335,91,1
1335,85,1
1335,209,1
1335,2281,1
1336,245,1
1336,779,1
1336,681,1
1336,195,1
1336,2183,1
1336,106,1
1336,163,1
1336,1227,1
1336,321,1
1336,207,1
1336,1995,1
1336,6,2
1336,48,1
1336,23,1
1336,61,1
1336,1090,1
1336,342,1
1336,180,1
1337,2,1
1337,189,1
1337,362,1
1337,2274,1
1337,1652,1
1337,0,1
1337,1874,1
1337,1694,1
1337,414,2
1337,1452,1
1337,17,1
1337,13,1
1337,2392,1
1337,893,1
1337,222,1
1337,4,1
1337,1178,1
1337,382,1
1337,432,1
1337,454,1
1337,3,1
1337,316,1
1337,171,1
1338,2,1
1338,190,1
1338,420,1
1338,686,1
1338,864,1
1338,572,1
1338,94,1
1338,949,1
1338,715,1
1338,1570,1
1338,516,1
1338,1819,1
1338,1793,1
1338,17,1
1338,36,2
1338,28,1
1338,495,1
1338,1342,1
1338,378,1
1338,66,1
1338,1988,1
1338,1269,1
1338,20,1
1338,165,1
1338,1739,1
1338,1228,1
1338,431,1
1338,0,1
1338,100,1
1338,1569,1
1338,1749,1
1338,1070,1
1338,893,1
1339,2,1
1339,1125,1
1339,141,1
1339,60,1
1339,1474,1
1339,175,1
1339,920,1
1339,820,1
1339,15,1
1339,3,1
1339,680,1
1339,653,1
1339,1385,1
1339,46,1
1339,10,1
1339,13,1
1339,2263,1
1339,2410,1
1339,594,1
1339,0,2
1339,206,1
1339,938,1
1339,1520,1
1339,1103,1
1339,684,1
1339,632,1
1339,674,1
1339,2163,1
1340,71,1
1340,1795,1
1340,121,1
1340,676,1
1340,2297,1
1340,2175,1
1340,1072,1
1340,842,1
1340,1689,1
1340,1516,1
1340,388,1
1340,1716,1
1340,2123,1
1340,381,1
1340,2275,1
1340,339,1
1340,127,1
1340,1122,1
1340,1223,2
1340,1831,1
1340,2353,1
1340,457,2
1340,349,1
1340,1530,1
1340,1600,2
1340,6,1
1340,1655,1
1340,2316,1
1340,2427,1
1341,500,2
1341,267,1
1341,367,1
1341,620,1
1341,760,2
1341,44,1
1341,144,1
1341,621,1
1341,0,1
1341,2094,1
1341,2,1
1341,75,1
1341,882,1
1341,535,1
1341,9,1
1341,300,1
1341,12,2
1341,1398,1
1341,690,1
1341,350,1
1341,2306,1
1341,58,1
1341,1177,1
1341,1015,1
1341,1746,1
1341,1,1
1341,842,1
1341,658,1
1341,372,1
1341,310,1
1341,1309,1
1341,27,1
1341,291,1
1341,278,1
1341,2455,1
1341,1091,1
1341,264,1
1341,47,1
1342,2,1
1342,438,1
1342,582,2
1342,163,1
1342,1236,1
1342,7,2
1342,388,1
1342,423,1
1342,667,1
1342,296,1
1342,1279,1
1342,588,1
1342,1,1
1342,1357,1
1342,2056,1
1342,2319,1
1342,150,1
1342,25,1
1342,566,1
1342,133,1
1342,1510,1
1342,36,1
1342,1124,1
1342,469,1
1342,141,1
1342,0,2
1342,578,2
1342,151,2
1342,461,1
1342,957,1
1342,319,1
1343,2,1
1343,189,1
1343,600,1
1343,668,1
1343,1333,1
1343,1,2
1343,1852,1
1343,549,1
1343,2198,1
1343,1481,1
1343,66,2
1343,1364,1
1343,486,1
1343,172,1
1343,794,1
1343,54,1
1343,18,1
1343,2279,1
1343,76,1
1343,247,1
1343,165,2
1343,28,2
1343,1026,2
1343,202,1
1343,575,1
1343,7,2
1343,198,1
1343,153,1
1343,174,1
1343,416,1
1343,1665,1
1344,2,1
1344,2238,1
1344,1044,1
1344,801,1
1344,381,1
1344,52,1
1344,748,1
1344,456,1
1344,21,1
1344,2326,1
1344,1282,1
1344,55,2
1344,1631,2
1344,792,1
1344,612,1
1344,1419,1
1344,1158,1
1345,649,1
1345,386,1
1345,1947,1
1345,252,2
1345,1469,1
1345,1,1
1345,0,3
1345,699,1
1345,111,1
1345,1810,1
1345,99,1
1345,167,1
1345,90,1
1345,68,1
1345,1402,1
1345,298,1
1345,364,1
1345,926,1
1345,1156,1
1345,511,1
1345,1882,1
1345,345,1
1345,5,1
1345,336,1
1345,600,1
1345,294,1
1345,27,1
1345,1401,1
1346,487,1
1346,7,1
1346,355,1
1346,255,1
1346,257,1
1346,1420,1
1346,913,2
1346,140,1
1346,685,1
1346,2042,1
1346,1879,1
1346,435,1
1346,427,1
1346,1435,1
1346,32,1
1346,383,1
1346,67,1
1346,386,1
1346,5,1
1346,2107,1
1346,826,1
1346,1318,1
1346,2158,1
1347,2,1
1347,1125,1
1347,1953,1
1347,689,1
1347,219,3
1347,1,3
1347,1662,3
1347,414,1
1347,1250,1
1347,2218,1
1347,984,1
1347,1276,1
1347,741,1
1347,14,1
1347,1150,2
1347,51,2
1347,736,1
1347,106,1
1347,163,1
1347,1228,1
1347,431,1
1347,0,1
1347,672,1
1347,413,1
1347,1797,1
1347,209,1
1347,629,1
1347,197,1
1347,2170,1
1347,418,1
1347,2320,1
1347,987,1
1348,49,1
1348,432,1
1348,39,1
1348,128,1
1348,2388,1
1348,111,1
1348,1800,1
1348,11,1
1348,8,1
1348,1549,1
1348,0,1
1348,29,1
1348,1272,1
1348,3,1
1348,5,2
1348,2093,1
1348,408,1
1348,994,1
1348,164,1
1348,204,1
1349,246,1
1349,118,1
1349,3,1
1349,241,2
1349,529,1
1349,232,1
1349,2217,2
1349,99,2
1349,167,1
1349,1090,1
1349,20,1
1349,73,1
1349,388,1
1349,661,1
1349,111,1
1349,0,1
1349,546,1
1349,38,1
1349,103,1
1349,485,1
1349,27,1
1349,244,1
1349,156,1
1349,2281,1
1349,108,1
1350,32,1
1350,69,1
1350,81,1
1350,657,1
1350,1365,1
1350,594,1
1350,0,1
1350,1866,1
1350,2236,1
1350,20,1
1350,1562,1
1350,9,1
1350,1638,1
1350,2194,1
1350,10,1
1350,2430,1
1350,7,1
1350,107,1
1350,1636,1
1350,156,1
1350,1159,1
1350,148,1
1350,777,1
1350,12,1
1350,1548,1
1350,25,1
1350,1,1
1350,960,1
1350,574,1
1350,276,1
1350,1482,1
1350,319,1
1351,71,1
1351,659,1
1351,16,1
1351,0,3
1351,79,3
1351,878,1
1351,311,1
1351,1776,1
1351,296,1
1351,303,1
1351,6,1
1351,105,1
1351,1508,1
1351,365,1
1351,62,1
1351,22,1
1351,1820,1
1351,233,1
1351,1228,1
1351,431,1
1351,44,1
1351,410,1
1351,975,1
1351,1256,1
1351,33,1
1351,407,1
1351,15,1
1351,819,1
1351,2173,1
1351,1118,1
1352,2,1
1352,438,1
1352,425,1
1352,896,1
1352,774,1
1352,936,1
1352,1161,2
1352,25,2
1352,762,1
1352,517,1
1352,113,1
1352,1461,1
1352,511,1
1352,1882,1
1352,1063,1
1352,1891,1
1352,1986,1
1352,619,1
1352,13,1
1352,1451,1
1352,1780,1
1352,931,1
1352,1573,1
1352,114,1
1352,1,2
1352,205,1
1352,46,1
1352,8,1
1352,4,1
1352,65,1
1352,803,1
1352,286,1
1352,727,1
1352,895,1
1352,1830,1
1353,28,1
1353,21,1
1353,2,1
1353,1328,1
1353,915,1
1353,95,7
1353,17,1
1353,688,1
1353,93,1
1353,9,1
1353,1253,1
1353,569,1
1353,1975,1
1353,168,1
1353,1065,1
1353,425,1
1353,859,1
1353,245,1
1353,334,1
1353,257,1
1353,26,1
1353,14,1
1353,607,1
1353,348,1
1353,0,1
1353,105,1
1353,1238,1
1353,714,1
1353,1900,1
1353,725,1
1353,1360,4
1353,448,3
1353,1765,2
1353,82,1
1353,694,1
1353,2281,1
1353,261,1
1353,19,1
1353,332,1
1353,310,1
1353,137,1
1353,53,1
1353,293,1
1353,55,1
1353,147,1
1353,136,1
1353,775,1
1353,72,1
1354,186,1
1354,1307,1
1354,43,1
1354,124,1
1354,2068,1
1354,835,1
1354,775,1
1354,955,1
1354,657,1
1354,614,1
1354,458,1
1354,1948,1
1354,11,2
1354,8,2
1354,414,1
1354,298,1
1354,1775,1
1354,596,1
1354,10,1
1354,13,1
1354,2299,1
1354,1439,2
1354,586,1
1354,59,1
1354,126,1
1354,1193,1
1354,380,1
1354,0,1
1354,2357,1
1354,34,1
1355,135,1
1355,160,1
1355,1012,1
1355,60,1
1355,11,1
1355,8,1
1355,543,1
1355,1421,1
1355,24,1
1355,1576,1
1355,2357,1
1355,648,1
1355,121,1
1355,254,1
1355,656,1
1356,1942,1
1356,1959,1
1356,816,1
1356,253,1
1356,489,1
1356,1087,1
1356,298,1
1356,270,1
1356,486,1
1356,674,2
1356,417,1
1356,760,1
1356,43,1
1356,2,1
1356,678,1
1356,227,1
1356,250,1
1356,167,1
1356,692,1
1356,215,1
1356,52,1
1356,224,1
1356,313,1
1356,16,1
1356,1459,1
1356,657,1
1356,423,1
1356,1336,1
1356,153,1
1356,174,1
1356,1,2
1356,306,1
1356,15,2
1356,120,1
1356,283,2
1356,0,2
1356,77,1
1356,1804,1
1356,1169,1
1356,866,1
1356,1511,1
1356,521,1
1356,56,1
1356,322,1
1356,1342,1
1356,1815,1
1356,1295,1
1356,669,1
1356,1889,1
1356,863,1
1356,2187,1
1356,737,1
1356,544,2
1356,435,1
1356,1023,1
1356,1762,2
1356,715,1
1356,2217,1
1356,419,1
1356,311,1
1356,434,1
1357,911,1
1357,6,1
1357,2,1
1357,1585,1
1357,582,1
1357,163,1
1357,90,1
1357,68,2
1357,72,1
1357,94,1
1357,1679,1
1357,194,1
1357,1578,1
1357,929,1
1357,672,1
1357,921,1
1357,120,1
1357,1789,1
1357,62,1
1357,1095,1
1357,825,1
1357,1068,1
1357,708,1
1357,532,1
1357,417,1
1357,1,1
1357,1861,1
1357,20,1
1357,1433,1
1357,863,1
1357,1261,1
1357,52,1
1357,524,1
1357,479,1
1357,36,1
1357,1124,1
1357,671,1
1357,990,1
1357,744,3
1357,64,1
1357,152,1
1357,132,1
1357,42,1
1358,71,1
1358,1585,2
1358,613,1
1358,139,3
1358,1802,1
1358,1865,1
1358,872,1
1358,22,2
1358,0,1
1358,2105,1
1358,149,1
1358,1234,1
1358,122,1
1358,72,1
1358,1071,1
1358,524,1
1358,5,1
1358,353,1
1358,141,1
1358,821,1
1358,408,1
1358,1263,1
1358,2401,1
1358,1528,1
1358,1610,1
1358,115,1
1358,1149,1
1358,175,1
1359,2,1
1359,170,1
1359,2010,1
1359,258,1
1359,301,1
1359,48,1
1359,23,1
1359,176,1
1359,3,3
1359,1658,1
1359,1753,1
1359,0,1
1359,516,1
1359,1738,1
1359,261,1
1359,8,1
1359,924,1
1359,423,1
1359,150,1
1359,250,2
1359,71,1
1359,704,1
1359,6,1
1359,339,1
1359,35,2
1359,2336,1
1359,993,1
1359,2140,1
1359,582,1
1359,408,1
1359,994,1
1359,437,1
1359,167,1
1359,65,1
1359,25,1
1359,1156,1
1359,511,1
1360,2,1
1360,190,1
1360,851,2
1360,1575,1
1360,1641,1
1360,2350,2
1360,49,1
1360,32,1
1360,247,1
1360,929,2
1360,19,2
1360,1512,1
1360,1182,1
1360,302,1
1360,1708,1
1360,2221,1
1360,1566,1
1360,855,1
1360,228,1
1360,905,1
1360,86,1
1360,1322,2
1360,779,1
1360,1585,1
1360,423,1
1360,667,1
1360,967,1
1360,1,2
1360,34,1
1360,451,1
1360,62,1
1360,2329,1
1360,1261,1
1360,672,1
1360,322,1
1360,13,1
1360,87,1
1360,424,1
1360,245,1
1360,881,1
1360,1803,1
1360,1476,1
1360,1646,1
1360,114,1
1360,119,1
1360,740,1
1360,1868,1
1360,1454,1
1360,472,1
1360,96,1
1360,90,1
1360,68,1
1360,822,1
1360,25,1
1360,1368,1
1360,1612,1
1360,1069,1
1360,829,1
1360,932,1
1360,699,1
1360,12,1
1360,1785,1
1360,1682,1
1360,2228,1
1360,1036,1
1361,2,1
1361,170,1
1361,283,1
1361,0,1
1361,802,1
1361,1278,1
1361,45,1
1361,1594,1
1361,2370,1
1361,504,1
1361,214,1
1361,1764,1
1361,2445,1
1361,1740,1
1361,1518,1
1361,993,1
1361,1159,1
1361,976,1
1361,927,1
1361,737,1
1361,2187,1
1361,913,1
1361,1302,1
1361,578,1
1361,151,1
1361,1123,1
1361,32,1
1361,1498,1
1362,124,1
1362,2440,1
1362,250,1
1362,167,2
1362,48,2
1362,23,2
1362,822,1
1362,25,1
1362,273,1
1362,2304,1
1362,208,1
1362,1996,1
1362,592,1
1362,0,3
1362,535,1
1362,9,1
1362,194,1
1362,218,1
1362,2089,1
1362,2265,1
1362,227,1
1362,899,1
1362,181,1
1362,178,1
1362,3,2
1362,7,3
1362,65,1
1362,35,1
1362,259,1
1362,648,1
1362,2241,1
1362,33,1
1362,2165,1
1362,1409,1
1362,700,1
1362,1319,1
1362,479,1
1362,919,1
1362,177,1
1363,372,1
1363,310,1
1363,947,2
1363,150,1
1363,1304,1
1363,2405,1
1363,2046,1
1363,2,1
1363,2333,1
1363,776,1
1363,1246,1
1363,223,1
1363,456,1
1363,1363,1
1363,935,1
1363,564,1
1363,36,1
1363,9,1
1363,2013,1
1363,1766,1
1363,1489,1
1363,431,1
1363,716,1
1363,609,1
1363,2361,1
1363,422,1
1363,235,1
1363,1119,1
1363,574,1
1363,1169,1
1364,40,1
1364,96,1
1364,1049,1
1364,664,1
1364,507,1
1364,133,1
1364,847,1
1364,343,1
1364,1281,1
1364,125,1
1364,93,1
1364,9,1
1364,184,1
1364,99,1
1364,167,1
1364,15,1
1364,1449,1
1364,1815,1
1364,1623,1
1364,860,1
1364,619,1
1364,13,1
1364,162,1
1364,414,1
1364,0,3
1364,516,1
1364,1025,1
1364,1,1
1364,1502,1
1364,716,1
1364,1381,1
1364,164,1
1364,2296,1
1364,1213,1
1364,294,1
1364,448,1
1364,330,1
1364,296,1
1364,303,1
1364,1152,1
1365,24,1
1365,2,1
1365,173,1
1365,83,2
1365,250,1
1365,16,1
1365,349,1
1365,407,1
1365,15,1
1365,204,1
1365,1881,1
1365,22,1
1365,1781,1
1365,716,1
1365,486,1
1365,0,3
1365,1123,2
1365,1669,1
1365,1135,2
1365,6,1
1365,48,1
1365,23,1
1365,33,1
1365,96,1
1365,900,1
1365,2178,1
1365,1646,1
1365,458,1
1365,281,1
1365,512,1
1365,5,2
1365,610,2
1365,473,2
1365,10,1
1365,13,1
1365,92,1
1365,311,1
1365,1193,1
1365,380,1
1365,306,1
1365,624,1
1365,274,1
1365,1,1
1365,844,1
1365,401,1
1365,57,1
1365,78,1
1365,257,1
1365,974,2
1365,611,1
1365,103,1
1365,1288,1
1365,962,1
1365,1933,1
1365,616,1
1366,40,1
1366,1755,1
1366,344,1
1366,134,2
1366,137,2
1366,1534,1
1366,746,1
1366,282,1
1366,582,1
1366,163,1
1366,48,1
1366,23,1
1366,725,1
1366,95,1
1366,669,1
1366,218,1
1366,400,1
1366,2150,1
1366,100,1
1366,660,1
1366,1445,1
1366,236,1
1366,19,1
1366,59,1
1366,107,1
1366,1472,1
1366,1429,1
1366,0,1
1366,1489,1
1366,88,1
1366,1509,1
1367,124,1
1367,1471,1
1367,819,1
1367,7,1
1367,100,1
1367,291,4
1367,34,1
1367,17,1
1367,203,1
1367,715,1
1367,936,1
1367,565,1
1367,1204,2
1367,14,2
1367,495,1
1367,1866,1
1367,550,1
1367,681,1
1367,195,1
1367,176,1
1367,3,1
1367,1877,1
1367,2200,1
1367,5,1
1367,79,1
1367,1231,1
1367,1073,1
1367,778,1
1367,52,1
1367,155,1
1367,449,1
1367,378,1
1367,865,1
1367,1831,1
1367,700,1
1367,70,2
1367,166,2
1367,1205,1
1367,2277,1
1367,1,1
1367,422,1
1367,232,1
1367,1274,1
1367,673,1
1367,699,1
1367,12,1
1368,1443,1
1368,390,1
1368,182,1
1368,12,1
1368,557,1
1368,1224,1
1368,63,1
1368,217,1
1368,481,1
1368,11,1
1368,8,1
1368,727,1
1368,1779,1
1368,355,1
1368,255,1
1368,276,1
1368,2268,1
1369,90,1
1369,68,1
1369,186,1
1369,367,1
1369,73,1
1369,641,1
1369,831,1
1369,1,1
1369,248,1
1369,39,1
1369,554,1
1369,71,1
1369,971,1
1369,2136,1
1369,269,1
1369,490,1
1369,1449,1
1369,245,1
1369,2374,1
1369,1517,1
1369,177,1
1369,63,1
1369,11,1
1369,8,1
1369,598,1
1369,4,1
1369,138,2
1369,1913,1
1369,209,1
1369,2433,1
1369,30,1
1369,966,1
1369,852,1
1369,667,1
1369,2201,1
1369,35,1
1369,1402,1
1369,25,1
1369,1910,1
1369,1015,1
1369,33,1
1369,427,1
1369,13,1
1369,1270,1
1369,1451,1
1369,622,1
1369,122,1
1369,52,1
1369,749,1
1369,1514,1
1370,154,1
1370,223,1
1370,153,1
1370,174,1
1370,1281,1
1370,669,1
1370,3,1
1370,37,1
1370,116,1
1370,583,1
1370,59,1
1370,286,1
1370,58,1
1370,1383,1
1370,2145,1
1370,789,1
1371,40,1
1371,220,1
1371,596,4
1371,140,1
1371,83,1
1371,80,1
1371,20,1
1371,1963,1
1371,724,1
1371,229,1
1371,437,1
1371,1977,1
1371,3,1
1371,49,1
1371,68,1
1371,0,4
1371,1627,1
1371,16,1
1371,11,1
1371,8,1
1371,118,2
1371,1,3
1371,57,1
1371,78,1
1371,214,1
1371,1247,1
1371,1103,1
1371,55,1
1371,285,1
1371,38,1
1371,246,1
1371,10,1
1371,13,1
1371,543,1
1371,1465,2
1371,1676,2
1371,1657,1
1371,412,1
1371,33,1
1371,427,1
1371,300,1
1371,844,1
1371,128,1
1371,181,1
1371,178,1
1371,5,1
1371,2093,1
1371,99,1
1371,1080,1
1371,429,1
1371,507,1
1371,942,1
1371,245,1
1371,2069,1
1372,71,1
1372,659,1
1372,16,1
1372,2085,1
1372,2171,1
1372,193,1
1372,80,1
1372,99,1
1372,167,1
1372,445,1
1372,463,1
1372,0,2
1372,15,1
1372,93,1
1372,1,1
1372,579,2
1372,878,1
1372,1093,1
1372,10,2
1372,13,1
1372,504,1
1372,214,1
1372,5,1
1372,1809,1
1372,702,1
1372,350,1
1372,485,1
1372,344,1
1372,33,1
1372,427,1
1373,46,1
1373,140,1
1373,1400,1
1373,1152,1
1373,10,1
1373,13,1
1373,316,1
1373,171,1
1373,718,1
1373,1375,1
1373,1954,1
1373,302,2
1373,566,1
1373,600,1
1374,361,1
1374,1,1
1374,1969,1
1374,63,1
1374,3,2
1374,11,1
1374,8,1
1374,816,1
1374,108,1
1374,198,1
1374,5,1
1374,0,1
1374,144,1
1374,390,1
1374,182,1
1374,4,1
1374,405,1
1374,1019,1
1374,2369,1
1374,877,1
1374,153,1
1374,174,1
1375,234,1
1375,42,1
1375,289,1
1375,148,1
1375,179,1
1375,761,1
1375,16,1
1375,1121,1
1375,858,1
1375,9,2
1375,1264,1
1375,560,1
1375,26,1
1375,1377,1
1375,93,1
1376,423,1
1376,667,1
1376,867,1
1376,135,1
1376,160,1
1376,681,1
1376,499,1
1376,984,1
1376,1276,1
1376,199,1
1376,918,2
1376,5,1
1376,1493,1
1376,557,1
1376,1684,1
1376,2103,1
1376,284,1
1376,430,1
1376,1132,1
1377,3,1
1377,241,1
1377,529,1
1377,232,1
1377,2217,1
1377,1936,1
1377,2307,1
1377,2010,1
1377,1514,1
1377,186,1
1377,228,1
1377,993,1
1377,630,1
1377,472,1
1377,2142,1
1377,1797,1
1377,80,1
1377,167,1
1377,316,1
1377,171,1
1377,70,1
1377,249,1
1377,68,2
1377,0,1
1377,6,1
1377,402,1
1378,1418,1
1378,1691,1
1378,0,1
1378,1948,1
1378,10,1
1378,13,1
1378,4,1
1378,218,1
1378,6,2
1378,1669,1
1378,82,1
1378,625,1
1378,53,1
1378,1523,1
1378,966,1
1378,1132,1
1378,726,1
1378,633,1
1379,111,1
1379,0,1
1379,569,1
1379,200,1
1379,10,1
1379,13,1
1379,184,1
1379,108,1
1379,4,1
1379,1395,1
1379,765,1
1379,6,1
1379,29,1
1379,90,1
1379,68,1
1380,1470,1
1380,57,1
1380,78,1
1380,30,1
1380,343,1
1380,2,1
1380,2040,1
1380,846,1
1380,1035,1
1380,0,2
1380,603,2
1380,1627,1
1380,2342,1
1380,1063,1
1380,1088,1
1380,1857,1
1380,10,1
1380,13,2
1380,109,1
1380,1451,1
1380,1595,1
1380,1580,1
1380,947,1
1380,1240,1
1380,803,1
1380,581,1
1380,2327,1
1380,2428,1
1381,83,1
1381,413,1
1381,701,2
1381,2263,2
1381,583,1
1381,300,1
1381,7,1
1381,29,1
1381,144,1
1381,1866,1
1381,424,1
1381,99,1
1381,167,1
1381,483,1
1381,571,1
1381,847,2
1381,993,1
1381,2140,1
1381,250,1
1381,287,1
1381,885,1
1381,2079,1
1381,2056,1
1381,280,1
1381,326,1
1382,569,1
1382,252,1
1382,409,1
1382,27,1
1382,57,1
1382,78,1
1382,184,1
1382,3,1
1382,74,2
1382,22,2
1382,278,1
1382,12,1
1382,940,1
1382,274,1
1382,626,1
1382,16,1
1382,296,1
1382,303,1
1382,0,1
1382,1499,1
1382,1642,1
1382,975,1
1383,2109,1
1383,999,1
1383,349,1
1383,1530,1
1383,343,1
1383,2286,1
1383,58,1
1383,1,1
1383,129,1
1383,483,3
1383,774,2
1383,82,1
1383,606,1
1383,936,1
1383,1212,4
1383,629,1
1383,51,1
1383,5,1
1383,1865,2
1383,721,1
1383,728,1
1383,1540,1
1383,2262,1
1383,1241,1
1383,1337,1
1383,67,1
1383,286,1
1383,750,1
1383,18,1
1383,415,1
1383,114,1
1383,851,1
1384,418,1
1384,124,1
1384,1471,1
1384,93,2
1384,9,1
1384,128,1
1384,504,1
1384,214,1
1384,357,2
1384,779,1
1384,2015,1
1384,188,1
1384,87,1
1384,849,1
1384,7,1
1384,132,1
1384,409,1
1384,27,1
1384,2200,1
1384,850,1
1384,2385,1
1384,191,1
1384,1835,1
1384,0,2
1384,981,1
1384,24,1
1384,787,1
1384,896,1
1384,15,1
1384,1,3
1384,488,1
1384,477,1
1384,165,1
1384,531,1
1384,2304,1
1384,813,1
1384,1416,1
1384,2123,1
1384,82,1
1384,1400,1
1385,73,1
1385,641,1
1385,2433,1
1385,387,1
1385,2,1
1385,1581,1
1385,25,1
1385,1550,1
1385,126,1
1385,111,1
1385,2034,1
1385,1913,1
1385,209,1
1385,1830,1
1385,32,1
1385,1656,1
1385,55,1
1385,791,1
1385,270,1
1385,1303,1
1385,42,1
1385,750,1
1385,18,1
1385,171,1
1385,70,1
1385,0,1
1385,6,1
1385,241,1
1385,1090,1
1385,1097,1
1386,1568,1
1386,833,1
1386,357,1
1386,1,1
1386,29,1
1386,1339,1
1386,0,1
1386,227,1
1386,1245,1
1386,75,1
1386,1625,1
1386,210,1
1386,351,1
1386,272,1
1386,687,1
1386,6,1
1386,783,1
1386,492,1
1387,40,1
1387,537,1
1387,802,1
1387,12,1
1387,745,1
1387,598,2
1387,1347,1
1387,1287,1
1387,208,1
1387,554,1
1387,564,1
1387,869,1
1387,145,1
1387,4,1
1387,639,1
1387,498,1
1387,172,1
1387,1,1
1387,91,1
1387,85,1
1387,397,1
1387,687,1
1388,784,1
1388,126,1
1388,2253,1
1388,2,2
1388,170,1
1388,9,1
1388,168,1
1388,76,1
1388,471,1
1388,836,1
1388,0,1
1388,330,1
1388,2137,1
1388,429,1
1388,2279,1
1388,321,1
1388,207,1
1388,762,1
1388,470,1
1388,516,2
1388,576,1
1388,155,1
1388,3,1
1389,2,1
1389,110,1
1389,323,1
1389,90,1
1389,68,1
1389,499,2
1389,2187,1
1389,1517,1
1389,1815,1
1389,88,1
1389,293,1
1389,55,1
1389,550,1
1389,1814,1
1389,1713,1
1389,1561,1
1389,159,1
1389,2117,1
1389,218,1
1389,6,1
1389,1979,1
1389,10,1
1389,13,1
1389,2148,1
1389,1723,1
1390,135,1
1390,1248,3
1390,2328,1
1390,696,1
1390,433,1
1390,1464,1
1390,1978,1
1390,554,1
1390,1043,2
1390,412,1
1390,1,2
1390,1498,1
1390,626,1
1390,247,2
1390,64,1
1390,152,1
1390,176,1
1390,493,1
1390,444,1
1390,5,1
1390,150,1
1391,1638,1
1391,2361,1
1391,591,1
1391,17,2
1391,365,1
1391,62,1
1391,644,1
1391,86,1
1391,0,1
1391,65,1
1391,35,1
1391,1579,1
1391,67,1
1391,604,1
1391,530,1
1391,269,1
1391,109,1
1391,142,1
1391,1,2
1391,893,1
1391,222,1
1391,143,1
1391,736,1
1391,289,1
1391,115,1
1392,112,1
1392,1890,1
1392,946,1
1392,45,1
1392,670,1
1392,21,1
1392,3,2
1392,726,1
1392,333,1
1392,856,1
1392,932,1
1392,1907,1
1392,2127,1
1392,191,1
1392,1628,1
1392,1,1
1392,488,1
1392,477,1
1392,0,1
1393,2,1
1393,110,1
1393,304,1
1393,0,2
1393,278,1
1393,1273,1
1393,132,1
1393,858,1
1393,1665,1
1393,1563,1
1393,1117,1
1393,95,1
1393,586,1
1393,814,1
1393,12,1
1393,20,1
1393,741,1
1393,1065,1
1393,1,1
1393,279,1
1393,98,1
1393,648,1
1393,1911,1
1393,15,1
1393,204,1
1393,739,1
1393,515,1
1393,942,1
1393,502,1
1394,2,1
1394,2040,1
1394,1345,1
1394,461,1
1394,2271,1
1394,1815,1
1394,1431,1
1394,1822,1
1394,59,1
1394,53,1
1394,51,1
1394,567,1
1394,2215,1
1394,365,1
1395,1,1
1395,158,1
1395,515,1
1395,1851,1
1395,495,1
1395,7,1
1395,1389,1
1395,103,1
1395,987,1
1395,1122,1
1395,1141,1
1395,1424,1
1395,53,1
1395,172,1
1395,67,1
1395,575,1
1395,5,1
1395,0,1
1395,20,1
1395,691,1
1395,18,1
1396,2,1
1396,170,1
1396,1941,1
1396,16,1
1396,2317,1
1396,9,1
1396,41,1
1396,684,1
1396,632,1
1396,507,1
1396,97,1
1396,15,1
1396,203,1
1396,688,1
1396,198,1
1396,301,2
1396,1404,1
1396,0,1
1396,6,1
1396,522,1
1396,1241,1
1396,79,1
1396,938,1
1396,1358,1
1396,953,1
1397,19,1
1397,1787,1
1397,1544,1
1397,4,1
1397,29,1
1397,522,1
1397,2,1
1397,462,1
1397,104,1
1397,898,1
1397,432,1
1397,84,1
1397,0,1
1397,840,1
1397,502,2
1397,331,1
1397,1359,1
1397,1986,1
1398,2,1
1398,110,1
1398,323,1
1398,48,1
1398,23,1
1398,0,1
1398,545,1
1398,2226,1
1398,1,2
1398,736,1
1398,25,2
1398,617,1
1398,106,1
1398,6,1
1398,383,1
1398,489,1
1398,663,1
1398,89,1
1398,1381,1
1399,4,1
1399,2112,1
1399,233,1
1399,1866,1
1399,84,1
1399,1670,1
1399,1422,1
1399,72,1
1399,29,1
1399,18,1
1399,145,1
1399,358,1
1399,367,1
1399,1391,1
1400,2,1
1400,2203,1
1400,1295,1
1400,717,1
1400,945,1
1400,1798,1
1400,104,1
1400,318,1
1400,44,1
1400,1870,1
1400,1757,1
1401,36,2
1401,384,1
1401,790,1
1401,61,2
1401,215,2
1401,570,2
1401,1014,1
1401,94,1
1401,354,2
1401,637,1
1401,2379,1
1401,2315,1
1401,57,1
1401,78,1
1401,133,1
1401,513,1
1401,426,1
1401,373,1
1401,2076,1
1401,2273,1
1401,199,1
1401,369,1
1401,0,1
1401,2040,1
1401,897,1
1401,584,1
1401,257,1
1402,2,1
1402,5,1
1402,198,1
1402,146,1
1402,367,1
1402,921,1
1402,6,1
1402,470,1
1402,1849,1
1402,201,1
1402,4,1
1402,59,1
1402,1620,1
1402,1096,1
1402,2243,1
1402,157,2
1402,1629,1
1402,16,1
1402,304,1
1402,2358,1
1403,514,1
1403,545,1
1403,1465,1
1403,1676,1
1403,460,1
1403,2,1
1403,189,1
1403,86,1
1403,0,2
1403,48,2
1403,23,2
1403,750,1
1403,251,1
1403,254,1
1403,3,1
1403,440,1
1403,284,1
1403,184,1
1403,1561,1
1403,995,1
1403,152,1
1403,18,1
1403,111,1
1403,698,1
1403,2105,1
1403,36,1
1403,1124,1
1403,323,1
1403,2318,1
1404,40,1
1404,1886,1
1404,1426,1
1404,9,3
1404,6,1
1404,191,1
1404,984,1
1404,10,1
1404,13,1
1404,1606,1
1404,1304,1
1404,27,1
1404,244,1
1404,225,1
1404,300,1
1404,1,1
1404,114,1
1404,196,1
1404,2362,1
1404,4,1
1404,1492,1
1404,1553,1
1404,1771,1
1404,264,1
1404,201,1
1404,231,1
1404,635,1
1404,72,1
1405,1650,1
1405,34,1
1405,761,1
1405,14,1
1405,206,2
1405,1238,1
1405,24,1
1405,2,1
1405,1917,1
1405,869,1
1405,145,1
1405,765,1
1405,17,1
1405,317,1
1405,120,1
1405,169,1
1405,26,1
1405,57,1
1405,78,1
1405,2244,1
1405,213,1
1405,1168,1
1405,1213,1
1405,4,1
1405,100,1
1405,864,1
1405,0,1
1405,242,1
1406,1024,1
1406,192,1
1406,6,1
1406,2101,1
1406,4,1
1406,2391,1
1406,2171,1
1406,12,1
1407,2,2
1407,385,1
1407,86,1
1407,0,1
1407,2092,1
1407,2213,2
1407,80,1
1407,20,1
1407,1867,1
1407,451,1
1407,7,2
1407,69,1
1407,81,1
1407,181,1
1407,178,1
1407,245,1
1407,24,1
1407,356,1
1407,464,1
1407,1615,1
1407,619,1
1407,1958,1
1407,2270,1
1407,18,1
1407,3,1
1407,43,1
1407,1359,1
1408,258,1
1408,2380,1
1408,505,1
1408,9,2
1408,41,2
1408,699,1
1408,1176,1
1408,1230,1
1408,853,1
1409,122,2
1409,1028,1
1409,581,1
1409,399,2
1409,1314,1
1409,676,1
1409,73,1
1409,641,1
1409,2166,1
1409,965,1
1409,818,1
1409,1460,1
1409,343,1
1409,860,1
1409,200,1
1409,1752,1
1409,1037,1
1409,109,1
1409,743,2
1409,983,2
1409,1399,1
1409,1387,1
1409,1215,1
1409,588,1
1409,914,1
1409,527,1
1409,1,1
1409,1502,1
1409,1925,1
1409,1540,1
1409,439,1
1410,2,1
1410,347,1
1410,873,1
1410,62,1
1410,644,1
1410,957,1
1410,63,1
1410,1,1
1410,69,1
1410,81,1
1410,1148,1
1410,569,1
1410,265,1
1410,7,1
1410,547,1
1410,1033,1
1410,1803,1
1410,1575,1
1410,36,2
1410,305,1
1410,50,1
1410,108,1
1410,12,1
1411,2,1
1411,1125,1
1411,1953,1
1411,153,1
1411,174,1
1411,2268,1
1411,1266,1
1411,751,2
1411,5,1
1411,1208,1
1411,1602,1
1411,155,1
1411,6,1
1411,340,1
1411,127,1
1411,367,1
1411,1289,1
1411,1242,1
1411,19,1
1411,64,1
1411,117,1
1411,4,1
1411,232,1
1411,1819,1
1411,470,1
1411,142,2
1411,516,1
1411,45,1
1411,202,1
1411,54,1
1411,18,1
1411,97,1
1411,115,1
1411,1053,1
1412,2,1
1412,384,1
1412,790,1
1412,316,1
1412,171,2
1412,25,1
1412,760,1
1412,1295,1
1412,924,1
1412,10,1
1412,1294,1
1412,1455,1
1412,225,1
1412,88,1
1412,293,1
1412,55,1
1412,4,2
1412,2298,1
1412,35,1
1412,2437,1
1412,59,1
1412,2355,1
1412,314,1
1412,325,1
1412,2398,1
1412,1463,1
1413,742,1
1413,2260,1
1413,986,1
1413,6,1
1413,29,1
1413,98,1
1413,1611,1
1413,161,1
1413,53,1
1413,634,1
1413,43,1
1413,2,1
1413,222,1
1413,543,1
1413,2282,1
1413,103,1
1413,987,1
1413,904,1
1413,51,1
1414,2,1
1414,384,1
1414,1004,1
1414,1120,2
1414,890,1
1414,32,1
1414,782,1
1414,140,1
1414,2198,1
1414,454,1
1414,3,1
1414,684,1
1414,632,1
1414,0,1
1414,1357,1
1414,1452,1
1414,259,1
1414,1760,1
1414,1854,1
1414,16,1
1414,850,1
1414,622,1
1414,408,1
1414,1263,1
1414,204,1
1414,63,1
1414,911,1
1414,251,1
1414,200,1
1414,127,1
1414,82,1
1415,2,1
1415,110,1
1415,1128,1
1415,103,1
1415,1330,1
1415,9,1
1415,1698,1
1415,17,3
1415,354,1
1415,53,1
1415,1138,1
1415,8,1
1415,82,1
1415,1512,1
1415,1012,1
1415,132,1
1415,1163,1
1415,3,1
1415,90,1
1415,68,1
1415,202,1
1415,128,1
1415,1612,1
1416,359,1
1416,714,1
1416,7,1
1416,442,1
1416,9,1
1416,583,1
1416,816,1
1416,1292,1
1416,1,1
1416,79,1
1416,0,2
1416,965,1
1416,818,1
1416,18,1
1416,1074,1
1416,393,1
1417,2,1
1417,110,1
1417,2436,1
1417,322,1
1417,21,1
1417,496,1
1417,98,1
1417,942,1
1417,1964,1
1417,997,1
1417,1513,1
1417,58,1
1417,349,1
1417,2305,1
1417,1018,1
1417,412,1
1417,1285,1
1417,319,1
1417,31,1
1417,1698,1
1418,2,1
1418,438,1
1418,204,1
1418,1881,1
1418,510,1
1418,3,1
1418,153,1
1418,174,1
1418,58,1
1418,2214,1
1418,1844,1
1418,1,1
1418,20,1
1418,565,1
1418,214,1
1418,50,1
1418,2127,1
1419,2383,1
1419,1436,1
1419,1943,1
1419,1940,1
1419,433,1
1419,745,1
1419,1764,1
1419,2305,1
1419,3,2
1419,680,1
1419,653,1
1419,2155,2
1419,1,2
1419,90,1
1419,68,1
1419,890,1
1419,155,1
1419,1851,1
1419,495,1
1419,370,1
1419,37,1
1419,234,1
1420,1059,1
1420,1427,1
1420,748,1
1420,456,1
1420,128,1
1420,132,1
1420,1,1
1420,1000,1
1420,3,1
1420,1624,1
1420,1586,1
1420,87,1
1421,71,1
1421,95,1
1421,16,1
1421,9,1
1421,1254,1
1421,978,1
1421,1146,1
1421,2385,1
1421,442,1
1421,211,1
1421,621,1
1421,948,1
1421,44,1
1421,374,1
1421,260,1
1421,5,1
1421,106,1
1421,163,1
1421,109,1
1421,142,1
1421,54,1
1421,1,1
1421,608,1
1421,2064,1
1421,219,1
1422,2,1
1422,384,1
1422,417,3
1422,434,1
1422,73,1
1422,388,1
1422,1527,1
1422,365,1
1422,62,1
1422,1244,1
1422,1042,2
1422,1738,1
1422,2179,1
1422,10,1
1422,13,1
1422,760,2
1422,1013,1
1422,2084,1
1422,698,1
1422,1029,1
1422,194,1
1422,629,1
1422,51,2
1422,44,1
1422,1352,1
1422,1,1
1422,691,1
1423,135,2
1423,160,2
1423,734,1
1423,800,1
1423,58,1
1423,499,1
1423,23,1
1423,43,1
1423,302,1
1423,1262,1
1423,33,1
1423,603,1
1423,918,1
1423,47,1
1423,1,2
1423,0,1
1424,124,2
1424,16,1
1424,507,1
1424,1,2
1424,66,1
1424,838,1
1424,165,1
1424,95,1
1424,1705,1
1424,5,3
1424,79,1
1424,1613,1
1424,214,1
1424,549,1
1424,404,1
1424,1271,1
1424,1066,1
1424,1536,1
1424,33,1
1424,2100,1
1424,150,1
1425,2,1
1425,9,2
1425,1642,1
1425,157,1
1425,875,1
1425,961,1
1425,567,1
1425,2351,1
1425,43,2
1425,298,1
1425,87,1
1425,453,1
1425,10,1
1425,1008,1
1425,2274,1
1425,1652,1
1425,1702,1
1425,501,1
1425,1970,1
1426,2405,1
1426,2046,1
1426,633,1
1426,270,1
1426,2,1
1426,189,1
1426,66,1
1426,753,1
1426,314,2
1426,325,2
1426,629,1
1426,51,1
1426,20,1
1426,690,1
1426,350,1
1426,1857,1
1426,2360,1
1426,509,1
1426,531,1
1426,460,1
1426,1178,1
1426,277,1
1426,1626,1
1426,211,1
1426,1359,1
1426,89,1
1426,4,1
1426,433,1
1426,1650,1
1426,823,1
1426,1470,1
1426,57,1
1427,159,1
1427,14,1
1427,1866,1
1427,1352,1
1427,2,1
1427,190,1
1427,283,1
1427,43,1
1427,9,1
1427,29,1
1427,1,1
1427,26,1
1427,1713,1
1427,1991,1
1427,74,1
1427,22,1
1427,115,1
1427,609,1
1427,1644,1
1427,49,1
1427,1587,1
1427,1677,1
1428,436,1
1428,7,1
1428,317,1
1428,549,1
1428,30,1
1428,135,1
1428,141,1
1428,1478,1
1428,1141,2
1428,1929,1
1428,2351,1
1428,1340,1
1428,176,1
1428,242,1
1428,18,1
1428,515,1
1428,1383,1
1428,620,1
1429,948,1
1429,2077,1
1429,1,2
1429,1143,1
1429,121,2
1429,5,1
1429,69,1
1429,81,1
1429,545,1
1429,703,1
1429,369,1
1429,775,1
1429,816,1
1429,0,1
1429,815,1
1429,4,1
1429,871,1
1429,1032,1
1429,449,1
1429,1362,1
1429,556,1
1430,996,1
1430,236,1
1430,134,2
1430,428,1
1430,696,1
1430,433,1
1430,3,1
1430,469,1
1430,141,1
1430,1799,1
1430,1289,1
1430,7,1
1430,1491,1
1430,1133,1
1430,153,1
1430,174,1
1430,2022,1
1430,34,1
1430,542,1
1430,328,1
1430,717,1
1430,61,1
1430,87,1
1430,767,1
1430,762,1
1430,1236,1
1430,982,1
1430,1460,1
1431,229,1
1431,76,1
1431,471,1
1431,836,1
1431,0,1
1431,240,1
1431,2233,1
1431,20,1
1431,753,2
1431,106,1
1431,1,1
1431,488,1
1431,477,1
1431,724,1
1431,320,1
1431,1187,1
1431,11,1
1431,8,1
1431,729,1
1431,457,1
1431,1037,1
1431,50,1
1431,930,1
1431,9,1
1431,41,1
1431,4,1
1431,516,1
1432,2,1
1432,1126,1
1432,601,1
1432,2142,1
1432,2300,1
1432,795,1
1432,0,1
1432,6,1
1432,1145,1
1432,1539,1
1432,21,1
1432,1537,1
1432,172,1
1432,1709,1
1432,33,1
1432,315,1
1432,2447,1
1433,2,1
1433,347,1
1433,873,1
1433,153,1
1433,466,1
1433,2157,1
1433,80,1
1433,2081,1
1433,657,1
1433,614,1
1433,360,1
1433,57,1
1433,78,1
1433,531,1
1433,0,1
1433,1,2
1433,56,1
1433,428,1
1433,10,1
1433,13,1
1433,7,1
1433,29,1
1433,1851,1
1433,495,1
1433,1463,1
1433,553,1
1433,875,1
1433,42,1
1433,18,1
1433,1398,1
1433,2247,1
1433,1668,1
1434,40,1
1434,862,1
1434,16,1
1434,230,1
1434,9,1
1434,14,1
1434,74,1
1434,22,1
1434,1,1
1434,1650,1
1434,133,1
1434,212,1
1434,838,1
1434,1907,1
1434,271,1
1434,26,1
1434,1293,1
1434,20,1
1434,1152,1
1434,1113,1
1434,1029,1
1434,264,1
1435,743,4
1435,983,4
1435,140,1
1435,1214,1
1435,2,1
1435,603,1
1435,23,1
1435,0,1
1435,62,2
1435,971,1
1435,451,1
1435,1245,1
1435,805,1
1435,469,1
1435,141,1
1435,13,1
1435,650,1
1435,825,1
1435,1262,1
1435,82,1
1435,5,1
1435,1850,1
1436,519,1
1436,790,1
1436,241,1
1436,529,1
1436,232,1
1436,21,1
1436,1030,1
1436,57,1
1436,78,1
1436,29,4
1436,32,2
1436,1341,2
1436,10,1
1436,13,1
1436,111,1
1436,0,1
1436,955,1
1436,1285,1
1436,509,1
1436,33,1
1436,427,1
1436,156,1
1437,135,1
1437,160,1
1437,605,1
1437,1199,1
1437,12,1
1437,1014,2
1437,94,2
1437,22,2
1437,537,2
1437,439,1
1437,1278,1
1437,124,1
1437,9,2
1437,625,1
1437,409,1
1437,27,1
1437,0,1
1437,6,1
1437,957,1
1437,127,1
1437,42,1
1437,30,1
1437,74,1
1437,2031,1
1437,2442,1
1437,2230,1
1437,701,1
1437,1741,1
1437,946,1
1438,2446,1
1438,53,1
1438,634,1
1438,1638,1
1438,267,1
1438,1461,1
1438,1424,1
1438,2121,1
1438,461,1
1438,273,1
1438,2034,1
1438,7,1
1438,91,2
1438,85,2
1438,1259,1
1438,2234,1
1438,10,1
1438,1087,1
1438,34,1
1438,509,1
1438,2355,1
1438,52,1
1439,813,1
1439,14,1
1439,1501,1
1439,594,1
1439,2454,1
1439,446,1
1439,71,1
1439,659,1
1439,16,1
1439,9,1
1439,1774,1
1439,2376,3
1439,639,1
1439,1587,1
1439,447,1
1439,15,1
1439,539,1
1439,84,1
1439,164,1
1439,719,1
1439,12,1
1439,263,1
1439,2141,1
1439,30,1
1439,680,1
1439,653,1
1439,52,1
1440,2,1
1440,189,1
1440,358,1
1440,154,1
1440,497,1
1440,47,1
1440,57,1
1440,78,1
1440,88,1
1440,12,1
1440,1920,1
1440,361,1
1440,932,1
1440,155,1
1440,2037,1
1440,159,1
1440,253,1
1440,315,1
1440,400,1
1440,536,1
1440,1777,1
1440,793,1
1441,288,2
1441,289,1
1441,332,1
1441,59,1
1441,17,1
1441,56,2
1441,179,1
1441,1915,1
1441,7,1
1441,93,1
1441,9,1
1441,1784,1
1441,92,1
1441,647,1
1441,476,1
1441,213,1
1441,270,1
1441,6,1
1441,719,1
1441,1550,1
1441,126,1
1441,2294,1
1441,0,1
1441,1329,1
1441,1,1
1442,1722,1
1442,31,1
1442,155,1
1442,2052,2
1442,2205,4
1442,1440,1
1442,2446,1
1442,835,1
1442,1583,1
1442,2051,1
1442,614,1
1442,458,1
1442,422,1
1442,235,1
1442,5,1
1442,2121,1
1442,1101,1
1442,29,1
1442,345,1
1442,1180,1
1442,2138,1
1442,76,2
1442,1492,2
1442,2179,1
1442,1055,1
1442,275,1
1442,168,1
1442,289,1
1443,379,1
1443,666,1
1443,406,1
1443,2,1
1443,110,1
1443,681,1
1443,195,1
1443,693,1
1443,2275,1
1443,284,1
1443,6,1
1443,275,1
1444,40,1
1444,96,1
1444,800,1
1444,741,1
1444,578,1
1444,151,1
1444,0,2
1444,165,1
1444,699,1
1444,304,1
1444,7,1
1444,1969,1
1444,5,1
1444,191,1
1444,132,1
1444,197,1
1444,224,1
1444,1269,1
1444,1424,1
1444,33,1
1444,163,1
1445,1947,2
1445,1307,1
1445,55,1
1445,4,1
1445,158,1
1445,1692,1
1445,1946,1
1445,419,1
1445,2,1
1445,170,1
1445,1941,1
1445,14,1
1445,948,1
1445,868,1
1445,1337,1
1445,1,1
1445,15,1
1445,46,1
1445,20,1
1445,155,1
1445,133,1
1445,2360,1
1445,305,1
1445,111,1
1445,289,1
1445,2388,1
1446,40,1
1446,140,1
1446,1717,1
1446,27,2
1446,1723,1
1446,375,1
1446,1375,1
1446,1288,1
1446,497,1
1446,3,1
1446,962,1
1446,1606,1
1446,526,1
1446,25,1
1446,1831,1
1446,49,1
1447,2,1
1447,189,1
1447,16,1
1447,2023,1
1447,324,2
1447,194,1
1447,20,1
1447,0,1
1447,2399,1
1447,319,1
1447,1605,1
1447,7,2
1447,147,1
1447,136,1
1447,2049,1
1447,1538,1
1447,17,1
1447,1491,1
1447,996,1
1447,455,1
1447,19,1
1448,44,1
1448,781,2
1448,923,2
1448,7,1
1448,508,1
1448,42,1
1448,1,1
1448,1050,2
1448,1136,1
1448,2008,1
1448,2055,1
1448,304,1
1448,0,1
1448,1509,1
1448,11,1
1448,8,1
1448,305,1
1448,802,1
1448,1029,1
1448,1343,1
1448,1513,1
1449,1945,1
1449,277,1
1449,570,1
1449,39,1
1449,1135,1
1449,242,1
1449,1061,1
1449,177,1
1449,80,1
1449,1070,1
1449,10,1
1449,13,1
1449,729,1
1449,5,1
1449,516,1
1449,126,1
1449,7,1
1449,0,1
1449,57,1
1449,78,1
1449,30,1
1450,322,1
1450,28,1
1450,11,1
1450,8,2
1450,4,1
1450,247,2
1450,1582,2
1450,2073,2
1450,1003,1
1450,133,1
1450,33,1
1450,411,1
1450,311,1
1450,43,1
1450,112,1
1450,21,1
1450,283,1
1450,157,1
1450,164,1
1450,1049,1
1450,664,1
1450,0,1
1451,36,1
1451,347,1
1451,873,1
1451,1492,1
1451,122,1
1451,1457,1
1451,175,2
1451,343,1
1451,6,1
1451,330,2
1451,204,1
1451,250,1
1451,558,1
1451,1170,1
1451,936,1
1451,0,1
1451,53,1
1451,1137,1
1451,222,1
1451,213,1
1451,270,1
1451,486,1
1451,1431,1
1451,1087,1
1451,10,1
1451,13,1
1451,466,1
1451,1304,1
1451,588,1
1451,1987,1
1451,1289,1
1451,33,1
1451,1942,1
1451,860,1
1452,164,1
1452,739,2
1452,515,2
1452,1,2
1452,2340,3
1452,587,1
1452,253,1
1452,47,1
1452,30,1
1452,990,1
1452,245,1
1452,911,1
1453,2,1
1453,540,1
1453,1935,1
1453,356,1
1453,464,1
1453,2311,1
1453,666,1
1453,644,1
1453,2374,1
1453,701,1
1453,1706,1
1453,802,1
1453,0,2
1453,1071,1
1453,62,1
1453,1244,1
1453,7,1
1453,73,1
1453,388,1
1453,2450,1
1453,1326,1
1453,1314,1
1453,909,1
1453,2123,1
1454,518,1
1454,47,1
1454,889,1
1454,32,1
1454,468,1
1454,145,1
1454,6,1
1454,129,1
1454,79,1
1454,2054,1
1454,29,1
1454,30,1
1455,154,1
1455,223,1
1455,65,1
1455,35,1
1455,2022,1
1455,1422,1
1455,570,1
1455,808,1
1455,1467,1
1455,812,1
1455,1106,1
1455,679,1
1455,779,1
1455,1881,1
1455,51,1
1455,1834,1
1455,72,1
1455,1495,1
1455,1009,1
1455,271,1
1455,26,1
1455,132,1
1456,1995,1
1456,106,1
1456,972,1
1456,7,1
1456,239,1
1456,733,1
1456,2053,1
1456,16,1
1456,11,1
1456,8,1
1456,57,1
1456,78,1
1456,502,1
1457,677,1
1457,227,1
1457,1336,2
1457,1157,2
1457,138,1
1457,1,2
1457,69,1
1457,81,1
1457,862,1
1457,16,1
1457,1563,2
1457,1384,1
1457,490,1
1457,1449,1
1457,86,1
1457,0,1
1457,1504,1
1457,820,1
1457,167,1
1457,65,1
1457,35,1
1457,2052,1
1457,616,1
1457,216,1
1457,102,1
1457,285,1
1457,38,1
1457,482,1
1457,426,1
1457,6,1
1458,2446,1
1458,634,1
1458,52,1
1458,657,1
1458,425,1
1458,896,1
1458,105,1
1458,77,1
1458,2269,1
1458,707,1
1458,128,1
1458,711,1
1458,1,1
1458,1857,1
1458,10,1
1458,13,1
1458,4,1
1458,91,2
1458,85,2
1458,5,1
1458,2099,1
1458,2437,1
1458,33,1
1458,181,1
1458,178,1
1458,578,1
1458,151,1
1458,0,2
1458,2135,1
1458,18,1
1458,387,1
1459,1523,1
1459,749,1
1459,1593,1
1459,7,1
1459,239,1
1459,523,1
1459,1517,1
1459,1815,1
1459,1969,1
1459,1009,1
1459,574,1
1459,1622,1
1459,2048,1
1459,247,1
1459,2352,1
1459,172,1
1459,1722,1
1459,6,2
1459,90,1
1459,68,1
1459,1808,1
1459,17,1
1459,2094,1
1460,0,2
1460,2104,2
1460,44,1
1460,2114,2
1460,5,1
1460,436,1
1460,1305,1
1460,476,1
1460,11,1
1460,8,1
1460,179,1
1460,67,1
1460,635,1
1460,182,1
1460,50,1
1461,154,1
1461,223,1
1461,1329,1
1461,707,1
1461,10,1
1461,13,1
1461,1846,1
1462,751,1
1462,2068,1
1462,1837,2
1462,858,1
1462,505,1
1462,633,1
1462,1641,1
1462,2200,1
1462,1345,1
1462,1371,1
1462,0,1
1462,17,1
1462,817,1
1462,54,1
1462,1030,1
1462,1442,1
1462,7,1
1462,811,1
1463,27,1
1463,213,1
1463,506,1
1463,3,1
1463,105,1
1463,77,1
1463,1219,2
1463,362,1
1463,454,1
1463,1464,1
1463,301,1
1463,0,2
1463,1151,2
1463,586,1
1463,1426,1
1463,1,1
1463,1858,1
1463,73,1
1463,1050,1
1463,1952,1
1463,2001,1
1463,22,1
1463,2031,1
1463,618,1
1463,13,1
1463,4,1
1463,337,1
1463,376,1
1464,40,1
1464,858,1
1464,1761,1
1464,95,3
1464,669,1
1464,3,1
1464,2099,1
1464,102,1
1464,52,1
1464,857,1
1464,79,2
1464,1348,1
1464,260,1
1464,5,1
1464,1213,1
1464,179,1
1464,1393,1
1464,1677,1
1464,1697,1
1464,2156,1
1464,17,1
1464,105,1
1464,1238,1
1464,256,1
1464,1648,1
1464,1024,2
1464,785,1
1464,2121,2
1464,668,1
1464,851,2
1464,981,1
1464,1306,1
1464,697,1
1465,1452,1
1465,55,1
1465,2035,1
1465,2,1
1465,1,1
1465,137,1
1465,1369,2
1465,552,1
1465,58,1
1465,857,1
1465,397,1
1465,631,1
1465,261,1
1465,8,1
1465,4,1
1465,100,1
1465,201,1
1465,164,2
1465,98,2
1465,787,1
1465,193,1
1465,80,1
1465,619,1
1465,13,1
1466,2,1
1466,354,2
1466,432,1
1466,455,1
1466,1365,1
1466,50,1
1466,17,1
1466,295,1
1466,1821,1
1466,954,1
1466,36,1
1466,697,1
1466,1854,1
1466,1184,1
1466,123,1
1466,318,1
1466,109,1
1467,126,1
1467,7,2
1467,216,1
1467,726,1
1467,633,1
1467,639,1
1467,18,1
1467,966,1
1467,2,1
1467,1328,1
1467,915,1
1467,1893,1
1467,2121,1
1467,265,1
1467,502,1
1467,6,1
1467,781,1
1467,923,1
1468,2,1
1468,347,1
1468,2243,1
1468,92,1
1468,1994,1
1468,2086,1
1468,133,1
1468,12,1
1468,128,1
1468,2074,1
1468,1897,1
1468,1394,1
1468,46,1
1468,622,1
1468,401,1
1468,2049,1
1469,140,1
1469,2087,1
1469,312,1
1469,2155,2
1469,870,1
1469,1001,1
1469,2,1
1469,384,1
1469,790,1
1469,90,1
1469,68,1
1469,616,1
1469,1068,1
1469,670,1
1469,21,1
1469,611,1
1469,624,1
1469,1813,1
1469,1762,1
1469,1399,1
1469,1902,1
1469,374,1
1469,10,1
1469,1958,1
1469,1018,1
1469,1364,1
1469,2064,1
1469,1280,1
1469,236,1
1469,134,1
1469,1334,1
1469,400,1
1469,1191,1
1469,2128,1
1469,254,1
1470,40,1
1470,2383,1
1470,1439,1
1470,1067,1
1470,410,1
1470,2231,2
1470,20,1
1470,198,1
1470,146,1
1470,1872,1
1470,39,1
1470,1914,1
1470,592,1
1470,597,1
1470,700,1
1470,1209,1
1470,10,1
1470,940,1
1470,732,1
1470,581,1
1470,1320,1
1470,87,1
1470,148,1
1470,1744,1
1470,633,1
1471,1409,1
1471,5,2
1471,153,1
1471,174,1
1471,20,2
1471,2100,1
1471,14,1
1471,0,2
1471,82,1
1471,158,1
1471,689,1
1471,711,1
1471,180,1
1471,824,1
1471,375,1
1471,45,1
1471,813,1
1472,8,1
1472,94,1
1472,229,1
1472,2246,1
1472,228,1
1472,20,1
1472,1053,1
1472,2327,1
1472,232,1
1472,41,1
1472,1263,1
1472,4,1
1472,273,1
1472,725,1
1472,2052,1
1472,1908,1
1472,1111,1
1472,2003,1
1472,1286,1
1473,835,1
1473,154,1
1473,1340,2
1473,196,1
1473,10,1
1473,13,2
1473,577,1
1473,31,2
1473,3,1
1473,191,1
1473,1628,1
1473,2067,1
1473,20,1
1473,42,1
1473,33,1
1473,427,1
1473,329,1
1473,18,1
1473,1139,1
1473,932,1
1473,524,1
1473,609,1
1473,1166,1
1473,2108,1
1474,383,1
1474,155,1
1474,218,1
1474,532,3
1474,40,1
1474,1678,1
1474,831,1
1474,533,1
1474,180,1
1474,0,1
1474,21,1
1474,776,1
1474,855,1
1474,16,1
1474,1708,1
1474,10,1
1474,13,1
1474,161,1
1474,1744,1
1474,1323,1
1474,1,1
1474,69,1
1474,81,1
1474,774,1
1474,448,1
1474,1075,1
1475,196,1
1475,636,1
1475,2300,1
1475,861,1
1475,160,1
1475,2114,1
1475,1282,3
1475,58,2
1475,1,2
1475,544,1
1475,14,1
1475,1349,1
1475,1245,1
1475,2435,1
1475,2397,1
1475,56,1
1475,749,1
1475,1047,1
1475,479,1
1475,476,1
1475,4,1
1475,48,1
1475,794,1
1475,70,1
1475,166,1
1476,2337,2
1476,1689,1
1476,448,1
1476,1642,1
1476,21,1
1476,776,1
1476,1103,1
1476,948,1
1476,60,1
1476,1305,1
1476,27,1
1476,436,1
1477,2,1
1477,3,1
1477,355,1
1477,255,1
1477,1614,1
1477,1254,1
1477,1363,1
1477,1257,1
1477,505,1
1477,2138,1
1477,815,1
1477,507,1
1477,2122,1
1477,859,1
1477,804,1
1477,484,1
1477,275,1
1478,2446,1
1478,590,1
1478,217,1
1478,748,1
1478,109,1
1478,0,2
1478,389,2
1478,513,1
1478,378,1
1478,104,1
1478,2439,1
1478,45,1
1478,169,1
1478,26,1
1478,655,1
1478,2433,1
1478,1331,1
1478,471,1
1478,1816,1
1478,128,1
1478,1707,1
1478,102,1
1478,1809,1
1478,111,1
1478,901,1
1479,40,1
1479,671,1
1479,60,1
1479,176,1
1479,3,2
1479,296,1
1479,303,1
1479,0,1
1479,253,1
1479,76,1
1479,317,1
1479,1710,1
1479,1389,1
1479,103,1
1479,84,1
1479,2204,1
1479,197,1
1479,254,1
1479,362,1
1479,105,1
1479,1508,1
1480,248,1
1480,506,1
1480,989,1
1480,18,1
1480,2194,1
1480,379,1
1480,22,1
1480,1,1
1480,270,1
1480,1303,1
1480,1166,1
1480,2179,1
1480,925,1
1480,0,1
1480,1335,1
1481,1868,1
1481,248,1
1481,506,2
1481,3,2
1481,1228,1
1481,431,1
1481,1627,1
1481,502,1
1481,1776,1
1481,124,1
1481,835,1
1481,10,1
1481,13,1
1481,1812,1
1481,2016,1
1481,904,1
1481,5,1
1481,689,1
1481,1227,1
1481,312,1
1481,346,1
1481,2397,1
1481,1752,1
1481,297,1
1482,154,1
1482,223,1
1482,90,1
1482,68,1
1482,1372,1
1482,493,1
1482,685,1
1482,1931,1
1482,881,1
1482,46,2
1482,17,1
1482,844,1
1482,401,1
1482,618,1
1482,251,1
1482,184,1
1482,3,1
1482,205,1
1482,10,2
1482,13,1
1482,496,1
1482,924,1
1482,67,1
1482,1913,1
1482,2342,1
1482,1958,1
1482,444,1
1483,2,1
1483,347,1
1483,106,1
1483,1535,1
1483,33,1
1483,1182,1
1483,56,1
1483,677,1
1483,109,2
1483,49,1
1484,1551,1
1484,254,1
1484,2039,1
1484,40,1
1484,30,1
1484,874,1
1484,560,1
1484,17,1
1484,1155,1
1484,1033,1
1484,1056,1
1484,1264,1
1484,1197,1
1484,29,1
1484,400,1
1484,10,1
1484,188,1
1484,446,1
1484,704,1
1484,1718,1
1484,1011,1
1484,1382,1
1484,72,1
1484,1675,1
1485,2,1
1485,189,1
1485,0,2
1485,2416,1
1485,1,1
1485,2088,1
1485,1012,1
1485,32,1
1485,772,1
1486,985,1
1486,503,1
1486,26,1
1486,2324,1
1486,319,1
1486,1023,1
1486,51,1
1486,252,1
1486,449,1
1486,18,1
1486,283,1
1486,0,1
1486,105,1
1487,2,1
1487,190,1
1487,420,1
1487,90,1
1487,68,1
1487,1586,1
1487,708,1
1487,1575,1
1487,1014,1
1487,16,1
1487,137,1
1487,1884,1
1487,1896,1
1487,1666,1
1487,2431,1
1487,0,3
1487,1484,1
1487,104,1
1487,4,1
1487,546,1
1487,38,1
1487,855,1
1487,1143,1
1487,15,2
1487,2360,1
1487,1762,1
1487,729,1
1487,936,1
1487,65,1
1487,35,1
1487,1,1
1487,510,1
1487,247,1
1487,1582,1
1487,2073,1
1487,1331,1
1487,17,1
1488,56,2
1488,1412,1
1488,1389,1
1488,103,1
1488,1397,1
1488,26,1
1488,6,1
1488,413,1
1488,1439,1
1488,600,1
1488,5,1
1488,2412,1
1488,823,1
1489,2,1
1489,190,1
1489,420,1
1489,90,1
1489,68,1
1489,2366,1
1489,734,1
1489,1000,1
1489,3,1
1489,1056,1
1489,10,1
1489,13,1
1489,1603,1
1489,2262,1
1489,1,1
1489,524,1
1489,5,1
1489,286,1
1489,212,1
1489,1993,1
1489,789,1
1489,47,1
1489,1254,1
1489,850,1
1489,57,1
1489,78,1
1489,355,1
1489,255,1
1490,2,1
1490,110,1
1490,290,2
1490,133,2
1490,745,1
1490,450,1
1490,337,1
1490,485,1
1490,376,1
1490,42,1
1490,2192,1
1490,30,1
1490,212,1
1490,455,1
1490,2276,1
1490,14,1
1490,74,1
1490,22,1
1490,537,1
1490,11,1
1490,234,1
1490,1114,1
1490,1976,1
1491,135,1
1491,1707,1
1491,93,1
1491,9,1
1491,1248,1
1491,3,2
1491,1501,1
1491,594,1
1491,0,1
1491,105,1
1491,501,1
1491,11,1
1491,8,1
1491,421,1
1491,1195,1
1491,1682,2
1491,786,1
1491,70,1
1491,166,1
1491,1775,1
1491,2228,1
1491,1560,1
1492,695,1
1492,805,1
1492,316,1
1492,171,1
1492,1467,3
1492,1264,1
1492,560,1
1492,1,3
1492,1758,1
1492,20,1
1492,79,1
1492,82,1
1492,5,1
1492,443,3
1492,422,1
1492,235,1
1492,196,1
1492,446,1
1492,132,1
1492,221,1
1492,908,1
1492,2369,1
1492,877,1
1492,1464,1
1492,707,1
1493,2,1
1493,347,1
1493,14,1
1493,0,1
1493,1348,1
1493,2198,1
1493,574,1
1493,2018,1
1493,1069,1
1493,829,1
1493,2007,1
1493,199,1
1493,1574,1
1493,1437,1
1493,914,1
1493,1286,1
1493,1036,2
1493,6,1
1493,1322,1
1493,700,1
1493,1723,1
1493,2262,1
1493,1434,1
1493,830,1
1493,2305,1
1493,1711,1
1493,2260,1
1494,5,1
1494,269,1
1494,83,1
1494,2137,1
1494,1374,1
1494,978,1
1494,428,1
1494,11,1
1494,8,1
1494,1288,1
1494,2179,1
1494,2260,1
1495,1945,1
1495,344,2
1495,2007,1
1495,434,1
1495,369,1
1495,0,1
1495,968,1
1495,39,1
1495,2121,1
1495,95,1
1495,669,1
1495,3,1
1495,2394,1
1495,7,1
1495,2421,1
1495,193,1
1495,80,1
1495,913,1
1495,108,1
1495,218,1
1495,340,1
1495,127,1
1495,1069,1
1496,519,1
1496,1585,1
1496,1843,1
1496,2314,1
1496,36,1
1496,2238,1
1496,623,1
1496,1,1
1496,69,1
1496,81,1
1496,341,1
1496,7,1
1496,158,1
1496,373,1
1496,1637,1
1496,1244,1
1496,940,1
1496,2390,1
1496,1889,2
1496,1499,1
1496,363,1
1497,135,1
1497,374,1
1497,0,1
1497,56,1
1497,55,1
1497,329,1
1497,1683,1
1497,1616,1
1497,21,1
1497,1771,1
1497,839,1
1497,300,1
1497,494,1
1497,1271,1
1497,10,1
1497,13,1
1497,926,1
1497,277,1
1497,127,1
1497,600,1
1497,1486,1
1497,50,1
1497,1572,1
1497,1,1
1497,326,1
1498,2,1
1498,347,1
1498,873,1
1498,316,1
1498,171,1
1498,1288,1
1498,505,1
1498,906,1
1498,1,2
1498,66,1
1498,165,2
1498,1699,1
1498,849,1
1498,693,1
1498,1031,1
1498,2015,1
1498,188,1
1498,677,2
1498,928,2
1498,39,1
1498,817,1
1498,54,1
1498,2129,1
1498,732,1
1498,76,1
1498,1359,1
1498,89,1
1498,1486,1
1498,2286,1
1498,286,1
1498,21,1
1499,40,1
1499,525,1
1499,1431,1
1499,1930,1
1499,113,1
1499,988,1
1499,289,1
1499,932,1
1499,22,1
1499,30,1
1499,1719,1
1499,2453,1
1499,1,1
1500,112,1
1500,2327,1
1500,425,2
1500,780,3
1500,221,1
1500,2362,4
1500,1052,1
1500,2009,1
1500,1812,1
1500,1345,1
1500,66,2
1500,1,1
1500,56,1
1500,165,2
1500,31,1
1500,314,2
1500,83,1
1500,2140,1
1500,1795,1
1500,297,2
1500,2355,1
1500,32,2
1500,234,1
1501,500,1
1501,2,1
1501,2238,1
1501,1401,2
1501,2090,2
1501,470,1
1501,838,1
1501,18,1
1501,227,1
1501,1088,1
1501,6,1
1501,765,1
1501,1927,1
1501,534,1
1502,1934,1
1502,2382,1
1502,6,1
1502,107,1
1502,1472,1
1502,94,1
1502,2006,1
1502,106,1
1502,163,1
1502,65,1
1502,35,1
1502,26,1
1502,14,1
1502,2344,1
1502,415,1
1502,1385,1
1502,119,1
1502,2041,1
1502,15,1
1502,89,1
1502,409,1
1502,27,1
1502,1700,1
1502,510,1
1502,1810,1
1502,82,1
1503,40,1
1503,96,1
1503,1858,1
1503,0,1
1503,2160,1
1503,213,1
1503,224,1
1503,128,1
1503,439,1
1503,528,2
1503,714,1
1503,101,1
1503,37,1
1503,2380,1
1503,1,1
1503,566,1
1503,7,1
1503,66,1
1503,511,1
1504,1245,1
1504,1,1
1504,1858,1
1504,16,1
1504,2099,2
1504,6,1
1504,1697,1
1504,217,1
1504,2170,1
1504,2360,1
1504,4,1
1504,2193,1
1504,1857,1
1504,789,1
1504,1310,1
1505,1418,1
1505,614,1
1505,458,1
1505,241,1
1505,529,1
1505,232,1
1505,10,1
1505,13,1
1505,33,1
1505,577,1
1505,1703,1
1505,734,1
1505,1917,1
1505,869,1
1505,331,1
1505,292,1
1505,169,1
1505,26,1
1505,14,1
1505,1492,1
1505,1928,1
1505,892,1
1505,84,1
1505,847,1
1505,397,1
1506,2,1
1506,384,1
1506,790,1
1506,65,1
1506,184,1
1506,2178,1
1506,611,1
1506,88,1
1506,1138,1
1506,8,1
1506,898,1
1506,1697,1
1506,30,1
1506,770,1
1506,908,1
1506,1878,1
1506,49,1
1506,33,1
1506,427,1
1506,13,1
1506,4,1
1506,1603,1
1506,1013,1
1506,27,1
1506,2078,1
1506,156,1
1506,331,1
1506,1963,1
1506,2109,1
1506,2367,1
1507,112,1
1507,288,1
1507,94,1
1507,16,1
1507,337,1
1507,886,1
1507,1936,2
1507,507,1
1507,176,1
1507,3,1
1507,1351,1
1507,373,1
1507,1104,1
1507,408,1
1507,994,1
1507,164,1
1507,204,1
1507,2436,1
1507,63,1
1507,1515,1
1507,906,1
1507,0,1
1507,2091,1
1508,254,1
1508,1169,1
1508,663,1
1508,89,1
1508,787,1
1508,870,1
1508,1001,1
1508,1281,1
1508,10,1
1508,13,1
1508,26,1
1508,1240,1
1508,1324,1
1508,813,1
1508,208,1
1508,2286,1
1508,286,1
1508,97,1
1509,40,1
1509,1886,1
1509,1571,1
1509,183,1
1509,1906,1
1509,289,1
1509,115,1
1509,191,2
1509,1255,1
1509,51,1
1509,5,1
1509,6,1
1509,203,1
1509,0,2
1509,443,1
1509,559,1
1509,4,1
1509,59,1
1509,340,1
1509,2354,1
1509,246,1
1509,118,1
1510,2242,1
1510,1292,1
1510,201,1
1510,172,1
1510,1892,1
1510,123,1
1510,2212,1
1510,248,1
1510,506,1
1510,3,2
1510,0,1
1510,90,1
1510,68,1
1510,158,1
1511,104,1
1511,4,2
1511,382,1
1511,2360,1
1511,339,1
1511,87,1
1511,1433,1
1511,1809,1
1512,40,1
1512,701,1
1512,1634,1
1512,2021,1
1512,60,1
1512,245,1
1512,1265,1
1512,710,1
1512,18,1
1512,1081,1
1512,119,1
1512,109,1
1512,142,1
1512,54,2
1512,2260,1
1512,914,1
1512,817,1
1512,2297,1
1512,261,1
1512,1477,1
1513,2,1
1513,5,1
1513,4,1
1513,15,1
1513,16,1
1513,269,1
1513,45,2
1513,1601,2
1513,32,1
1513,188,1
1513,259,1
1513,1062,1
1513,268,1
1513,179,1
1513,1726,1
1513,635,1
1513,0,1
1514,99,1
1514,16,1
1514,1323,4
1514,1336,1
1514,90,1
1514,764,1
1514,703,1
1514,15,1
1514,2039,1
1514,501,1
1514,10,1
1514,111,2
1514,2038,1
1514,115,1
1514,1053,1
1514,70,1
1514,166,1
1514,1310,1
1514,926,2
1514,2287,1
1514,1822,1
1515,1,1
1515,896,1
1515,314,1
1515,325,1
1515,4,1
1515,1151,1
1515,6,1
1515,2111,1
1515,1677,1
1515,23,1
1515,121,1
1515,1807,2
1515,13,1
1515,508,1
1515,617,1
1515,172,1
1515,914,1
1515,343,1
1515,860,1
1515,489,1
1515,42,1
1515,895,1
1515,144,1
1515,1422,1
1515,265,1
1515,1876,1
1516,40,1
1516,2383,1
1516,450,1
1516,161,1
1516,1948,2
1516,155,1
1516,20,1
1516,962,1
1516,435,1
1516,4,1
1516,92,1
1517,833,1
1517,1372,1
1517,49,1
1517,391,1
1517,0,1
1517,355,1
1517,255,1
1517,212,1
1517,1524,1
1517,10,1
1517,196,1
1517,504,1
1517,214,1
1517,648,1
1517,1409,1
1517,157,1
1517,413,1
1517,6,1
1518,449,1
1518,1061,1
1518,494,1
1518,155,1
1518,3,1
1518,1180,1
1518,90,1
1518,68,1
1518,137,1
1518,1369,1
1518,2449,1
1518,563,1
1518,1769,1
1518,281,1
1518,138,1
1519,71,1
1519,250,1
1519,858,1
1519,2269,1
1519,707,1
1519,16,1
1519,278,1
1519,12,1
1519,1734,1
1519,1562,1
1519,1,2
1519,15,2
1519,252,1
1519,275,1
1519,99,1
1519,167,1
1519,1449,1
1519,193,1
1519,63,1
1519,208,1
1519,509,2
1519,1335,1
1519,387,1
1519,79,1
1519,424,1
1519,111,1
1519,0,1
1520,2,1
1520,53,1
1520,634,1
1520,138,1
1520,1784,1
1520,1,4
1520,69,1
1520,81,1
1520,1961,1
1520,1386,1
1520,2300,1
1520,80,1
1520,20,1
1520,2081,1
1520,1622,1
1520,13,1
1520,4,1
1520,966,1
1520,1086,1
1520,42,1
1520,388,2
1520,1330,1
1520,538,1
1520,2087,1
1520,1044,1
1520,1569,1
1520,2052,1
1520,1820,1
1520,183,1
1520,14,1
1520,1152,1
1520,148,1
1520,351,1
1520,957,1
1520,5,1
1521,1663,1
1521,12,3
1521,362,1
1521,135,1
1521,20,1
1521,2355,1
1521,1810,1
1521,76,1
1521,2418,1
1521,1371,1
1521,1877,2
1521,161,1
1521,1642,1
1521,476,1
1521,794,1
1521,54,1
1521,18,1
1521,148,1
1521,1472,1
1521,1707,1
1521,21,1
1522,2,1
1522,438,1
1522,1622,1
1522,472,1
1522,2383,1
1522,833,1
1522,197,1
1522,1526,1
1522,374,1
1522,2097,1
1522,808,1
1522,140,2
1522,623,1
1522,509,1
1522,10,1
1522,1957,1
1522,111,1
1522,0,1
1522,1669,1
1522,66,1
1522,1,1
1522,2210,1
1522,986,2
1523,373,1
1523,31,1
1523,32,1
1523,29,1
1523,1341,1
1523,1510,1
1523,2404,1
1523,260,1
1523,553,1
1523,359,1
1523,1695,1
1523,182,1
1523,162,1
1523,19,1
1523,1,1
1523,11,1
1523,8,1
1523,259,1
1523,1471,1
1523,459,1
1523,44,1
1523,690,1
1523,350,1
1523,0,1
1524,103,1
1524,257,2
1524,1781,1
1524,939,1
1524,447,1
1524,1050,1
1524,1952,1
1524,764,1
1524,1286,1
1524,250,1
1524,193,1
1524,80,1
1524,1418,1
1524,10,1
1524,13,1
1524,1,1
1524,685,1
1524,49,1
1524,600,2
1524,596,1
1524,371,1
1524,209,1
1524,225,1
1525,2,1
1525,3,1
1525,781,1
1525,923,1
1525,10,1
1525,1294,1
1525,1455,1
1525,156,1
1525,103,1
1525,742,1
1525,28,1
1525,43,1
1525,1415,1
1525,841,1
1525,1110,1
1525,0,1
1525,965,1
1525,818,1
1525,2316,2
1525,1040,1
1525,1456,1
1525,2344,1
1525,676,1
1526,56,1
1526,1562,1
1526,8,1
1526,270,1
1526,1303,1
1526,466,1
1526,157,1
1526,450,1
1526,446,1
1527,2,1
1527,462,1
1527,104,1
1527,4,1
1527,20,1
1527,0,3
1527,241,1
1527,1090,1
1527,2022,2
1527,1432,1
1527,659,1
1527,228,1
1527,1213,1
1527,567,1
1527,252,1
1527,188,1
1527,896,1
1527,469,1
1527,141,1
1527,15,2
1527,1449,1
1527,193,1
1527,80,1
1527,218,1
1527,2107,2
1527,826,2
1527,1314,1
1527,6,1
1527,607,1
1527,348,1
1528,112,1
1528,16,1
1528,949,1
1528,537,1
1528,1970,1
1528,1016,1
1528,168,2
1528,493,1
1528,191,1
1528,1557,1
1528,50,1
1528,2182,1
1528,702,1
1528,350,1
1528,376,1
1528,188,1
1528,446,1
1528,476,1
1528,4,1
1528,208,1
1528,0,1
1528,956,1
1529,1292,1
1529,201,1
1529,172,1
1529,1892,1
1529,447,1
1529,1236,2
1529,982,1
1529,0,2
1529,279,2
1529,98,3
1529,10,1
1529,13,1
1529,4,1
1529,231,1
1529,60,1
1529,320,1
1529,392,1
1529,2152,1
1529,673,1
1529,288,1
1529,394,1
1529,164,1
1529,311,1
1529,111,1
1529,1,2
1529,56,1
1530,40,1
1530,96,1
1530,16,1
1530,724,1
1530,1,2
1530,490,1
1530,2012,1
1530,1007,1
1530,1278,1
1530,304,1
1530,1029,1
1530,1233,2
1530,1085,2
1530,10,2
1530,13,2
1530,528,1
1530,1595,1
1530,1580,1
1530,0,2
1530,33,1
1530,1252,1
1530,15,2
1530,1603,1
1530,2262,1
1530,94,1
1530,600,1
1530,298,1
1531,2096,5
1531,1412,5
1531,128,1
1531,1064,1
1531,2203,1
1531,1710,1
1531,186,1
1531,154,1
1531,223,1
1531,0,1
1531,496,1
1531,487,1
1531,7,1
1531,60,1
1531,10,1
1531,13,1
1531,49,1
1531,1416,1
1532,2142,1
1532,2300,1
1532,63,1
1532,107,1
1532,1827,1
1532,156,1
1532,2201,2
1532,184,1
1532,302,1
1532,65,1
1532,1180,2
1532,852,1
1532,667,1
1532,1928,1
1532,892,1
1532,833,1
1532,1688,1
1532,1,1
1532,1399,1
1532,791,1
1532,2198,1
1532,0,1
1532,10,1
1532,13,1
1532,924,1
1532,913,1
1532,714,1
1532,1008,1
1532,1087,1
1532,1780,1
1533,2,1
1533,189,1
1533,459,1
1533,1964,1
1533,394,1
1533,814,1
1533,1911,1
1533,0,1
1533,15,1
1533,2011,1
1533,429,1
1534,1725,1
1534,870,1
1534,1001,1
1534,848,1
1534,936,1
1534,196,1
1534,16,1
1534,1806,1
1534,1657,1
1534,412,1
1534,1984,1
1534,558,1
1534,8,1
1534,4,1
1534,1050,1
1535,176,1
1535,3,1
1535,580,1
1535,484,1
1535,275,2
1535,1686,1
1535,2443,1
1535,458,1
1535,65,1
1535,35,1
1535,1418,1
1535,1101,1
1535,390,1
1535,182,1
1535,24,1
1535,34,1
1535,1879,1
1535,435,1
1535,1590,1
1535,848,1
1535,1180,1
1535,56,1
1535,612,1
1535,265,1
1535,7,1
1535,781,1
1535,923,1
1535,1117,1
1535,991,1
1535,939,1
1536,908,1
1536,99,1
1536,16,1
1536,1517,1
1536,1815,1
1536,1380,1
1536,650,2
1536,11,1
1536,8,1
1536,2209,2
1536,1327,1
1536,395,1
1536,610,1
1536,473,1
1536,1115,1
1536,1618,1
1537,40,1
1537,817,1
1537,54,1
1537,51,1
1537,1163,1
1537,497,1
1537,1242,1
1537,1596,1
1537,177,1
1537,452,1
1537,679,1
1537,8,1
1537,1698,1
1537,1620,1
1537,196,1
1537,504,1
1537,214,1
1537,1684,1
1537,195,1
1537,188,1
1537,997,1
1537,133,1
1537,847,1
1537,2197,1
1538,9,1
1538,1265,1
1538,710,1
1538,850,1
1538,346,1
1538,281,1
1538,2179,1
1538,88,1
1538,1779,1
1538,355,1
1538,255,1
1538,497,1
1538,2014,1
1538,718,1
1538,116,1
1539,2269,1
1539,88,1
1539,2068,1
1539,711,1
1539,801,1
1539,1693,1
1539,146,1
1539,171,1
1539,70,1
1539,965,1
1539,818,1
1539,399,1
1539,6,1
1539,1968,1
1539,1,2
1539,79,1
1539,706,1
1539,66,1
1539,265,1
1539,707,1
1539,673,1
1539,1391,1
1540,452,1
1540,1349,1
1540,273,1
1540,332,1
1540,346,1
1540,917,1
1540,1119,1
1540,260,1
1540,357,2
1540,155,1
1540,3,1
1540,402,1
1540,0,1
1540,1483,1
1540,1314,1
1540,749,1
1540,833,1
1540,490,1
1540,819,1
1540,394,1
1540,2338,1
1540,38,1
1540,1,1
1540,32,1
1540,471,1
1540,475,1
1541,1517,1
1541,177,1
1541,63,1
1541,1349,1
1541,13,1
1541,2290,1
1541,527,1
1541,487,1
1541,1166,1
1541,967,1
1541,1825,1
1541,2103,1
1541,68,1
1541,934,1
1541,971,1
1541,1859,1
1541,563,1
1541,750,1
1541,18,1
1542,182,1
1542,1847,1
1542,2454,1
1542,446,1
1542,425,1
1542,487,1
1542,7,2
1542,91,1
1542,85,1
1542,824,1
1542,879,1
1542,0,1
1542,1006,1
1542,424,1
1542,111,1
1542,368,1
1542,1697,1
1542,301,1
1542,961,1
1542,155,1
1542,776,1
1542,1528,1
1542,10,1
1542,156,1
1542,733,1
1542,654,1
1542,717,1
1542,153,1
1542,1832,1
1543,1184,1
1543,11,1
1543,421,1
1543,247,1
1543,14,1
1543,1656,1
1543,936,1
1543,202,1
1543,532,1
1543,1632,1
1543,0,1
1543,36,1
1543,678,1
1543,39,1
1543,42,1
1543,1114,1
1543,1185,1
1544,1169,1
1544,343,1
1544,362,1
1544,663,1
1544,89,1
1544,123,1
1544,87,1
1544,1456,1
1544,191,1
1544,1951,1
1544,1286,1
1544,1766,1
1544,2210,1
1544,1270,1
1544,242,1
1544,1,1
1544,1151,1
1544,145,1
1544,11,1
1544,8,1
1544,421,1
1544,1464,1
1544,560,1
1544,503,1
1544,719,1
1544,395,1
1544,266,1
1545,2,1
1545,1125,1
1545,229,3
1545,94,1
1545,2259,3
1545,9,1
1545,1596,1
1545,82,1
1545,199,1
1545,2226,1
1545,1,1
1545,36,2
1545,8,1
1545,1848,1
1545,2355,1
1545,314,1
1545,703,1
1545,1135,1
1545,1028,1
1545,631,1
1545,1581,1
1545,4,1
1545,770,1
1545,2160,1
1546,2,1
1546,2040,1
1546,897,1
1546,7,1
1546,91,1
1546,85,1
1546,2259,3
1546,1041,1
1546,16,1
1546,2119,1
1546,1649,1
1546,5,1
1546,1049,1
1546,664,1
1546,721,1
1546,133,1
1546,31,1
1546,2207,1
1546,937,1
1546,80,1
1546,20,1
1546,53,1
1546,1455,1
1546,225,1
1546,32,1
1546,904,1
1546,928,1
1546,1788,1
1546,635,1
1546,22,1
1546,822,1
1546,25,1
1546,1,1
1546,938,1
1546,1964,1
1546,1909,1
1546,1224,1
1547,65,1
1547,35,1
1547,532,1
1547,176,1
1547,3,2
1547,783,1
1547,492,1
1547,570,1
1547,6,2
1547,2344,1
1547,1119,1
1547,686,1
1547,431,1
1547,1721,1
1547,500,1
1547,413,1
1547,53,1
1547,179,1
1547,451,1
1547,62,1
1547,121,1
1547,2140,1
1547,184,1
1547,342,1
1547,180,1
1547,997,1
1547,1184,1
1547,256,1
1548,519,1
1548,672,1
1548,80,1
1548,20,1
1548,69,3
1548,81,3
1548,837,2
1548,645,1
1548,98,1
1548,301,1
1548,48,1
1548,23,1
1548,1646,1
1548,267,1
1548,771,1
1548,197,1
1548,224,1
1548,554,1
1548,13,1
1548,1846,1
1548,662,1
1548,279,1
1548,939,1
1548,0,1
1548,202,1
1548,14,1
1548,44,1
1548,225,1
1548,1586,1
1548,1258,1
1548,50,1
1548,690,1
1548,350,1
1549,2,1
1549,438,1
1549,645,1
1549,160,1
1549,1169,1
1549,370,1
1549,10,1
1549,13,1
1549,274,2
1549,434,1
1549,870,1
1549,1001,1
1549,1408,1
1549,857,1
1549,1,1
1549,91,1
1549,85,1
1549,2049,1
1549,34,1
1549,1302,1
1549,580,1
1549,484,1
1549,1118,1
1549,2038,1
1549,3,1
1549,440,1
1549,284,1
1549,88,1
1549,293,1
1549,55,1
1549,448,1
1549,1075,1
1549,455,1
1550,135,1
1550,2036,1
1550,498,1
1550,1317,1
1550,533,1
1550,1922,1
1550,7,2
1550,1015,1
1550,144,1
1550,0,1
1550,1157,1
1550,265,1
1551,1929,1
1551,76,1
1551,1216,3
1551,264,1
1551,984,1
1551,989,1
1551,5,1
1551,149,1
1551,357,1
1551,418,1
1551,0,1
1551,1055,2
1551,1299,2
1551,1604,1
1551,439,1
1551,31,1
1551,259,1
1551,757,1
1551,261,1
1551,8,1
1551,162,1
1551,19,1
1551,328,1
1551,549,1
1552,0,2
1552,736,1
1552,951,1
1552,977,1
1552,86,2
1552,1754,3
1552,21,1
1552,903,1
1552,734,1
1552,1447,2
1552,380,1
1552,363,1
1552,1468,1
1552,22,1
1552,6,1
1552,296,1
1552,303,1
1553,27,1
1553,893,1
1553,479,1
1553,1100,1
1553,1392,1
1553,849,1
1553,446,1
1553,1878,1
1553,2,1
1553,347,1
1553,0,1
1553,11,1
1553,8,1
1553,909,1
1553,1,2
1553,26,1
1553,769,1
1553,10,1
1553,13,1
1553,4,1
1553,3,1
1553,1335,1
1553,1122,1
1554,160,1
1554,48,2
1554,23,2
1554,1,1
1554,795,1
1554,302,1
1554,2007,1
1554,53,1
1554,634,1
1554,43,1
1554,329,1
1554,600,1
1554,449,1
1554,5,1
1554,101,1
1554,42,1
1554,1258,1
1554,252,1
1554,0,1
1555,2,2
1555,1126,1
1555,16,1
1555,2023,1
1555,97,1
1555,1926,2
1555,14,1
1555,6,1
1555,2107,1
1555,826,1
1555,170,1
1555,472,1
1555,1014,1
1555,228,1
1555,1404,1
1555,358,1
1555,36,1
1555,462,1
1555,104,1
1555,196,1
1555,446,1
1556,2,1
1556,170,1
1556,204,1
1556,472,1
1556,2220,2
1556,700,2
1556,426,1
1556,925,1
1556,0,1
1556,794,1
1556,54,1
1556,18,1
1556,1793,1
1556,15,1
1556,104,1
1556,1843,1
1556,1273,1
1556,132,1
1556,67,1
1556,333,1
1556,2152,1
1556,1110,1
1556,479,1
1556,692,1
1556,215,1
1556,230,1
1556,939,1
1556,1606,1
1556,1520,1
1556,1,1
1556,166,1
1557,0,1
1557,1654,1
1557,494,1
1557,1683,1
1557,73,1
1557,2,1
1557,2040,1
1557,671,1
1557,10,1
1557,13,1
1557,1076,1
1557,988,1
1557,600,1
1557,418,1
1557,1318,1
1558,71,1
1558,2225,1
1558,77,1
1558,1119,1
1558,17,1
1558,31,1
1558,394,1
1558,1672,1
1558,1880,1
1558,533,1
1558,1174,1
1558,19,1
1558,1532,1
1558,748,1
1558,456,1
1558,914,1
1558,817,1
1558,54,1
1558,1258,1
1559,40,1
1559,2383,1
1559,12,1
1559,263,1
1559,62,1
1559,176,1
1559,60,1
1559,639,2
1559,498,2
1559,2293,1
1559,998,1
1559,197,1
1559,259,1
1559,567,2
1559,285,1
1559,38,1
1559,1,2
1559,87,1
1559,1775,1
1559,729,1
1559,184,1
1560,764,1
1560,4,1
1560,466,1
1560,706,1
1560,1,1
1560,372,1
1560,310,1
1560,625,1
1560,354,2
1560,14,1
1560,2,1
1560,170,1
1560,1941,1
1560,16,1
1560,9,1
1560,15,1
1560,397,1
1560,210,1
1560,0,2
1560,1751,1
1560,1655,1
1560,651,1
1561,112,1
1561,810,1
1561,593,1
1561,25,1
1561,1,1
1561,1855,1
1561,1082,1
1561,132,1
1561,0,1
1561,441,1
1561,379,1
1561,273,1
1561,890,1
1561,1907,1
1561,154,1
1561,6,1
1561,33,1
1561,656,1
1561,1530,1
1562,83,1
1562,644,1
1562,481,2
1562,0,1
1562,1869,1
1562,10,1
1562,13,1
1562,18,1
1562,148,1
1562,50,1
1562,1075,1
1562,1302,1
1562,448,1
1562,17,1
1562,53,1
1562,952,1
1562,2109,1
1562,2302,1
1562,564,1
1562,1512,1
1562,97,1
1562,115,1
1562,91,1
1562,85,1
1562,416,1
1563,1307,1
1563,1955,1
1563,27,1
1563,436,1
1563,213,1
1563,1691,1
1563,0,1
1563,153,1
1563,174,1
1563,531,1
1563,83,1
1563,367,1
1563,63,1
1563,472,1
1563,96,1
1563,624,1
1563,363,1
1563,16,1
1563,948,1
1563,266,1
1563,760,1
1563,1042,1
1563,124,1
1563,1308,1
1564,80,1
1564,645,1
1564,160,1
1564,90,1
1564,68,1
1564,13,1
1564,386,1
1564,5,1
1564,2328,1
1564,1364,1
1564,236,1
1564,134,1
1564,1171,1
1564,82,1
1564,1295,2
1564,26,1
1564,1285,1
1564,489,1
1564,1437,1
1564,2118,1
1564,230,1
1564,98,1
1565,1945,1
1565,410,1
1565,126,1
1565,7,1
1565,2397,1
1565,58,1
1565,1,1
1565,743,1
1565,983,1
1565,24,1
1565,2,1
1565,173,1
1565,11,1
1565,8,1
1565,4,1
1565,342,1
1565,180,1
1565,2429,1
1565,2249,1
1565,417,1
1565,868,1
1565,1337,1
1565,503,1
1565,34,1
1565,731,1
1565,5,1
1565,183,1
1566,24,1
1566,2,1
1566,163,1
1566,65,1
1566,35,1
1566,502,2
1566,433,1
1566,1452,1
1566,231,1
1566,1109,1
1566,292,1
1566,39,1
1566,577,1
1566,31,1
1566,840,1
1566,67,1
1566,5,1
1566,1055,1
1566,394,1
1566,84,1
1566,1361,2
1566,142,1
1566,54,1
1566,427,1
1566,13,1
1566,14,1
1566,2117,1
1567,125,1
1567,1926,1
1567,449,1
1567,197,2
1567,4,1
1567,1670,3
1567,1434,1
1567,432,1
1567,1944,1
1567,1995,1
1567,31,1
1567,118,1
1567,50,1
1567,566,1
1567,1259,1
1568,1050,1
1568,1952,1
1568,42,1
1568,1831,1
1568,6,2
1568,1157,1
1568,566,1
1568,519,1
1568,252,1
1568,0,1
1568,1158,1
1568,818,1
1568,2199,1
1568,277,1
1568,72,1
1568,199,1
1568,1411,1
1568,1137,1
1568,222,1
1568,1610,2
1568,148,1
1568,2359,1
1568,395,1
1568,4,1
1568,1086,1
1568,246,1
1568,118,1
1568,794,1
1569,51,1
1569,31,1
1569,352,1
1569,1462,1
1569,97,3
1569,6,1
1569,69,1
1569,81,1
1569,29,1
1569,606,1
1569,1226,1
1569,1374,1
1569,1361,1
1569,115,1
1569,1722,1
1569,1565,1
1569,547,1
1570,40,1
1570,96,1
1570,90,1
1570,68,2
1570,416,2
1570,1558,2
1570,1582,1
1570,2073,1
1570,10,1
1570,13,1
1570,1836,1
1570,115,1
1570,202,2
1570,5,1
1570,2117,1
1570,2214,1
1570,387,1
1570,0,2
1570,1229,1
1570,600,1
1570,4,1
1570,1668,1
1570,3,1
1570,1044,1
1570,201,1
1570,679,1
1570,1026,1
1570,1281,1
1570,647,1
1570,476,1
1570,264,1
1570,231,1
1571,223,1
1571,181,2
1571,178,2
1571,22,1
1571,2030,1
1571,1878,1
1571,49,1
1571,5,1
1571,422,1
1571,235,1
1571,649,1
1572,457,2
1572,84,1
1572,738,1
1572,2354,1
1572,449,1
1572,787,1
1572,896,1
1572,958,1
1572,1267,1
1572,399,1
1572,441,1
1572,82,1
1572,5,1
1572,33,1
1572,427,1
1572,13,1
1572,1830,1
1572,1161,2
1572,25,2
1572,1485,1
1572,194,1
1572,169,1
1572,26,1
1573,659,1
1573,16,1
1573,288,3
1573,542,1
1573,1790,2
1573,490,1
1573,204,1
1573,63,1
1573,3,1
1573,279,1
1573,1142,1
1573,383,1
1573,13,1
1573,294,1
1573,50,1
1573,127,1
1573,368,1
1573,27,1
1573,116,1
1573,761,1
1573,217,1
1573,270,1
1573,1303,1
1573,1832,1
1574,1064,1
1574,4,2
1574,1865,1
1574,536,1
1574,34,1
1574,1736,1
1574,451,1
1574,62,1
1574,905,1
1574,202,1
1574,11,1
1574,8,1
1574,767,1
1574,768,1
1574,286,1
1574,50,1
1574,263,1
1574,930,1
1574,42,1
1574,39,1
1574,180,1
1574,0,1
1575,2,1
1575,384,1
1575,2159,2
1575,1365,1
1575,315,1
1575,400,1
1575,16,1
1575,1119,1
1575,159,1
1575,14,1
1575,15,1
1575,27,1
1575,999,1
1575,1007,1
1575,1430,1
1575,6,1
1575,36,1
1575,462,1
1575,1220,1
1575,554,1
1575,17,1
1575,22,1
1575,2022,1
1575,938,1
1575,790,1
1575,48,1
1575,23,1
1576,2,1
1576,190,1
1576,105,2
1576,77,1
1576,505,1
1576,467,1
1576,312,1
1576,7,3
1576,147,1
1576,136,1
1576,2033,2
1576,2035,1
1576,44,1
1576,1350,1
1576,956,2
1576,3,2
1576,52,1
1576,191,1
1576,36,1
1576,122,1
1576,0,2
1576,130,1
1576,28,1
1576,1911,1
1576,1058,1
1576,5,2
1576,781,1
1576,923,1
1576,617,1
1576,128,1
1576,2136,1
1576,269,1
1576,537,1
1576,150,1
1576,199,1
1576,1574,1
1576,146,1
1577,518,1
1577,323,1
1577,739,1
1577,183,1
1577,910,1
1577,2000,1
1577,104,1
1577,4,1
1577,216,1
1577,102,1
1577,2312,2
1577,140,2
1577,524,1
1577,5,2
1577,580,1
1577,484,1
1577,270,1
1577,0,2
1577,1355,1
1577,515,1
1577,6,1
1577,1152,1
1577,1285,2
1577,82,1
1577,2340,1
1577,2245,1
1577,1193,1
1577,380,1
1578,2,1
1578,190,1
1578,420,1
1578,1051,2
1578,326,2
1578,288,3
1578,1142,2
1578,1812,1
1578,1,5
1578,696,1
1578,433,1
1578,3,1
1578,546,1
1578,38,1
1578,1781,1
1578,70,1
1578,985,1
1578,16,1
1578,1478,1
1578,15,1
1578,204,1
1578,1687,1
1578,578,1
1578,151,1
1578,0,1
1578,154,1
1578,25,1
1578,1228,1
1578,431,1
1578,230,1
1578,126,1
1578,7,2
1578,266,1
1578,1572,1
1578,655,1
1578,485,2
1578,246,1
1578,118,1
1578,2021,1
1578,611,1
1579,2242,1
1579,335,1
1579,171,1
1579,1428,1
1579,1712,1
1579,1517,2
1579,1815,1
1579,1297,1
1579,2293,2
1579,2181,2
1579,253,1
1579,1865,1
1579,328,1
1579,1163,1
1579,2193,1
1579,177,1
1579,452,1
1579,10,1
1579,576,1
1579,7,1
1579,444,1
1579,350,1
1579,376,1
1579,156,1
1580,163,1
1580,2418,1
1580,1371,1
1580,0,2
1580,1051,1
1580,326,2
1580,1077,1
1580,151,1
1580,2260,1
1580,2277,1
1580,652,1
1580,1962,1
1580,133,1
1580,8,1
1580,920,1
1580,719,1
1580,2341,1
1580,7,1
1580,15,1
1581,2,1
1581,110,1
1581,323,1
1581,1108,1
1581,627,2
1581,1903,2
1581,177,1
1581,63,1
1581,7,2
1581,894,1
1581,368,2
1581,1370,1
1581,21,1
1581,2236,1
1581,20,1
1581,583,1
1581,73,1
1581,261,1
1581,8,1
1581,162,1
1581,814,1
1581,12,1
1581,1074,1
1581,393,1
1581,1548,1
1581,25,1
1581,1,1
1581,2405,1
1581,2046,1
1581,10,2
1581,2185,1
1581,288,1
1581,270,1
1581,1303,1
1581,466,1
1582,1995,1
1582,36,1
1582,170,1
1582,1941,1
1582,16,1
1582,1934,1
1583,124,1
1583,48,1
1583,23,1
1583,2342,1
1583,10,1
1583,13,1
1583,577,1
1583,217,2
1583,2338,1
1583,38,1
1583,792,1
1583,1186,1
1583,1816,1
1583,142,2
1583,54,3
1583,817,1
1583,1162,1
1583,953,1
1583,179,1
1583,271,1
1583,26,1
1583,14,1
1583,314,1
1583,325,1
1583,109,1
1584,762,1
1584,1351,1
1584,1936,1
1584,1,1
1584,29,2
1584,1240,1
1584,2281,1
1584,1922,1
1584,20,2
1584,1067,1
1584,1241,1
1584,1232,1
1584,32,1
1584,65,1
1584,184,1
1584,3,3
1584,163,1
1584,48,1
1584,23,1
1584,43,1
1584,1239,1
1584,75,1
1584,1229,1
1584,97,2
1584,993,1
1585,27,1
1585,154,1
1585,223,1
1585,151,1
1585,14,1
1585,572,1
1585,1420,1
1585,114,1
1585,11,1
1585,8,1
1585,1540,1
1585,1139,1
1585,172,1
1585,39,1
1585,162,1
1585,1446,1
1585,50,1
1585,0,1
1586,40,1
1586,96,1
1586,10,1
1586,13,1
1586,12,1
1586,706,1
1586,492,1
1586,34,1
1587,112,1
1587,431,1
1587,0,1
1587,246,1
1587,118,1
1587,726,1
1587,7,1
1587,1055,1
1587,1185,1
1587,42,1
1587,106,1
1587,103,1
1587,10,1
1587,13,1
1587,128,1
1587,527,1
1587,1980,1
1587,1506,1
1587,116,2
1587,51,1
1587,97,1
1587,311,1
1587,111,1
1588,2027,1
1588,20,1
1588,782,1
1588,315,1
1588,2347,1
1588,1312,1
1588,289,1
1588,2318,1
1588,10,1
1588,13,1
1588,4,1
1588,639,1
1588,498,1
1588,33,1
1588,805,1
1588,215,1
1588,1216,1
1589,908,1
1589,357,1
1589,976,1
1589,106,1
1589,1535,1
1589,165,1
1589,289,1
1589,115,1
1589,66,1
1589,501,1
1589,99,1
1589,661,1
1589,1167,1
1589,10,1
1589,13,1
1589,111,1
1589,648,1
1589,828,1
1589,126,1
1590,40,1
1590,96,1
1590,1563,1
1590,14,1
1590,192,1
1590,103,1
1590,1719,1
1590,677,1
1590,21,1
1590,3,1
1590,1153,1
1590,237,1
1590,37,1
1590,435,1
1590,543,1
1590,52,1
1590,762,1
1590,1873,1
1590,1280,1
1590,1,1
1590,2446,1
1590,53,1
1590,634,1
1590,775,1
1590,373,1
1590,43,1
1590,428,1
1590,648,1
1590,1409,1
1590,469,1
1591,2242,1
1591,117,1
1591,184,1
1591,1627,2
1591,24,1
1591,8,1
1591,1537,1
1591,221,1
1591,48,1
1591,23,1
1591,502,2
1591,60,1
1591,29,1
1591,2364,1
1591,904,1
1591,248,1
1591,506,1
1591,555,1
1592,36,2
1592,190,1
1592,12,1
1592,1403,1
1592,1548,1
1592,25,1
1592,1,2
1592,961,3
1592,1436,2
1592,38,2
1592,418,2
1592,538,2
1592,1778,2
1592,2026,1
1592,2293,1
1592,333,1
1592,1530,1
1592,189,1
1592,1674,1
1592,459,1
1592,233,1
1592,960,1
1592,350,1
1592,15,1
1592,0,1
1592,7,1
1592,1152,1
1593,779,1
1593,168,1
1593,204,1
1593,1062,1
1593,268,1
1593,1175,1
1593,101,1
1593,37,1
1593,1119,1
1593,896,1
1593,105,1
1593,80,1
1593,423,1
1593,2237,1
1593,55,1
1593,284,1
1594,1,1
1594,31,1
1594,1494,2
1594,1002,2
1594,2380,1
1594,645,1
1594,586,1
1594,1095,1
1594,910,1
1594,1415,1
1594,30,1
1594,584,1
1595,107,1
1595,326,1
1595,810,1
1595,2281,3
1595,23,2
1595,1847,1
1595,6,1
1595,445,1
1595,463,1
1595,0,1
1595,1721,1
1595,2186,1
1595,501,1
1595,258,1
1595,272,1
1595,48,1
1595,1716,1
1595,2383,1
1595,1175,1
1595,1262,1
1595,267,1
1596,379,1
1596,1001,1
1596,1130,1
1596,1310,1
1596,11,1
1596,8,2
1596,1108,1
1596,974,1
1596,1136,1
1596,812,1
1596,671,1
1596,297,1
1596,0,1
1596,363,1
1596,10,1
1596,13,1
1596,1816,1
1596,142,1
1596,54,1
1596,251,1
1596,33,1
1596,411,1
1596,1846,1
1596,662,1
1596,184,1
1596,51,1
1597,124,1
1597,2068,1
1597,598,1
1597,485,1
1597,1,1
1597,1668,1
1597,303,1
1597,0,2
1597,18,1
1597,410,1
1597,850,1
1597,2015,2
1597,2035,1
1597,142,1
1597,54,1
1597,432,1
1597,1198,1
1597,53,1
1597,314,1
1597,325,1
1597,1487,1
1597,654,1
1598,2,1
1598,2040,1
1598,493,1
1598,327,1
1598,0,2
1598,1499,1
1598,1689,1
1598,1844,1
1598,532,2
1598,2224,1
1598,661,1
1598,4,1
1598,2415,1
1598,412,1
1598,86,1
1598,246,2
1598,118,2
1598,291,2
1598,287,1
1598,774,1
1598,535,1
1598,9,1
1598,426,1
1598,1446,1
1598,50,1
1598,1286,1
1598,1685,1
1598,854,1
1598,1147,1
1599,99,1
1599,16,1
1599,1246,1
1599,223,1
1599,65,1
1599,35,1
1599,10,1
1599,13,1
1599,475,1
1599,531,1
1599,1029,1
1599,194,1
1599,629,1
1599,51,1
1599,2079,1
1599,417,1
1599,140,1
1599,388,1
1599,8,1
1599,4,1
1599,967,1
1599,31,1
1599,240,1
1600,2,1
1600,190,1
1600,420,1
1600,90,1
1600,68,1
1600,52,2
1600,450,1
1600,274,1
1600,552,1
1600,16,1
1600,2304,1
1600,2180,1
1600,1036,1
1600,261,1
1600,8,1
1600,1664,1
1600,1441,1
1600,10,1
1600,13,1
1600,337,1
1600,376,1
1600,26,1
1600,14,1
1600,15,1
1600,157,1
1600,39,1
1600,449,1
1600,1994,1
1600,1043,1
1601,663,1
1601,89,1
1601,1487,1
1601,133,1
1601,1951,1
1601,787,1
1601,487,1
1601,2253,1
1601,1401,1
1601,193,1
1601,63,1
1601,10,1
1601,1008,1
1601,225,1
1601,73,1
1601,1283,1
1601,17,2
1601,468,1
1601,1327,1
1601,2237,1
1601,55,1
1601,421,1
1601,84,1
1601,1156,1
1601,475,1
1601,33,1
1601,204,1
1601,614,1
1601,458,1
1601,965,1
1601,818,1
1601,0,1
1601,2090,1
1602,870,1
1602,1001,1
1602,93,1
1602,9,1
1602,2204,1
1602,17,1
1602,1115,1
1602,1224,1
1602,63,1
1602,34,1
1602,1286,1
1602,2185,1
1602,2289,1
1602,6,1
1602,1672,1
1602,1880,1
1603,2,1
1603,2238,1
1603,967,1
1603,563,2
1603,415,1
1603,2234,1
1603,83,1
1603,80,1
1603,363,1
1603,232,1
1603,2047,1
1603,669,1
1603,53,1
1603,1138,1
1603,8,1
1603,1954,1
1603,87,1
1603,1809,1
1603,1631,1
1603,1295,1
1603,209,1
1603,2433,1
1604,11,1
1604,8,2
1604,4,1
1604,931,2
1604,267,3
1604,128,1
1604,1211,1
1604,1372,1
1604,1549,1
1604,20,1
1604,1500,1
1604,0,1
1604,29,1
1604,955,1
1604,1698,1
1604,17,1
1604,1,1
1604,67,1
1604,328,1
1604,5,1
1604,1495,1
1604,1419,1
1604,91,1
1604,85,1
1605,2230,3
1605,432,1
1605,728,2
1605,50,1
1605,1651,1
1605,849,1
1605,229,2
1605,161,1
1605,469,1
1605,141,1
1605,535,1
1605,251,1
1605,1775,1
1605,1618,1
1605,184,1
1605,437,1
1605,89,1
1605,233,1
1605,144,1
1605,452,1
1606,1869,1
1606,77,2
1606,593,1
1606,1575,1
1606,19,1
1606,1376,1
1606,2,1
1606,1125,1
1606,105,1
1606,1320,1
1606,638,1
1606,1974,1
1606,128,1
1606,1346,1
1606,301,1
1606,579,1
1606,879,1
1606,0,3
1606,1353,1
1606,39,1
1606,1283,2
1606,2190,2
1606,549,1
1606,30,1
1606,2091,4
1606,11,1
1606,8,2
1606,143,1
1606,1,2
1606,3,3
1606,33,2
1606,48,1
1606,254,1
1606,49,1
1606,408,1
1606,994,1
1606,1466,1
1606,1058,1
1606,835,1
1606,1806,2
1606,601,1
1606,1505,1
1606,756,1
1606,1965,2
1606,1249,2
1606,234,1
1606,1963,1
1606,411,1
1606,259,1
1606,487,1
1606,2356,1
1606,647,1
1606,476,1
1606,4,1
1606,850,1
1606,198,1
1606,146,1
1607,135,1
1607,1926,2
1607,2231,1
1607,564,1
1607,259,1
1607,96,1
1607,2151,1
1607,1136,1
1607,378,1
1607,31,1
1607,30,2
1607,1892,1
1607,14,1
1607,90,1
1607,68,1
1607,2323,1
1607,100,1
1607,1378,1
1607,115,1
1607,102,1
1607,188,1
1607,1,1
1607,79,1
1607,622,1
1607,984,1
1607,1856,1
1607,1084,1
1607,1626,1
1608,6,1
1608,1082,1
1608,1123,1
1608,327,1
1608,0,2
1608,1350,1
1608,250,1
1608,288,1
1608,1899,1
1608,1407,1
1608,2415,2
1608,1,1
1608,2266,1
1608,1709,1
1608,71,1
1608,88,1
1608,1820,1
1608,33,1
1608,427,1
1609,11,1
1609,8,1
1609,366,1
1609,2241,1
1609,12,1
1609,554,1
1609,22,1
1609,47,1
1609,428,1
1609,112,1
1609,1826,1
1609,166,1
1609,906,2
1609,1535,1
1609,5,1
1609,48,1
1609,23,1
1609,1716,1
1609,96,1
1609,1234,1
1609,122,1
1609,72,1
1609,408,1
1609,994,1
1609,250,1
1609,121,1
1609,0,3
1609,899,1
1609,982,1
1609,161,1
1609,526,1
1610,2,1
1610,2333,1
1610,1732,1
1610,1,4
1610,2304,1
1610,2193,1
1610,26,1
1610,25,1
1610,2038,1
1610,184,1
1610,253,1
1610,2111,1
1610,746,1
1610,282,1
1610,1231,2
1610,606,1
1610,44,2
1610,66,1
1610,1968,1
1610,1723,1
1610,2122,1
1610,12,1
1610,1074,1
1610,393,1
1610,17,1
1610,51,1
1610,1858,1
1610,16,1
1610,1808,1
1610,89,1
1610,4,2
1610,0,1
1610,849,1
1611,135,1
1611,160,1
1611,295,1
1611,541,1
1611,257,1
1611,168,1
1611,1,1
1611,1894,1
1611,514,1
1611,328,1
1611,1960,1
1611,986,1
1611,533,1
1611,564,1
1611,2004,1
1611,1305,1
1611,391,1
1611,1458,1
1611,1084,1
1611,43,1
1611,1239,2
1611,75,2
1611,2024,2
1611,1219,2
1611,2150,1
1611,1571,1
1611,186,1
1611,658,1
1611,640,1
1611,506,1
1611,2111,1
1611,462,1
1611,104,1
1611,853,1
1611,1356,1
1611,24,1
1611,1426,1
1611,119,1
1611,1630,1
1611,985,1
1611,1059,1
1611,88,1
1611,576,1
1611,7,1
1611,1854,1
1611,1184,1
1611,270,1
1611,1303,1
1611,466,1
1612,36,1
1612,1126,1
1612,854,1
1612,2240,1
1612,7,2
1612,1640,1
1612,398,1
1612,589,1
1612,6,1
1612,1048,3
1612,562,1
1612,1343,1
1612,2302,1
1612,22,1
1612,5,1
1612,239,2
1612,149,1
1612,213,1
1612,273,1
1612,28,1
1612,19,1
1612,64,1
1612,117,1
1612,1225,1
1612,1556,1
1612,832,1
1612,208,1
1612,2283,1
1612,1396,1
1612,1,1
1612,523,1
1612,2310,1
1612,1189,1
1612,979,1
1612,387,1
1612,0,1
1612,720,1
1612,104,1
1612,4,1
1612,1645,1
1612,2090,1
1612,1202,1
1612,221,1
1612,409,1
1612,27,1
1612,875,1
1612,495,1
1612,375,1
1613,552,1
1613,112,1
1613,2082,1
1613,160,1
1613,735,1
1613,769,1
1613,50,1
1613,524,1
1613,5,1
1613,1505,1
1613,11,1
1613,268,1
1614,2,2
1614,384,1
1614,1758,1
1614,390,1
1614,182,1
1614,4,1
1614,151,1
1614,2243,2
1614,428,2
1614,648,1
1614,1409,1
1614,1562,1
1614,135,1
1614,160,1
1614,196,1
1614,795,1
1614,241,2
1614,529,1
1614,232,1
1614,1079,1
1614,51,1
1614,385,1
1614,951,1
1614,855,1
1614,810,1
1614,1584,1
1614,705,2
1614,127,1
1614,1,1
1614,91,1
1614,85,1
1614,508,1
1614,1927,1
1614,1090,1
1614,10,1
1614,225,1
1614,1465,1
1614,1676,1
1614,0,1
1615,24,1
1615,2,1
1615,173,1
1615,71,1
1615,283,1
1615,0,3
1615,900,1
1615,1716,1
1615,11,1
1615,8,1
1615,4,2
1615,5,1
1615,389,1
1615,1298,1
1615,108,1
1615,30,1
1615,303,1
1615,998,1
1615,491,1
1615,33,1
1615,2165,1
1615,752,1
1615,1982,1
1615,157,1
1615,262,1
1615,1513,1
1616,24,1
1616,2,1
1616,2082,1
1616,278,1
1616,12,2
1616,263,2
1616,62,3
1616,425,1
1616,76,1
1616,445,1
1616,463,1
1616,0,4
1616,273,1
1616,139,1
1616,1145,3
1616,1,2
1616,91,1
1616,85,1
1616,1805,1
1616,1422,1
1616,1140,2
1616,2213,1
1616,699,1
1616,250,1
1616,167,1
1616,1425,2
1616,34,1
1616,1148,1
1616,569,1
1616,912,1
1616,1741,1
1616,782,1
1616,179,1
1616,262,1
1616,2426,1
1616,94,1
1616,1527,1
1616,365,1
1616,1244,1
1616,597,1
1616,778,1
1616,897,1
1616,377,1
1616,208,1
1616,17,1
1616,610,1
1616,473,1
1616,404,1
1616,7,1
1616,631,1
1616,172,1
1616,524,1
1616,19,1
1616,64,1
1616,117,1
1616,4,2
1616,307,1
1616,104,1
1616,353,1
1616,520,1
1616,451,1
1616,644,1
1616,1277,1
1616,868,1
1616,2062,1
1617,125,1
1617,9,1
1617,2036,1
1617,1352,1
1617,168,1
1617,76,1
1617,216,1
1617,102,2
1617,0,2
1617,258,1
1617,272,1
1617,1235,1
1617,864,1
1617,43,1
1617,259,1
1617,891,1
1617,1546,1
1617,11,1
1617,8,1
1617,5,1
1617,389,1
1617,1301,1
1617,992,1
1617,539,1
1617,218,1
1617,74,2
1617,22,2
1617,6,1
1617,49,1
1617,2423,1
1618,125,1
1618,757,1
1618,356,1
1618,464,1
1618,2271,1
1618,177,1
1618,459,1
1618,218,2
1618,2365,1
1618,6,2
1618,381,3
1618,2234,1
1618,112,1
1618,2434,1
1618,691,1
1618,20,1
1618,1,1
1618,66,1
1618,0,2
1618,1047,1
1618,1579,1
1618,1071,1
1618,62,1
1618,250,1
1618,167,1
1618,1048,2
1618,24,1
1618,2,1
1618,678,1
1618,169,1
1618,2176,1
1618,1396,1
1618,113,1
1618,771,1
1618,278,1
1618,12,1
1618,345,1
1618,1000,1
1618,3,1
1618,2119,1
1618,1649,1
1618,1496,1
1618,806,1
1618,1645,1
1618,122,1
1618,720,1
1619,1106,2
1619,1645,2
1619,256,1
1619,112,2
1619,21,1
1619,0,1
1619,756,1
1619,912,1
1619,207,1
1619,41,1
1619,640,1
1619,122,1
1619,43,1
1619,1543,1
1619,731,1
1619,1048,1
1619,242,1
1619,1733,1
1619,2176,1
1619,1396,1
1619,14,1
1619,29,1
1619,2215,1
1619,212,1
1619,1525,1
1620,2,1
1620,189,1
1620,2348,1
1620,93,1
1620,9,2
1620,41,2
1620,1054,1
1620,2113,1
1620,42,1
1620,1621,1
1620,4,1
1620,389,2
1620,1564,1
1620,0,1
1620,56,1
1620,1663,1
1620,2265,1
1620,227,1
1620,644,1
1620,974,1
1620,631,1
1620,150,1
1620,250,1
1620,7,1
1620,2106,1
1620,204,1
1620,491,1
1620,937,1
1620,6,1
1620,1048,2
1620,562,2
1620,64,1
1620,152,2
1620,18,1
1620,1733,1
1620,2176,1
1620,1396,1
1620,1789,1
1620,2242,1
1620,535,1
1621,2,1
1621,1126,1
1621,1252,1
1621,75,1
1621,1438,1
1621,907,1
1621,1131,1
1621,305,1
1622,2,1
1622,2333,1
1622,776,1
1622,1066,1
1622,1536,1
1622,52,1
1622,1310,1
1622,43,1
1622,451,1
1622,62,1
1622,1681,1
1622,975,1
1622,1269,1
1622,20,1
1622,838,1
1622,18,1
1622,1075,1
1622,470,1
1622,19,1
1623,248,1
1623,506,1
1623,3,2
1623,90,1
1623,68,1
1623,674,1
1623,831,1
1623,1,2
1623,239,1
1623,523,1
1623,924,1
1623,337,1
1623,1751,1
1623,1049,2
1623,664,2
1623,0,3
1623,129,2
1623,1215,2
1623,253,1
1623,61,1
1623,2380,1
1623,24,1
1623,2,1
1623,173,1
1623,107,1
1623,2431,1
1623,83,1
1623,2140,1
1623,490,1
1623,204,1
1623,582,1
1623,316,3
1623,171,3
1623,6,4
1623,608,1
1623,23,1
1623,676,1
1623,70,2
1623,610,1
1623,473,1
1623,2102,1
1623,1315,1
1623,1842,1
1623,2092,1
1623,999,1
1623,2297,1
1623,1260,1
1623,825,1
1623,246,1
1623,118,1
1623,399,2
1623,296,1
1623,303,1
1624,2,1
1624,2333,1
1624,657,1
1624,645,1
1624,160,1
1624,129,1
1624,1613,1
1624,1857,1
1624,1693,2
1624,1570,2
1624,778,1
1624,0,4
1624,237,1
1624,377,1
1624,10,1
1624,13,1
1624,4,1
1624,56,1
1624,141,1
1624,586,1
1624,59,1
1624,1830,1
1624,1161,1
1624,25,1
1624,1,1
1624,30,1
1624,329,1
1624,2015,1
1624,1057,1
1624,2197,1
1624,53,1
1624,576,1
1624,7,1
1624,311,1
1624,1964,1
1624,1567,1
1625,192,1
1625,5,1
1625,1153,1
1625,1316,1
1625,831,1
1625,1,2
1625,248,1
1625,1470,1
1625,1963,1
1625,10,1
1625,472,1
1625,1332,1
1625,196,1
1625,446,1
1625,852,1
1625,28,1
1625,132,1
1625,734,1
1625,800,1
1625,2135,1
1625,18,1
1625,1398,1
1625,968,1
1626,2,1
1626,16,1
1626,1511,1
1626,521,1
1626,2297,1
1626,645,1
1626,160,1
1626,206,1
1626,47,1
1626,30,1
1626,676,2
1626,1,2
1626,70,1
1626,2102,1
1626,1315,1
1626,1842,1
1626,6,1
1626,74,1
1626,22,1
1626,19,1
1626,64,1
1626,117,1
1626,234,1
1626,1662,1
1626,414,1
1626,1208,1
1626,1898,1
1626,240,1
1626,2233,1
1626,651,1
1626,315,1
1626,1253,1
1626,2161,1
1626,212,1
1626,2298,1
1626,184,1
1626,3,1
1626,608,1
1626,45,1
1626,1022,1
1626,0,1
1626,166,1
1626,665,1
1627,2,1
1627,170,1
1627,76,1
1627,2255,1
1627,277,1
1627,409,1
1627,27,1
1627,139,1
1627,835,1
1627,227,1
1627,406,1
1627,146,1
1627,2179,1
1627,1756,1
1627,497,1
1627,2014,1
1627,36,1
1627,618,1
1627,57,1
1627,78,1
1627,2191,1
1627,222,1
1627,4,1
1628,2,1
1628,189,1
1628,897,2
1628,1,2
1628,307,2
1628,2083,2
1628,34,1
1628,867,1
1628,1535,1
1628,327,2
1628,0,2
1628,61,1
1628,1965,1
1628,44,1
1628,1589,1
1628,969,1
1628,7,1
1628,405,1
1628,75,1
1628,946,1
1628,691,1
1628,72,1
1628,1196,1
1628,621,1
1628,159,1
1628,642,1
1628,944,1
1629,40,1
1629,96,1
1629,2091,1
1629,800,1
1629,2309,1
1629,808,1
1629,1818,1
1629,1377,1
1629,203,1
1629,570,1
1629,1166,1
1629,315,1
1629,400,1
1629,674,1
1629,1899,1
1629,27,1
1629,780,2
1629,290,2
1629,777,1
1629,106,1
1629,119,1
1629,1630,1
1629,158,1
1629,1015,1
1629,2257,1
1629,1039,1
1629,1971,1
1630,1725,1
1630,62,1
1630,168,1
1630,625,1
1630,317,1
1630,0,3
1630,101,2
1630,1943,1
1630,700,1
1630,822,1
1630,25,1
1630,1,2
1630,12,1
1630,84,1
1630,56,1
1630,1080,1
1630,684,1
1630,632,1
1630,43,1
1630,626,1
1630,1515,1
1630,1057,1
1630,122,1
1630,154,1
1630,21,1
1630,3,1
1630,1298,1
1630,1429,1
1630,965,1
1630,818,1
1630,65,1
1630,125,1
1630,20,1
1630,691,1
1630,93,1
1630,444,1
1630,786,1
1630,1720,1
1630,408,1
1630,994,1
1630,88,1
1630,952,1
1630,2428,1
1630,1797,1
1631,2,1
1631,540,1
1631,1935,1
1631,356,1
1631,464,1
1631,276,1
1631,1014,1
1631,459,1
1631,2159,1
1631,2077,1
1631,60,2
1631,154,1
1631,1513,1
1631,1370,1
1631,2278,1
1631,0,2
1631,107,1
1631,391,1
1631,2349,1
1631,157,1
1631,437,1
1631,11,1
1631,8,1
1631,2392,1
1631,244,1
1632,408,1
1632,243,1
1632,593,1
1632,0,5
1632,783,1
1632,520,1
1632,20,1
1632,441,3
1632,359,1
1632,86,2
1632,373,1
1632,233,2
1632,144,1
1632,2451,1
1632,2448,1
1632,1383,1
1632,47,2
1632,33,2
1632,601,1
1632,122,1
1632,1160,1
1632,57,1
1632,78,1
1632,2191,1
1632,7,1
1632,2106,1
1632,1552,1
1632,36,1
1632,1066,1
1632,1536,1
1632,381,1
1632,2412,1
1632,6,1
1632,339,1
1632,818,1
1632,24,1
1632,984,1
1632,245,1
1632,163,1
1632,2368,1
1632,249,1
1632,1933,1
1632,2029,1
1632,30,1
1632,74,1
1632,22,1
1633,1886,1
1633,2031,1
1633,2202,1
1633,1,2
1633,548,1
1633,834,1
1633,162,1
1633,876,1
1633,42,1
1633,36,1
1633,1739,1
1633,130,2
1633,28,2
1633,34,1
1633,181,2
1633,178,2
1633,1427,1
1633,2422,1
1633,45,1
1633,202,1
1633,697,1
1633,468,2
1633,2218,1
1633,1515,1
1633,687,1
1633,2153,1
1633,409,1
1633,27,1
1633,436,1
1633,381,1
1633,70,1
1633,1356,1
1633,1210,1
1633,1856,1
1633,2330,1
1633,1514,1
1633,2033,1
1634,518,1
1634,66,1
1634,1018,1
1634,5,1
1634,0,2
1634,301,1
1634,200,1
1635,1099,2
1635,1444,1
1635,2016,1
1635,370,1
1635,182,1
1635,872,2
1635,1302,1
1635,1081,1
1635,1716,1
1635,121,1
1635,326,1
1635,9,1
1635,357,1
1635,446,1
1635,669,1
1635,1312,1
1635,242,2
1635,527,1
1635,3,1
1635,191,1
1635,1628,1
1635,15,1
1635,2012,1
1635,1196,1
1635,29,1
1635,1797,1
1635,30,1
1635,206,1
1635,2339,1
1635,398,1
1635,165,1
1635,369,1
1635,0,1
1635,36,1
1635,385,1
1635,362,1
1635,454,1
1635,1627,1
1635,1257,1
1635,80,1
1635,20,1
1635,2081,1
1635,368,1
1635,627,1
1635,1615,1
1635,1351,1
1635,1449,1
1635,297,1
1635,544,1
1635,7,1
1635,961,1
1635,5,1
1635,199,1
1635,49,1
1636,2,1
1636,170,1
1636,16,1
1636,0,3
1636,158,1
1636,3,2
1636,441,1
1636,120,1
1636,45,1
1636,937,1
1636,1578,1
1636,1797,1
1636,80,1
1636,20,1
1636,682,2
1636,179,2
1636,451,2
1636,520,2
1636,1680,1
1636,1671,1
1636,298,1
1636,660,1
1636,2285,1
1636,361,1
1636,17,1
1636,66,1
1636,807,1
1636,1246,1
1636,1369,1
1636,48,1
1636,23,1
1636,324,1
1636,2337,1
1637,24,1
1637,2,1
1637,173,1
1637,112,1
1637,766,1
1637,7,2
1637,199,1
1637,894,1
1637,821,1
1637,696,1
1637,433,1
1637,1583,1
1637,428,1
1637,966,1
1637,2053,2
1637,2150,1
1637,1172,1
1637,251,1
1637,45,1
1637,2009,1
1637,670,1
1637,21,1
1637,1052,1
1637,1641,1
1637,336,1
1637,2373,1
1637,751,1
1637,977,1
1637,86,1
1637,0,3
1637,445,2
1637,463,1
1637,381,1
1637,1429,1
1637,1871,1
1637,451,1
1637,437,1
1637,934,1
1637,6,1
1637,604,1
1637,530,1
1637,1210,1
1637,1786,1
1637,99,1
1637,167,1
1637,272,1
1637,101,1
1637,37,1
1637,2054,1
1637,623,1
1638,106,1
1638,2279,1
1638,1604,1
1638,1555,1
1638,34,1
1638,1453,1
1638,1388,1
1638,1651,1
1638,1681,1
1638,2206,1
1638,1794,3
1638,61,1
1638,150,1
1638,272,1
1638,9,1
1638,1313,2
1638,1944,1
1638,71,1
1638,1906,1
1639,34,1
1639,67,2
1639,575,1
1639,1292,1
1639,1,1
1639,56,2
1639,625,1
1639,687,2
1639,463,1
1639,381,1
1639,159,1
1639,2075,1
1639,59,2
1639,2,1
1639,462,1
1639,104,1
1639,1225,1
1639,520,1
1639,45,1
1639,394,1
1639,19,2
1639,763,1
1639,950,1
1639,977,1
1639,1272,1
1639,3,1
1639,766,1
1639,1584,1
1639,705,2
1639,217,1
1639,1066,1
1639,1544,1
1639,577,1
1639,31,1
1639,50,1
1639,202,1
1639,243,1
1640,125,1
1640,93,1
1640,9,3
1640,41,1
1640,296,1
1640,303,1
1640,0,2
1640,6,2
1640,1426,1
1640,715,1
1640,1570,1
1640,536,1
1640,258,1
1640,272,1
1640,1481,1
1640,1840,2
1640,154,1
1640,223,1
1640,2179,1
1640,925,1
1640,100,1
1640,1227,1
1640,321,1
1640,207,1
1640,437,1
1640,595,1
1640,3,1
1641,2,1
1641,897,1
1641,2254,1
1641,1333,2
1641,9,1
1641,159,2
1641,234,1
1641,642,1
1641,394,1
1641,53,2
1641,1537,1
1641,601,1
1641,1624,1
1641,1391,1
1641,2227,1
1641,1,2
1641,36,2
1641,634,1
1641,0,1
1641,1724,1
1641,381,1
1641,703,1
1641,6,2
1641,1853,2
1641,595,1
1641,7,1
1641,941,1
1641,49,1
1641,2447,1
1641,365,1
1641,905,1
1641,731,1
1641,979,1
1641,1251,1
1641,977,1
1641,122,1
1641,1845,1
1641,1305,1
1641,61,1
1641,5,1
1641,206,1
1641,2065,1
1641,1145,1
1641,1915,1
1641,2387,1
1641,59,1
1641,710,1
1641,18,1
1641,856,1
1642,106,1
1642,1583,1
1642,472,1
1642,96,1
1642,545,2
1642,164,1
1642,18,2
1642,1591,1
1642,2205,1
1642,115,2
1642,527,1
1642,14,1
1642,403,1
1642,0,7
1642,216,1
1642,102,1
1642,6,1
1642,315,1
1642,400,1
1642,2144,1
1642,649,1
1642,2235,1
1642,605,1
1642,113,2
1642,38,1
1642,1,1
1642,101,2
1642,37,2
1642,1300,1
1642,1094,1
1642,1652,1
1642,1980,1
1642,202,1
1642,142,1
1642,54,1
1642,786,1
1642,559,1
1642,80,1
1642,20,1
1643,2444,1
1643,298,1
1643,1194,1
1643,886,1
1643,6,3
1643,471,1
1643,836,1
1643,2315,1
1643,95,1
1643,660,1
1643,1995,1
1643,2182,1
1643,872,1
1643,258,1
1643,272,1
1643,1235,1
1643,1007,1
1643,1716,1
1643,96,1
1643,2135,1
1643,18,1
1643,575,1
1643,5,1
1643,74,4
1643,22,3
1643,2031,3
1643,649,1
1643,2235,1
1643,605,1
1643,31,1
1643,388,2
1643,1606,1
1643,443,1
1643,1717,1
1643,27,1
1643,211,1
1643,351,1
1643,774,3
1643,30,2
1643,717,3
1643,295,1
1643,541,1
1643,517,1
1643,113,1
1643,532,1
1643,403,1
1643,592,1
1643,0,1
1643,1,1
1643,683,1
1643,309,1
1643,1330,1
1643,2026,1
1643,557,1
1644,1860,1
1644,7,2
1644,239,1
1644,2111,1
1644,490,1
1644,204,1
1644,34,1
1644,17,1
1644,33,1
1644,1888,1
1644,638,1
1644,149,1
1644,1496,1
1644,1724,1
1644,0,1
1644,622,1
1644,359,1
1644,265,1
1644,734,1
1644,1,1
1644,2395,1
1645,1320,1
1645,50,1
1645,260,1
1645,1513,1
1645,599,1
1645,1347,1
1645,1606,1
1645,236,1
1645,134,1
1645,0,1
1645,382,2
1645,565,1
1645,4,1
1645,227,1
1645,472,1
1645,150,2
1645,406,1
1645,77,2
1645,39,1
1645,386,1
1645,5,3
1645,276,2
1645,147,1
1645,136,1
1645,626,1
1645,1682,1
1645,1466,1
1645,20,1
1645,105,1
1645,359,1
1645,245,1
1645,34,1
1645,1083,1
1645,47,1
1645,627,1
1646,106,2
1646,163,2
1646,284,2
1646,52,5
1646,320,5
1646,392,5
1646,514,1
1646,0,3
1646,2437,1
1646,227,1
1646,614,2
1646,458,3
1646,402,1
1646,1792,1
1646,557,1
1646,747,3
1646,232,1
1646,216,1
1646,951,1
1646,2440,1
1646,403,2
1646,1382,1
1646,621,1
1646,59,1
1646,1114,1
1646,17,1
1646,215,1
1646,1386,1
1646,119,1
1646,1630,1
1646,605,1
1646,537,2
1646,2121,2
1646,95,4
1646,1704,1
1646,879,1
1646,2161,1
1646,1427,1
1646,748,1
1646,456,1
1646,1894,1
1646,44,1
1646,1554,1
1646,60,2
1646,1440,1
1646,107,1
1646,802,1
1646,72,1
1647,2098,1
1647,120,2
1647,193,1
1647,80,1
1647,1,1
1647,15,2
1647,22,1
1647,210,1
1647,0,2
1647,1850,1
1647,2166,1
1647,876,1
1647,67,1
1647,1439,1
1647,1594,1
1647,1183,1
1647,27,1
1647,156,1
1647,4,1
1647,914,1
1647,2390,1
1647,932,1
1647,327,1
1648,25,3
1648,1,3
1648,692,1
1648,215,1
1648,1123,1
1648,1891,1
1648,69,1
1648,81,1
1648,2077,1
1648,24,1
1648,519,1
1648,262,1
1648,2218,1
1648,1156,1
1648,511,1
1648,1366,2
1648,0,2
1648,611,2
1648,2189,1
1648,1229,1
1648,1003,1
1648,365,1
1648,62,1
1648,645,1
1648,646,2
1648,1395,1
1648,765,1
1648,17,1
1648,1044,1
1648,1569,1
1648,1020,1
1648,1390,1
1648,631,1
1648,398,1
1648,53,1
1648,293,1
1648,55,1
1648,4,1
1648,1157,1
1648,138,1
1648,574,1
1648,1543,1
1648,58,1
1648,1435,1
1648,429,1
1648,909,1
1648,36,1
1648,1124,1
1648,766,1
1649,359,1
1649,1453,1
1649,1388,1
1649,2384,1
1649,1181,1
1649,7,1
1649,968,1
1649,28,1
1649,52,1
1649,18,1
1649,1,1
1649,445,1
1649,463,1
1649,0,2
1649,356,1
1649,831,1
1649,212,1
1649,1525,1
1649,71,1
1649,2010,1
1649,5,1
1649,1853,1
1649,1876,1
1649,1169,1
1649,1771,1
1649,1507,1
1649,131,1
1650,663,1
1650,89,1
1650,328,1
1650,2202,1
1650,869,1
1650,145,1
1650,329,1
1650,18,1
1650,753,1
1650,228,1
1650,2085,1
1650,295,1
1650,541,1
1650,1323,1
1650,815,1
1650,73,1
1650,1158,1
1650,1060,1
1650,591,1
1650,557,1
1650,1526,1
1650,164,1
1650,2012,1
1650,2044,1
1650,9,1
1650,1572,1
1650,1,2
1650,443,2
1650,2323,1
1650,378,1
1650,2153,1
1650,402,1
1650,0,1
1650,1445,1
1650,345,1
1650,197,1
1651,1843,1
1651,1622,2
1651,937,2
1651,210,1
1651,0,1
1651,1489,1
1651,177,1
1651,80,1
1651,451,2
1651,2239,1
1651,919,2
1651,415,1
1651,1535,1
1651,2141,1
1651,43,1
1651,1505,1
1651,1267,1
1651,1615,1
1651,1980,1
1651,101,2
1651,37,2
1651,496,1
1651,133,1
1651,461,1
1651,58,1
1651,2144,1
1651,787,1
1651,896,1
1651,314,1
1651,325,1
1651,542,1
1651,194,1
1651,1650,1
1652,2447,4
1652,1111,1
1652,2,1
1652,595,1
1652,638,1
1652,437,1
1652,1527,1
1652,2251,1
1652,359,3
1652,1750,2
1652,1045,2
1652,1924,3
1652,47,1
1652,30,1
1652,899,1
1652,1479,1
1652,149,1
1652,886,1
1652,0,4
1652,984,1
1652,1276,1
1652,187,1
1652,14,1
1652,353,1
1652,473,1
1652,1413,1
1652,1862,1
1652,258,1
1652,272,1
1652,442,1
1652,211,1
1652,61,1
1652,31,1
1652,101,1
1652,37,1
1652,1098,1
1652,880,1
1652,648,2
1652,666,1
1652,789,1
1652,975,2
1652,1181,1
1652,925,1
1652,2241,1
1652,21,1
1652,622,1
1652,783,1
1652,22,1
1653,1741,2
1653,1207,1
1653,186,1
1653,238,2
1653,19,1
1653,123,1
1653,2265,1
1653,1717,1
1653,27,1
1653,436,1
1653,755,1
1653,589,1
1653,169,1
1653,1326,1
1653,47,1
1653,1776,1
1653,160,1
1653,0,1
1653,206,1
1653,351,1
1653,24,1
1653,231,1
1653,213,1
1653,1168,1
1653,1089,1
1653,1868,1
1653,1454,1
1653,276,2
1653,769,1
1654,2381,1
1654,214,1
1654,654,2
1654,76,1
1654,1116,1
1654,1904,1
1654,1901,1
1654,100,1
1654,662,1
1654,767,1
1654,768,1
1654,258,1
1654,272,1
1654,9,1
1654,1577,1
1654,1715,1
1654,1635,1
1654,321,1
1654,207,1
1654,2132,1
1655,24,1
1655,490,1
1655,6,1
1655,539,1
1655,869,1
1655,1059,1
1655,668,1
1655,1906,1
1655,84,1
1655,2287,1
1655,59,1
1655,1644,1
1655,246,1
1655,118,1
1655,33,1
1655,741,2
1655,261,1
1655,8,1
1655,4,1
1655,61,1
1655,1325,1
1656,121,1
1656,1459,1
1656,712,1
1656,857,1
1656,981,1
1656,34,1
1656,271,1
1656,26,1
1656,3,2
1656,962,1
1656,2157,1
1656,722,1
1656,92,1
1656,349,1
1656,480,1
1656,1391,1
1657,1084,1
1657,1219,1
1657,50,1
1657,5,1
1657,295,1
1657,541,1
1657,40,1
1657,96,1
1657,964,1
1657,122,1
1657,0,3
1657,130,2
1657,28,2
1657,34,1
1657,677,1
1657,1109,1
1657,292,1
1657,39,1
1657,4,1
1657,683,1
1657,636,1
1657,2335,1
1657,2384,1
1657,1181,1
1657,7,1
1657,444,1
1657,244,1
1658,2,1
1658,678,1
1658,14,1
1658,682,1
1658,243,1
1658,807,1
1658,551,2
1658,187,1
1658,842,1
1658,973,2
1658,217,2
1658,2185,1
1658,701,1
1658,1,1
1658,239,1
1658,523,1
1658,1413,1
1658,0,1
1658,1277,2
1658,377,1
1658,429,1
1658,7,1
1658,6,1
1658,34,1
1658,262,1
1658,2063,1
1658,758,1
1658,676,1
1658,2297,1
1659,2,1
1659,189,1
1659,334,1
1659,1093,3
1659,354,2
1659,1229,2
1659,845,1
1659,3,1
1659,545,1
1659,1956,1
1659,153,1
1659,17,1
1659,639,1
1659,775,1
1659,1387,1
1659,448,2
1659,2281,1
1659,1068,1
1660,2,1
1660,385,1
1660,951,1
1660,1168,1
1660,1089,1
1660,299,4
1660,1160,1
1660,1,1
1660,130,1
1660,28,1
1660,759,2
1660,18,1
1660,231,1
1660,502,1
1660,359,1
1660,261,1
1660,8,1
1660,87,1
1660,5,1
1660,1853,1
1660,316,1
1660,157,1
1660,573,1
1660,387,1
1660,906,1
1660,1680,1
1660,244,1
1660,50,1
1660,2146,1
1661,348,1
1661,0,3
1661,16,1
1661,283,1
1661,1251,1
1661,88,1
1661,49,1
1661,581,1
1661,83,1
1661,407,1
1661,29,1
1661,1979,1
1661,10,1
1661,13,1
1661,4,1
1661,105,3
1661,2250,1
1661,784,1
1661,126,1
1661,27,1
1661,214,1
1661,1161,1
1661,25,1
1661,1,3
1661,2108,1
1661,273,1
1661,59,1
1661,1620,1
1661,1658,1
1661,1331,1
1661,17,1
1661,264,1
1661,14,1
1661,557,1
1661,783,1
1661,544,1
1661,818,1
1661,761,1
1661,922,1
1661,1025,1
1661,201,1
1662,2,1
1662,540,1
1662,75,3
1662,278,1
1662,12,1
1662,30,1
1662,2115,1
1662,1217,1
1662,0,4
1662,691,2
1662,473,2
1662,139,1
1662,5,1
1662,2105,1
1662,64,1
1662,152,1
1662,18,1
1662,2254,1
1662,391,1
1662,959,1
1662,1799,1
1662,1604,1
1662,236,1
1662,134,1
1662,41,1
1662,670,1
1662,148,1
1662,179,1
1662,262,1
1662,559,1
1662,487,2
1662,213,1
1662,856,1
1662,150,1
1662,1429,1
1662,1422,1
1662,19,1
1663,2127,1
1663,1553,1
1663,11,2
1663,8,2
1663,162,1
1663,19,1
1663,763,2
1663,950,1
1663,636,1
1663,1772,2
1663,150,1
1663,547,1
1663,2330,1
1663,237,1
1663,2024,1
1664,36,1
1664,2208,1
1664,56,2
1664,27,1
1664,273,1
1664,0,9
1664,413,1
1664,39,1
1664,43,1
1664,589,1
1664,1,1
1664,1054,3
1664,194,1
1664,636,1
1664,2168,1
1664,1770,1
1664,45,1
1664,1172,1
1664,18,1
1664,845,1
1664,356,1
1664,14,1
1664,615,1
1664,32,1
1664,369,1
1664,1924,2
1664,375,1
1664,12,2
1664,20,1
1664,556,1
1664,791,1
1664,1515,1
1664,1652,1
1664,101,1
1664,2188,1
1664,1532,1
1664,2075,1
1664,211,1
1664,626,1
1664,1045,2
1664,866,1
1664,1163,1
1664,880,1
1664,93,1
1664,9,2
1664,1933,1
1664,176,1
1664,2255,1
1664,2419,1
1664,7,1
1664,436,1
1664,2301,1
1664,391,1
1664,1604,1
1664,1311,1
1664,262,1
1664,819,1
1664,177,1
1664,1562,1
1664,41,1
1664,899,1
1664,1155,1
1664,153,1
1664,174,1
1664,364,2
1664,562,1
1664,534,1
1664,883,1
1664,3,1
1664,734,1
1664,800,1
1665,106,1
1665,163,1
1665,1049,1
1665,664,1
1665,302,2
1665,1171,1
1665,60,1
1665,1204,1
1665,1280,1
1665,9,1
1665,1895,1
1665,414,2
1665,11,2
1665,1723,1
1665,1013,1
1665,499,1
1665,108,1
1665,123,1
1665,331,1
1665,42,1
1665,79,2
1665,1688,1
1665,662,1
1665,0,1
1665,2005,1
1665,5,1
1665,33,1
1665,160,1
1665,48,1
1665,23,1
1665,507,1
1666,11,1
1666,8,1
1666,4,1
1666,1143,1
1666,0,4
1666,133,1
1666,2125,1
1666,1640,1
1666,1798,1
1666,194,1
1666,21,1
1666,1177,1
1666,2164,1
1666,262,1
1666,336,1
1666,359,1
1666,1750,1
1666,964,1
1666,37,1
1666,317,1
1666,979,1
1666,387,1
1666,206,1
1666,2135,1
1666,5,1
1666,191,1
1667,2,1
1667,170,1
1667,2348,1
1667,552,1
1667,1554,1
1667,373,1
1667,233,1
1667,14,1
1667,921,1
1667,0,1
1667,29,1
1667,30,1
1667,2105,1
1667,145,1
1667,564,1
1667,2439,1
1667,4,1
1667,1505,1
1667,336,1
1667,1345,1
1667,75,1
1667,187,1
1667,57,1
1667,78,1
1668,2,1
1668,888,1
1668,91,2
1668,85,2
1668,1871,1
1668,42,1
1668,1621,1
1668,0,1
1668,902,1
1668,1,1
1668,66,1
1668,589,1
1668,937,2
1668,17,1
1668,843,2
1668,2141,1
1668,7,1
1668,1155,1
1668,1788,1
1668,635,1
1668,1268,1
1668,31,1
1668,667,1
1668,969,1
1668,297,1
1668,253,1
1668,317,1
1669,2,1
1669,384,1
1669,1072,1
1669,829,1
1669,60,1
1669,1187,1
1669,9,1
1669,41,1
1669,1634,1
1669,0,3
1669,1134,1
1669,2259,2
1669,75,1
1669,258,1
1669,272,1
1669,61,1
1669,220,1
1669,558,1
1669,474,1
1669,1740,1
1669,7,1
1669,1863,3
1669,396,4
1669,832,1
1669,6,1
1669,437,1
1669,1284,1
1669,221,1
1669,31,2
1669,1755,1
1669,1351,1
1669,767,1
1669,2096,1
1669,2363,2
1669,155,1
1669,3,2
1669,306,1
1669,434,1
1669,1,1
1669,206,1
1669,57,1
1669,78,1
1669,431,1
1669,468,1
1669,198,1
1669,1038,1
1669,578,1
1669,151,1
1669,416,1
1669,1244,1
1670,135,1
1670,160,1
1670,48,1
1670,23,1
1670,60,1
1670,11,2
1670,268,1
1670,1166,1
1670,130,1
1670,28,1
1670,308,3
1670,352,1
1670,850,1
1670,474,1
1670,1094,1
1670,246,1
1670,118,1
1670,8,1
1670,577,1
1670,31,2
1670,0,1
1670,1488,2
1670,331,1
1670,161,1
1670,526,1
1670,76,1
1670,1129,1
1671,36,3
1671,678,1
1671,0,5
1671,1103,3
1671,1771,3
1671,1508,1
1671,2146,1
1671,298,2
1671,397,1
1671,520,1
1671,791,1
1671,753,1
1671,2427,1
1671,66,1
1671,531,2
1671,14,3
1671,2403,2
1671,769,1
1671,39,1
1671,4,1
1671,1854,1
1671,2381,2
1671,59,2
1671,26,1
1671,9,2
1671,19,3
1671,1311,1
1671,108,1
1671,123,1
1671,351,1
1671,871,1
1671,1032,1
1671,2227,2
1671,1426,1
1671,1776,1
1671,128,1
1671,256,1
1671,590,1
1671,1874,1
1671,1694,1
1671,57,1
1671,78,1
1671,895,1
1671,1116,1
1671,97,1
1671,2223,2
1671,20,1
1671,194,1
1671,1,2
1671,165,1
1671,43,1
1671,2,1
1671,1544,1
1671,93,1
1671,18,2
1671,548,1
1671,834,1
1671,162,1
1671,819,1
1671,7,1
1671,1028,1
1671,17,1
1671,840,1
1671,767,1
1671,1114,1
1671,330,1
1671,181,2
1671,178,2
1672,24,1
1672,2,1
1672,1148,1
1672,2257,1
1672,1039,1
1672,1329,1
1672,413,1
1672,805,1
1672,281,1
1672,1799,1
1672,1080,1
1672,839,1
1672,618,1
1672,704,1
1672,9,1
1672,50,1
1672,5,1
1672,470,1
1672,880,1
1672,809,1
1672,1768,1
1672,407,1
1672,842,1
1672,1368,1
1672,669,1
1672,3,1
1672,2025,1
1672,60,1
1672,425,1
1672,220,1
1673,2,1
1673,1,1
1673,642,1
1673,36,1
1673,678,1
1673,1739,1
1673,130,1
1673,1500,1
1673,259,1
1673,141,1
1673,43,1
1673,33,1
1673,2165,1
1673,1409,1
1673,90,1
1673,68,1
1673,72,2
1673,3,1
1673,199,1
1673,1103,1
1674,24,1
1674,2,1
1674,160,1
1674,826,1
1674,291,1
1674,2199,1
1674,60,1
1674,9,1
1674,192,1
1674,1727,1
1674,66,1
1674,20,2
1674,958,2
1674,796,2
1674,87,1
1674,290,2
1674,831,2
1674,165,1
1674,4,2
1674,1178,1
1674,61,2
1674,1325,1
1674,64,1
1674,152,1
1674,31,1
1674,2314,1
1674,369,1
1674,0,1
1674,1343,1
1674,5,1
1675,2,1
1675,290,1
1675,1333,1
1675,213,1
1675,1287,3
1675,547,1
1675,1033,1
1675,1116,1
1675,1851,1
1675,495,1
1675,1976,1
1675,1247,1
1675,308,4
1675,230,2
1675,2150,2
1675,482,1
1675,1704,1
1675,107,1
1675,2384,1
1675,1181,1
1675,18,1
1675,21,1
1675,2037,1
1675,2234,1
1675,33,1
1675,411,1
1675,0,1
1675,61,1
1676,4,1
1676,1668,1
1676,127,1
1676,0,2
1676,687,1
1676,208,1
1676,553,1
1676,1695,1
1676,2294,1
1676,1307,1
1676,2,1
1676,1739,1
1676,959,1
1676,75,1
1676,103,1
1677,1554,1
1677,866,1
1677,1537,1
1677,64,1
1677,152,1
1677,251,1
1677,265,1
1677,1143,1
1677,262,1
1677,1689,1
1677,1224,1
1677,921,1
1677,969,1
1677,766,1
1677,2254,1
1677,53,1
1677,179,1
1677,451,1
1677,62,1
1677,613,1
1677,1111,1
1677,150,1
1677,332,1
1678,2,1
1678,353,1
1678,1268,2
1678,2241,2
1678,1950,1
1678,1414,1
1678,0,3
1678,17,1
1678,53,2
1678,1537,1
1678,1701,1
1678,358,1
1678,1,3
1678,1640,1
1678,1292,1
1678,15,1
1678,50,1
1678,36,2
1678,1124,1
1678,1111,1
1678,1159,1
1678,18,1
1678,1733,1
1678,2176,1
1678,1396,1
1678,698,1
1678,351,1
1678,1969,1
1678,28,1
1678,1805,1
1678,595,1
1679,350,1
1679,147,1
1679,136,1
1679,1625,1
1679,542,1
1679,643,1
1679,238,1
1679,1634,1
1679,0,2
1679,42,1
1679,9,1
1679,1568,1
1679,1098,1
1679,128,1
1679,1346,1
1679,2,2
1679,385,1
1679,107,1
1679,1635,1
1679,321,1
1679,207,1
1679,41,1
1679,902,1
1679,2330,1
1679,260,1
1679,1793,1
1679,1227,1
1679,331,1
1679,1589,1
1679,157,1
1679,51,1
1679,1066,1
1679,1536,1
1679,5,1
1679,101,1
1679,37,1
1679,368,1
1679,1099,1
1679,32,1
1679,43,1
1679,1,1
1680,2,1
1680,170,1
1680,334,1
1680,237,3
1680,1007,1
1680,114,1
1680,119,1
1680,2044,1
1680,1489,1
1680,1641,1
1680,77,1
1680,502,1
1680,45,1
1680,283,1
1680,299,1
1680,260,1
1680,549,1
1680,2421,1
1680,1571,2
1680,212,1
1680,1524,1
1680,2374,1
1680,1165,1
1680,3,3
1680,17,3
1680,191,2
1680,12,1
1680,1921,1
1680,1017,1
1680,30,1
1680,807,1
1680,751,1
1680,301,1
1680,443,1
1680,242,1
1680,172,1
1680,451,1
1680,2268,1
1680,856,1
1680,2149,1
1680,224,1
1680,2403,1
1680,769,1
1680,453,1
1680,565,1
1680,162,1
1680,337,1
1680,623,1
1680,376,1
1680,1291,1
1680,1038,1
1680,1356,1
1681,2308,1
1681,299,1
1681,5,1
1681,24,1
1681,2,1
1681,1997,1
1681,735,1
1681,599,1
1681,369,1
1681,382,1
1681,1858,1
1681,2244,1
1681,7,1
1681,470,1
1681,880,1
1681,1382,1
1681,0,1
1681,75,1
1681,1888,1
1681,39,1
1681,162,1
1681,19,1
1681,1605,1
1681,1477,1
1682,40,1
1682,1755,1
1682,2453,1
1682,1590,3
1682,1529,1
1682,1216,3
1682,757,1
1682,605,1
1682,276,1
1682,238,5
1682,799,4
1682,2391,1
1682,1339,1
1682,1209,1
1682,493,1
1682,191,1
1682,1326,1
1682,542,1
1682,421,1
1682,2161,1
1682,1197,1
1682,29,1
1682,536,1
1682,577,1
1682,31,1
1682,1634,1
1682,572,1
1682,745,1
1682,429,1
1682,2392,1
1682,755,1
1682,1378,1
1682,448,1
1682,258,3
1682,272,3
1682,959,3
1682,75,3
1682,0,2
1682,246,1
1682,273,1
1682,1055,1
1683,2,2
1683,540,1
1683,1773,1
1683,534,1
1683,883,1
1683,831,1
1683,9,1
1683,1450,4
1683,304,1
1683,1029,1
1683,373,1
1683,36,4
1683,1126,1
1683,1556,2
1683,27,1
1683,1999,1
1683,22,1
1683,423,1
1683,667,1
1683,463,1
1683,381,1
1683,34,1
1683,0,5
1683,2451,1
1683,444,1
1683,59,1
1683,1124,1
1683,698,1
1683,2227,1
1683,24,1
1683,1539,1
1683,21,1
1683,3,1
1683,615,1
1683,1308,1
1683,139,1
1683,335,1
1683,1720,1
1683,53,1
1683,634,1
1683,364,2
1684,2,1
1684,189,1
1684,2434,1
1684,2240,1
1684,573,2
1684,1088,1
1684,215,1
1684,0,3
1684,15,1
1684,398,1
1684,66,1
1684,843,1
1684,243,2
1684,2116,2
1684,1218,2
1684,6,1
1684,735,1
1684,165,1
1684,44,1
1684,682,1
1684,2408,1
1684,14,1
1684,359,1
1684,1268,1
1684,595,1
1684,622,1
1684,124,1
1684,855,1
1684,21,1
1684,3,1
1684,316,1
1684,171,1
1684,70,1
1684,832,1
1684,1592,1
1684,157,1
1685,36,1
1685,0,4
1685,3,2
1685,304,1
1685,231,1
1685,2168,1
1685,206,1
1685,334,1
1685,119,1
1685,1547,1
1685,1,1
1685,248,1
1685,6,1
1685,147,1
1685,136,1
1685,1885,1
1685,915,1
1685,997,1
1685,1690,1
1685,1894,1
1685,767,1
1685,768,1
1685,2137,1
1685,784,1
1685,126,1
1685,47,1
1685,910,1
1686,94,1
1686,1164,3
1686,273,1
1686,430,1
1686,1531,1
1686,2,1
1686,462,1
1686,1220,1
1686,666,1
1686,250,1
1686,167,1
1686,1298,2
1686,6,1
1686,101,1
1686,37,1
1686,0,1
1686,1172,2
1686,1925,1
1686,67,1
1686,916,1
1686,4,1
1686,1241,1
1686,109,1
1686,880,1
1687,11,2
1687,268,2
1687,2010,1
1687,1218,1
1687,821,2
1687,390,1
1687,182,1
1687,4,1
1687,1854,1
1687,1,1
1687,248,1
1687,513,1
1687,245,1
1687,428,1
1687,666,1
1687,905,1
1687,696,1
1687,433,1
1687,272,1
1687,2412,1
1687,0,3
1687,405,1
1687,67,1
1687,168,2
1687,651,1
1687,12,1
1687,469,1
1687,141,1
1687,56,1
1687,452,1
1687,7,1
1687,2030,1
1687,1333,1
1687,139,1
1687,55,1
1687,97,1
1687,21,1
1687,2195,1
1687,595,1
1687,377,1
1687,492,1
1687,2313,1
1688,107,1
1688,1472,1
1688,1967,2
1688,502,1
1688,1372,1
1688,49,1
1688,916,1
1688,4,1
1688,840,1
1688,1185,1
1688,0,1
1688,352,1
1688,130,1
1688,28,2
1688,3,3
1688,260,2
1688,1514,1
1688,680,1
1688,653,1
1688,97,1
1688,734,1
1688,1012,2
1688,677,1
1688,1109,1
1688,292,1
1688,213,1
1688,1625,1
1688,2275,1
1689,24,1
1689,2,1
1689,173,1
1689,71,1
1689,16,1
1689,538,2
1689,931,4
1689,737,2
1689,395,1
1689,277,1
1689,732,1
1689,1360,1
1689,1059,3
1689,1259,1
1689,76,1
1689,1179,1
1689,34,1
1689,1534,1
1689,1711,1
1689,102,1
1689,33,1
1689,1297,1
1689,21,1
1689,3,2
1689,222,1
1689,1846,1
1689,144,1
1689,650,1
1689,274,1
1689,606,1
1689,267,1
1690,40,1
1690,93,1
1690,9,1
1690,11,1
1690,8,1
1690,421,1
1690,213,1
1690,224,3
1690,1757,2
1690,67,1
1690,528,1
1690,49,1
1690,561,1
1690,2192,1
1690,30,1
1690,74,1
1690,22,1
1690,59,1
1690,107,1
1690,1635,1
1690,321,1
1690,207,1
1691,2,1
1691,540,1
1691,1935,1
1691,356,1
1691,464,1
1691,74,1
1691,22,1
1691,1277,1
1691,1693,1
1691,623,1
1691,802,1
1691,72,1
1691,36,1
1691,385,1
1691,766,1
1691,975,1
1691,127,1
1691,765,1
1691,17,1
1691,0,1
1691,1490,1
1691,21,2
1691,20,1
1691,735,1
1691,759,1
1691,41,1
1691,53,2
1691,187,1
1691,921,1
1691,1537,1
1691,5,1
1691,206,1
1691,139,1
1691,720,1
1691,8,1
1691,4,1
1691,1871,1
1692,2,1
1692,170,1
1692,1554,1
1692,318,1
1692,64,2
1692,152,2
1692,406,1
1692,810,1
1692,1027,1
1692,415,2
1692,1069,1
1692,19,1
1692,1589,1
1692,9,1
1692,1973,1
1692,1683,1
1692,128,1
1692,1346,1
1692,149,1
1692,1407,2
1692,17,1
1692,734,1
1692,800,1
1692,18,1
1692,1189,1
1692,97,1
1692,171,1
1692,1160,1
1692,7,1
1692,75,1
1692,1111,1
1692,450,1
1692,107,1
1692,766,2
1692,74,1
1692,22,1
1692,0,1
1692,244,1
1692,1796,1
1692,262,1
1692,139,1
1692,835,1
1692,63,1
1692,3,1
1692,1351,1
1692,1936,1
1693,2,1
1693,3,1
1693,249,1
1693,118,1
1693,1321,1
1693,1579,1
1693,1541,1
1693,21,1
1693,139,1
1693,358,1
1693,19,1
1693,937,1
1693,4,1
1693,2354,1
1693,491,1
1693,1189,1
1693,197,1
1693,285,1
1693,38,1
1693,2273,1
1693,289,1
1693,1346,1
1693,1446,1
1693,533,1
1693,768,1
1693,950,1
1693,250,1
1693,1859,1
1693,563,1
1693,26,1
1694,2,1
1694,190,1
1694,420,1
1694,461,2
1694,1171,1
1694,14,1
1694,0,1
1694,1165,2
1694,852,1
1694,114,1
1694,776,1
1694,2048,1
1694,690,1
1694,350,1
1694,84,1
1694,961,1
1694,1436,1
1694,662,1
1694,297,1
1694,552,1
1694,481,1
1694,839,1
1694,746,1
1694,282,1
1694,423,1
1694,75,1
1694,1425,1
1695,28,1
1695,1802,2
1695,365,1
1695,128,1
1695,27,1
1695,295,1
1695,1821,1
1695,51,1
1695,97,1
1695,1485,1
1695,1,2
1695,1052,1
1695,53,1
1695,1678,1
1695,198,1
1695,146,1
1695,571,1
1695,139,1
1695,381,1
1695,19,2
1695,18,2
1695,1305,1
1695,231,1
1695,186,1
1695,815,1
1695,688,1
1695,227,1
1695,406,1
1695,2348,1
1695,2254,1
1695,642,1
1695,944,1
1695,325,1
1695,4,1
1695,1350,1
1695,1195,1
1695,1522,1
1695,235,1
1695,1848,1
1695,200,1
1695,591,1
1696,112,1
1696,1826,1
1696,2299,1
1696,2348,1
1696,24,1
1696,1424,1
1696,34,1
1696,245,1
1696,2380,1
1696,1,1
1696,685,1
1696,19,1
1696,64,1
1696,117,1
1696,1486,1
1696,2393,1
1696,2154,1
1696,199,1
1696,1083,1
1696,1078,1
1696,5,1
1696,130,1
1696,28,1
1696,1084,1
1696,0,1
1696,443,1
1697,2,1
1697,678,1
1697,3,1
1697,19,1
1697,64,1
1697,117,1
1697,4,1
1697,0,4
1697,516,1
1697,589,1
1697,29,1
1697,30,1
1697,296,1
1697,303,1
1697,144,1
1697,233,1
1697,1494,1
1697,1002,1
1697,6,1
1697,1156,1
1697,612,1
1697,7,1
1697,613,1
1697,795,1
1697,1501,1
1697,594,1
1697,1799,1
1698,125,1
1698,1975,1
1698,2054,1
1698,375,1
1698,618,1
1698,2138,1
1698,656,1
1698,1533,1
1698,24,1
1698,242,1
1698,11,1
1698,8,1
1698,898,1
1698,345,1
1698,869,1
1698,145,1
1698,816,1
1698,993,1
1698,2140,1
1698,1680,1
1698,391,1
1699,40,1
1699,1194,1
1699,2184,1
1699,10,1
1699,13,1
1699,3,1
1699,609,2
1699,1278,1
1699,1817,2
1699,2108,1
1699,260,1
1699,2061,1
1699,6,1
1699,687,1
1699,37,1
1699,2193,1
1699,443,1
1699,2422,1
1699,598,1
1699,4,1
1699,1356,1
1699,1421,1
1699,30,1
1699,1571,1
1699,5,1
1699,256,1
1699,1648,1
1700,40,1
1700,1249,1
1700,831,1
1700,9,1
1700,41,1
1700,0,2
1700,11,1
1700,8,1
1700,421,1
1700,2190,1
1700,1792,1
1700,17,1
1700,1670,2
1700,6,2
1700,309,1
1700,2291,1
1700,845,1
1700,698,1
1700,221,1
1700,31,1
1700,352,1
1700,1195,1
1700,1073,1
1700,59,1
1700,125,1
1700,563,1
1700,1769,1
1701,223,1
1701,2368,1
1701,5,1
1701,441,1
1701,27,1
1701,485,2
1701,479,1
1701,1546,1
1701,1197,1
1701,29,1
1701,1444,1
1701,453,1
1701,1,2
1701,695,1
1701,805,1
1701,1706,1
1701,657,1
1701,2067,1
1702,2,1
1702,540,1
1702,0,4
1702,206,1
1702,2065,1
1702,1191,1
1702,125,1
1702,757,1
1702,239,1
1702,1,2
1702,642,4
1702,944,3
1702,3,1
1702,474,2
1702,50,1
1702,159,2
1702,234,1
1702,36,2
1702,353,1
1702,1083,1
1702,941,2
1702,1845,1
1702,24,1
1702,1552,1
1702,53,1
1702,1537,2
1702,21,1
1702,1701,2
1702,358,2
1702,882,1
1702,601,2
1702,1640,2
1702,631,1
1702,325,1
1702,1006,1
1702,491,1
1702,94,1
1703,122,1
1703,1950,1
1703,575,1
1703,5,1
1703,734,1
1703,800,1
1703,706,1
1703,812,1
1703,919,1
1703,24,1
1703,2,1
1703,173,1
1703,1678,1
1703,278,1
1703,12,1
1703,1162,1
1703,71,1
1703,1965,1
1703,906,1
1703,336,1
1703,366,1
1703,283,1
1703,2442,1
1703,0,1
1703,902,1
1703,261,1
1703,720,1
1703,1758,1
1703,10,1
1703,13,1
1703,4,1
1703,1,2
1703,138,2
1703,1882,2
1703,31,1
1703,1342,1
1703,1237,1
1703,125,1
1703,2135,1
1703,954,1
1704,2,1
1704,1948,1
1704,423,1
1704,667,2
1704,1667,1
1704,1251,1
1704,318,1
1704,413,1
1704,584,1
1704,705,1
1704,3,1
1704,861,1
1704,1681,1
1704,869,1
1704,1877,1
1704,62,1
1704,905,1
1704,56,2
1704,921,1
1704,53,1
1704,1138,1
1704,8,1
1704,1146,1
1704,698,1
1704,0,1
1704,842,1
1704,70,1
1705,71,1
1705,2176,1
1705,1396,1
1705,1190,1
1705,0,1
1705,445,1
1705,159,1
1705,958,1
1705,1267,1
1705,2278,1
1705,811,1
1705,740,1
1705,1048,2
1705,562,1
1705,2042,1
1705,1432,1
1705,1224,2
1705,328,1
1705,408,1
1705,1263,1
1705,613,1
1705,1401,1
1705,63,1
1705,220,1
1706,2,1
1706,189,1
1706,224,1
1706,864,1
1706,52,1
1706,1249,1
1706,1194,1
1706,1052,1
1706,2009,1
1706,297,1
1706,5,1
1706,296,1
1706,303,1
1706,0,1
1706,443,1
1706,100,2
1706,660,2
1706,1,1
1706,711,1
1706,2167,1
1706,84,1
1706,845,1
1706,1276,1
1706,6,1
1706,2116,1
1706,261,1
1706,8,1
1706,1210,1
1707,2189,1
1707,2007,1
1707,1771,1
1707,1290,1
1707,1058,1
1707,645,1
1707,254,1
1707,1756,1
1708,907,1
1708,147,1
1708,136,1
1708,453,1
1708,9,1
1708,1,2
1708,24,1
1708,697,1
1708,681,1
1708,195,1
1708,224,1
1708,767,1
1708,2385,1
1708,442,1
1708,211,1
1708,112,1
1708,1577,1
1708,993,1
1708,630,1
1708,472,1
1708,96,1
1708,1237,1
1708,554,1
1708,1548,1
1708,25,1
1708,737,1
1709,71,1
1709,228,1
1709,2085,1
1709,131,1
1709,1923,2
1709,1884,1
1709,1179,1
1709,980,1
1709,150,1
1709,99,1
1709,167,1
1709,445,1
1709,1702,1
1709,63,1
1709,981,2
1709,302,1
1709,1746,1
1709,83,1
1709,407,1
1709,15,1
1709,204,1
1709,1245,1
1709,47,1
1709,30,1
1709,1859,1
1709,563,1
1709,1769,1
1709,153,1
1709,174,1
1709,137,1
1709,639,1
1709,498,1
1709,383,1
1709,1484,1
1709,6,1
1709,48,1
1709,23,1
1710,112,1
1710,989,1
1710,1504,1
1710,1839,2
1710,2334,1
1710,364,1
1710,1244,1
1710,211,1
1710,0,3
1710,1006,3
1710,491,1
1710,32,1
1710,901,1
1710,366,1
1710,1608,1
1710,1609,3
1710,2220,2
1710,5,3
1710,74,2
1710,22,2
1710,1811,1
1710,964,1
1710,42,1
1710,176,2
1710,6,1
1710,405,1
1710,941,2
1710,597,1
1710,4,1
1710,408,1
1710,1263,1
1710,413,1
1710,619,1
1710,2371,1
1710,556,1
1711,124,1
1711,1471,1
1711,93,1
1711,9,2
1711,658,1
1711,91,1
1711,85,1
1711,0,1
1711,20,1
1711,1368,1
1711,14,1
1711,579,1
1711,456,1
1711,1510,1
1711,79,1
1711,351,1
1711,1,1
1711,2405,1
1711,2046,1
1711,514,1
1711,660,1
1711,1445,1
1711,164,1
1711,147,1
1711,136,1
1711,15,1
1711,2296,1
1711,1551,1
1711,82,1
1711,357,1
1712,2031,1
1712,1970,1
1712,168,1
1712,59,1
1712,1717,1
1712,27,1
1712,436,1
1712,1843,1
1712,403,1
1712,668,1
1712,321,1
1712,207,1
1712,2250,1
1712,975,1
1713,71,1
1713,659,1
1713,16,1
1713,724,1
1713,556,1
1713,1,2
1713,1155,2
1713,791,1
1713,97,1
1713,2177,1
1713,1979,1
1713,369,1
1713,0,1
1713,100,1
1713,1085,1
1713,11,1
1713,268,1
1713,666,1
1713,1035,1
1713,1199,1
1713,187,1
1713,301,1
1713,1489,1
1713,12,1
1713,263,1
1713,520,1
1713,304,1
1713,157,1
1713,88,1
1713,179,1
1713,1543,1
1713,731,1
1713,694,1
1713,1509,1
1714,1073,1
1714,560,1
1714,1718,2
1714,2,1
1714,384,1
1714,93,1
1714,9,1
1714,654,1
1714,1,1
1714,1151,1
1714,231,1
1714,1109,1
1714,378,1
1714,331,1
1714,292,1
1714,244,1
1714,866,1
1714,1247,1
1714,121,1
1715,552,1
1715,1287,2
1715,278,1
1715,426,1
1715,460,1
1715,430,1
1715,3,1
1715,17,1
1715,352,1
1715,258,1
1715,1473,1
1715,1577,1
1715,428,1
1715,107,1
1715,1635,1
1715,236,1
1715,134,1
1715,7,1
1715,147,1
1715,136,1
1715,52,1
1715,224,1
1715,561,1
1715,217,1
1715,1256,1
1715,492,1
1715,1323,1
1715,45,1
1715,27,2
1715,1445,2
1716,44,1
1716,1350,1
1716,766,1
1716,139,1
1716,31,1
1716,42,1
1716,1619,1
1716,228,1
1716,1338,1
1716,56,1
1716,625,1
1716,1792,4
1716,17,4
1716,1078,2
1716,491,2
1716,1955,1
1716,732,2
1716,807,1
1716,2,1
1716,2348,1
1716,34,1
1716,591,1
1716,278,1
1716,12,1
1716,2188,1
1716,2113,1
1716,670,1
1716,21,1
1716,705,1
1716,1915,1
1716,1154,1
1716,713,1
1716,544,1
1716,756,1
1716,1392,1
1716,207,1
1716,41,1
1717,24,1
1717,2,1
1717,173,1
1717,696,1
1717,433,1
1717,1271,1
1717,106,2
1717,16,1
1717,1377,1
1717,2279,1
1717,1172,1
1717,1162,1
1717,1818,1
1717,504,1
1717,214,1
1717,2358,1
1717,260,1
1717,1091,1
1717,1148,1
1717,132,1
1717,636,1
1717,528,1
1717,9,1
1717,11,2
1717,8,2
1717,1986,1
1717,107,1
1717,1635,1
1717,1555,1
1717,2066,1
1717,70,1
1717,1851,1
1717,495,1
1717,275,1
1717,1,2
1717,6,1
1717,144,1
1717,622,1
1717,577,1
1717,1291,1
1717,683,1
1718,36,1
1718,384,1
1718,790,1
1718,90,1
1718,68,1
1718,0,4
1718,404,5
1718,3,1
1718,356,1
1718,464,1
1718,2139,1
1718,549,1
1718,359,1
1718,1417,1
1718,946,1
1718,2083,1
1718,2447,1
1718,181,1
1718,178,1
1718,5,1
1718,259,1
1718,223,1
1718,316,1
1718,43,1
1718,10,1
1718,13,1
1718,551,3
1718,1145,1
1718,386,1
1718,879,1
1718,61,1
1718,253,1
1718,735,1
1718,1520,1
1718,7,1
1718,897,1
1718,20,1
1718,514,1
1718,2110,1
1718,778,1
1718,14,1
1718,2,1
1718,1415,1
1718,53,2
1718,634,1
1718,1650,1
1718,1345,1
1718,1691,1
1718,1845,1
1718,785,1
1719,1022,1
1719,0,3
1719,1652,1
1719,280,1
1719,155,1
1719,304,1
1719,445,1
1719,463,1
1719,381,1
1719,2253,1
1719,42,1
1719,1083,1
1719,566,1
1719,970,1
1719,535,1
1719,161,1
1719,40,1
1719,96,1
1719,356,1
1719,464,1
1719,11,1
1719,8,1
1719,4,2
1719,901,1
1719,366,1
1719,1608,1
1719,562,2
1719,260,1
1719,5,1
1719,1232,1
1719,107,1
1719,377,1
1719,331,1
1720,2,1
1720,384,1
1720,790,1
1720,811,2
1720,821,1
1720,696,1
1720,433,1
1720,3,2
1720,239,1
1720,9,1
1720,2406,1
1720,1308,1
1720,428,2
1720,1892,1
1720,1,1
1720,65,1
1720,35,1
1720,43,1
1720,2149,1
1720,630,1
1720,11,1
1720,8,1
1720,2391,1
1720,474,1
1720,12,1
1720,501,1
1720,234,1
1720,882,1
1720,1021,1
1720,521,1
1720,1164,1
1720,2261,1
1720,1372,1
1720,49,1
1720,1038,1
1720,107,1
1720,595,1
1720,867,1
1720,921,1
1720,1158,1
1720,1060,1
1720,669,1
1720,1056,1
1720,2430,1
1721,2,1
1721,189,1
1721,312,1
1721,7,2
1721,93,1
1721,119,1
1721,2041,1
1721,1172,1
1721,18,1
1721,1269,1
1721,4,1
1721,403,1
1721,36,1
1721,1124,1
1721,2240,1
1721,228,1
1722,2202,3
1722,12,1
1722,221,1
1722,115,2
1722,191,2
1722,1739,1
1722,100,1
1722,478,1
1722,1249,1
1722,1426,1
1722,9,1
1722,2284,1
1723,124,2
1723,766,1
1723,130,3
1723,28,3
1723,528,1
1723,1219,1
1723,590,1
1723,773,2
1723,1,1
1723,1693,1
1723,695,1
1723,805,1
1723,1234,1
1723,122,1
1723,43,1
1723,630,1
1724,1297,1
1724,1185,1
1724,1590,1
1724,133,1
1724,112,1
1724,60,1
1724,16,1
1724,1091,1
1724,1214,2
1724,15,1
1724,0,2
1724,1044,1
1724,1569,1
1724,2143,1
1724,128,1
1724,769,1
1724,327,1
1724,448,1
1724,1841,1
1725,121,1
1725,722,1
1725,76,1
1725,275,1
1725,668,1
1725,2,1
1725,1581,1
1725,371,1
1725,145,1
1725,119,2
1725,2041,1
1725,402,1
1725,211,1
1725,0,1
1725,379,1
1725,1197,1
1725,29,1
1725,858,1
1725,231,1
1725,1569,1
1725,70,1
1725,166,1
1725,1039,1
1726,2,1
1726,347,1
1726,873,1
1726,781,1
1726,923,1
1726,753,1
1726,1230,1
1726,565,1
1726,1552,1
1726,61,1
1726,361,1
1726,264,1
1726,1181,1
1726,1011,1
1726,295,1
1726,541,1
1726,505,1
1726,1131,2
1726,4,1
1726,12,2
1726,1377,1
1726,1031,1
1726,202,1
1726,162,1
1726,814,1
1726,1173,1
1726,2375,1
1726,1930,1
1726,891,1
1727,831,1
1727,1508,1
1727,666,1
1727,1387,1
1727,2,1
1727,341,1
1727,102,1
1727,52,1
1727,1255,1
1727,10,1
1727,19,1
1727,107,1
1727,7,1
1727,403,1
1727,889,1
1727,1,1
1728,135,1
1728,131,1
1728,313,1
1728,94,1
1728,91,1
1728,85,1
1728,797,1
1728,1201,2
1728,124,1
1728,769,1
1728,597,1
1728,261,1
1728,8,1
1728,4,1
1728,2179,1
1728,12,1
1728,745,1
1728,1724,1
1729,60,1
1729,1645,1
1729,122,1
1729,1773,1
1729,534,1
1729,883,1
1729,22,1
1729,1799,1
1729,200,1
1729,11,1
1729,8,2
1729,305,1
1729,879,1
1729,75,1
1729,83,1
1729,2140,1
1729,2126,1
1729,10,1
1729,13,2
1729,1195,2
1729,51,1
1729,1279,1
1729,0,1
1729,2454,1
1729,270,1
1729,486,2
1729,1989,1
1729,187,1
1729,33,2
1729,427,1
1729,705,1
1729,61,1
1729,2271,1
1729,177,1
1729,821,1
1729,2442,1
1729,411,1
1729,1231,1
1729,366,1
1729,162,1
1729,19,1
1729,1603,1
1729,82,1
1729,5,1
1729,191,1
1730,186,1
1730,62,1
1730,1,1
1730,5,1
1730,1352,1
1730,835,1
1730,1758,1
1730,984,1
1730,1276,1
1730,206,1
1730,1583,1
1730,889,1
1730,61,2
1730,1535,1
1730,0,1
1730,165,1
1730,992,1
1730,289,1
1730,115,1
1731,11,1
1731,8,3
1731,1653,2
1731,2049,3
1731,75,2
1731,520,1
1731,1270,1
1731,145,1
1731,271,1
1731,26,1
1731,14,1
1731,306,1
1731,649,1
1731,88,1
1731,351,1
1731,505,1
1731,543,1
1731,377,1
1731,1239,1
1731,457,1
1731,491,1
1731,1313,3
1731,259,1
1731,1875,1
1731,84,1
1731,1187,1
1731,9,1
1731,41,1
1731,309,1
1731,845,1
1732,1232,2
1732,1190,1
1732,881,1
1732,113,2
1732,771,2
1732,806,1
1732,278,1
1732,12,1
1732,24,1
1732,2,1
1732,173,1
1732,1310,1
1732,844,1
1732,401,1
1732,917,1
1732,0,2
1732,2420,1
1732,87,1
1732,422,1
1732,235,1
1732,5,1
1732,317,1
1732,562,1
1732,64,1
1732,152,1
1732,975,1
1732,61,1
1732,155,1
1732,3,1
1732,740,1
1733,649,1
1733,1268,1
1733,0,2
1733,366,1
1733,1608,1
1733,1,2
1733,997,1
1733,5,1
1733,1050,1
1733,1952,1
1733,2002,1
1733,445,1
1733,18,1
1733,283,1
1733,1154,1
1733,1879,1
1733,435,1
1733,4,1
1733,1048,1
1733,562,1
1733,1396,1
1734,353,2
1734,1730,1
1734,5,2
1734,139,1
1734,67,1
1734,581,2
1734,0,5
1734,843,2
1734,482,1
1734,2106,1
1734,39,1
1734,4,1
1734,70,1
1734,1,1
1734,42,1
1734,215,1
1734,2105,2
1734,318,1
1734,44,1
1734,831,1
1734,24,1
1734,2,1
1734,173,1
1734,112,1
1734,534,1
1734,1678,1
1734,1663,1
1734,2265,1
1734,59,1
1734,1024,1
1734,232,1
1734,41,1
1734,1311,1
1734,552,1
1734,34,1
1734,1543,1
1734,731,1
1734,694,2
1734,1252,1
1734,72,1
1734,1720,1
1734,30,1
1734,995,1
1734,152,1
1734,18,1
1734,1300,1
1734,732,1
1734,14,2
1734,345,1
1735,107,1
1735,1827,1
1735,2348,1
1735,76,1
1735,684,1
1735,22,1
1735,993,1
1735,630,1
1735,582,1
1735,163,1
1735,21,1
1735,553,1
1735,27,1
1735,225,1
1735,70,1
1735,625,1
1735,750,1
1735,18,1
1735,393,1
1735,655,1
1735,51,1
1735,1259,1
1735,1292,1
1735,201,1
1736,154,1
1736,1886,1
1736,1219,1
1736,149,1
1736,1494,1
1736,1002,1
1736,1312,1
1736,289,1
1736,345,1
1736,2052,1
1736,1077,1
1736,11,3
1736,7,1
1736,33,1
1736,880,1
1736,8,2
1736,31,1
1736,296,1
1736,303,1
1736,0,1
1736,130,1
1736,28,1
1736,725,1
1736,1605,1
1736,622,1
1736,2346,1
1737,75,2
1737,2082,1
1737,959,1
1737,1589,1
1737,0,2
1737,398,1
1737,400,1
1737,307,1
1737,1442,1
1737,710,1
1737,18,1
1737,691,1
1737,1833,1
1738,2427,1
1738,206,1
1738,186,2
1738,63,2
1738,916,1
1738,299,1
1738,50,1
1738,1733,1
1738,26,1
1738,1376,1
1738,823,1
1738,827,1
1738,448,1
1738,614,1
1738,1,1
1738,442,1
1738,1290,1
1738,45,1
1738,12,1
1738,263,1
1738,62,1
1738,514,1
1738,736,1
1738,1945,1
1738,518,1
1738,307,1
1738,304,1
1739,869,1
1739,176,1
1739,3,1
1739,269,1
1739,460,1
1739,159,1
1739,796,1
1739,117,1
1739,2393,1
1739,2,1
1739,462,1
1739,104,1
1739,733,1
1739,1256,1
1739,60,1
1739,284,1
1739,0,1
1739,874,1
1739,845,1
1739,956,1
1739,446,1
1739,584,1
1739,2190,1
1740,1361,1
1740,1227,1
1740,321,1
1740,207,1
1740,41,2
1740,20,1
1740,1632,1
1740,176,1
1740,3,1
1740,615,2
1740,572,1
1740,0,1
1740,5,1
1740,6,1
1740,216,1
1740,102,1
1740,28,2
1740,4,3
1740,1565,1
1740,40,1
1740,315,2
1740,2347,2
1740,788,2
1740,19,2
1740,11,1
1740,8,1
1740,699,1
1740,12,1
1740,831,1
1740,9,1
1740,130,1
1740,1602,1
1740,922,1
1740,1695,1
1741,552,1
1741,1417,1
1741,1773,1
1741,534,1
1741,883,1
1741,1413,1
1741,0,1
1741,445,1
1741,463,1
1741,525,1
1741,53,1
1741,1268,1
1741,391,1
1741,1601,1
1741,45,1
1741,176,1
1741,3,2
1741,1057,1
1741,1824,1
1741,555,1
1741,1054,1
1741,18,1
1741,1734,1
1741,696,1
1741,433,1
1741,1167,1
1742,11,2
1742,136,1
1742,1458,2
1742,528,1
1742,75,1
1742,725,1
1742,2053,1
1742,716,1
1742,66,1
1742,130,1
1742,28,1
1742,5,1
1742,15,1
1742,499,1
1742,656,1
1742,1533,1
1742,12,1
1742,209,1
1742,2147,1
1742,137,1
1742,147,1
1743,984,1
1743,1932,1
1743,1007,2
1743,1387,1
1743,1085,1
1743,33,1
1743,1523,1
1743,3,1
1743,676,1
1743,1484,1
1743,40,1
1743,2383,1
1743,6,1
1743,48,1
1743,23,1
1743,1118,1
1743,176,1
1743,2006,1
1743,980,1
1743,807,1
1743,66,2
1743,234,1
1743,1456,1
1743,165,1
1743,1296,1
1743,1040,1
1744,379,1
1744,933,1
1744,242,1
1744,907,1
1744,1131,1
1744,30,1
1744,79,1
1744,1192,1
1744,998,1
1744,1521,1
1744,273,1
1744,552,1
1744,296,1
1744,303,1
1744,0,4
1744,127,1
1744,12,1
1744,1173,1
1744,6,1
1744,317,1
1744,283,1
1744,2223,1
1744,1642,1
1744,1685,1
1744,1856,1
1744,391,1
1744,3,2
1744,61,1
1744,137,1
1744,980,1
1744,48,1
1744,23,1
1745,154,2
1745,75,1
1745,1021,1
1745,1728,1
1745,1838,1
1745,1552,1
1745,618,1
1745,867,1
1745,5,1
1745,11,1
1745,8,1
1745,4,1
1745,369,1
1745,0,4
1745,15,2
1745,321,1
1745,207,1
1745,27,1
1745,1445,1
1745,112,1
1745,45,1
1745,670,1
1745,21,1
1745,649,1
1745,2235,1
1745,101,1
1745,77,1
1745,2106,3
1745,6,2
1745,37,1
1745,843,2
1745,917,1
1745,820,1
1745,33,1
1745,2165,1
1745,925,1
1745,770,1
1745,218,1
1745,223,1
1745,1501,1
1745,594,1
1745,157,1
1745,413,1
1745,555,1
1745,679,1
1745,10,1
1745,1008,1
1745,225,1
1745,26,1
1745,14,1
1746,1160,2
1746,245,2
1746,24,1
1746,2,1
1746,173,1
1746,71,1
1746,1566,1
1746,2195,1
1746,75,1
1746,1308,1
1746,139,2
1746,83,1
1746,2140,1
1746,2421,1
1746,1058,2
1746,1680,1
1746,1750,1
1746,964,1
1746,1609,1
1746,37,1
1746,481,1
1746,1,1
1746,248,1
1746,2002,1
1746,33,1
1746,994,1
1746,1466,1
1746,644,1
1746,487,1
1746,854,1
1746,334,1
1746,977,1
1746,112,1
1746,59,1
1746,2387,1
1746,394,1
1746,1155,1
1746,2061,1
1746,571,1
1746,19,1
1746,2283,1
1746,201,1
1746,1066,1
1746,1536,1
1746,5,1
1746,573,1
1747,124,1
1747,766,1
1747,585,3
1747,273,1
1747,1624,1
1747,2442,1
1747,146,1
1747,589,1
1747,60,1
1747,455,1
1747,814,1
1747,12,1
1747,1632,1
1747,2034,1
1747,212,1
1747,1524,1
1747,282,1
1747,7,1
1747,795,1
1747,1800,1
1747,520,1
1747,1,1
1747,1348,1
1748,1185,1
1748,696,1
1748,433,1
1748,3,1
1748,316,1
1748,171,1
1748,11,1
1748,8,1
1748,421,1
1748,572,1
1748,655,1
1748,2020,1
1748,802,1
1748,0,2
1748,2447,1
1748,1202,1
1749,2,1
1749,462,1
1749,104,1
1749,4,1
1749,1490,2
1749,42,1
1749,167,1
1749,353,1
1749,37,1
1749,0,1
1749,901,1
1749,105,1
1749,1247,1
1749,1421,1
1749,24,1
1749,1239,1
1749,53,1
1749,293,1
1749,766,1
1749,1515,1
1750,1145,1
1750,356,1
1750,666,1
1750,1380,1
1750,7,1
1750,2,1
1750,524,1
1750,2113,1
1750,202,1
1750,212,1
1750,1525,1
1750,342,1
1750,180,1
1750,1052,1
1750,1666,1
1750,215,1
1750,0,1
1750,969,1
1750,2082,1
1750,351,1
1750,494,1
1750,1997,1
1750,1,1
1750,488,1
1750,477,1
1750,2196,1
1750,866,1
1750,1247,1
1750,157,1
1750,33,1
1750,1472,1
1750,1066,1
1750,1536,1
1750,28,1
1750,1028,1
1751,2,1
1751,888,1
1751,819,1
1751,1560,1
1751,133,1
1751,847,1
1751,6,2
1751,100,1
1751,589,1
1751,3,1
1751,84,2
1751,11,1
1751,8,1
1751,1772,1
1751,1269,1
1751,1078,1
1751,491,1
1751,192,1
1751,1540,1
1751,5,1
1751,22,1
1751,547,1
1751,1735,1
1752,408,1
1752,472,1
1752,96,1
1752,101,1
1752,37,1
1752,1470,1
1752,437,1
1752,63,1
1752,1931,1
1752,1209,1
1752,1699,1
1752,978,1
1752,10,1
1752,13,1
1752,615,1
1752,847,1
1752,300,1
1752,55,1
1752,657,1
1752,1756,1
1752,1133,1
1753,75,1
1753,1625,1
1753,2019,1
1753,553,1
1753,1695,1
1753,261,1
1753,8,1
1753,371,1
1753,858,1
1753,1,1
1753,205,1
1753,46,1
1753,1539,1
1753,21,1
1753,1258,1
1753,50,1
1753,2146,1
1753,53,1
1753,70,1
1753,900,1
1753,6,1
1754,2,1
1754,1528,1
1754,16,1
1754,0,1
1754,605,1
1754,472,1
1754,96,1
1754,15,1
1754,2296,1
1754,751,1
1754,232,1
1754,1361,1
1754,749,1
1754,1593,1
1754,104,1
1754,184,1
1754,1467,1
1754,119,1
1754,74,2
1754,22,2
1754,2269,1
1754,1186,1
1754,1,1
1755,24,1
1755,2,1
1755,1187,1
1755,9,1
1755,1035,1
1755,956,1
1755,1898,1
1755,1,2
1755,240,1
1755,2279,1
1755,1065,1
1755,133,1
1755,3,2
1755,2414,1
1755,664,1
1755,2415,1
1755,18,1
1755,60,1
1755,12,1
1755,13,1
1755,176,1
1755,1607,1
1755,565,1
1755,1096,1
1755,52,1
1755,1844,1
1755,605,1
1755,57,1
1755,354,1
1756,327,1
1756,0,4
1756,144,1
1756,25,1
1756,1,5
1756,158,1
1756,1692,1
1756,73,1
1756,685,1
1756,186,1
1756,306,3
1756,434,1
1756,183,1
1756,363,1
1756,424,1
1756,111,1
1756,1510,1
1756,608,1
1756,1955,1
1756,439,1
1756,24,1
1756,2,1
1756,173,1
1756,2450,1
1756,1326,1
1756,1456,1
1756,281,2
1756,435,1
1756,1847,1
1756,195,1
1756,428,1
1756,1336,1
1756,255,1
1756,230,1
1756,288,1
1756,1842,1
1756,1708,1
1756,624,2
1756,1384,1
1756,98,1
1756,313,1
1756,228,1
1756,839,1
1756,746,1
1756,282,1
1756,1881,1
1756,1327,1
1756,395,1
1756,294,1
1756,192,1
1756,479,1
1756,650,1
1756,200,1
1756,212,1
1756,1525,1
1756,10,1
1756,13,1
1756,1091,1
1756,45,1
1756,1043,1
1756,1738,1
1756,1112,1
1756,990,1
1756,1829,1
1756,7,1
1757,4,1
1757,2092,2
1757,999,1
1757,1646,1
1757,1260,1
1757,1,3
1757,610,1
1757,473,1
1757,0,2
1757,2102,1
1757,1315,1
1757,786,1
1757,559,1
1757,123,1
1757,155,1
1757,7,1
1757,2213,1
1757,836,1
1757,15,1
1757,93,1
1758,24,2
1758,2,2
1758,173,1
1758,552,1
1758,1589,1
1758,0,1
1758,764,1
1758,2241,1
1758,75,1
1758,22,1
1758,34,1
1758,242,1
1758,2227,2
1758,1239,1
1758,57,1
1758,78,1
1758,1021,1
1758,638,1
1758,1,1
1758,248,1
1758,1059,1
1758,771,1
1758,172,1
1758,145,1
1758,720,1
1759,1497,2
1759,1,1
1759,0,5
1759,231,1
1759,566,1
1759,1715,1
1759,1472,1
1759,270,1
1759,5,1
1759,3,3
1759,811,1
1759,2116,3
1759,1218,3
1759,211,1
1759,120,1
1759,59,1
1759,159,1
1759,72,1
1759,107,1
1759,1635,1
1759,321,1
1759,207,1
1759,41,1
1759,208,1
1759,297,1
1759,101,1
1759,37,1
1759,960,1
1759,1949,1
1759,430,1
1759,1504,1
1759,820,1
1759,647,1
1759,162,1
1759,1446,1
1759,50,1
1759,950,1
1759,785,1
1759,304,1
1759,963,1
1759,141,1
1759,1098,1
1759,880,1
1760,135,1
1760,90,1
1760,68,1
1760,489,1
1760,1951,1
1760,169,1
1760,26,1
1760,740,1
1760,2373,1
1760,751,1
1760,1243,1
1760,12,1
1760,1771,1
1760,654,1
1760,194,1
1760,1697,1
1760,390,1
1760,182,1
1760,50,1
1760,358,1
1760,108,1
1760,162,1
1760,1446,1
1760,2369,1
1760,877,1
1760,3,1
1760,153,1
1760,174,1
1760,1070,1
1760,566,1
1761,2,1
1761,110,1
1761,25,3
1761,1,3
1761,101,1
1761,37,1
1761,1123,1
1761,1511,1
1761,521,1
1761,7,1
1761,90,1
1761,68,1
1761,11,1
1761,8,1
1761,12,1
1761,1337,1
1761,69,1
1761,1725,1
1761,145,1
1761,67,1
1761,695,1
1761,1290,1
1761,10,1
1761,225,1
1761,52,1
1761,285,1
1761,38,1
1761,266,1
1761,281,1
1761,2438,1
1762,2,1
1762,170,1
1762,2017,1
1762,351,1
1762,1,1
1762,105,1
1762,77,1
1762,1406,1
1762,757,1
1762,356,1
1762,464,1
1762,256,1
1762,636,1
1762,71,1
1762,2440,1
1762,619,1
1762,1958,1
1762,735,1
1762,1038,1
1762,3,1
1762,1770,1
1762,1653,1
1762,14,1
1762,408,1
1762,994,1
1762,1333,1
1762,33,1
1762,1159,1
1762,6,1
1763,2,1
1763,190,1
1763,420,1
1763,682,2
1763,243,2
1763,675,1
1763,1016,1
1763,1,3
1763,72,1
1763,970,1
1763,1022,1
1763,103,1
1763,14,1
1763,147,1
1763,136,1
1763,2028,1
1763,1206,1
1763,1577,1
1763,6,1
1763,968,1
1763,0,2
1763,443,1
1763,112,1
1763,75,1
1763,366,1
1763,428,1
1763,40,1
1763,96,1
1763,353,1
1763,806,1
1763,1645,1
1763,122,1
1763,2318,1
1763,24,1
1763,1239,1
1763,433,1
1763,2326,1
1763,2434,2
1763,145,3
1763,1764,1
1763,1413,1
1763,66,1
1763,373,1
1763,67,2
1763,1534,1
1763,1479,1
1763,11,1
1763,8,1
1763,1089,1
1763,166,1
1763,553,1
1763,1695,1
1763,562,1
1763,86,1
1763,1207,1
1763,1916,1
1763,187,1
1763,1164,1
1763,622,1
1763,720,1
1763,114,1
1763,60,1
1763,855,1
1763,1536,1
1763,2426,1
1763,16,1
1763,1804,1
1763,1188,1
1763,1905,1
1763,80,1
1764,11,1
1764,569,1
1764,274,1
1764,3,1
1764,1850,1
1764,800,1
1764,290,1
1764,1743,2
1764,172,1
1764,409,1
1764,192,1
1764,914,1
1764,148,1
1764,179,1
1764,271,1
1764,26,1
1764,1876,1
1764,397,1
1764,1354,1
1765,106,1
1765,2202,1
1765,1483,1
1765,1908,1
1765,621,1
1765,0,1
1765,2378,1
1765,39,1
1765,669,1
1765,11,1
1765,268,1
1765,1978,1
1765,1272,1
1766,2,2
1766,540,1
1766,1935,1
1766,356,1
1766,464,1
1766,1834,1
1766,336,1
1766,28,1
1766,882,1
1766,1796,1
1766,1539,1
1766,21,2
1766,888,1
1766,444,1
1766,926,1
1766,0,3
1766,339,1
1766,20,1
1766,15,1
1766,11,2
1766,8,2
1766,1486,1
1766,562,1
1766,2283,1
1766,1,1
1766,548,1
1766,2367,1
1766,1866,1
1766,75,1
1766,4,1
1766,231,1
1766,1109,1
1766,292,1
1766,213,1
1766,1066,1
1766,1720,1
1767,519,1
1767,1293,1
1767,1418,1
1767,1246,1
1767,223,1
1767,1465,3
1767,1676,1
1767,0,1
1767,1529,1
1767,53,1
1767,603,1
1767,255,1
1767,524,1
1767,5,1
1767,281,1
1767,1968,1
1767,475,2
1767,1067,1
1767,1631,1
1767,1092,1
1767,468,1
1767,194,1
1768,1544,1
1768,2,1
1768,462,1
1768,104,1
1768,4,1
1768,296,1
1768,303,1
1768,43,1
1768,155,1
1768,3,1
1768,422,2
1768,235,2
1768,774,2
1768,1199,1
1768,862,1
1768,16,1
1768,1170,1
1768,36,1
1768,385,1
1768,951,1
1768,1924,1
1768,7,1
1768,1,1
1768,208,1
1769,2,1
1769,190,1
1769,16,1
1769,842,1
1769,121,1
1769,19,1
1769,64,1
1769,117,1
1769,421,1
1769,2013,1
1769,298,1
1769,1438,1
1769,1732,1
1769,1256,1
1769,1788,1
1769,1,1
1769,548,1
1769,834,1
1769,162,1
1769,876,1
1769,42,1
1769,176,1
1769,0,1
1769,15,1
1769,398,1
1769,693,1
1769,134,1
1769,137,1
1769,980,1
1769,191,1
1769,851,1
1769,1044,1
1769,703,1
1769,404,1
1769,4,1
1769,1206,1
1769,12,1
1769,263,1
1769,62,1
1770,2,1
1770,888,1
1770,766,1
1770,1482,4
1770,1052,1
1770,926,1
1770,0,3
1770,643,1
1770,2385,1
1770,67,1
1770,1048,1
1770,680,1
1770,653,1
1770,1143,1
1770,1106,1
1770,1833,1
1770,1796,1
1770,193,1
1770,80,1
1770,20,1
1770,1275,1
1770,89,1
1770,58,1
1770,270,1
1770,486,1
1770,461,1
1770,1992,1
1770,116,1
1770,1,1
1771,2,1
1771,190,1
1771,420,1
1771,353,1
1771,151,1
1771,2170,1
1771,702,1
1771,359,1
1771,1750,1
1771,61,1
1771,267,1
1771,771,1
1771,1745,1
1771,1413,1
1771,0,3
1771,463,1
1771,1154,2
1771,1824,1
1771,261,1
1771,8,2
1771,4,1
1771,1037,1
1771,1725,1
1771,33,1
1771,411,1
1771,162,1
1771,19,1
1771,763,1
1771,950,1
1771,1682,1
1771,2395,1
1771,369,1
1771,269,1
1771,1969,1
1772,154,1
1772,223,1
1772,141,1
1772,0,3
1772,105,2
1772,77,2
1772,2033,1
1772,107,1
1772,391,1
1772,34,2
1772,542,1
1772,487,1
1772,1,1
1772,2069,1
1772,33,1
1772,272,1
1772,280,1
1772,6,1
1772,1963,1
1772,1835,1
1772,79,1
1772,10,1
1772,13,1
1772,4,2
1772,1189,1
1772,294,1
1772,1733,1
1772,26,1
1773,71,1
1773,1384,1
1773,819,1
1773,7,3
1773,1666,1
1773,1563,2
1773,991,1
1773,98,1
1773,2039,1
1773,83,1
1773,63,1
1773,20,1
1773,107,1
1773,1472,1
1773,2243,1
1773,777,1
1773,638,1
1773,200,1
1773,657,1
1773,426,1
1773,1068,1
1773,0,3
1773,53,1
1773,2299,1
1773,877,1
1773,1012,1
1773,10,1
1773,58,1
1773,22,1
1773,1118,1
1773,222,1
1773,1,2
1773,442,1
1773,211,1
1773,1447,1
1773,354,1
1773,47,1
1773,2186,1
1773,1177,1
1773,2164,1
1773,109,1
1773,1286,1
1774,1410,1
1774,817,1
1774,54,1
1774,18,1
1774,612,1
1774,1009,1
1774,271,1
1774,26,1
1774,156,1
1774,315,1
1774,13,1
1774,4,1
1774,576,1
1774,377,1
1774,304,1
1774,0,1
1774,144,1
1774,394,1
1774,8,1
1774,1285,1
1774,53,1
1774,293,1
1774,285,1
1774,38,1
1774,1,1
1774,686,1
1774,778,1
1774,2045,1
1774,367,1
1775,11,1
1775,8,1
1775,482,1
1775,466,1
1775,1,1
1775,219,4
1775,813,1
1775,183,1
1775,331,1
1775,292,1
1775,59,1
1775,286,1
1775,1416,1
1775,5,2
1775,10,1
1775,225,2
1775,230,1
1775,98,1
1775,504,1
1775,214,1
1775,27,2
1775,436,1
1775,0,2
1775,14,1
1775,1499,1
1775,277,1
1776,1012,1
1776,327,1
1776,2035,1
1776,1159,1
1776,2450,1
1776,1326,1
1776,695,1
1776,805,1
1776,1493,1
1776,918,1
1776,1287,1
1776,7,1
1776,3,2
1776,2109,1
1776,985,1
1776,218,1
1776,461,1
1776,6,1
1776,67,1
1776,1520,1
1776,956,1
1776,1898,1
1776,505,1
1776,1031,1
1776,802,1
1776,209,2
1776,747,2
1776,1110,1
1776,879,1
1776,1116,1
1776,14,1
1776,1499,1
1776,27,1
1776,436,1
1776,435,1
1776,264,1
1776,556,1
1776,4,1
1776,108,1
1776,733,1
1777,125,1
1777,757,1
1777,1497,1
1777,811,1
1777,2134,1
1777,31,1
1777,547,1
1777,1518,1
1777,1025,1
1777,1282,1
1777,159,1
1777,206,1
1777,2430,1
1777,1540,1
1777,2301,1
1777,1853,1
1777,359,1
1777,1272,1
1777,3,1
1777,1908,1
1777,463,1
1777,381,1
1778,351,1
1778,1,2
1778,93,1
1778,9,1
1778,550,1
1778,1814,1
1778,161,2
1778,526,2
1778,11,2
1778,8,2
1778,12,2
1778,369,1
1778,0,2
1778,1660,1
1778,226,1
1778,1325,1
1778,409,2
1778,192,1
1778,1727,1
1778,32,1
1778,2416,1
1778,1352,1
1778,221,1
1778,27,1
1778,1278,1
1778,107,1
1778,1252,1
1779,260,1
1779,197,1
1779,525,1
1779,2361,1
1779,253,1
1779,516,1
1779,767,1
1779,169,1
1779,26,1
1779,742,1
1779,267,1
1779,60,1
1779,781,1
1779,123,1
1779,59,1
1779,51,2
1779,2132,1
1779,338,1
1779,146,1
1779,629,1
1779,1,1
1779,1191,1
1779,2090,1
1780,19,1
1780,1995,1
1780,2424,1
1780,870,1
1780,1001,1
1780,2,1
1780,110,1
1780,193,1
1780,63,1
1780,981,1
1780,1,2
1780,22,1
1780,1329,2
1780,1783,1
1780,1883,1
1780,1069,1
1780,91,1
1780,85,1
1780,275,1
1780,1576,1
1780,1681,1
1780,8,1
1780,105,1
1780,14,1
1780,280,2
1780,56,1
1780,243,1
1780,0,2
1780,15,2
1780,1581,1
1780,2345,1
1780,629,1
1780,51,1
1780,277,1
1780,778,1
1781,2205,1
1781,2051,1
1781,7,1
1781,20,1
1781,1020,1
1781,1522,1
1782,2,1
1782,540,1
1782,1935,1
1782,356,1
1782,464,1
1782,22,2
1782,112,1
1782,2434,1
1782,1,3
1782,66,1
1782,7,3
1782,165,1
1782,1342,1
1782,365,2
1782,62,2
1782,406,1
1782,168,1
1782,784,1
1782,126,1
1782,604,1
1782,530,1
1782,2393,1
1782,1522,1
1782,533,1
1782,19,1
1782,64,1
1782,117,1
1782,4,2
1782,969,1
1782,75,1
1782,280,1
1782,270,1
1782,621,1
1782,0,2
1782,39,1
1782,162,1
1782,221,1
1782,31,1
1782,74,1
1782,883,1
1782,875,1
1782,1496,1
1782,806,1
1782,1645,1
1782,122,1
1782,2113,1
1782,2189,1
1783,1848,1
1783,2080,1
1783,1962,1
1783,20,2
1783,66,1
1783,709,1
1783,165,1
1783,104,1
1783,6,1
1783,275,1
1783,522,1
1783,391,1
1783,236,1
1783,134,1
1783,0,1
1783,1053,1
1784,71,1
1784,278,1
1784,12,2
1784,1173,1
1784,185,1
1784,263,1
1784,62,1
1784,626,1
1784,358,1
1785,40,1
1785,1034,1
1785,93,1
1785,9,1
1785,41,1
1785,352,2
1785,1704,1
1785,494,1
1785,1367,1
1785,2435,1
1785,308,4
1785,2373,1
1785,751,1
1785,1681,1
1785,2450,1
1785,1326,1
1785,1024,1
1785,934,1
1785,0,1
1785,1061,1
1785,1133,1
1785,400,1
1785,1358,1
1785,19,1
1785,64,1
1785,117,1
1785,4,1
1785,2162,1
1785,2177,1
1785,32,1
1785,29,1
1785,1341,1
1785,315,1
1785,2347,1
1786,460,1
1786,2098,1
1786,16,1
1786,130,1
1786,28,1
1786,1178,1
1786,1263,1
1786,15,1
1786,204,1
1786,5,1
1786,158,1
1786,128,1
1786,2084,2
1786,1013,1
1786,1364,1
1786,1624,1
1786,965,1
1786,13,1
1786,268,1
1786,666,1
1786,785,1
1786,63,1
1786,1416,1
1786,1,1
1786,372,1
1786,310,1
1787,2,1
1787,1126,1
1787,15,1
1787,630,1
1787,5,1
1787,1834,1
1787,882,3
1787,28,2
1787,1021,1
1787,45,1
1787,599,2
1787,162,1
1787,1350,2
1787,94,1
1787,127,1
1787,1105,1
1787,24,1
1787,0,2
1787,56,1
1787,1376,1
1787,1022,1
1787,42,1
1787,916,1
1787,120,1
1787,44,1
1787,389,1
1787,93,1
1787,1305,1
1787,12,1
1787,263,1
1787,62,1
1787,2126,1
1787,880,1
1787,821,1
1787,408,1
1787,1263,1
1787,2428,1
1787,2251,1
1787,1764,1
1787,1321,1
1787,1479,1
1787,984,1
1787,22,1
1787,1751,1
1787,236,1
1787,134,1
1788,127,2
1788,884,2
1788,338,2
1788,181,2
1788,178,2
1788,87,1
1788,1777,1
1788,1364,1
1788,176,1
1788,299,2
1788,11,1
1788,8,1
1788,1537,1
1789,146,1
1789,52,2
1789,1557,1
1789,926,1
1789,0,5
1789,1280,1
1789,1561,1
1789,270,1
1789,507,1
1789,2006,1
1789,900,1
1789,23,1
1789,532,1
1789,1171,1
1789,1612,1
1789,927,1
1789,249,3
1789,195,1
1789,5,1
1789,3,1
1789,158,1
1789,1380,1
1789,1010,1
1789,1675,1
1789,862,1
1789,16,1
1789,1,1
1789,297,1
1789,166,1
1789,2434,1
1789,1190,1
1789,1229,1
1789,215,1
1789,1498,1
1789,716,1
1789,1083,1
1789,499,1
1789,744,1
1789,928,1
1789,39,1
1789,4,1
1789,118,1
1789,718,1
1789,1373,1
1789,254,1
1790,223,1
1790,153,1
1790,174,1
1790,593,2
1790,2221,1
1790,2370,1
1790,1,3
1790,63,1
1790,128,1
1790,16,1
1790,774,1
1790,532,1
1790,1579,1
1790,451,1
1790,62,1
1790,65,1
1790,35,1
1790,596,1
1790,1236,1
1790,982,1
1790,15,1
1790,38,1
1790,74,1
1790,22,1
1790,1498,1
1790,808,1
1790,762,1
1790,2413,1
1790,418,1
1790,775,1
1790,516,1
1790,1188,1
1790,1905,1
1790,1195,1
1790,1618,1
1790,184,1
1790,3,1
1790,517,1
1790,1919,1
1791,40,1
1791,96,1
1791,153,1
1791,174,1
1791,401,1
1791,693,1
1791,2288,1
1791,54,1
1791,60,1
1791,161,1
1792,358,2
1792,2,1
1792,385,1
1792,16,1
1792,675,1
1792,311,1
1792,1010,1
1792,1220,1
1792,2382,1
1792,11,1
1792,8,1
1792,42,1
1792,145,1
1792,1248,1
1792,119,1
1792,94,1
1792,2257,1
1792,1039,1
1792,2220,1
1792,881,1
1792,46,1
1792,1206,1
1793,2,2
1793,540,1
1793,75,1
1793,1022,1
1793,842,1
1793,1,1
1793,548,1
1793,834,1
1793,2082,1
1793,34,1
1793,256,1
1793,19,1
1793,64,1
1793,277,1
1793,564,1
1793,1126,1
1793,1277,3
1793,638,1
1793,119,1
1793,1630,1
1793,125,1
1793,36,1
1793,145,1
1793,60,1
1793,94,1
1793,1148,1
1793,50,1
1793,345,1
1793,2036,1
1793,474,1
1793,21,1
1794,764,1
1794,294,1
1794,27,1
1794,300,1
1794,1340,3
1794,1443,1
1794,76,1
1794,101,1
1794,37,1
1794,884,2
1794,124,1
1794,391,1
1794,1927,1
1794,819,1
1794,1282,2
1794,1529,1
1794,2001,1
1794,22,1
1794,1028,1
1794,10,1
1794,269,1
1794,1320,1
1794,714,1
1794,1900,1
1794,1931,1
1794,0,2
1794,1567,1
1794,26,1
1794,2059,1
1794,111,1
1794,1100,1
1794,2194,1
1794,693,1
1794,345,1
1794,157,1
1795,911,1
1795,251,1
1795,1700,1
1795,510,1
1795,367,1
1795,1,2
1795,608,1
1795,114,1
1795,706,1
1795,1565,1
1795,440,1
1795,284,1
1795,314,2
1795,325,2
1795,1487,2
1795,1929,1
1795,42,1
1795,126,1
1795,125,1
1795,854,1
1795,18,1
1795,1234,1
1795,122,1
1795,1458,1
1795,7,1
1795,317,1
1795,105,1
1795,2418,1
1795,1371,1
1795,1029,1
1795,553,1
1796,2094,1
1796,154,1
1796,223,1
1796,23,1
1796,22,1
1796,505,1
1796,10,2
1796,374,1
1796,82,1
1796,7,1
1796,318,1
1796,286,1
1796,1285,1
1796,201,1
1796,47,1
1796,597,1
1796,1018,1
1796,38,1
1796,97,1
1796,1485,1
1796,1269,1
1796,390,1
1796,182,1
1796,294,1
1796,27,1
1796,2259,1
1796,2042,1
1796,1,1
1797,2,1
1797,540,1
1797,2440,1
1797,644,1
1797,7,1
1797,166,1
1797,906,1
1797,336,2
1797,366,1
1797,1,2
1797,91,1
1797,85,1
1797,2027,1
1797,112,1
1797,348,1
1797,0,4
1797,960,2
1797,1949,2
1797,1931,1
1797,584,1
1797,407,1
1797,339,1
1797,102,1
1797,682,1
1797,353,1
1797,15,1
1797,283,1
1797,2122,1
1797,12,1
1798,2403,1
1798,769,1
1798,824,1
1798,194,1
1798,237,2
1798,1554,1
1798,196,1
1798,2393,1
1798,360,1
1798,1757,1
1798,107,1
1798,854,1
1798,617,1
1798,553,1
1798,1695,1
1798,590,1
1798,1291,1
1798,658,1
1799,43,1
1799,2,2
1799,678,1
1799,1989,1
1799,535,1
1799,9,1
1799,2219,1
1799,1259,1
1799,445,1
1799,533,1
1799,768,1
1799,1126,1
1799,75,1
1799,21,1
1799,995,4
1799,152,4
1799,251,4
1799,172,1
1799,1024,1
1799,18,1
1799,2110,1
1799,778,1
1799,524,1
1799,979,1
1799,387,3
1799,277,3
1799,1345,1
1799,444,1
1799,233,1
1799,1870,1
1799,1,1
1799,248,1
1799,638,1
1799,200,1
1799,7,1
1799,1145,2
1800,71,1
1800,659,1
1800,16,1
1800,877,1
1800,1025,1
1800,1383,1
1800,135,1
1800,160,1
1800,1234,1
1800,122,1
1800,419,1
1800,864,1
1800,1035,1
1800,83,1
1800,407,1
1800,15,2
1800,204,1
1800,1367,1
1800,574,1
1800,329,1
1800,370,1
1800,652,1
1800,82,1
1800,14,1
1800,144,1
1800,11,1
1800,268,1
1800,12,1
1800,591,1
1800,827,1
1800,33,1
1800,141,1
1800,0,1
1801,819,1
1801,177,1
1801,618,1
1801,1164,1
1801,65,1
1801,35,1
1801,15,1
1801,120,1
1801,496,1
1801,387,1
1801,0,1
1801,900,1
1801,764,1
1801,1196,1
1801,1382,1
1801,209,1
1801,197,1
1801,706,1
1801,1,1
1801,91,1
1801,85,1
1801,571,1
1801,853,1
1802,1409,1
1802,0,3
1802,204,1
1802,1687,1
1802,1,2
1802,962,1
1802,8,1
1802,2292,1
1802,15,2
1802,120,1
1802,1439,1
1802,1891,2
1802,1432,3
1802,619,1
1802,13,1
1802,26,2
1802,14,1
1802,737,1
1802,1776,1
1802,982,1
1802,1123,1
1802,1616,1
1802,21,1
1802,278,1
1802,208,1
1802,169,1
1803,11,1
1803,33,1
1803,411,1
1803,8,1
1803,1846,1
1803,432,1
1803,448,1
1803,125,1
1803,757,1
1803,48,1
1803,23,1
1803,2239,1
1803,476,1
1803,1040,2
1803,1292,1
1803,1,1
1803,516,1
1803,254,1
1804,1383,1
1804,117,1
1804,4,2
1804,2399,1
1804,858,1
1804,2,1
1804,425,1
1804,332,1
1804,1240,1
1804,66,1
1804,1847,1
1804,1214,2
1804,165,1
1804,1487,2
1804,260,1
1804,5,1
1804,444,1
1804,1270,1
1804,132,1
1804,1161,1
1804,25,2
1804,1,1
1804,2108,1
1804,1731,1
1804,657,1
1804,1682,1
1804,2228,1
1804,183,1
1804,53,1
1804,559,1
1804,48,1
1804,23,1
1804,264,1
1804,2156,1
1804,1548,1
1804,1359,1
1804,89,1
1805,106,1
1805,6,1
1805,153,1
1805,2127,1
1805,71,1
1805,1566,1
1805,855,1
1805,16,1
1805,0,2
1805,441,1
1805,220,1
1805,2085,1
1805,344,1
1805,2365,1
1805,99,1
1805,167,1
1805,15,1
1805,1449,1
1805,672,1
1805,63,1
1805,11,1
1805,268,1
1805,426,1
1805,580,1
1805,484,1
1805,33,1
1805,927,1
1805,1157,1
1805,138,1
1805,839,1
1805,573,1
1805,1220,1
1805,656,1
1805,1533,1
1805,9,1
1805,1929,1
1805,76,1
1805,188,1
1805,450,1
1806,2,1
1806,147,2
1806,2310,1
1806,1417,1
1806,18,1
1806,1269,1
1806,2000,1
1806,1220,1
1806,1978,1
1806,1537,1
1806,472,1
1806,96,1
1806,1513,1
1806,1987,1
1807,1787,1
1807,2146,1
1807,51,1
1807,433,1
1807,3,2
1807,112,1
1807,1826,1
1807,11,1
1807,8,1
1807,1486,1
1807,573,2
1807,6,1
1807,29,2
1807,2055,1
1807,1551,1
1807,1372,1
1807,49,1
1807,1504,1
1807,1811,1
1807,1839,1
1807,720,1
1807,559,1
1807,4,1
1807,12,1
1808,2302,1
1808,1,1
1808,5,2
1808,0,2
1808,1544,1
1808,4,2
1808,578,3
1808,151,3
1808,447,1
1808,741,1
1808,42,1
1808,892,1
1808,761,1
1808,14,1
1808,1597,1
1808,34,1
1808,70,1
1808,66,1
1808,6,1
1808,165,1
1808,531,1
1808,1857,1
1808,329,1
1808,82,1
1808,1686,1
1808,652,1
1808,1980,1
1808,101,2
1808,37,1
1808,20,1
1808,713,1
1808,715,1
1809,135,1
1809,160,1
1809,279,1
1809,98,2
1809,23,1
1809,1016,1
1809,168,1
1809,76,1
1809,668,1
1809,300,1
1809,654,2
1809,1065,1
1809,258,1
1809,1824,1
1809,2292,1
1809,2216,1
1809,2186,2
1809,1466,1
1809,877,1
1809,1464,1
1809,804,1
1809,30,1
1809,1467,1
1809,119,1
1809,794,1
1809,54,1
1809,18,1
1809,930,1
1809,437,1
1809,28,1
1810,1184,1
1810,89,1
1810,1107,2
1810,466,1
1810,730,1
1810,936,1
1810,92,1
1810,283,1
1810,631,1
1810,619,1
1810,13,1
1810,1181,1
1810,377,1
1810,39,1
1810,288,1
1810,1875,1
1810,8,1
1810,123,1
1810,42,1
1810,183,2
1810,375,1
1810,7,2
1810,2088,1
1810,6,1
1810,56,1
1810,1329,1
1810,469,1
1810,141,1
1810,3,1
1810,2099,1
1810,881,1
1810,46,1
1811,7,1
1811,100,1
1811,1004,1
1811,275,1
1811,812,1
1811,1287,1
1811,1704,1
1811,1639,1
1811,1033,1
1811,1877,1
1811,403,1
1811,1532,1
1811,9,1
1811,1253,1
1811,584,1
1811,451,1
1811,62,1
1811,681,1
1811,195,1
1811,699,2
1811,256,2
1811,1648,2
1811,3,1
1811,191,1
1811,1628,1
1812,2,2
1812,678,1
1812,1277,1
1812,34,1
1812,67,1
1812,1114,1
1812,172,1
1812,2219,1
1812,1,1
1812,248,1
1812,2082,1
1812,353,1
1812,1490,1
1812,200,1
1812,24,1
1812,173,1
1812,984,1
1812,107,2
1812,963,1
1813,11,1
1813,8,1
1813,50,1
1813,573,1
1813,116,1
1813,486,1
1813,512,1
1813,10,1
1813,13,1
1813,1647,1
1813,930,1
1813,331,1
1813,292,1
1813,169,1
1813,26,1
1813,14,1
1813,603,1
1813,334,1
1813,364,1
1813,222,1
1813,1809,1
1813,1211,2
1813,6,1
1813,315,1
1813,400,1
1814,206,1
1814,1213,1
1814,1883,1
1814,38,1
1814,1339,1
1814,2311,1
1814,1099,1
1814,370,3
1814,1923,2
1814,8,1
1814,208,1
1814,131,1
1814,16,1
1814,137,2
1814,839,1
1814,1046,1
1814,287,2
1814,1884,1
1814,181,2
1814,178,2
1814,1719,1
1814,1973,1
1814,1724,1
1814,1568,1
1814,196,2
1814,593,1
1814,656,1
1814,114,1
1814,1,1
1814,241,1
1814,529,1
1814,232,1
1814,27,1
1814,300,1
1814,167,1
1814,15,1
1814,1449,1
1814,1623,1
1814,860,1
1814,630,1
1814,1838,1
1814,782,1
1814,1519,1
1814,1783,1
1814,51,1
1814,597,1
1814,1712,1
1814,1378,1
1815,1155,4
1815,1794,4
1815,766,1
1815,2232,1
1815,1685,1
1815,50,1
1815,211,1
1815,59,1
1815,213,1
1815,11,1
1815,8,1
1815,305,1
1815,31,1
1815,79,1
1815,28,1
1815,566,1
1815,1078,1
1815,2231,1
1815,30,1
1815,74,1
1815,22,1
1815,772,1
1815,1241,1
1815,0,2
1815,812,1
1815,7,1
1815,1492,1
1815,180,1
1815,47,1
1816,379,1
1816,707,1
1816,1197,1
1816,1382,1
1816,188,1
1816,1336,1
1816,603,1
1816,1587,1
1816,40,1
1816,80,1
1816,446,1
1816,24,1
1816,669,1
1816,2424,1
1816,45,2
1816,44,2
1816,101,1
1816,37,1
1816,1,1
1816,2394,1
1816,474,1
1816,1660,1
1816,185,1
1816,102,1
1816,0,1
1816,897,1
1816,867,1
1816,1221,1
1816,201,1
1816,501,1
1816,1372,1
1816,49,1
1816,1008,1
1816,156,1
1816,10,1
1816,13,1
1816,4,1
1816,403,1
1816,168,1
1816,311,1
1817,1297,1
1817,4,1
1817,144,1
1817,67,1
1817,328,1
1817,549,1
1817,600,1
1817,495,1
1817,507,1
1817,1611,2
1817,1998,1
1817,1642,1
1817,630,1
1817,1367,1
1817,552,1
1817,1547,1
1817,2136,1
1817,269,1
1817,1462,1
1817,857,1
1817,1029,1
1817,132,1
1817,1302,1
1817,425,1
1817,149,1
1817,166,1
1817,1183,1
1817,10,1
1817,13,1
1817,2129,1
1817,835,1
1817,648,1
1817,1015,1
1818,24,1
1818,2,1
1818,173,1
1818,552,1
1818,769,1
1818,238,2
1818,755,2
1818,589,2
1818,2392,1
1818,455,1
1818,19,1
1818,1,1
1818,15,1
1818,910,1
1818,18,1
1818,345,1
1818,549,1
1818,88,1
1818,1138,1
1818,8,1
1818,123,1
1819,19,1
1819,1110,1
1819,1176,2
1819,2084,3
1819,248,2
1819,123,2
1819,390,1
1819,586,1
1819,169,2
1819,26,2
1819,1305,1
1819,264,1
1819,263,2
1819,62,1
1819,1062,1
1819,492,1
1819,1802,1
1819,12,1
1819,1466,1
1819,1508,1
1819,1423,1
1819,1,1
1820,2,1
1820,540,1
1820,1022,1
1820,231,1
1820,227,1
1820,250,1
1820,167,1
1820,2396,1
1820,1564,1
1820,0,1
1820,1155,2
1820,318,1
1820,213,1
1820,361,1
1820,557,1
1820,2240,1
1820,7,1
1820,1104,1
1820,3,1
1820,1497,1
1820,87,1
1820,1740,1
1820,307,1
1820,2232,1
1820,1685,1
1820,76,1
1820,1056,1
1820,2431,1
1820,2321,1
1820,1164,1
1820,187,1
1820,1391,1
1821,519,1
1821,452,1
1821,741,1
1821,233,1
1821,66,1
1821,247,2
1821,82,1
1821,5,1
1821,1116,1
1821,1183,1
1821,315,1
1821,400,1
1821,546,1
1821,38,1
1821,369,1
1821,0,3
1821,430,1
1821,1379,1
1821,611,1
1821,70,1
1821,6,1
1821,1003,1
1821,1211,1
1821,114,1
1822,24,1
1822,2,1
1822,173,1
1822,359,1
1822,1674,1
1822,16,1
1822,20,1
1822,2193,1
1822,726,1
1822,2420,1
1822,87,1
1822,1,1
1822,548,1
1822,834,1
1822,144,1
1822,76,2
1822,608,1
1822,102,1
1822,0,2
1822,1348,1
1822,10,1
1822,1008,2
1822,225,2
1822,479,1
1822,149,1
1822,403,1
1822,891,1
1822,471,1
1822,836,1
1822,330,1
1822,33,1
1822,427,1
1822,621,1
1822,773,1
1822,164,1
1823,546,4
1823,38,4
1823,863,2
1823,327,1
1823,0,5
1823,144,1
1823,251,1
1823,1,2
1823,240,1
1823,140,2
1823,641,2
1823,447,1
1823,113,1
1823,128,1
1823,387,1
1823,99,1
1823,288,1
1823,1449,1
1823,1370,1
1823,283,2
1823,2126,1
1823,1276,1
1823,248,1
1823,7,1
1823,280,1
1823,862,2
1823,5,1
1823,1051,1
1823,326,1
1823,15,1
1823,631,1
1823,1218,1
1823,231,1
1823,297,1
1823,900,1
1823,120,1
1823,39,1
1823,4,1
1823,1503,2
1823,730,2
1823,311,1
1823,988,2
1823,111,1
1823,6,2
1823,616,1
1823,126,2
1823,11,1
1823,8,1
1823,123,1
1823,12,1
1823,1731,1
1823,25,1
1823,482,1
1823,681,1
1823,195,1
1823,1801,1
1823,1150,1
1823,219,1
1823,2038,1
1823,418,1
1824,40,1
1824,96,1
1824,48,1
1824,23,1
1824,835,1
1824,1758,1
1824,6,1
1824,1283,1
1824,1872,1
1824,1406,1
1824,2033,1
1824,95,1
1825,36,1
1825,190,1
1825,1072,1
1825,728,1
1825,1264,1
1825,1204,1
1825,797,1
1825,168,2
1825,125,1
1825,320,1
1825,1187,1
1825,9,1
1825,2001,1
1825,22,1
1825,537,1
1825,414,1
1825,0,1
1825,956,1
1825,95,1
1825,76,1
1825,1348,1
1825,11,1
1825,8,1
1825,133,1
1825,1424,1
1825,211,1
1825,1705,1
1825,2192,1
1825,192,1
1825,563,1
1825,1769,1
1825,981,1
1825,1,1
1825,240,2
1825,998,1
1825,2335,1
1826,362,1
1826,663,1
1826,89,1
1826,432,1
1826,2250,1
1826,785,1
1826,1024,1
1826,5,1
1826,556,1
1826,2243,1
1826,188,1
1826,2,1
1826,50,1
1826,1424,1
1826,257,1
1826,212,1
1826,1524,1
1826,1480,1
1826,499,1
1826,498,1
1826,120,1
1826,1602,1
1826,922,1
1826,1332,1
1826,60,1
1827,2,1
1827,888,1
1827,2241,1
1827,74,1
1827,22,1
1827,821,1
1827,1063,1
1827,1088,1
1827,1064,1
1827,530,1
1827,4,1
1827,1499,1
1827,0,1
1827,610,1
1827,2295,1
1827,447,1
1827,191,1
1827,307,1
1827,1950,1
1827,1915,1
1827,2115,1
1827,1217,1
1827,572,1
1827,1087,1
1827,7,1
1827,166,1
1828,0,1
1828,534,1
1828,963,1
1828,201,1
1828,577,1
1828,1012,1
1828,537,1
1828,698,1
1828,2035,1
1829,2,1
1829,540,1
1829,4,1
1829,692,1
1829,215,1
1829,2307,1
1829,1245,1
1829,2225,1
1829,121,1
1829,774,1
1829,780,1
1829,896,1
1829,607,1
1829,348,1
1829,43,1
1829,2421,1
1829,835,1
1829,775,1
1829,1872,1
1829,1030,1
1829,377,1
1829,718,1
1829,729,1
1829,1340,1
1829,9,1
1829,218,1
1829,639,1
1829,72,1
1829,1,1
1830,2,1
1830,462,1
1830,104,1
1830,1333,1
1830,106,1
1830,9,1
1830,41,2
1830,841,4
1830,1547,1
1830,474,1
1830,1094,1
1830,264,1
1830,564,1
1830,910,1
1830,19,1
1830,763,1
1830,201,1
1830,244,1
1830,702,1
1830,350,1
1830,275,1
1830,668,2
1830,11,1
1830,8,1
1830,577,1
1830,31,1
1830,1492,1
1830,2205,1
1830,100,1
1830,660,1
1830,1445,1
1830,1241,1
1830,1868,1
1830,318,1
1830,59,1
1830,1456,1
1830,239,1
1831,1986,1
1831,1633,1
1831,2233,1
1831,51,1
1831,357,1
1831,1304,1
1831,2,1
1831,189,1
1831,2017,1
1831,351,1
1831,2266,1
1831,1709,1
1831,243,1
1831,508,1
1832,2,1
1832,190,1
1832,420,1
1832,590,1
1832,2152,1
1832,1016,1
1832,1440,1
1832,112,2
1832,487,2
1832,7,1
1832,947,1
1832,42,2
1832,1621,1
1832,1083,1
1832,188,1
1832,2121,1
1832,482,1
1832,100,1
1832,969,2
1832,1641,1
1832,3,2
1832,796,1
1832,1914,1
1832,430,1
1832,2113,1
1832,779,1
1832,91,1
1832,85,1
1832,2028,1
1832,1206,2
1832,528,2
1832,1,3
1832,56,1
1832,33,1
1832,193,1
1832,63,1
1832,69,1
1832,81,1
1832,837,1
1832,567,2
1832,88,1
1832,895,1
1832,32,1
1832,29,1
1832,1341,1
1832,114,1
1833,177,1
1833,1022,1
1833,1725,1
1833,21,1
1833,24,1
1833,2,1
1833,173,1
1833,112,1
1833,334,1
1833,644,1
1833,1038,1
1833,34,1
1833,20,1
1833,579,1
1833,809,1
1833,318,1
1833,557,1
1833,2329,1
1833,273,1
1833,461,1
1833,187,1
1833,317,1
1833,534,1
1833,883,1
1833,1950,1
1833,2176,1
1833,1396,1
1833,2065,1
1833,1555,1
1833,1849,1
1833,2184,1
1833,36,1
1834,552,1
1834,472,1
1834,96,1
1834,1853,1
1834,93,1
1834,9,1
1834,46,3
1834,835,1
1834,401,1
1834,205,2
1834,2160,1
1834,359,1
1834,1272,1
1834,3,1
1834,100,1
1834,5,1
1835,112,1
1835,52,1
1835,18,2
1835,1,1
1835,79,1
1835,443,1
1835,618,1
1835,32,1
1835,1153,1
1835,237,1
1835,409,1
1835,27,1
1835,436,1
1835,3,1
1835,901,1
1835,243,1
1835,1771,1
1835,89,1
1835,913,1
1836,2446,1
1836,23,1
1836,215,1
1836,1772,2
1836,590,1
1836,1331,1
1836,234,1
1836,1782,1
1836,506,2
1836,2326,1
1836,1886,1
1836,1546,1
1836,345,1
1836,1644,1
1836,237,1
1836,1827,1
1836,28,1
1836,1344,1
1836,1967,1
1836,75,1
1836,2024,1
1837,24,1
1837,2,1
1837,173,1
1837,984,1
1837,269,1
1837,1119,1
1837,374,1
1837,1664,1
1837,1441,1
1837,451,1
1837,2141,1
1837,22,1
1837,1063,1
1837,1088,1
1837,147,1
1837,136,1
1837,800,1
1837,1685,1
1837,1475,1
1837,53,1
1837,1137,1
1837,222,1
1837,39,1
1837,50,1
1837,1075,1
1837,514,1
1837,2288,1
1837,54,1
1837,18,1
1838,40,1
1838,1251,1
1838,1162,1
1838,1699,1
1838,1030,1
1838,32,1
1838,0,1
1838,15,1
1838,1065,1
1838,95,2
1838,168,1
1838,2342,1
1838,11,1
1838,8,1
1838,1735,1
1838,31,1
1838,840,1
1838,1196,1
1838,984,1
1838,5,1
1838,52,1
1838,853,1
1838,150,1
1838,989,1
1838,1660,1
1839,1826,1
1839,2008,1
1839,334,1
1839,5,1
1839,356,1
1839,464,1
1839,1546,2
1839,1377,1
1839,621,1
1839,0,1
1839,1489,2
1839,39,1
1839,162,1
1839,1446,1
1839,50,1
1839,950,1
1839,432,1
1839,191,1
1839,478,1
1839,198,1
1839,351,1
1839,1,1
1839,1050,1
1839,1952,1
1839,66,1
1839,1583,1
1839,2051,2
1839,202,1
1839,115,2
1839,165,1
1839,31,1
1839,1003,1
1839,497,1
1839,2453,1
1839,997,1
1839,728,1
1839,1052,1
1839,12,1
1839,2196,1
1839,866,1
1839,1513,1
1839,1376,1
1840,2072,4
1840,466,1
1840,1987,1
1840,1290,1
1840,192,1
1840,913,1
1840,149,1
1840,2409,2
1840,264,2
1840,703,1
1840,655,1
1840,572,1
1840,14,1
1840,767,1
1840,1619,1
1840,552,1
1840,31,1
1840,2174,1
1840,467,1
1840,312,1
1840,7,1
1840,0,1
1840,83,1
1840,88,1
1840,952,1
1840,122,1
1840,946,1
1840,6,1
1840,147,1
1840,136,1
1840,528,1
1841,51,1
1841,329,1
1841,66,1
1841,2142,1
1841,2299,1
1841,2436,1
1841,322,1
1841,28,1
1841,60,1
1841,909,1
1841,2093,1
1841,1475,1
1841,1330,1
1841,931,1
1841,2183,1
1841,1,1
1841,65,1
1841,184,1
1841,740,1
1841,2174,1
1841,146,1
1841,881,1
1841,46,1
1841,23,1
1841,333,1
1841,1186,1
1841,53,1
1841,179,1
1841,271,1
1841,26,1
1841,217,1
1841,2169,1
1841,7,1
1841,738,1
1842,135,1
1842,160,1
1842,1108,1
1842,70,2
1842,1672,2
1842,1880,1
1842,1,2
1842,488,1
1842,477,1
1842,0,4
1842,1152,1
1842,17,2
1842,74,1
1842,22,1
1842,72,1
1842,1629,1
1842,1574,1
1842,481,1
1842,5,1
1842,2413,1
1842,418,1
1842,715,1
1842,10,1
1842,13,1
1842,4,1
1843,258,1
1843,1589,1
1843,2085,1
1843,352,3
1843,76,1
1843,681,1
1843,499,1
1843,498,1
1843,520,1
1843,1,2
1843,199,1
1843,44,1
1843,1838,1
1843,1214,2
1843,548,1
1843,834,1
1843,4,1
1843,203,1
1843,1207,1
1843,149,1
1843,226,1
1843,2437,1
1843,11,1
1843,8,1
1843,1395,1
1843,765,1
1843,197,1
1844,2,1
1844,1126,1
1844,1679,1
1844,574,2
1844,300,2
1844,177,1
1844,621,1
1844,157,1
1844,573,1
1844,39,1
1844,99,1
1844,167,1
1844,445,1
1844,463,1
1844,0,4
1844,15,1
1844,1449,1
1844,809,1
1844,336,1
1844,181,1
1844,178,1
1844,602,1
1844,335,1
1844,1,2
1844,521,2
1844,107,1
1844,1635,1
1844,321,1
1844,207,1
1844,562,1
1844,169,1
1844,329,1
1844,2423,1
1844,428,1
1844,71,1
1844,622,1
1844,2321,1
1844,1164,1
1844,894,1
1844,1108,1
1844,627,1
1844,343,1
1845,40,1
1845,96,1
1845,1497,1
1845,1770,1
1845,11,1
1845,8,1
1845,12,1
1845,0,1
1845,432,1
1845,84,1
1845,15,1
1845,120,1
1845,244,1
1845,88,1
1845,1779,1
1845,778,1
1845,1405,1
1846,1370,1
1846,322,1
1846,1336,1
1846,355,1
1846,255,1
1846,137,1
1846,7,2
1846,11,2
1846,8,2
1846,51,1
1846,851,1
1846,108,1
1846,38,1
1846,1,1
1846,296,1
1846,303,1
1846,416,1
1846,4,2
1846,1673,1
1846,1794,1
1846,2286,1
1846,286,1
1846,1708,1
1846,622,1
1846,369,1
1846,0,1
1846,1668,1
1846,600,1
1846,162,1
1846,764,1
1846,265,1
1846,957,1
1847,2,1
1847,166,1
1847,906,1
1847,234,1
1847,2366,2
1847,565,1
1847,651,1
1847,1967,1
1847,7,1
1847,1153,1
1847,1316,1
1847,1789,1
1847,262,1
1847,197,1
1847,1438,1
1847,406,1
1847,505,1
1847,1249,1
1847,1219,1
1847,590,2
1847,24,1
1847,439,1
1847,198,1
1847,12,1
1847,2196,1
1847,866,1
1848,125,1
1848,1012,1
1848,1323,1
1848,2162,1
1848,327,1
1848,572,1
1848,0,2
1848,166,1
1848,1067,1
1848,188,1
1848,11,1
1848,8,1
1848,4,1
1848,2114,1
1848,1209,1
1848,2450,1
1848,1326,1
1848,1456,1
1848,956,1
1848,155,1
1848,3,2
1848,643,2
1848,119,1
1848,1630,1
1848,852,1
1848,742,1
1848,812,1
1848,1096,1
1848,1085,1
1848,33,1
1848,1414,1
1848,528,1
1848,9,1
1849,2,1
1849,384,1
1849,207,1
1849,1006,1
1849,5,2
1849,330,1
1849,927,1
1849,249,1
1849,1373,1
1849,23,1
1849,1715,1
1849,922,1
1849,322,1
1849,28,1
1849,452,1
1849,13,1
1849,4,1
1849,1447,1
1849,254,1
1849,19,1
1849,763,1
1849,950,1
1849,468,1
1849,856,1
1849,1133,1
1849,74,1
1849,22,1
1849,2025,1
1849,260,1
1850,99,1
1850,16,1
1850,593,1
1850,220,3
1850,1801,2
1850,15,1
1850,120,1
1850,937,1
1850,2323,1
1850,6,1
1850,288,1
1850,53,1
1850,1138,1
1850,8,1
1850,483,2
1850,119,1
1850,87,1
1850,333,1
1850,285,2
1850,38,2
1850,1,3
1850,342,1
1850,180,1
1850,1186,2
1850,129,1
1850,441,1
1850,254,1
1850,1394,1
1851,89,1
1851,513,1
1851,1075,1
1851,1677,1
1851,813,1
1851,1516,1
1851,501,1
1851,1063,1
1851,904,1
1851,425,1
1851,348,1
1851,1713,1
1851,1309,2
1851,121,1
1851,1457,1
1851,798,1
1851,1,1
1851,56,1
1851,921,1
1851,42,1
1851,728,1
1851,109,1
1851,1595,1
1851,1580,1
1852,1330,1
1852,188,1
1852,2,1
1852,347,1
1852,671,2
1852,1528,2
1852,707,2
1852,231,1
1852,0,1
1852,36,1
1852,1542,1
1852,504,1
1852,214,1
1852,549,1
1852,1,3
1852,144,1
1852,656,1
1852,1533,1
1852,1448,1
1852,42,1
1852,1619,1
1852,176,1
1852,3,1
1852,1237,1
1852,9,1
1852,58,2
1852,279,1
1852,98,2
1852,1781,1
1852,92,1
1852,754,1
1852,1714,1
1852,737,1
1852,271,1
1852,26,1
1853,743,1
1853,983,1
1853,930,1
1853,514,1
1853,1231,1
1853,494,1
1853,617,1
1853,47,1
1853,30,1
1853,5,1
1853,1381,1
1853,383,1
1853,83,1
1853,131,1
1853,93,1
1853,9,1
1853,3,1
1853,962,1
1854,344,1
1854,1159,1
1854,856,1
1854,697,1
1854,681,1
1854,195,1
1854,1227,1
1854,321,1
1854,207,1
1854,41,1
1854,1094,1
1854,652,1
1854,359,1
1854,1750,1
1854,516,1
1854,901,1
1854,67,1
1854,217,1
1855,2,1
1855,385,1
1855,156,1
1855,466,1
1855,1,1
1855,36,2
1855,455,2
1855,764,1
1855,876,1
1855,42,1
1855,1456,1
1855,1581,1
1855,509,1
1855,27,1
1855,875,1
1855,38,1
1855,711,1
1856,24,1
1856,2,1
1856,173,1
1856,125,1
1856,301,2
1856,91,1
1856,85,1
1856,725,3
1856,95,2
1856,346,2
1856,0,2
1856,966,1
1856,406,1
1856,1250,3
1856,119,1
1856,1630,1
1856,11,1
1856,268,1
1856,1354,1
1856,1470,1
1856,14,1
1856,127,1
1856,3,2
1856,962,1
1856,372,1
1856,310,1
1856,33,1
1856,469,1
1856,141,1
1856,157,1
1856,727,1
1856,7,1
1856,153,1
1856,174,1
1856,1055,1
1857,2051,1
1857,154,1
1857,1,1
1857,488,1
1857,477,1
1857,0,1
1857,1355,1
1857,942,1
1857,630,1
1858,2,1
1858,678,1
1858,1452,1
1858,3,2
1858,1600,1
1858,6,1
1858,281,1
1858,303,1
1858,0,2
1858,583,1
1858,503,1
1858,164,1
1858,2251,1
1858,11,1
1858,8,1
1858,454,1
1858,7,1
1858,69,1
1858,81,1
1858,169,1
1858,26,1
1858,14,1
1858,249,2
1858,1370,1
1858,1479,1
1858,107,1
1858,86,1
1858,118,1
1858,1321,1
1858,638,1
1859,985,1
1859,131,2
1859,313,1
1859,93,1
1859,9,1
1859,893,1
1859,12,1
1859,1383,1
1859,1085,1
1859,106,1
1859,163,1
1859,249,1
1859,141,1
1859,43,1
1859,5,1
1859,2206,1
1859,769,1
1860,2,1
1860,110,1
1860,2101,3
1860,943,7
1860,186,2
1860,5,1
1860,144,1
1860,1919,1
1860,41,1
1860,1873,1
1860,6,1
1860,340,1
1860,1226,1
1860,277,1
1860,4,1
1860,1850,1
1860,286,1
1860,975,1
1860,619,1
1860,13,1
1860,1415,1
1860,0,1
1861,147,1
1861,136,1
1861,1,2
1861,319,2
1861,955,1
1861,1870,1
1861,1619,1
1861,2,1
1861,854,1
1861,337,1
1861,717,1
1861,0,4
1861,307,1
1861,376,1
1861,1073,1
1861,778,1
1861,440,1
1861,284,1
1861,2404,1
1861,1353,1
1861,1797,1
1861,80,1
1861,1297,1
1861,1195,1
1861,1618,1
1861,1411,1
1861,895,1
1861,1872,1
1861,348,1
1861,15,1
1862,1400,2
1862,0,2
1862,728,1
1862,472,1
1862,12,1
1862,1079,1
1862,787,1
1862,697,1
1862,314,1
1862,325,1
1862,1572,1
1862,1,1
1862,2264,2
1862,59,2
1862,30,1
1862,2179,1
1862,925,1
1862,2032,1
1862,6,1
1862,1667,1
1862,33,1
1862,926,1
1862,1808,1
1863,740,2
1863,1764,1
1863,2056,1
1863,404,1
1863,584,1
1863,835,1
1863,5,1
1863,106,1
1863,177,1
1863,322,1
1863,1357,1
1863,1702,1
1863,452,1
1863,11,1
1863,8,1
1863,188,1
1863,446,1
1863,1354,1
1863,911,1
1863,18,1
1863,53,1
1863,179,1
1863,271,1
1863,26,1
1863,535,1
1863,9,1
1863,168,1
1864,277,2
1864,2156,1
1864,111,1
1864,792,1
1864,2,1
1864,189,1
1864,228,1
1864,1876,1
1864,2435,1
1864,306,1
1864,624,1
1864,1,1
1864,105,1
1864,681,1
1864,195,1
1864,1801,1
1864,1393,1
1864,1842,1
1864,1711,1
1864,1448,1
1864,9,1
1864,1778,1
1864,2332,1
1865,16,1
1865,92,2
1865,120,1
1865,1787,1
1865,62,1
1865,582,1
1865,1908,1
1865,1632,1
1865,141,1
1865,0,2
1865,34,1
1865,1293,1
1865,20,1
1865,1797,1
1865,1282,1
1865,57,1
1865,78,1
1865,1782,1
1865,55,1
1865,1235,1
1865,179,1
1865,1915,1
1865,262,1
1866,829,1
1866,89,1
1866,123,1
1866,2003,2
1866,708,2
1866,1945,1
1866,4,1
1866,1,1
1866,1055,1
1866,1472,1
1866,854,1
1866,804,1
1866,7,2
1866,311,1
1866,17,1
1866,1199,1
1866,9,1
1866,41,1
1866,2402,2
1866,1159,1
1866,2400,1
1866,1922,1
1866,20,1
1866,234,1
1867,2,1
1867,110,1
1867,323,1
1867,673,1
1867,48,1
1867,23,1
1867,416,2
1867,1761,1
1867,3,1
1867,692,1
1867,2382,1
1867,1171,1
1867,418,1
1867,246,1
1867,118,1
1867,449,1
1867,357,1
1867,587,1
1867,220,1
1867,2336,1
1867,881,1
1867,257,1
1867,212,1
1867,87,1
1867,1528,1
1867,2256,1
1867,70,1
1867,1530,1
1868,192,1
1868,1727,1
1868,1876,1
1868,1179,3
1868,1713,1
1868,1309,1
1868,138,1
1868,2131,1
1868,194,1
1868,640,2
1868,2147,3
1868,2133,1
1868,454,1
1868,972,1
1868,19,2
1868,1544,1
1868,2070,1
1868,1380,1
1868,7,1
1868,137,1
1868,318,1
1868,24,1
1868,2,1
1868,8,1
1868,162,1
1868,763,1
1868,950,1
1868,2129,1
1868,43,1
1868,21,1
1868,1148,1
1868,2257,1
1868,1039,1
1868,1364,1
1868,210,1
1868,1484,1
1869,63,1
1869,7,1
1869,222,1
1869,2190,1
1869,2158,1
1869,1046,1
1869,287,1
1869,181,1
1869,178,1
1869,742,1
1869,127,1
1869,26,2
1869,14,1
1869,1663,1
1869,1,2
1869,1132,1
1869,1047,1
1869,1579,1
1869,271,1
1869,2070,1
1869,676,1
1869,2297,1
1869,1939,1
1870,1948,1
1870,183,2
1870,208,1
1870,1517,1
1870,177,1
1870,322,1
1870,28,1
1870,947,1
1870,2,2
1870,25,3
1870,2429,1
1870,2249,1
1870,1549,1
1870,1433,1
1870,114,2
1870,1,2
1870,1581,1
1870,294,1
1870,1983,1
1870,341,1
1870,1825,1
1870,497,1
1870,489,1
1870,104,1
1870,111,1
1870,0,1
1870,1730,1
1870,1180,1
1871,2172,1
1871,949,1
1871,16,1
1871,582,1
1871,2382,1
1871,92,1
1871,1448,1
1871,942,1
1871,1699,2
1871,1361,1
1871,1326,1
1871,935,1
1871,196,1
1871,1000,1
1871,1030,1
1871,283,1
1871,0,1
1871,1872,1
1871,1737,1
1871,224,1
1871,561,1
1871,22,1
1871,2181,1
1871,235,1
1871,2270,1
1871,1429,1
1871,737,1
1871,48,1
1871,23,1
1871,572,1
1871,1262,1
1872,367,1
1872,1290,1
1872,1238,1
1872,1,2
1872,404,1
1872,2224,1
1872,0,2
1872,7,1
1872,69,1
1872,81,1
1872,2394,2
1872,9,1
1872,97,1
1872,44,1
1872,2408,1
1873,552,1
1873,2263,3
1873,397,1
1873,1869,1
1873,1617,1
1873,503,1
1873,631,1
1873,1934,1
1873,119,1
1873,1630,1
1873,40,1
1873,96,1
1873,241,1
1873,529,1
1873,232,1
1873,1550,1
1873,126,1
1873,58,2
1873,777,1
1873,754,2
1873,1989,1
1873,187,1
1873,337,1
1873,376,1
1873,507,1
1873,942,1
1873,970,1
1873,1737,1
1873,1433,1
1873,2377,1
1873,33,1
1873,411,1
1873,268,1
1873,301,1
1873,249,1
1874,2,1
1874,888,1
1874,810,1
1874,47,1
1874,6,1
1874,1132,2
1874,945,1
1874,633,1
1874,192,1
1874,1727,1
1874,203,1
1874,570,1
1874,545,2
1874,17,1
1874,11,2
1874,8,2
1874,34,1
1874,87,1
1874,2371,1
1874,0,1
1874,1055,1
1874,1299,1
1874,202,1
1875,2,1
1875,190,1
1875,618,1
1875,7,1
1875,2312,2
1875,2000,1
1875,104,2
1875,2440,1
1875,1360,1
1875,666,1
1875,1995,1
1875,564,1
1875,1841,1
1875,76,1
1875,144,1
1875,14,1
1875,470,1
1875,36,1
1875,462,1
1875,4,1
1875,15,1
1875,120,1
1875,169,1
1875,26,1
1875,1344,1
1875,1,1
1875,105,1
1875,77,1
1875,630,1
1875,582,1
1875,163,1
1875,90,1
1875,68,1
1875,822,1
1875,25,1
1875,1200,1
1875,890,1
1875,2182,1
1876,518,1
1876,2436,1
1876,322,1
1876,250,1
1876,167,1
1876,445,1
1876,463,1
1876,1732,2
1876,1194,1
1876,797,1
1876,231,1
1876,0,3
1876,55,1
1876,4,1
1876,380,1
1876,210,1
1876,56,1
1876,921,1
1876,1336,1
1876,48,1
1876,23,1
1876,47,1
1877,2,1
1877,5,3
1877,738,3
1877,1,1
1877,1495,1
1877,497,1
1877,2185,1
1877,973,1
1877,16,1
1877,625,1
1877,690,1
1877,1847,1
1877,1598,1
1877,1163,1
1877,2332,1
1877,188,1
1877,109,1
1877,142,1
1877,54,1
1877,2129,1
1877,331,1
1877,292,1
1877,169,1
1877,26,1
1877,228,1
1877,89,1
1877,286,1
1877,17,1
1878,196,1
1878,4,2
1878,734,1
1878,800,1
1878,203,1
1878,726,1
1878,633,1
1878,59,1
1878,554,1
1878,17,1
1878,101,1
1878,37,1
1878,1879,1
1878,435,1
1878,1320,1
1878,533,2
1878,42,1
1878,1690,1
1878,112,1
1878,1826,1
1878,204,1
1878,1881,1
1878,2114,1
1878,231,1
1878,621,1
1878,157,1
1878,164,1
1878,120,1
1878,39,1
1878,162,1
1878,934,1
1878,47,1
1878,1148,1
1878,746,1
1878,282,1
1878,1062,1
1878,8,2
1878,33,1
1878,411,1
1878,143,1
1878,1,1
1878,91,1
1878,85,1
1878,19,1
1878,202,1
1878,142,1
1878,542,1
1879,363,1
1879,1792,1
1879,2390,1
1879,2121,1
1879,1428,1
1879,59,1
1879,1730,1
1879,58,1
1879,1688,1
1879,668,1
1880,2,1
1880,833,1
1880,17,2
1880,198,1
1880,146,1
1880,0,1
1880,307,1
1880,1221,1
1880,1797,1
1880,374,1
1880,165,1
1880,743,1
1880,139,1
1880,1021,1
1880,1763,1
1880,63,1
1880,1627,1
1880,270,1
1880,44,1
1880,2019,1
1880,1934,1
1880,1290,1
1880,1507,1
1880,375,1
1880,5,1
1880,2243,1
1880,726,1
1881,685,1
1881,1983,1
1881,753,1
1881,250,1
1881,1335,1
1881,0,1
1881,629,2
1881,51,2
1881,860,1
1881,1043,1
1881,44,1
1881,1501,2
1881,594,2
1881,1955,1
1881,19,1
1881,88,1
1881,2358,1
1881,569,1
1882,2,1
1882,385,1
1882,66,1
1882,86,2
1882,1129,1
1882,5,1
1882,1654,3
1882,1386,1
1882,514,1
1882,1581,1
1882,183,4
1882,424,3
1882,1,3
1882,584,1
1882,6,1
1882,1495,1
1882,395,1
1882,1849,1
1882,868,1
1882,1337,1
1882,114,1
1883,124,1
1883,63,1
1883,963,1
1883,2381,1
1883,505,1
1883,196,1
1883,142,1
1883,54,1
1883,1300,1
1883,286,1
1883,1601,1
1883,209,1
1883,448,1
1883,1189,1
1884,603,1
1884,1290,1
1884,77,1
1884,1136,1
1884,1098,1
1884,367,1
1884,2,1
1884,189,1
1884,66,1
1884,1143,1
1884,0,1
1884,1108,1
1884,2261,1
1884,2180,1
1884,1,1
1884,69,1
1884,81,1
1884,73,1
1884,388,1
1884,53,1
1884,179,1
1884,617,1
1884,542,1
1884,109,1
1884,142,1
1884,54,1
1884,521,1
1884,502,1
1885,106,1
1885,2436,1
1885,322,2
1885,1850,1
1885,0,3
1885,57,1
1885,78,1
1885,30,1
1885,2394,1
1885,2251,1
1885,583,1
1885,1410,1
1885,6,2
1885,504,1
1885,214,1
1885,32,1
1885,309,1
1885,2125,1
1885,1479,1
1885,10,1
1885,13,1
1885,12,1
1885,1074,1
1885,393,1
1885,93,1
1885,9,1
1885,658,1
1885,604,1
1885,530,1
1885,4,1
1885,201,1
1885,695,1
1885,805,1
1885,241,1
1885,529,1
1885,232,1
1885,41,1
1885,1876,1
1885,1912,1
1885,410,1
1885,397,1
1885,1271,1
1885,1697,1
1885,1629,2
1885,362,1
1885,1951,1
1885,169,1
1885,26,1
1885,1522,1
1885,304,1
1885,607,1
1885,348,1
1885,842,2
1885,121,2
1885,95,1
1885,447,1
1885,2048,1
1885,34,1
1885,1724,1
1885,1118,1
1885,1469,1
1886,825,2
1886,1015,2
1886,708,1
1886,1363,2
1886,269,1
1886,507,1
1886,1204,2
1886,1717,1
1886,192,1
1886,70,1
1886,942,1
1886,6,1
1886,567,1
1886,1170,1
1886,1359,1
1886,89,1
1886,360,1
1887,2,1
1887,190,1
1887,1503,1
1887,2094,2
1887,9,1
1887,835,1
1887,566,1
1887,197,1
1887,2001,1
1887,22,1
1887,2025,1
1887,510,1
1887,1027,1
1887,1434,1
1887,87,1
1887,2272,1
1887,2253,1
1887,1322,1
1887,1436,1
1887,513,1
1887,240,1
1888,216,1
1888,102,1
1888,12,1
1888,2,1
1888,462,1
1888,104,1
1888,4,1
1888,21,1
1888,3,1
1888,611,1
1888,550,1
1888,838,1
1888,18,1
1888,455,1
1888,876,1
1888,42,1
1888,126,1
1888,7,1
1888,2322,1
1888,703,1
1888,1352,1
1888,853,1
1888,1736,1
1888,909,1
1888,687,1
1889,154,1
1889,223,1
1889,48,1
1889,23,1
1889,0,2
1889,1,1
1889,2101,1
1889,943,3
1889,475,1
1889,363,1
1889,32,1
1889,29,1
1889,1341,1
1889,11,1
1889,8,1
1889,142,1
1889,54,1
1889,183,1
1889,554,2
1889,1327,1
1889,86,1
1889,90,1
1889,68,1
1889,43,1
1889,1468,1
1889,792,1
1889,17,1
1890,2,1
1890,170,1
1890,862,1
1890,94,1
1890,1885,1
1890,1681,1
1890,1751,1
1890,100,1
1890,878,1
1890,963,1
1890,292,1
1890,39,1
1890,4,1
1890,315,1
1890,400,1
1890,1,3
1890,1656,1
1890,0,1
1890,1230,1
1890,114,1
1890,331,1
1890,7,1
1890,158,1
1891,210,1
1891,0,2
1891,870,1
1891,16,1
1891,233,1
1891,690,1
1891,350,1
1891,2185,1
1891,15,1
1891,47,1
1891,618,1
1891,9,1
1891,41,1
1891,684,1
1891,632,1
1891,36,1
1891,679,1
1892,1113,1
1892,157,1
1892,1691,1
1892,3,1
1892,1663,1
1892,908,1
1892,145,1
1892,67,2
1892,34,1
1892,1620,1
1892,2,1
1892,438,1
1892,116,1
1892,591,1
1892,1381,1
1892,2342,1
1892,83,1
1892,2047,1
1892,672,1
1892,413,1
1892,621,1
1892,839,1
1892,746,1
1892,282,1
1892,103,1
1892,14,1
1892,1158,1
1892,1060,1
1892,0,1
1892,10,1
1892,13,1
1892,577,1
1892,581,1
1892,253,1
1892,383,1
1892,1036,1
1892,219,1
1892,504,1
1892,214,1
1892,1514,1
1892,88,1
1892,293,1
1892,55,1
1892,533,1
1892,768,1
1892,1398,1
1892,108,1
1893,329,1
1893,18,1
1893,263,1
1893,264,2
1893,1162,1
1893,2122,1
1893,748,1
1893,456,1
1893,1243,1
1893,8,2
1893,577,1
1893,1785,1
1893,1451,1
1893,9,1
1893,19,1
1893,59,1
1893,502,1
1893,411,1
1893,451,1
1893,702,1
1894,15,1
1894,20,1
1894,29,1
1894,37,1
1894,42,3
1894,101,1
1894,753,2
1894,668,1
1894,1244,1
1894,856,1
1894,998,1
1895,2,1
1895,170,1
1895,1842,2
1895,1708,2
1895,16,1
1895,2203,1
1895,630,1
1895,5,2
1895,15,1
1895,120,1
1895,1562,1
1895,1,1
1895,158,1
1895,98,1
1895,1613,1
1895,441,1
1895,220,2
1895,129,1
1895,483,1
1895,1283,1
1895,575,1
1895,93,1
1895,9,1
1895,1766,1
1895,56,1
1895,612,1
1895,1419,1
1895,55,1
1895,593,1
1895,669,1
1895,115,1
1895,79,1
1896,8,1
1896,54,1
1896,785,1
1896,1684,1
1896,427,1
1896,13,1
1896,4,1
1896,315,1
1896,2289,1
1896,1240,1
1896,803,1
1896,1572,1
1896,1,1
1896,1051,1
1896,326,1
1896,1585,1
1896,614,1
1896,458,1
1896,90,1
1896,68,1
1896,293,1
1896,1306,1
1896,663,1
1896,51,1
1896,116,1
1896,423,1
1896,23,1
1896,0,1
1896,249,1
1897,697,1
1897,1703,2
1897,67,1
1897,390,1
1897,182,1
1897,1374,2
1897,850,1
1897,2385,1
1897,609,1
1897,978,1
1897,1243,1
1897,193,1
1897,80,1
1897,99,1
1897,661,1
1897,2407,2
1897,102,1
1897,1624,1
1897,183,1
1897,1259,1
1897,2327,1
1897,424,1
1897,84,1
1897,481,1
1897,1073,1
1898,121,1
1898,724,1
1898,1539,1
1898,21,2
1898,0,1
1898,1252,1
1898,72,1
1898,970,1
1898,229,1
1898,112,1
1898,1826,1
1898,12,1
1898,2401,1
1898,1767,1
1898,15,1
1898,204,1
1898,2132,1
1898,993,1
1898,630,1
1898,614,1
1898,458,1
1898,246,1
1898,118,1
1898,1321,1
1898,10,1
1898,13,1
1898,424,1
1898,183,1
1898,792,1
1898,111,1
1898,721,1
1898,1013,1
1899,71,1
1899,204,1
1899,784,1
1899,126,1
1899,7,1
1899,604,1
1899,530,1
1899,1444,1
1899,289,1
1899,439,1
1899,1,1
1899,69,1
1899,81,1
1899,29,1
1899,15,1
1899,4,1
1899,580,1
1899,484,1
1899,1590,1
1899,333,1
1899,32,1
1899,309,1
1899,2125,1
1899,76,1
1899,194,1
1899,1200,1
1899,466,1
1899,24,1
1899,11,1
1899,268,1
1899,795,1
1899,1493,1
1899,1934,1
1899,98,1
1899,1262,1
1900,2,1
1900,540,1
1900,16,1
1900,9,2
1900,8,1
1900,421,1
1900,100,2
1900,791,1
1900,1078,1
1900,5,1
1900,0,2
1900,271,1
1900,26,1
1900,161,1
1900,526,1
1900,694,1
1900,581,1
1900,1453,1
1900,1388,1
1900,467,1
1900,312,1
1900,7,1
1900,147,2
1900,136,2
1900,1071,1
1900,386,1
1900,2028,1
1900,528,1
1900,24,1
1900,244,1
1901,19,1
1901,244,1
1901,0,1
1901,330,1
1901,24,1
1901,2,1
1901,1832,1
1901,16,1
1901,13,2
1901,1658,1
1901,1753,1
1901,87,1
1901,1823,1
1901,936,1
1901,475,3
1901,1468,1
1901,2331,1
1901,370,1
1902,251,1
1902,741,1
1902,76,1
1902,1056,4
1902,5,1
1902,2,2
1902,888,1
1902,487,1
1902,1310,1
1902,1276,1
1902,572,1
1902,789,1
1902,1198,1
1902,192,1
1902,1,1
1902,1231,1
1902,1270,1
1902,294,1
1902,27,1
1902,225,1
1903,502,1
1903,479,1
1903,154,1
1903,972,1
1903,857,2
1903,1332,1
1903,510,1
1903,1027,1
1903,415,1
1903,11,1
1903,8,1
1903,889,1
1903,1791,2
1903,2297,1
1903,148,1
1903,293,1
1903,55,1
1903,1258,1
1903,50,1
1903,97,1
1904,609,1
1904,2361,1
1904,466,1
1904,2268,1
1904,296,1
1904,303,1
1904,723,2
1904,2199,1
1904,24,1
1904,2,1
1904,449,1
1904,8,1
1904,780,1
1904,45,1
1904,27,1
1904,1832,1
1905,98,1
1905,1613,1
1905,66,1
1905,24,1
1905,304,1
1905,1116,2
1905,1558,1
1905,6,1
1905,1671,1
1905,1142,1
1905,33,1
1905,1619,1
1906,519,1
1906,991,2
1906,2021,2
1906,554,1
1906,1293,1
1906,2408,1
1906,534,1
1906,374,3
1906,1379,1
1906,1121,1
1906,98,2
1906,39,1
1906,142,1
1906,54,1
1906,251,1
1906,1129,1
1906,5,1
1906,516,1
1906,1738,1
1906,6,1
1906,281,1
1906,22,1
1906,549,1
1906,492,1
1906,1182,1
1907,71,1
1907,862,1
1907,16,1
1907,11,1
1907,8,1
1907,4,1
1907,61,2
1907,1069,1
1907,12,1
1907,236,1
1907,134,1
1907,1625,1
1907,728,2
1907,133,1
1907,1242,1
1907,1613,1
1907,930,1
1907,20,1
1907,742,1
1907,1254,1
1907,978,1
1907,125,1
1907,0,1
1907,15,1
1907,204,1
1907,276,1
1907,97,1
1908,0,2
1908,3,1
1908,10,1
1908,13,1
1908,475,2
1908,1468,1
1908,496,1
1908,788,1
1908,1240,1
1908,9,1
1908,513,1
1908,6,1
1908,1158,1
1908,1060,1
1908,65,1
1908,1905,1
1908,20,1
1908,750,1
1908,18,1
1908,286,1
1908,41,1
1908,69,1
1908,81,1
1909,135,1
1909,160,1
1909,578,1
1909,151,1
1909,676,1
1909,1600,3
1909,1260,2
1909,25,1
1909,229,1
1909,1289,1
1909,257,1
1909,452,1
1909,1281,1
1909,10,1
1909,13,2
1909,1225,1
1909,306,1
1909,868,1
1909,267,1
1909,109,1
1909,527,2
1909,1719,1
1909,2231,1
1909,429,1
1909,2262,1
1909,161,1
1909,1372,1
1909,49,1
1909,760,1
1909,202,1
1909,159,1
1909,191,1
1910,518,1
1910,146,1
1910,307,2
1910,301,1
1910,603,1
1910,0,2
1910,736,1
1910,1118,1
1910,98,1
1910,20,1
1910,686,1
1910,1633,1
1911,193,1
1911,80,1
1911,695,1
1911,805,1
1911,314,1
1911,325,1
1911,702,1
1911,350,1
1911,276,1
1911,1528,1
1911,2201,1
1911,35,1
1911,298,1
1911,88,1
1911,1137,1
1911,222,1
1911,1347,1
1911,2282,1
1911,103,2
1911,1121,1
1911,792,1
1911,2043,1
1911,244,1
1911,217,1
1911,285,1
1911,38,1
1911,180,1
1911,1,1
1911,488,1
1911,477,1
1911,83,1
1911,407,1
1911,952,1
1911,977,1
1911,86,1
1911,0,1
1911,1657,1
1911,412,1
1911,378,1
1911,1226,1
1911,1545,1
1912,135,1
1912,160,1
1912,90,1
1912,68,1
1912,532,1
1912,1261,1
1912,2057,1
1912,11,1
1912,8,1
1912,1847,1
1912,1598,1
1912,1974,1
1912,108,1
1912,1451,1
1912,1711,1
1912,979,1
1912,114,1
1912,1434,1
1912,5,1
1912,1,1
1912,686,1
1912,694,1
1913,4,1
1913,1315,2
1913,1079,1
1913,616,1
1913,1260,1
1913,1841,1
1913,2357,1
1913,3,1
1913,830,1
1913,700,1
1913,415,1
1913,791,1
1913,17,1
1913,2098,1
1913,495,1
1913,0,1
1913,1809,1
1913,31,1
1913,354,1
1913,475,1
1914,121,1
1914,302,2
1914,513,1
1914,10,1
1914,1008,1
1914,156,1
1914,45,1
1914,761,1
1914,55,1
1914,4,1
1914,79,1
1914,2005,1
1914,2043,1
1914,1013,1
1914,732,1
1914,17,1
1914,2394,1
1914,1752,1
1914,70,1
1914,126,1
1914,7,1
1914,965,1
1914,818,1
1914,72,1
1914,16,1
1914,727,1
1915,112,1
1915,481,1
1915,45,1
1915,886,1
1915,3,2
1915,791,1
1915,840,1
1915,1185,1
1915,670,1
1915,21,1
1915,1962,1
1915,1361,1
1916,105,2
1916,77,1
1916,722,2
1916,92,2
1916,1274,1
1916,2212,1
1916,32,1
1916,468,1
1916,789,1
1916,394,1
1916,50,1
1916,714,1
1916,1900,1
1916,39,2
1916,6,1
1916,176,1
1916,0,1
1916,79,1
1916,911,1
1916,18,1
1917,125,1
1917,1547,1
1917,87,2
1917,1684,2
1917,10,1
1917,13,1
1917,2205,1
1917,1527,1
1917,2284,1
1917,2053,1
1918,40,2
1918,9,1
1918,879,1
1918,1699,1
1918,1361,1
1918,468,1
1918,260,1
1918,1793,2
1918,1974,1
1918,274,1
1918,3,1
1918,840,2
1918,57,1
1918,78,1
1918,30,1
1918,422,1
1918,235,1
1918,0,1
1918,1342,2
1918,2291,1
1918,2372,1
1918,2177,1
1918,1751,1
1918,547,1
1918,841,1
1918,875,1
1918,426,1
1918,101,1
1918,37,1
1919,659,1
1919,16,1
1919,1367,1
1919,1959,1
1919,109,1
1919,142,1
1919,54,1
1919,1420,1
1919,1955,1
1919,2058,1
1919,252,1
1919,1885,1
1919,8,1
1919,1816,1
1919,1163,1
1919,1023,1
1920,780,2
1920,916,1
1920,116,2
1920,2362,1
1920,1,2
1920,368,1
1920,1224,1
1920,861,1
1920,1062,1
1920,8,1
1920,123,1
1920,9,1
1920,2092,1
1920,2090,1
1920,1159,1
1920,1689,1
1920,1516,1
1920,413,1
1920,619,1
1920,13,1
1920,4,1
1920,65,1
1920,35,1
1920,2211,1
1920,2372,1
1920,1286,1
1920,1682,1
1921,40,1
1921,96,1
1921,356,1
1921,464,1
1921,52,1
1921,5,1
1921,79,3
1921,278,1
1921,12,1
1921,20,1
1921,993,1
1921,407,1
1921,295,1
1921,541,1
1921,1166,1
1921,1868,1
1921,88,1
1921,1138,1
1921,8,1
1921,1683,1
1921,942,1
1921,6,1
1921,1094,1
1921,1743,1
1921,17,1
1921,652,1
1921,1556,1
1921,2276,1
1921,14,1
1921,74,1
1921,22,1
1922,639,1
1922,498,1
1922,1317,1
1922,177,1
1922,80,1
1922,619,1
1922,13,1
1922,4,1
1922,91,1
1922,85,1
1922,2282,1
1922,103,1
1922,987,1
1922,509,1
1922,82,1
1922,1668,1
1922,803,1
1922,14,1
1922,580,1
1922,484,1
1922,27,1
1922,436,1
1922,1455,1
1922,156,1
1922,1730,1
1923,552,1
1923,481,1
1923,0,3
1923,2411,1
1923,2071,1
1923,2069,1
1923,2102,1
1923,44,1
1923,1851,1
1923,495,1
1923,676,1
1923,19,1
1923,244,1
1923,487,1
1923,7,1
1923,314,2
1923,325,1
1923,586,1
1923,1786,1
1923,124,1
1923,1066,1
1923,1517,1
1923,177,1
1923,322,1
1923,28,1
1923,56,1
1923,1010,1
1923,2291,1
1923,1437,1
1923,4,1
1923,1622,1
1923,264,1
1924,135,1
1924,862,1
1924,16,1
1924,1185,1
1924,2127,1
1924,3,2
1924,680,1
1924,653,1
1924,133,2
1924,502,1
1924,696,1
1924,433,1
1924,737,2
1924,1536,1
1924,11,1
1924,8,1
1924,256,1
1924,1648,1
1924,1930,1
1924,2402,1
1924,1078,1
1924,2153,1
1924,30,1
1924,817,1
1924,648,1
1924,1409,1
1924,1050,1
1924,362,1
1924,6,1
1925,2,1
1925,790,1
1925,1563,1
1925,430,1
1925,1030,1
1925,1,1
1925,1110,1
1925,869,1
1925,145,1
1925,612,1
1925,1419,1
1925,566,1
1925,815,1
1925,333,1
1925,1255,1
1926,96,1
1926,90,1
1926,68,1
1926,1340,3
1926,193,1
1926,63,1
1926,1092,1
1926,1697,1
1926,218,1
1926,6,1
1926,1501,1
1926,594,1
1926,772,1
1926,2441,1
1926,124,1
1926,669,2
1926,850,1
1926,5,1
1926,2416,1
1926,567,1
1927,2,1
1927,540,1
1927,1041,1
1927,16,1
1927,286,1
1927,290,2
1927,2269,1
1927,253,1
1927,246,1
1927,118,1
1927,72,1
1927,12,1
1927,84,1
1927,352,1
1927,416,1
1927,532,1
1927,1005,1
1927,849,1
1928,16,1
1928,1997,1
1928,28,1
1928,1556,1
1928,1114,1
1928,871,1
1928,7,1
1928,18,1
1928,1,1
1928,548,1
1928,834,1
1928,494,1
1928,155,1
1928,3,1
1928,389,1
1928,6,1
1928,0,1
1928,207,1
1928,41,1
1929,1418,2
1929,614,1
1929,26,1
1929,1290,1
1929,161,1
1929,526,1
1929,2068,1
1929,1758,1
1929,10,1
1929,1294,1
1929,835,1
1929,0,2
1929,1044,1
1929,2329,1
1929,6,1
1929,667,1
1929,783,1
1929,492,1
1929,30,1
1929,486,1
1929,815,1
1929,201,1
1929,1100,1
1929,67,1
1930,112,1
1930,25,1
1930,51,1
1930,1324,1
1930,1517,1
1930,1815,1
1930,10,2
1930,13,1
1930,72,1
1930,213,1
1930,270,1
1930,1783,3
1930,311,1
1930,111,1
1930,0,1
1930,306,1
1930,434,1
1930,394,1
1930,792,1
1930,70,1
1930,69,1
1930,81,1
1930,837,1
1930,1369,1
1930,1979,1
1930,412,1
1930,1,1
1931,256,1
1931,838,1
1931,1735,1
1931,71,1
1931,659,1
1931,204,1
1931,332,1
1931,346,1
1931,1130,1
1931,11,1
1931,8,1
1931,417,1
1931,87,1
1931,0,1
1931,1350,2
1931,32,1
1931,271,1
1931,26,1
1931,1700,1
1931,510,1
1932,1180,1
1932,878,3
1932,567,3
1932,441,1
1932,1835,2
1932,0,2
1932,79,2
1932,1671,1
1932,59,1
1932,890,1
1932,1157,1
1932,138,1
1932,1879,1
1932,435,1
1932,1469,1
1933,107,2
1933,156,1
1933,3,1
1933,680,1
1933,653,1
1933,145,2
1933,67,2
1933,1829,2
1933,201,1
1933,747,1
1933,20,1
1933,2258,1
1933,1593,1
1933,70,1
1933,352,1
1933,1697,1
1933,1339,1
1933,188,1
1933,745,1
1933,7,1
1933,547,1
1933,1033,1
1933,0,2
1933,1472,1
1933,2169,1
1933,2247,1
1933,43,1
1933,1034,1
1933,398,1
1934,40,1
1934,96,1
1934,65,1
1934,35,1
1934,1558,1
1934,1070,1
1934,1837,2
1934,1180,1
1934,116,1
1934,1,1
1934,1130,1
1934,109,1
1934,1274,1
1934,1603,1
1934,390,1
1934,182,1
1934,305,1
1934,148,1
1935,40,1
1935,96,1
1935,2157,1
1935,460,1
1935,624,2
1935,2043,1
1935,1013,1
1935,2389,1
1935,387,1
1935,28,1
1935,281,1
1935,1098,1
1935,837,1
1935,375,1
1935,1765,1
1935,148,1
1935,179,1
1935,271,1
1935,26,1
1935,804,1
1935,7,1
1935,113,1
1935,1459,1
1935,434,1
1936,151,1
1936,775,1
1936,1106,1
1936,679,1
1936,10,1
1936,13,1
1936,988,1
1936,111,1
1936,0,1
1936,1506,2
1936,116,3
1936,1100,1
1936,5,1
1936,133,1
1936,1510,1
1936,586,1
1936,527,1
1936,600,1
1936,4,1
1936,917,1
1936,1308,1
1936,1480,1
1937,211,1
1937,1299,1
1937,32,1
1937,242,1
1937,908,1
1937,1230,2
1937,22,1
1937,246,1
1937,39,1
1937,650,1
1937,45,1
1937,533,1
1937,358,1
1937,2357,1
1937,561,1
1938,2133,1
1938,1904,1
1938,1400,1
1938,2104,1
1938,42,1
1938,512,1
1938,1938,1
1938,1708,1
1938,27,1
1938,171,1
1938,1069,1
1938,14,1
1938,605,1
1938,329,1
1938,38,3
1938,289,1
1938,1346,1
1938,285,2
1938,87,1
1938,197,1
1938,1,1
1938,129,1
1938,838,1
1938,128,1
1939,25,1
1939,656,1
1939,1533,1
1939,859,1
1939,22,1
1939,918,1
1939,0,1
1939,6,1
1940,447,1
1940,1493,1
1940,918,1
1940,2316,1
1940,200,1
1940,27,1
1940,436,1
1940,77,1
1940,24,1
1940,2,1
1940,182,1
1940,4,1
1940,1785,1
1940,1302,1
1940,2385,1
1940,442,1
1940,211,1
1940,588,1
1940,554,1
1940,728,1
1940,560,1
1940,2221,2
1940,254,2
1940,456,1
1940,2422,1
1940,1163,1
1940,3,1
1941,2,1
1941,384,1
1941,790,1
1941,48,1
1941,23,1
1941,1321,2
1941,3,1
1941,1855,1
1941,1082,1
1941,2032,2
1941,57,1
1941,78,1
1941,752,1
1941,399,1
1941,63,1
1941,830,1
1941,10,2
1941,13,2
1941,4,2
1941,65,2
1941,35,2
1941,2308,1
1941,115,1
1941,11,1
1941,8,1
1941,1846,1
1941,706,1
1941,538,1
1941,67,2
1941,1387,1
1941,1128,1
1941,294,1
1941,27,1
1941,1,2
1941,101,2
1941,37,1
1941,1028,1
1941,1305,1
1941,1003,1
1941,59,1
1941,31,1
1941,192,1
1941,2197,1
1941,79,1
1941,608,1
1941,1269,1
1941,30,1
1941,113,1
1941,128,1
1941,363,1
1941,424,1
1941,728,1
1941,0,1
1942,2133,1
1942,67,1
1942,32,1
1942,0,2
1942,176,1
1942,2037,1
1942,161,2
1942,1744,2
1942,535,1
1942,24,1
1942,2,1
1942,981,1
1942,27,1
1942,436,1
1942,1,3
1942,403,1
1942,168,1
1942,76,1
1942,2102,2
1942,1315,3
1942,129,1
1942,1161,1
1942,25,1
1942,253,1
1942,101,1
1942,37,1
1942,1514,1
1942,6,1
1942,608,1
1942,1003,1
1942,1996,1
1942,592,1
1942,113,1
1942,412,1
1943,32,1
1943,43,1
1943,2004,1
1943,1,1
1943,1964,1
1943,140,1
1943,2,1
1943,596,1
1943,257,1
1944,2,1
1944,5,2
1944,308,1
1944,1034,1
1944,2055,1
1944,53,1
1944,952,1
1944,1344,1
1944,842,1
1944,121,1
1944,700,1
1944,447,1
1944,1015,1
1944,767,1
1944,768,1
1944,1076,1
1944,1962,1
1944,1421,1
1944,1851,1
1945,1431,1
1945,1432,1
1945,1698,1
1945,736,1
1945,220,1
1945,27,1
1945,156,1
1945,546,1
1945,38,1
1945,412,1
1946,112,1
1946,77,1
1946,367,1
1946,9,1
1946,233,1
1946,296,1
1946,303,1
1946,72,1
1946,343,2
1946,860,1
1946,701,1
1946,1510,1
1946,1665,1
1946,15,1
1946,120,1
1946,5,1
1946,158,1
1946,6,1
1946,1502,1
1946,377,1
1946,10,1
1946,13,1
1946,4,1
1946,784,1
1946,126,1
1946,7,1
1946,59,1
1947,870,1
1947,1001,1
1947,779,1
1947,1764,1
1947,2,1
1947,347,1
1947,193,1
1947,80,1
1947,574,1
1947,2025,2
1947,789,1
1947,1384,1
1947,167,1
1947,156,1
1947,73,1
1947,0,1
1947,1495,1
1947,1419,1
1947,55,1
1947,233,1
1947,690,1
1947,350,1
1947,1519,1
1947,97,1
1947,785,1
1948,1404,1
1948,1457,1
1948,798,1
1948,1940,1
1948,616,1
1948,914,1
1948,575,1
1948,2370,1
1948,1,1
1948,69,1
1948,81,1
1948,145,1
1948,1393,1
1948,94,1
1948,2,1
1948,385,1
1948,951,1
1948,1707,1
1948,2247,1
1948,72,1
1948,246,1
1948,118,1
1948,3,1
1948,962,1
1948,31,1
1948,2287,1
1948,564,1
1948,863,1
1948,1260,1
1948,2372,1
1948,329,1
1948,18,1
1948,1530,1
1948,49,1
1948,1114,1
1948,222,1
1948,4,1
1948,240,1
1948,1946,1
1948,202,1
1949,203,3
1949,2317,1
1949,2,1
1949,110,1
1949,23,1
1949,1386,1
1949,2308,1
1949,27,1
1949,35,1
1949,65,1
1949,803,1
1949,32,1
1949,691,1
1949,475,1
1949,72,1
1949,1675,1
1949,97,1
1949,169,1
1949,26,1
1949,14,1
1949,1861,1
1949,0,1
1949,781,1
1950,1474,1
1950,175,1
1950,920,1
1950,719,1
1950,1550,1
1950,752,1
1950,1457,1
1950,798,1
1950,972,1
1950,583,1
1950,22,1
1950,1507,1
1950,921,1
1950,144,1
1950,721,1
1950,558,1
1950,1260,1
1950,343,2
1950,1746,1
1950,1,2
1950,56,1
1950,1722,1
1950,15,1
1950,820,1
1951,1462,1
1951,465,1
1951,94,1
1951,8,1
1951,577,1
1951,1141,1
1951,668,1
1951,242,2
1951,509,1
1951,1205,1
1951,914,1
1951,774,1
1951,1000,1
1951,3,1
1951,603,1
1951,1091,1
1952,1093,1
1952,1191,1
1952,257,2
1952,266,1
1952,1743,1
1952,1678,1
1952,1447,2
1952,1006,1
1952,5,1
1952,1861,1
1952,102,1
1952,978,1
1952,1231,1
1952,67,1
1952,6,1
1952,1334,1
1952,29,1
1952,1878,1
1953,1,3
1953,191,1
1953,12,1
1953,2,1
1953,2097,1
1953,151,1
1953,947,1
1953,1483,1
1953,73,1
1953,641,1
1953,971,1
1953,231,1
1953,928,1
1953,39,1
1953,2376,3
1953,3,2
1953,1809,1
1953,439,1
1953,19,1
1953,244,1
1953,1297,1
1953,1603,1
1953,1910,1
1953,2289,1
1953,2386,1
1953,497,1
1953,489,1
1953,1437,1
1953,4,1
1953,87,1
1953,485,1
1953,1668,1
1953,303,1
1953,0,1
1953,354,1
1953,89,1
1953,162,1
1953,219,1
1953,340,1
1953,127,1
1954,270,1
1954,1633,1
1954,442,2
1954,211,2
1954,39,2
1954,849,2
1954,815,1
1954,275,1
1954,669,1
1954,3,1
1954,369,1
1954,2,1
1954,384,1
1954,790,1
1954,1014,1
1954,16,1
1954,1119,1
1954,9,1
1954,567,1
1954,2000,1
1954,104,1
1954,577,1
1954,168,1
1954,218,1
1954,48,1
1954,23,1
1954,1118,1
1954,1469,1
1954,6,1
1954,50,1
1955,2004,1
1955,9,1
1955,41,1
1955,217,1
1955,50,1
1955,932,1
1955,327,1
1955,1812,1
1955,220,1
1955,1093,1
1955,1644,1
1955,1,1
1955,79,1
1955,878,1
1955,2257,1
1955,1039,1
1955,1385,1
1955,257,1
1956,2,1
1956,711,1
1956,465,1
1956,16,1
1956,1321,4
1956,9,1
1956,41,1
1956,1659,1
1956,286,1
1956,17,5
1956,340,2
1956,127,2
1956,570,1
1956,1774,3
1956,1067,1
1956,65,1
1956,35,1
1956,3,1
1956,216,1
1956,102,1
1956,1028,1
1956,2013,1
1956,298,1
1956,1526,1
1956,328,1
1956,25,1
1956,2219,1
1956,493,1
1956,2376,2
1956,59,1
1956,26,1
1956,14,1
1956,517,2
1956,113,2
1956,354,2
1956,369,1
1956,956,3
1956,1454,1
1956,644,1
1956,1639,1
1956,471,1
1956,836,1
1956,0,3
1956,2347,1
1956,4,2
1956,1666,1
1956,396,1
1956,832,1
1956,591,1
1956,60,1
1956,1066,1
1956,1536,1
1956,1137,1
1956,222,1
1956,289,1
1956,5,1
1956,2138,1
1956,76,1
1956,389,1
1956,632,1
1956,1415,1
1956,1236,1
1956,982,1
1956,24,1
1956,2123,1
1956,161,1
1956,7,1
1956,412,1
1956,1,1
1957,73,1
1957,641,1
1957,111,1
1957,2,1
1957,1729,1
1957,1246,1
1957,223,1
1957,204,1
1957,5,1
1957,1448,2
1957,942,1
1957,20,2
1957,15,1
1957,94,1
1957,1702,1
1957,80,1
1957,19,1
1957,1442,1
1957,1297,1
1957,1403,1
1957,2357,1
1957,651,1
1957,1,2
1957,466,1
1957,1503,1
1957,730,1
1958,154,1
1958,2144,1
1958,1829,1
1958,138,4
1958,1366,3
1958,1076,1
1958,1465,1
1958,254,1
1958,115,1
1958,3,1
1958,680,1
1958,653,1
1958,2313,1
1958,16,1
1958,156,1
1958,97,1
1958,1,1
1958,279,1
1958,98,1
1958,647,1
1958,476,1
1958,4,1
1958,1401,1
1958,767,1
1959,2,1
1959,110,1
1959,323,1
1959,1108,1
1959,1130,1
1959,1170,1
1959,21,1
1959,563,1
1959,1769,1
1959,36,1
1959,362,1
1959,1293,1
1959,1970,1
1959,223,1
1959,295,1
1959,1821,1
1959,897,1
1959,759,1
1959,0,1
1959,346,1
1959,53,1
1960,2,1
1960,110,1
1960,323,1
1960,1,1
1960,39,2
1960,1848,1
1960,311,1
1960,1144,2
1960,264,2
1960,2392,1
1960,657,1
1960,0,1
1960,489,1
1960,1091,2
1960,115,1
1960,128,1
1960,1998,1
1960,1642,1
1960,332,1
1960,2212,1
1960,1534,1
1960,1877,1
1960,12,1
1961,2,1
1961,1367,1
1961,18,1
1961,1922,1
1961,1,1
1961,36,2
1961,12,1
1961,9,1
1961,41,1
1961,2419,1
1961,17,1
1961,1703,1
1961,1879,1
1961,505,1
1961,66,1
1961,741,1
1961,273,1
1961,165,1
1961,44,1
1961,316,1
1961,171,1
1961,450,1
1962,1822,2
1962,1650,1
1962,35,1
1962,1087,1
1962,23,2
1962,49,1
1962,1182,1
1962,58,1
1962,794,1
1962,54,1
1962,414,1
1962,0,2
1962,1711,1
1962,432,1
1962,1195,1
1962,274,2
1962,1243,1
1962,2,1
1962,110,1
1962,9,1
1962,41,1
1962,29,1
1962,128,1
1962,1346,1
1962,1800,1
1962,86,1
1962,48,1
1962,581,1
1962,1591,1
1962,1339,1
1962,42,1
1963,193,1
1963,80,1
1963,20,1
1963,2218,1
1963,583,1
1963,285,1
1963,73,2
1963,685,1
1963,1435,2
1963,646,3
1963,183,1
1963,1530,1
1963,7,3
1963,1500,1
1963,2074,2
1963,1395,2
1963,765,2
1963,17,2
1963,0,3
1963,611,2
1963,1076,2
1963,988,2
1963,144,1
1963,10,1
1963,13,1
1963,4,2
1963,1573,1
1963,991,1
1963,98,2
1963,1611,2
1963,39,2
1963,1113,1
1963,546,1
1963,38,1
1963,641,1
1963,629,1
1963,51,1
1963,138,2
1963,5,1
1963,1933,1
1963,1379,2
1963,1121,1
1963,230,1
1963,804,1
1963,782,1
1963,730,1
1963,441,1
1963,220,1
1963,1,1
1963,69,1
1963,81,1
1963,2123,1
1964,2,1
1964,189,1
1964,454,1
1964,3,1
1964,684,1
1964,632,1
1964,1322,1
1964,417,4
1964,760,3
1964,1442,1
1964,710,1
1964,18,1
1964,1075,1
1964,343,3
1964,434,1
1964,212,1
1964,202,1
1964,2158,3
1964,1370,1
1964,13,1
1964,414,1
1964,822,1
1964,25,1
1964,12,1
1964,1731,1
1964,1091,1
1964,34,1
1964,489,1
1964,663,1
1964,89,1
1964,401,1
1964,1746,1
1964,1096,1
1965,314,1
1965,325,1
1965,14,1
1965,456,2
1965,1365,2
1965,2437,1
1965,2198,1
1965,316,1
1965,171,1
1965,1910,1
1965,489,1
1965,1437,1
1965,1762,1
1965,217,1
1965,109,1
1965,180,1
1965,1117,1
1965,1472,1
1965,748,1
1965,47,1
1965,1122,1
1965,1786,1
1965,184,1
1965,49,1
1965,7,1
1965,372,1
1965,310,1
1965,52,1
1966,519,1
1966,2298,1
1966,35,2
1966,92,2
1966,0,1
1966,1881,1
1966,936,1
1966,64,1
1966,152,1
1966,18,1
1966,1402,1
1966,228,1
1966,45,1
1966,202,1
1966,880,1
1966,1597,1
1966,115,1
1966,842,1
1967,71,1
1967,1566,1
1967,839,1
1967,746,1
1967,282,1
1967,5,1
1967,1662,1
1967,414,1
1967,34,1
1967,1393,1
1967,1305,1
1967,39,1
1967,0,1
1967,201,1
1967,2355,1
1967,314,1
1967,325,1
1967,128,1
1967,1346,1
1967,1465,1
1967,125,1
1967,377,1
1967,904,1
1967,1146,1
1967,108,1
1967,329,1
1967,1191,1
1967,31,1
1967,642,1
1967,794,1
1967,54,1
1967,18,1
1967,913,1
1967,641,1
1967,410,1
1967,332,1
1967,727,1
1968,2,1
1968,170,1
1968,77,1
1968,0,3
1968,440,3
1968,284,3
1968,2117,1
1968,1530,1
1968,910,1
1968,2220,1
1968,1028,1
1968,874,1
1968,560,1
1968,17,1
1968,692,1
1968,215,1
1968,275,1
1968,1895,1
1968,1434,1
1968,155,1
1968,3,2
1968,285,1
1968,38,1
1968,60,2
1968,351,1
1968,1182,1
1968,7,1
1968,308,1
1968,304,1
1968,231,1
1968,431,1
1968,36,1
1968,110,1
1968,22,1
1968,1091,1
1968,762,1
1968,1851,1
1968,495,1
1968,64,1
1968,152,1
1968,176,1
1969,1035,1
1969,317,1
1969,281,1
1969,1073,1
1969,778,1
1969,0,1
1969,6,1
1969,80,1
1969,2047,1
1969,425,1
1969,896,1
1970,121,1
1970,0,2
1970,1353,4
1970,916,1
1970,4,1
1970,440,1
1970,284,1
1970,2335,1
1970,879,1
1970,435,1
1970,513,1
1970,161,1
1970,319,2
1970,1047,1
1970,395,1
1970,988,1
1970,111,1
1970,1460,1
1970,252,1
1970,36,1
1970,334,1
1970,26,1
1970,14,1
1970,199,1
1970,1411,1
1971,154,1
1971,99,1
1971,661,1
1971,4,1
1971,1046,2
1971,287,1
1971,181,1
1971,178,1
1971,45,1
1971,1105,1
1971,1184,1
1971,203,1
1971,208,1
1971,20,1
1971,216,1
1971,102,1
1971,566,1
1971,921,1
1971,289,1
1971,2388,1
1971,111,1
1971,0,1
1971,2003,1
1971,1099,1
1971,97,1
1971,115,1
1971,191,1
1972,1147,1
1972,1195,1
1972,95,1
1972,192,1
1972,1727,1
1972,6,1
1972,1670,2
1972,829,1
1972,1,2
1972,828,2
1972,1583,1
1972,1451,1
1972,2153,1
1972,875,1
1972,816,1
1972,109,1
1972,76,1
1972,422,1
1972,235,1
1972,66,1
1973,332,1
1973,1759,1
1973,360,1
1973,49,1
1973,2290,1
1973,386,1
1973,2122,1
1973,859,1
1973,337,1
1973,1210,1
1973,376,1
1973,1787,1
1973,19,1
1973,1444,1
1973,1430,1
1973,42,1
1973,1061,1
1973,1133,1
1974,199,1
1974,1411,1
1974,55,1
1974,872,1
1974,1,1
1974,1613,1
1974,902,1
1974,509,1
1974,2197,1
1974,7,1
1974,388,1
1974,2290,1
1974,386,1
1974,5,1
1974,495,1
1974,1082,1
1974,1359,1
1974,89,1
1974,311,1
1974,1764,1
1974,815,1
1974,76,1
1974,216,1
1974,102,1
1974,0,1
1974,20,1
1974,305,1
1974,971,1
1974,95,1
1975,16,1
1975,1806,1
1975,1104,1
1975,472,1
1975,96,1
1975,284,2
1975,291,2
1975,587,2
1975,701,2
1975,942,1
1975,1149,1
1975,1,1
1975,79,1
1975,2200,2
1975,1248,2
1975,415,2
1975,1909,2
1975,1405,1
1975,15,1
1975,814,1
1975,280,1
1975,57,1
1975,78,1
1975,1344,1
1975,7,1
1975,1502,1
1975,1692,1
1976,117,1
1976,87,1
1976,764,1
1976,950,1
1976,2,1
1976,1729,1
1976,2256,1
1976,1507,1
1976,6,1
1976,199,1
1976,36,1
1976,1124,1
1976,3,1
1976,48,1
1976,23,1
1976,1801,1
1976,198,2
1976,900,1
1976,621,1
1976,580,1
1976,484,1
1976,0,1
1976,74,1
1976,22,1
1976,2021,1
1976,1785,1
1976,1302,1
1976,7,1
1977,407,1
1977,2406,1
1977,766,1
1977,365,1
1977,520,1
1977,346,1
1977,468,2
1977,215,1
1977,0,2
1977,30,1
1977,1873,2
1977,147,1
1977,136,1
1977,1437,1
1977,4,2
1977,1300,1
1977,2389,1
1977,591,1
1977,2,1
1977,2006,1
1977,884,1
1977,1139,1
1978,2,1
1978,170,1
1978,131,1
1978,313,1
1978,16,1
1978,367,1
1978,620,2
1978,15,1
1978,2012,1
1978,419,2
1978,453,1
1978,9,1
1978,360,1
1978,267,1
1978,770,1
1978,3,1
1978,680,1
1978,653,1
1978,0,1
1978,995,1
1978,152,1
1978,539,1
1978,84,1
1979,40,1
1979,412,1
1979,1861,1
1979,14,1
1979,1018,1
1979,219,1
1979,1780,1
1979,931,1
1979,349,1
1979,792,1
1979,2338,1
1979,38,1
1979,1918,1
1979,1675,1
1979,7,1
1979,1,1
1979,372,1
1979,310,1
1979,0,1
1979,650,1
1979,203,1
1980,83,1
1980,425,1
1980,487,1
1980,7,2
1980,147,2
1980,136,2
1980,450,1
1980,2402,1
1980,10,1
1980,13,1
1980,595,1
1980,955,1
1980,554,1
1980,17,1
1980,104,1
1980,1698,1
1980,1129,1
1980,5,1
1981,16,1
1981,1801,2
1981,671,3
1981,1716,1
1981,265,1
1981,916,1
1981,294,1
1981,27,1
1981,550,1
1981,1814,1
1981,6,1
1981,2157,1
1981,722,1
1981,92,1
1981,432,1
1981,1446,2
1981,378,1
1981,1191,1
1981,1205,1
1981,33,1
1981,96,1
1981,48,1
1981,23,1
1981,1625,1
1981,321,1
1981,207,1
1981,50,1
1981,626,1
1981,131,1
1981,1085,1
1981,11,1
1981,8,1
1981,4,1
1981,469,1
1981,141,1
1982,2,1
1982,888,1
1982,1448,3
1982,549,1
1982,1776,1
1982,18,1
1982,648,2
1982,1409,1
1982,1108,1
1982,261,1
1982,8,1
1982,2229,1
1982,20,1
1982,29,1
1982,2048,1
1982,5,1
1982,153,1
1982,174,1
1982,203,1
1982,428,1
1982,265,1
1983,27,1
1983,213,1
1983,76,1
1983,127,1
1983,613,1
1983,795,1
1983,469,1
1983,141,1
1983,1174,1
1983,246,1
1983,118,1
1983,1101,1
1983,24,1
1983,2,1
1983,173,1
1983,106,1
1983,972,1
1983,1892,1
1983,233,1
1983,66,1
1983,472,1
1983,96,1
1983,63,2
1983,679,1
1983,1689,1
1983,452,1
1983,1092,1
1983,2001,1
1983,22,1
1983,193,1
1983,1427,1
1983,184,1
1983,45,1
1983,1327,1
1983,1579,1
1983,761,1
1983,44,1
1983,2408,1
1983,7,1
1983,1150,1
1983,219,1
1984,211,1
1984,870,1
1984,1001,1
1984,193,1
1984,80,1
1984,1281,1
1984,99,1
1984,423,1
1984,2234,1
1984,1432,1
1984,10,1
1984,1379,1
1984,1121,1
1984,6,1
1984,315,1
1984,484,1
1984,1318,1
1984,663,1
1984,89,1
1984,305,1
1984,1596,1
1984,266,1
1985,2331,1
1985,370,1
1985,1023,1
1985,252,1
1985,71,1
1985,659,1
1985,16,1
1985,1900,1
1985,15,1
1985,719,1
1985,1344,1
1985,2366,1
1985,938,1
1985,362,1
1986,96,1
1986,153,1
1986,174,1
1986,276,1
1986,893,3
1986,409,1
1986,27,1
1986,344,1
1986,2366,1
1986,1,3
1986,643,1
1986,82,1
1986,93,1
1986,9,1
1986,1975,1
1986,95,1
1986,168,1
1986,1065,1
1986,300,1
1986,297,1
1986,1428,1
1986,184,1
1986,1174,1
1986,650,1
1986,200,1
1986,372,1
1986,310,1
1986,43,1
1986,1240,1
1987,2035,1
1987,1393,1
1987,2,1
1987,2114,1
1987,186,1
1987,554,1
1987,1415,1
1987,1506,1
1987,1471,1
1987,228,1
1987,58,3
1987,1175,2
1987,2229,1
1987,20,1
1987,1050,1
1987,51,1
1987,267,1
1987,1117,1
1987,1337,1
1987,1,1
1987,69,2
1987,81,2
1987,1044,1
1987,801,2
1987,875,1
1987,1005,1
1987,332,1
1987,346,1
1987,280,1
1987,70,1
1987,837,1
1987,15,1
1987,2296,1
1987,500,1
1987,89,1
1987,143,1
1987,161,1
1987,526,1
1987,5,1
1987,12,1
1987,1731,1
1987,53,1
1987,293,1
1987,55,1
1987,433,1
1988,2278,1
1988,787,1
1988,1786,1
1988,1025,1
1988,10,1
1988,13,1
1988,527,1
1988,234,1
1988,1620,1
1988,505,1
1988,1182,1
1988,1878,1
1988,49,1
1988,1543,1
1988,7,1
1988,650,1
1988,200,1
1988,1,1
1988,372,1
1988,310,1
1988,600,1
1988,4,1
1988,246,1
1988,118,1
1988,2291,1
1989,71,1
1989,659,1
1989,16,1
1989,416,1
1989,1560,1
1989,657,1
1989,15,1
1989,2344,1
1989,1749,1
1989,496,1
1989,271,1
1989,26,1
1989,1803,1
1990,518,1
1990,790,1
1990,65,1
1990,35,1
1990,1317,1
1990,456,2
1990,406,2
1990,1,1
1990,213,1
1990,270,1
1990,481,1
1990,13,1
1990,144,1
1990,2006,1
1990,1076,1
1990,609,1
1990,911,1
1990,1363,1
1990,935,1
1991,663,1
1991,89,1
1991,1487,1
1991,181,1
1991,178,1
1991,1443,1
1991,8,1
1991,1264,1
1991,209,1
1991,1596,1
1991,60,1
1991,217,1
1991,315,1
1991,242,1
1991,851,2
1991,34,1
1991,914,1
1991,817,1
1991,54,2
1991,18,1
1991,410,1
1991,109,1
1991,142,1
1991,1162,1
1991,1178,1
1991,400,1
1991,1254,1
1991,1361,1
1991,606,1
1991,0,1
1992,2446,1
1992,3,1
1992,1858,1
1992,634,1
1992,1625,1
1992,1546,1
1992,474,1
1992,12,1
1992,166,1
1992,0,4
1992,17,1
1992,70,1
1992,1501,2
1992,594,2
1992,6,1
1992,632,1
1992,2250,2
1992,905,1
1992,830,1
1992,1027,1
1992,415,1
1992,714,1
1992,10,1
1992,1958,1
1993,1894,1
1993,44,1
1993,1350,1
1993,2440,1
1993,1660,2
1993,226,1
1993,6,1
1993,185,1
1993,831,1
1993,1,1
1993,966,1
1993,95,1
1993,17,1
1993,2352,1
1993,1171,1
1993,303,1
1993,0,1
1993,235,1
1993,507,1
1993,1612,1
1993,208,1
1993,874,1
1993,560,1
1993,1599,1
1993,287,1
1993,198,1
1993,2401,1
1993,5,1
1993,61,2
1993,482,1
1993,726,1
1994,2013,1
1994,2019,1
1994,198,1
1994,89,1
1994,850,1
1994,319,1
1994,311,1
1994,210,1
1994,0,1
1994,307,1
1994,514,1
1994,1654,1
1994,254,1
1994,3,1
1994,1273,1
1994,132,1
1994,219,1
1995,518,1
1995,205,1
1995,257,1
1995,23,1
1995,1275,3
1995,83,1
1995,80,1
1995,116,1
1995,1,1
1995,641,1
1995,1379,1
1995,1918,3
1995,10,1
1995,13,1
1995,254,1
1995,616,1
1995,2178,1
1995,5,1
1995,544,1
1995,803,1
1995,875,1
1995,1005,1
1996,154,1
1996,223,1
1996,1351,1
1996,918,1
1996,0,1
1996,297,1
1996,37,2
1996,1463,2
1996,909,1
1996,69,1
1996,81,1
1996,99,1
1996,287,1
1996,721,1
1996,181,1
1996,178,1
1996,232,1
1996,314,1
1996,780,1
1996,339,1
1996,2351,1
1996,277,2
1996,497,2
1996,14,1
1996,973,1
1996,485,1
1996,727,1
1996,1779,1
1996,153,1
1996,174,1
1996,1749,1
1996,6,1
1996,2370,1
1996,1304,1
1996,640,1
1996,816,1
1996,219,1
1996,1984,1
1996,363,1
1997,80,1
1997,20,1
1997,245,1
1997,1599,2
1997,304,1
1997,0,1
1997,1746,1
1997,1,1
1997,330,1
1997,13,1
1997,4,1
1997,311,1
1997,1113,1
1997,382,2
1997,500,1
1997,277,2
1997,2390,1
1997,149,1
1997,687,1
1997,3,1
1997,680,1
1997,653,1
1997,92,1
1997,587,1
1997,8,1
1997,1041,1
1997,16,1
1997,43,1
1997,1415,1
1998,40,1
1998,657,1
1998,738,1
1998,522,1
1998,1638,1
1998,82,2
1998,5,1
1998,903,2
1998,2178,2
1998,1618,1
1998,924,1
1998,1543,1
1998,1925,1
1998,1270,1
1998,90,1
1998,357,1
1998,2455,1
1998,1697,1
1998,271,1
1998,26,1
1998,1747,1
1999,40,1
1999,9,1
1999,486,1
1999,1119,1
1999,455,1
1999,11,1
1999,8,1
1999,4,1
1999,202,1
1999,142,1
1999,54,1
1999,409,2
1999,27,2
1999,1312,1
1999,168,1
1999,494,1
1999,318,1
1999,31,1
1999,2284,1
1999,814,1
1999,73,1
1999,0,1
1999,1672,1
1999,17,1
1999,87,1
2000,916,1
2000,4,1
2000,124,1
2000,28,1
2000,657,1
2000,425,1
2001,2,1
2001,110,1
2001,225,1
2001,0,3
2001,153,1
2001,2268,1
2001,2039,1
2001,855,1
2001,1574,1
2001,146,1
2001,193,1
2001,322,1
2001,669,1
2001,112,1
2001,16,1
2001,1498,1
2001,489,1
2001,1874,1
2001,1694,1
2001,226,1
2001,57,1
2001,78,1
2001,30,1
2001,547,1
2001,185,1
2001,103,1
2001,1183,1
2002,1018,1
2002,797,1
2002,1906,1
2002,1120,1
2002,1333,1
2002,1,2
2002,47,1
2002,466,1
2002,199,1
2002,362,1
2002,663,1
2002,89,1
2002,7,1
2002,14,1
2002,144,1
2002,1824,1
2002,108,1
2002,186,1
2002,439,1
2003,132,1
2003,645,1
2003,972,1
2003,985,1
2003,459,1
2003,1568,1
2003,2352,1
2003,1258,1
2003,2117,1
2003,495,1
2003,95,3
2003,168,1
2003,1591,1
2003,31,1
2003,246,1
2003,118,1
2003,875,1
2003,87,1
2003,1684,1
2003,872,1
2004,2,1
2004,888,1
2004,334,1
2004,752,1
2004,590,1
2004,225,1
2004,472,1
2004,297,1
2004,123,2
2004,51,1
2004,791,1
2004,1024,1
2004,282,1
2004,327,1
2004,0,1
2004,39,1
2004,213,1
2005,1696,1
2005,299,1
2005,1058,2
2005,9,1
2005,1253,1
2005,1129,1
2005,5,1
2005,1462,1
2005,11,1
2005,268,1
2005,1136,1
2005,1308,1
2005,2124,1
2005,107,1
2005,1472,1
2005,2168,1
2005,1429,1
2005,688,1
2005,68,1
2005,1072,1
2006,121,1
2006,51,1
2006,1480,3
2006,916,1
2006,208,2
2006,71,1
2006,659,1
2006,459,1
2006,2358,1
2006,18,1
2007,40,1
2007,58,1
2007,2198,1
2007,1194,1
2007,1069,1
2007,88,1
2007,1137,1
2007,222,1
2007,4,2
2007,2114,1
2007,194,1
2007,44,1
2007,788,1
2007,19,1
2007,109,3
2007,45,1
2007,10,1
2007,13,1
2007,108,1
2007,1830,1
2007,2130,1
2007,1128,1
2007,142,1
2007,54,1
2007,18,2
2007,329,1
2008,2,1
2008,1,2
2008,69,1
2008,81,1
2008,2016,1
2008,434,1
2008,245,1
2008,646,1
2008,73,1
2008,388,1
2008,51,1
2008,1093,1
2008,671,1
2008,2123,1
2008,1495,1
2008,1419,1
2008,281,1
2009,1228,1
2009,431,1
2009,570,1
2009,1686,1
2009,1633,1
2009,71,1
2009,659,1
2009,1616,1
2009,21,1
2009,3,1
2009,968,1
2009,1119,1
2009,1015,1
2009,18,1
2009,1359,1
2009,89,1
2009,294,1
2009,27,1
2009,1832,1
2009,867,1
2009,4,1
2009,1634,1
2009,15,1
2009,2011,1
2009,177,1
2009,80,1
2009,11,1
2009,8,1
2009,109,1
2009,1830,1
2009,890,1
2009,1943,1
2009,1603,1
2010,641,1
2010,1503,1
2010,1119,1
2010,1,1
2010,69,2
2010,81,2
2010,5,1
2010,1150,1
2010,219,1
2010,553,1
2010,452,1
2010,7,2
2010,27,1
2010,999,1
2010,6,1
2010,686,1
2010,576,1
2010,234,1
2010,8,1
2010,914,1
2010,142,1
2010,54,1
2010,895,1
2011,2,1
2011,347,1
2011,1478,1
2011,1293,1
2011,89,1
2011,2086,1
2011,112,1
2011,2169,1
2011,2247,1
2011,43,1
2011,21,1
2011,319,1
2011,1353,1
2011,2336,1
2011,199,1
2011,141,1
2011,0,1
2011,15,1
2011,2011,1
2011,1071,1
2011,297,1
2011,56,1
2012,519,1
2012,323,1
2012,65,1
2012,35,1
2012,52,1
2012,285,1
2012,38,1
2012,1931,1
2012,2317,1
2012,18,1
2012,11,1
2012,8,1
2012,4,2
2012,848,1
2012,575,1
2012,1161,1
2012,25,1
2012,2352,1
2012,652,1
2012,1980,1
2012,74,1
2012,22,1
2012,33,1
2012,1636,1
2012,156,1
2012,123,1
2012,59,1
2012,393,1
2012,148,1
2012,2359,1
2012,395,1
2012,849,1
2013,519,2
2013,858,1
2013,505,1
2013,1246,1
2013,1611,5
2013,2096,2
2013,1412,2
2013,1293,1
2013,89,1
2013,998,1
2013,5,1
2013,1869,1
2013,266,1
2013,60,1
2013,1143,1
2013,1209,1
2013,51,1
2013,13,2
2013,466,1
2013,427,1
2013,305,1
2013,148,1
2013,179,1
2013,1726,1
2013,635,1
2013,1738,1
2013,166,1
2013,2078,1
2013,156,1
2013,270,1
2014,2,1
2014,385,1
2014,454,1
2014,3,1
2014,2052,1
2014,83,1
2014,801,1
2014,2095,1
2014,23,1
2014,0,1
2014,10,2
2014,156,1
2014,702,1
2014,350,1
2014,485,1
2014,1167,1
2014,7,1
2014,295,1
2014,1821,1
2014,13,1
2014,1777,1
2014,183,1
2015,426,1
2015,1792,1
2015,40,1
2015,2383,1
2015,1978,2
2015,1240,1
2015,87,1
2015,1634,1
2015,5,1
2015,2149,1
2015,224,1
2015,159,1
2015,824,2
2015,2422,1
2015,390,1
2015,182,1
2015,907,1
2015,1131,1
2015,2086,1
2015,533,1
2015,768,1
2015,1421,1
2015,11,1
2015,8,1
2015,149,1
2015,62,1
2015,44,1
2015,29,1
2015,2364,1
2015,30,1
2015,1717,1
2015,192,1
2015,759,1
2015,647,1
2015,391,1
2015,0,1
2015,130,1
2015,28,1
2015,1793,1
2016,1393,1
2016,378,2
2016,869,1
2016,145,1
2016,2380,1
2016,379,1
2016,1817,2
2016,67,1
2016,1620,1
2016,854,1
2016,2150,1
2016,1571,1
2016,2381,1
2016,44,1
2016,144,1
2016,2012,1
2016,1266,1
2016,490,1
2016,413,1
2016,256,1
2016,1772,1
2016,80,1
2017,7,1
2017,519,1
2017,743,2
2017,1862,4
2017,1,1
2017,731,1
2017,5,1
2017,545,1
2017,1956,1
2017,1890,1
2017,0,3
2017,306,1
2017,712,1
2017,982,1
2017,158,1
2017,1692,1
2017,39,1
2017,58,1
2017,1284,1
2017,4,1
2017,1661,1
2017,1430,1
2017,2273,1
2018,2,1
2018,347,1
2018,493,1
2018,2107,1
2018,826,1
2018,434,1
2018,1,1
2018,388,1
2018,11,1
2018,8,1
2018,532,1
2018,1261,1
2018,2057,1
2018,161,1
2018,103,1
2018,266,1
2018,1359,1
2018,89,1
2018,1729,1
2018,587,1
2018,991,1
2018,738,1
2019,24,1
2019,2,1
2019,173,1
2019,32,1
2019,239,1
2019,60,1
2019,11,1
2019,8,1
2019,1147,1
2019,1612,1
2019,505,1
2019,415,1
2019,699,1
2019,327,1
2019,72,1
2019,1683,1
2019,79,1
2019,2130,1
2019,715,1
2019,2417,1
2019,804,1
2019,1945,1
2019,39,1
2019,162,1
2019,298,1
2019,399,1
2019,828,2
2019,1859,2
2019,1394,1
2019,14,1
2019,563,1
2019,20,1
2020,93,1
2020,9,1
2020,1817,3
2020,1065,1
2020,1073,1
2020,30,1
2020,315,1
2020,400,1
2020,2193,1
2020,443,1
2020,8,2
2020,294,1
2020,846,1
2020,599,1
2020,143,1
2020,378,1
2020,865,1
2020,1356,4
2020,84,2
2020,1667,1
2020,1605,1
2020,543,1
2020,1192,1
2020,1808,1
2020,2060,1
2020,4,1
2020,814,1
2020,2424,1
2021,788,1
2021,19,1
2021,613,1
2021,11,1
2021,8,1
2021,1466,1
2021,1415,1
2021,281,1
2021,2332,1
2021,47,2
2021,938,1
2021,877,1
2021,210,1
2021,342,1
2021,180,1
2021,2432,1
2022,2,1
2022,190,1
2022,1614,1
2022,1,1
2022,2087,1
2022,1284,1
2022,1916,1
2022,566,1
2022,988,1
2022,111,1
2022,72,1
2022,140,1
2022,36,1
2022,1124,1
2022,104,1
2022,466,1
2022,817,1
2022,54,1
2022,18,1
2022,17,1
2022,354,1
2022,2328,1
2022,331,1
2022,292,1
2022,1788,1
2022,635,1
2022,1183,1
2022,20,1
2022,57,1
2022,78,1
2022,904,1
2022,435,1
2022,1113,1
2022,0,1
2022,51,1
2023,17,1
2023,1787,1
2023,2042,1
2023,672,1
2023,322,1
2023,28,1
2023,128,1
2023,1295,1
2023,183,1
2023,428,1
2023,154,1
2023,1762,1
2023,60,1
2023,135,1
2023,160,1
2023,241,1
2023,1383,1
2023,195,2
2023,1119,1
2023,10,1
2023,13,2
2023,1816,1
2023,1711,1
2023,2043,1
2023,809,1
2023,704,1
2023,7,1
2023,29,1
2023,133,1
2023,618,1
2023,811,1
2023,0,3
2023,686,1
2023,33,1
2023,427,1
2023,14,2
2023,2119,1
2023,1649,1
2023,1105,1
2023,422,1
2023,235,1
2023,2022,1
2023,2336,1
2023,107,1
2023,2244,1
2023,47,1
2023,240,1
2023,1721,1
2023,18,1
2023,424,1
2023,111,1
2024,2443,1
2024,1927,1
2024,1964,1
2024,1244,1
2024,1908,1
2024,584,1
2024,14,1
2024,879,1
2024,29,1
2024,88,1
2024,1138,1
2024,698,2
2024,0,2
2024,135,1
2024,6,3
2024,5,3
2024,339,1
2024,26,1
2024,1792,1
2024,307,1
2024,144,1
2024,157,1
2024,727,1
2024,45,1
2025,1793,3
2025,74,1
2025,22,1
2025,514,1
2025,841,3
2025,241,1
2025,529,1
2025,232,1
2025,938,1
2025,1565,1
2025,567,1
2025,1363,1
2025,935,1
2025,871,2
2025,1032,2
2025,84,1
2025,875,1
2025,252,1
2025,455,1
2025,19,1
2025,2291,1
2025,0,1
2025,38,1
2025,1,2
2025,6,1
2025,1186,1
2025,300,2
2025,12,1
2025,513,1
2026,236,1
2026,134,1
2026,2316,1
2026,97,1
2026,265,1
2026,1290,1
2026,815,1
2026,45,1
2026,2,1
2026,1519,1
2026,1600,1
2026,1069,1
2026,657,1
2026,2369,1
2026,877,1
2026,3,1
2026,112,1
2026,1487,1
2026,479,1
2026,1530,1
2026,108,1
2026,711,1
2026,1102,1
2026,351,1
2027,1791,3
2027,44,1
2027,655,1
2027,1485,1
2027,976,1
2027,141,1
2027,242,1
2027,1075,1
2027,1374,1
2027,1361,1
2027,869,1
2027,1005,1
2027,9,1
2027,144,2
2027,522,1
2027,1241,1
2027,1500,2
2027,1477,1
2028,36,1
2028,110,1
2028,323,1
2028,1172,1
2028,18,1
2028,1,1
2028,548,1
2028,834,1
2028,2380,1
2028,119,1
2028,2041,1
2028,15,1
2028,1102,1
2028,1914,1
2028,592,1
2028,0,1
2028,2162,2
2028,357,1
2028,31,1
2028,209,1
2028,1235,1
2028,2330,1
2028,213,1
2028,378,1
2028,1368,1
2028,27,1
2028,1789,1
2028,400,1
2029,1854,1
2029,1184,1
2029,39,1
2029,620,2
2029,186,1
2029,1,2
2029,24,1
2029,2,1
2029,173,1
2029,11,1
2029,8,2
2029,276,2
2029,736,1
2029,148,1
2029,1137,1
2029,355,1
2029,255,1
2029,2392,1
2029,2227,1
2029,1307,1
2029,1523,1
2029,1070,1
2029,1837,2
2029,1979,1
2029,1892,1
2029,429,1
2029,410,1
2029,1062,1
2029,1848,1
2029,327,1
2029,0,1
2029,50,1
2029,870,1
2029,1001,1
2030,2,1
2030,347,1
2030,873,1
2030,48,1
2030,23,1
2030,3,2
2030,863,1
2030,2178,1
2030,1080,1
2030,451,1
2030,2081,1
2030,1,1
2030,69,1
2030,81,1
2030,88,1
2030,1138,1
2030,8,1
2030,4,1
2030,1407,1
2030,52,1
2030,254,1
2030,2042,1
2030,114,1
2030,638,1
2030,289,1
2030,732,1
2030,1509,1
2031,2,1
2031,110,1
2031,323,1
2031,153,1
2031,174,1
2031,1,2
2031,306,1
2031,624,1
2031,2429,1
2031,2249,1
2031,83,1
2031,177,1
2031,80,1
2031,613,1
2031,795,1
2031,241,1
2031,529,1
2031,232,1
2031,417,3
2031,434,1
2031,10,1
2031,156,1
2031,1780,1
2031,736,1
2031,1372,1
2031,49,1
2031,1322,1
2032,2,2
2032,384,1
2032,16,1
2032,367,1
2032,620,1
2032,36,1
2032,66,1
2032,39,2
2032,898,1
2032,67,1
2032,1324,1
2032,1985,1
2032,1408,1
2032,742,1
2032,165,1
2032,292,1
2032,58,2
2032,2272,1
2032,1691,1
2032,775,1
2032,816,1
2032,1433,1
2032,2331,1
2032,370,1
2032,15,1
2032,2296,1
2032,332,1
2032,2045,1
2033,24,1
2033,2,1
2033,173,1
2033,2256,1
2033,70,2
2033,689,1
2033,6,2
2033,199,2
2033,2002,1
2033,359,1
2033,503,1
2033,398,1
2033,316,1
2033,171,1
2033,643,1
2033,113,2
2033,1461,2
2033,511,2
2033,86,1
2033,0,1
2033,261,1
2033,8,1
2033,305,1
2033,20,1
2033,517,1
2033,5,1
2033,422,1
2033,235,1
2033,2237,1
2033,55,1
2033,1653,1
2033,1601,1
2033,209,1
2034,2,1
2034,215,1
2034,1068,1
2034,1,2
2034,69,2
2034,81,1
2034,6,1
2034,154,1
2034,481,1
2034,1042,2
2034,5,1
2034,306,1
2034,434,1
2034,355,1
2034,255,1
2034,2074,2
2034,714,2
2034,225,1
2034,148,1
2034,1636,1
2034,156,1
2034,213,1
2034,1147,1
2034,35,1
2034,1991,1
2034,281,1
2034,220,1
2035,397,1
2035,1152,1
2035,2230,1
2035,1870,1
2035,246,1
2035,118,1
2035,97,1
2036,2243,1
2036,1691,1
2036,0,1
2036,216,2
2036,102,1
2036,1011,1
2036,316,1
2036,171,1
2036,2352,1
2036,993,1
2036,1823,1
2036,17,1
2036,1506,1
2036,116,1
2036,2386,1
2036,13,1
2036,1374,1
2036,978,1
2036,1816,1
2036,2338,1
2036,38,1
2036,1144,1
2036,904,1
2036,928,1
2036,1788,1
2036,635,1
2036,22,1
2037,154,1
2037,1183,1
2037,26,2
2037,121,2
2037,2020,1
2037,504,1
2037,214,1
2037,2290,1
2037,386,2
2037,1223,1
2037,140,2
2037,31,1
2037,739,1
2037,901,1
2038,1,1
2038,1408,1
2038,2452,1
2038,114,1
2038,256,1
2038,1648,1
2038,997,1
2038,379,1
2038,97,1
2038,2,1
2038,462,1
2038,104,1
2038,143,1
2038,2309,1
2038,512,1
2038,1520,1
2038,254,1
2038,439,1
2039,1614,1
2039,1,1
2039,1158,1
2039,1060,1
2039,423,1
2039,274,1
2039,544,1
2039,803,1
2039,1380,1
2039,531,1
2039,0,1
2039,1873,1
2039,219,1
2039,514,1
2039,182,1
2039,1269,1
2039,617,1
2039,1087,1
2039,377,1
2039,8,2
2039,4,1
2039,1984,1
2039,1936,1
2039,114,1
2039,1395,1
2039,765,1
2039,411,1
2039,954,1
2039,218,1
2039,403,1
2039,668,1
2040,28,1
2040,1802,1
2040,63,1
2040,1638,1
2040,2194,1
2040,254,1
2040,627,1
2040,617,1
2040,1573,2
2040,527,1
2040,47,1
2040,6,1
2040,109,1
2040,560,1
2040,1947,2
2040,297,1
2040,206,1
2040,13,1
2040,111,3
2040,0,3
2040,1506,3
2040,116,3
2040,792,1
2041,99,2
2041,167,1
2041,330,1
2041,37,2
2041,368,3
2041,183,2
2041,370,1
2041,902,1
2041,1224,1
2041,861,1
2041,1855,1
2041,349,1
2041,1337,1
2041,1465,1
2041,1529,1
2041,531,1
2041,478,1
2041,439,1
2041,713,1
2041,698,1
2041,2035,1
2041,729,1
2041,140,1
2042,1763,1
2042,1598,1
2042,449,1
2042,357,1
2042,1478,2
2042,1005,1
2042,1576,1
2042,564,1
2042,636,1
2042,1,1
2042,82,2
2042,651,1
2042,1214,1
2042,142,1
2042,54,1
2042,1211,1
2042,1765,1
2042,2194,2
2042,5,2
2042,1056,1
2042,694,1
2042,647,1
2042,476,1
2042,4,1
2042,412,1
2042,791,1
2042,596,1
2042,214,1
2042,1688,1
2043,40,1
2043,193,1
2043,80,1
2043,116,1
2043,1,1
2043,74,1
2043,22,1
2043,1810,1
2043,746,1
2043,282,1
2043,97,1
2043,3,1
2043,6,1
2043,49,1
2043,788,1
2043,446,1
2043,10,1
2043,13,1
2043,1214,1
2043,2277,1
2044,2,1
2044,170,1
2044,334,1
2044,1401,1
2044,1595,1
2044,1580,1
2044,1624,1
2044,51,1
2044,5,2
2044,2107,1
2044,826,1
2044,2022,2
2044,2206,1
2044,481,1
2044,105,1
2044,77,1
2044,1180,1
2044,261,1
2044,268,1
2044,1978,1
2044,0,1
2044,1489,1
2044,193,1
2044,63,1
2044,53,1
2044,293,1
2044,55,1
2045,50,1
2045,351,1
2045,1176,1
2045,154,1
2045,60,1
2045,224,1
2045,313,1
2045,16,1
2045,276,1
2045,1896,1
2045,1295,1
2045,1420,1
2045,1117,1
2045,908,1
2045,741,1
2045,109,1
2045,142,1
2045,54,1
2045,251,1
2045,1012,1
2045,586,1
2045,708,1
2045,2129,1
2045,1514,1
2046,2,1
2046,438,1
2046,472,1
2046,96,1
2046,48,1
2046,23,1
2046,168,1
2046,369,1
2046,52,1
2046,1495,1
2046,72,1
2046,193,1
2046,322,1
2046,20,1
2046,984,1
2046,1276,1
2046,374,1
2046,14,1
2046,29,1
2046,203,1
2046,11,1
2046,8,1
2046,4,1
2046,0,1
2046,274,1
2046,108,1
2046,305,1
2046,1675,1
2046,403,1
2046,727,1
2046,1779,1
2046,216,1
2046,102,1
2046,6,1
2046,153,1
2047,1565,1
2047,692,1
2047,215,1
2047,2,1
2047,603,1
2047,2405,1
2047,2046,1
2047,0,4
2047,21,1
2047,3,1
2047,368,2
2047,2127,1
2047,63,1
2047,1528,1
2047,1,1
2047,1355,1
2047,231,1
2047,1009,2
2047,1100,1
2047,233,1
2047,144,1
2047,54,1
2047,717,1
2047,216,1
2047,102,1
2047,235,1
2047,1041,1
2047,8,1
2047,305,1
2047,612,2
2047,271,1
2047,26,1
2047,1890,1
2047,1197,1
2047,2014,1
2047,2212,1
2047,197,2
2047,1691,2
2047,2311,1
2047,150,1
2047,1228,1
2047,431,1
2047,1306,1
2047,269,1
2047,47,1
2047,991,1
2048,112,1
2048,1674,1
2048,16,1
2048,45,1
2048,22,1
2048,1803,1
2048,5,1
2048,684,1
2048,15,1
2048,550,1
2048,1814,1
2048,20,1
2048,1493,1
2048,918,1
2048,1116,1
2048,2424,1
2048,258,1
2048,272,1
2048,61,2
2048,1469,1
2048,496,1
2048,1406,1
2048,259,1
2048,1875,1
2048,8,1
2048,210,1
2048,0,1
2048,887,1
2048,12,1
2049,1945,1
2049,1544,1
2049,4,1
2049,870,1
2049,1001,1
2049,1403,2
2049,2,1
2049,438,1
2049,266,1
2049,250,1
2049,167,1
2049,48,1
2049,23,1
2049,627,1
2049,2021,1
2049,2062,2
2049,1947,3
2049,460,1
2049,1710,1
2049,1195,1
2049,1618,1
2049,184,1
2050,343,1
2050,1610,1
2050,1696,1
2050,1760,1
2050,1585,1
2050,840,1
2050,92,1
2050,1288,1
2050,10,1
2050,13,1
2050,500,1
2050,58,2
2050,2272,1
2050,1036,1
2050,280,1
2051,2,1
2051,462,1
2051,104,1
2051,646,1
2051,73,1
2051,685,1
2051,997,1
2051,140,1
2051,546,2
2051,32,4
2051,2416,2
2051,0,3
2051,101,1
2051,1,3
2051,2087,1
2051,57,1
2051,727,1
2051,1009,1
2051,271,1
2051,26,1
2051,14,1
2051,1874,1
2051,1694,1
2051,954,1
2051,114,1
2051,69,2
2051,81,2
2051,1043,1
2051,1829,1
2051,7,1
2051,611,2
2051,38,1
2051,2284,1
2051,393,1
2051,47,1
2051,1646,1
2051,25,1
2051,1781,1
2051,98,1
2051,439,1
2052,99,1
2052,167,1
2052,90,1
2052,274,1
2052,1251,1
2052,4,1
2052,87,2
2052,123,1
2052,1079,1
2052,10,1
2052,13,1
2052,2336,2
2052,1,1
2052,47,2
2052,30,1
2052,342,1
2052,180,1
2052,1163,1
2052,1397,1
2052,1573,1
2052,1068,1
2052,319,1
2052,59,1
2052,114,1
2052,1208,1
2052,489,1
2052,663,1
2052,89,1
2052,305,1
2052,794,1
2052,51,1
2052,1416,1
2052,330,1
2052,97,1
2052,1485,1
2052,174,1
2053,1108,1
2053,138,2
2053,1882,1
2053,1573,1
2053,1784,1
2053,19,1
2053,44,1
2053,1081,1
2053,50,1
2053,1224,1
2053,452,1
2053,1,1
2053,10,1
2053,13,1
2053,4,1
2053,669,1
2053,3,1
2053,1231,1
2053,509,1
2053,1379,1
2053,73,1
2053,2104,1
2053,732,1
2053,1360,1
2053,1698,1
2054,371,1
2054,145,1
2054,27,1
2054,436,1
2054,362,1
2054,156,1
2054,83,1
2054,1418,1
2054,1246,1
2054,869,1
2054,29,1
2054,10,1
2054,13,1
2054,20,1
2054,247,1
2054,65,1
2054,803,1
2054,853,1
2054,2177,1
2054,32,1
2054,1352,1
2055,83,1
2055,472,1
2055,96,1
2055,35,1
2055,340,1
2055,1790,1
2055,677,1
2055,1009,1
2055,2284,1
2055,1713,1
2055,148,1
2055,179,1
2055,67,1
2055,393,1
2055,1548,1
2055,25,1
2055,1,1
2055,74,1
2055,22,1
2056,2,1
2056,110,1
2056,213,1
2056,116,1
2056,363,1
2056,11,1
2056,8,1
2056,18,2
2056,1075,1
2056,1374,1
2056,5,3
2056,1675,1
2056,924,1
2056,34,1
2056,196,1
2056,212,1
2056,30,1
2056,2117,1
2056,504,1
2056,214,1
2056,911,1
2056,236,1
2056,134,1
2056,1229,1
2056,1372,1
2056,49,1
2056,19,1
2056,202,1
2057,2300,1
2057,322,1
2057,1405,1
2057,413,1
2057,250,1
2057,7,1
2057,10,1
2057,13,1
2057,387,1
2057,0,1
2057,687,1
2057,1,1
2057,318,1
2057,1603,1
2057,1013,1
2057,735,1
2057,133,1
2057,847,1
2057,1726,1
2057,635,1
2057,25,1
2057,109,1
2058,182,1
2058,344,3
2058,79,2
2058,830,4
2058,517,1
2058,113,1
2058,1461,1
2058,24,1
2058,2,1
2058,173,1
2058,787,1
2058,487,1
2058,7,2
2058,91,1
2058,85,1
2058,1549,1
2058,2112,3
2058,945,1
2058,14,1
2058,10,1
2058,1294,1
2058,801,1
2058,1,2
2058,72,1
2058,553,1
2058,647,1
2058,476,1
2058,294,1
2058,2366,1
2058,112,1
2058,854,1
2058,804,1
2058,280,1
2058,826,1
2058,21,1
2058,3,1
2058,681,1
2058,195,1
2058,5,1
2058,307,1
2059,2,1
2059,384,1
2059,195,2
2059,1995,1
2059,1174,1
2059,709,1
2059,747,1
2059,1,1
2059,269,1
2059,275,1
2059,138,1
2059,19,2
2059,1964,1
2059,1705,1
2059,64,1
2059,117,1
2059,1847,1
2059,539,1
2059,869,1
2059,145,1
2059,108,1
2059,4,1
2059,74,1
2059,22,1
2059,5,1
2059,2416,1
2059,838,1
2059,18,1
2060,106,1
2060,1379,1
2060,80,1
2060,1969,1
2060,55,1
2060,4,1
2060,113,1
2060,1808,1
2060,6,1
2060,913,2
2060,192,1
2060,247,1
2060,1,1
2060,939,1
2060,47,1
2060,1188,1
2060,1905,1
2060,27,1
2060,244,1
2060,116,1
2060,24,1
2060,1953,1
2060,611,1
2060,43,1
2061,2,1
2061,384,1
2061,7,1
2061,1091,1
2061,10,1
2061,13,1
2061,4,1
2061,688,1
2061,711,1
2061,202,1
2061,115,1
2061,2097,1
2061,947,1
2061,99,1
2061,661,1
2061,421,1
2061,84,1
2061,140,1
2061,388,1
2061,1310,1
2061,845,1
2061,2347,1
2061,733,1
2061,650,2
2062,27,1
2062,1665,3
2062,219,1
2062,5,1
2062,48,1
2062,23,1
2062,0,1
2062,2100,1
2062,302,1
2062,2181,1
2062,2353,1
2062,457,1
2062,1337,1
2062,1,1
2062,736,1
2062,2440,1
2062,425,1
2062,487,1
2062,227,1
2062,305,1
2062,2,1
2062,462,1
2062,104,1
2062,898,1
2062,936,1
2062,379,1
2062,860,1
2062,522,1
2062,7,1
2063,2,2
2063,110,1
2063,1820,1
2063,1315,4
2063,254,1
2063,53,2
2063,179,1
2063,271,1
2063,26,1
2063,14,1
2063,314,1
2063,325,1
2063,49,1
2063,1619,1
2063,1427,2
2063,184,2
2063,904,1
2063,928,1
2063,1996,1
2063,592,1
2063,1209,1
2063,2450,1
2063,1326,1
2063,1172,1
2063,24,1
2063,395,1
2063,4,1
2063,762,1
2063,306,1
2063,665,1
2063,113,1
2063,1028,1
2063,2354,1
2063,206,1
2063,25,1
2063,1,1
2063,2102,1
2064,58,1
2064,343,1
2064,1304,1
2064,1945,1
2064,50,1
2064,1074,1
2064,393,1
2064,2,1
2064,2040,1
2064,1345,1
2064,314,1
2064,325,1
2064,1549,1
2064,574,1
2064,193,1
2064,80,1
2064,20,1
2064,2081,1
2064,10,1
2064,1294,1
2064,1455,1
2064,225,1
2064,254,1
2065,342,1
2065,180,1
2065,186,1
2065,106,1
2065,972,1
2065,894,1
2065,1370,1
2065,820,1
2065,2445,1
2065,1749,1
2065,619,1
2065,13,1
2065,4,1
2065,79,1
2065,418,1
2065,0,2
2065,639,1
2065,498,1
2065,1256,1
2065,810,1
2066,1910,1
2066,318,1
2066,44,2
2066,1491,1
2066,350,1
2066,146,1
2066,858,1
2066,20,1
2066,1407,1
2066,5,1
2066,711,1
2066,2376,1
2066,29,1
2066,947,1
2066,42,1
2066,750,1
2066,1,1
2066,43,1
2067,2,1
2067,426,1
2067,2404,1
2067,367,1
2067,10,1
2067,13,1
2067,762,1
2067,203,1
2067,460,1
2067,651,2
2067,0,1
2067,247,1
2067,48,1
2067,23,1
2067,176,1
2067,3,1
2067,2411,1
2067,2071,1
2067,31,2
2067,246,1
2067,1314,1
2068,2,1
2068,170,1
2068,77,1
2068,332,1
2068,1759,1
2068,474,1
2068,1951,1
2068,1604,1
2068,2300,1
2068,322,1
2068,231,1
2068,1009,1
2068,233,1
2068,605,1
2068,5,1
2068,186,1
2068,133,1
2069,106,1
2069,9,1
2069,1547,1
2069,1975,1
2069,621,1
2069,39,1
2069,4,1
2069,100,1
2069,44,1
2069,7,1
2069,1868,1
2069,1454,1
2069,42,1
2069,95,1
2069,1440,1
2069,33,1
2069,321,1
2069,207,1
2069,50,1
2070,2,1
2070,2169,1
2070,2247,1
2070,2019,1
2070,1377,1
2070,327,1
2070,72,1
2070,5,2
2070,191,1
2070,29,1
2070,186,1
2070,1025,1
2070,684,1
2070,632,1
2070,858,1
2070,1041,1
2070,16,1
2070,1415,1
2070,1,1
2070,248,1
2070,506,1
2070,707,1
2070,100,1
2070,37,1
2070,97,1
2070,1485,1
2070,1206,1
2071,154,1
2071,223,1
2071,229,2
2071,1079,2
2071,350,2
2071,879,2
2071,0,2
2071,545,1
2071,5,1
2071,1246,1
2071,971,1
2071,766,1
2071,1584,1
2071,463,1
2071,724,1
2071,1425,1
2071,278,1
2071,88,1
2071,293,1
2071,55,1
2071,4,1
2071,44,1
2071,2408,1
2071,58,1
2072,2,1
2072,1328,1
2072,915,1
2072,20,1
2072,1672,1
2072,1880,1
2072,247,2
2072,534,1
2072,2354,1
2072,90,1
2072,68,1
2072,43,1
2072,1338,1
2072,34,1
2072,362,1
2072,156,1
2072,2264,1
2072,1997,1
2073,121,1
2073,399,1
2073,916,1
2073,1347,1
2073,495,1
2073,571,1
2073,124,1
2073,854,1
2073,93,1
2073,9,1
2073,41,1
2073,155,1
2073,3,2
2073,471,1
2073,836,1
2073,0,1
2073,240,1
2073,10,1
2073,534,1
2073,1128,1
2073,839,1
2073,391,1
2073,2145,1
2073,15,1
2073,333,1
2073,855,1
2073,212,1
2073,90,1
2073,68,1
2073,724,1
2073,468,1
2073,127,1
2073,1460,1
2073,1910,1
2074,452,1
2074,2177,1
2074,451,1
2074,62,1
2074,425,1
2074,896,1
2074,316,1
2074,171,1
2074,70,1
2074,673,1
2074,6,1
2074,578,1
2074,151,1
2074,2032,1
2074,3,2
2074,1357,1
2074,2114,2
2074,728,1
2074,109,1
2074,555,1
2074,1974,1
2074,732,1
2074,973,1
2074,689,1
2074,38,1
2074,393,1
2074,1548,1
2074,25,1
2074,1,1
2074,79,1
2074,2006,1
2074,2382,1
2074,1939,1
2074,1724,1
2075,695,1
2075,805,1
2075,153,1
2075,800,1
2075,1304,1
2075,4,1
2075,599,1
2075,1723,1
2075,1013,1
2075,33,1
2075,2290,1
2075,386,1
2075,5,1
2075,1044,1
2075,801,1
2075,1,1
2075,203,1
2075,0,1
2075,787,1
2075,655,1
2075,63,1
2075,17,1
2075,56,1
2076,2,1
2076,1940,2
2076,1281,2
2076,83,1
2076,16,1
2076,0,1
2076,734,1
2076,980,1
2076,731,1
2076,677,1
2076,1109,1
2076,292,1
2076,44,1
2076,321,1
2076,207,1
2076,1884,2
2076,1212,1
2076,33,1
2076,411,1
2076,8,1
2076,421,1
2076,1,1
2076,510,1
2076,1623,1
2076,759,1
2076,1586,1
2076,2133,1
2077,2,1
2077,385,1
2077,156,1
2077,707,1
2077,620,1
2077,1,3
2077,69,1
2077,81,1
2077,10,1
2077,13,1
2077,4,2
2077,267,1
2077,1028,1
2077,370,1
2077,434,1
2077,2270,1
2077,627,1
2077,1260,1
2077,33,1
2077,182,1
2077,280,1
2077,25,2
2077,233,1
2077,690,1
2077,350,1
2077,822,1
2077,1983,1
2077,580,1
2077,484,1
2077,2147,1
2077,750,1
2077,18,1
2077,1829,1
2078,154,1
2078,223,1
2078,65,1
2078,35,1
2078,177,1
2078,1018,1
2078,1684,1
2078,10,1
2078,13,1
2078,716,1
2078,1038,1
2078,1939,1
2078,386,1
2078,277,1
2078,179,1
2078,271,1
2078,26,1
2078,1041,1
2078,93,1
2078,9,1
2078,168,1
2078,76,1
2079,40,1
2079,1187,1
2079,9,1
2079,1299,1
2079,505,1
2079,1714,1
2079,2228,1
2079,70,1
2079,11,1
2079,8,1
2079,143,1
2079,1932,1
2079,846,1
2079,1053,1
2079,759,1
2079,41,1
2079,30,1
2079,2023,1
2079,660,1
2079,2056,1
2079,0,1
2079,448,1
2079,455,1
2079,1698,1
2079,5,1
2080,76,1
2080,389,1
2080,37,1
2080,1626,1
2080,295,1
2080,541,1
2080,1348,1
2080,58,1
2080,132,1
2080,1364,1
2080,140,1
2080,1667,1
2080,1077,1
2080,690,1
2080,877,1
2080,3,1
2080,0,1
2080,1492,1
2080,1987,1
2081,620,1
2081,40,1
2081,96,1
2081,2201,1
2081,35,1
2081,386,1
2081,5,2
2081,1395,1
2081,765,1
2081,1063,1
2081,284,1
2081,32,1
2081,158,1
2081,7,1
2081,545,1
2081,1512,1
2081,1182,1
2081,87,1
2081,848,1
2081,38,1
2081,509,1
2081,253,1
2081,90,1
2081,155,1
2081,1404,1
2081,0,1
2081,2280,1
2081,234,1
2081,1620,1
2081,65,1
2081,803,1
2081,286,1
2082,40,1
2082,848,1
2082,11,1
2082,8,1
2082,1273,1
2082,132,2
2082,1000,1
2082,3,1
2082,18,1
2082,2160,1
2082,0,1
2082,686,1
2082,2193,1
2082,31,1
2082,1494,1
2082,1002,1
2082,2287,1
2082,29,1
2082,1684,1
2083,92,2
2083,1274,1
2083,367,1
2083,7,2
2083,85,1
2083,2312,1
2083,83,1
2083,5,1
2083,11,1
2083,8,1
2083,374,1
2083,245,1
2083,47,1
2083,627,1
2083,3,2
2083,191,1
2083,1628,1
2083,1389,1
2083,103,1
2083,1,1
2083,602,1
2083,919,1
2083,1878,1
2083,49,1
2083,63,1
2083,2452,1
2083,20,1
2083,2369,1
2083,877,1
2083,2057,1
2084,576,1
2084,40,1
2084,1,1
2084,488,1
2084,477,1
2084,0,2
2084,140,3
2084,31,1
2084,306,1
2084,624,1
2084,449,1
2084,1240,1
2084,7,1
2084,641,1
2084,702,1
2084,350,1
2084,374,1
2084,65,1
2084,35,1
2084,1000,1
2084,3,1
2084,1777,1
2084,2298,1
2085,518,1
2085,515,1
2085,1831,1
2085,1324,1
2085,196,1
2085,332,1
2085,71,1
2085,459,1
2085,1959,2
2085,2272,1
2085,1036,1
2085,1711,1
2085,1776,2
2085,749,1
2085,666,1
2085,486,1
2085,884,1
2085,1416,1
2085,145,1
2085,1270,1
2085,1683,1
2085,233,1
2085,144,1
2085,252,1
2085,0,1
2085,1231,1
2085,1059,1
2085,978,1
2085,1363,1
2085,120,1
2085,410,1
2085,1687,1
2085,413,1
2085,6,1
2085,280,1
2085,335,1
2085,58,1
