doc_idx,ArticleID,group,Readability,total_bigrams
0,9,0,6,78
1,24,0,6,98
2,60,0,5,61
3,102,0,6,33
4,119,0,6,60
5,186,0,5,98
6,204,0,6,74
7,220,0,6,35
8,225,0,6,36
9,230,0,6,57
10,284,0,6,140
11,302,0,6,29
12,303,0,5,43
13,307,0,5,120
14,309,0,6,64
15,335,0,6,79
16,343,0,6,98
17,384,0,6,50
18,403,0,6,116
19,404,0,5,58
20,440,0,4,37
21,445,0,5,101
22,463,0,5,79
23,481,0,6,190
24,487,0,6,114
25,496,0,6,138
26,507,0,6,54
27,543,0,6,36
28,565,0,6,45
29,574,0,6,105
30,585,0,6,86
31,593,0,6,77
32,596,0,6,96
33,692,0,6,65
34,734,0,6,113
35,761,0,4,29
36,776,0,6,48
37,802,0,6,57
38,856,0,6,77
39,1019,0,6,62
40,1120,0,6,52
41,1146,0,6,46
42,1167,0,6,52
43,2222,0,6,39
44,2240,0,6,30
45,2255,0,6,49
46,2264,0,4,29
47,2266,0,6,38
48,2268,0,5,55
49,2309,0,6,52
50,2320,0,4,65
51,2328,0,6,55
52,2339,0,6,39
53,2345,0,6,39
54,2370,0,6,55
55,2374,0,6,39
56,2392,0,6,31
57,2394,0,6,55
58,2406,0,6,45
59,2459,0,5,56
60,2477,0,6,39
61,2516,0,6,53
62,2524,0,6,28
63,2534,0,5,50
64,2557,0,5,36
65,2577,0,6,35
66,2614,0,6,48
67,2624,0,6,48
68,2669,0,6,45
69,2716,0,6,59
70,2742,0,6,23
71,2786,0,6,48
72,2795,0,5,95
73,2811,0,5,57
74,2817,0,6,25
75,2827,0,6,46
76,2841,0,6,79
77,2842,0,6,36
78,2890,0,6,61
79,2901,0,6,25
80,2907,0,6,81
81,2951,0,6,42
82,2985,0,4,144
83,3018,0,6,113
84,3026,0,6,51
85,3032,0,6,90
86,3034,0,5,80
87,3038,0,4,53
88,3040,0,6,52
89,3044,0,5,64
90,3049,0,5,63
91,3066,0,6,100
92,3093,0,6,52
93,3104,0,6,39
94,3111,0,6,50
95,3155,0,6,61
96,3157,0,6,46
97,3158,0,6,80
98,3160,0,6,47
99,3166,0,5,54
100,3194,0,6,74
101,3199,0,6,37
102,3209,0,4,55
103,3245,0,6,43
104,3248,0,6,55
105,3301,0,6,21
106,3337,0,6,63
107,3340,0,6,37
108,3350,0,6,43
109,3361,0,4,63
110,3375,0,6,33
111,3419,0,6,43
112,3424,0,6,42
113,3426,0,6,40
114,3432,0,6,42
115,3457,0,6,58
116,3471,0,6,68
117,3514,0,6,25
118,3526,0,6,52
119,3532,0,6,54
120,3560,0,6,65
121,3564,0,6,62
122,3565,0,5,73
123,3569,0,6,53
124,3570,0,6,112
125,3572,0,6,86
126,3600,0,6,59
127,3606,0,6,41
128,3636,0,6,43
129,3654,0,6,124
130,3668,0,6,78
131,3691,0,6,49
132,3732,0,6,54
133,3737,0,6,43
134,3772,0,6,96
135,3780,0,6,70
136,3791,0,6,53
137,3795,0,6,64
138,3806,0,6,58
139,3846,0,6,46
140,3863,0,6,78
141,3881,0,5,96
142,3896,0,3,45
143,3920,0,5,46
144,3948,0,6,72
145,3984,0,6,64
146,3991,0,4,45
147,3999,0,4,78
148,4100,0,6,71
149,4103,0,6,69
150,4111,0,6,72
151,4119,0,6,124
152,4133,0,4,94
153,4151,0,5,48
154,4202,0,6,57
155,4236,0,6,69
156,4260,0,4,88
157,4271,0,5,97
158,4289,0,6,74
159,4298,0,6,105
160,4330,0,6,33
161,4336,0,6,80
162,4347,0,6,59
163,4356,0,6,27
164,4365,0,6,92
165,4368,0,6,36
166,4371,0,6,77
167,4374,0,6,42
168,4465,0,6,44
169,4482,0,6,40
170,4514,0,6,53
171,4530,0,6,59
172,4567,0,6,137
173,4578,0,6,51
174,4606,0,6,39
175,4642,0,6,83
176,4652,0,6,37
177,4655,0,6,67
178,4659,0,6,40
179,4756,0,6,57
180,4765,0,4,39
181,4796,0,6,39
182,4802,0,5,32
183,4820,0,6,48
184,4852,0,6,40
185,4855,0,6,63
186,4885,0,6,36
187,4951,0,6,53
188,4974,0,6,45
189,5056,0,5,45
190,5212,0,6,42
191,5235,0,6,47
192,5434,0,6,32
193,5453,0,6,45
194,5485,0,6,39
195,5521,0,6,39
196,5786,0,6,33
197,5801,0,6,29
198,5835,0,6,50
199,5946,0,6,36
200,5977,0,5,47
201,5987,0,6,38
202,6021,0,6,38
203,6053,0,6,59
204,6058,0,5,46
205,6069,0,6,47
206,6077,0,6,37
207,6084,0,4,42
208,6106,0,6,55
209,6132,0,6,47
210,6147,0,6,42
211,6161,0,6,96
212,6170,0,6,53
213,6188,0,6,62
214,6193,0,6,43
215,6212,0,5,49
216,6246,0,6,38
217,6262,0,6,45
218,6362,0,6,45
219,6382,0,6,48
220,6394,0,6,46
221,6437,0,6,54
222,6446,0,6,53
223,6602,0,6,87
224,6640,0,6,49
225,6645,0,6,65
226,6685,0,6,85
227,6705,0,4,47
228,6731,0,6,55
229,6739,0,6,36
230,6742,0,6,53
231,6745,0,6,63
232,6763,0,5,67
233,6783,0,6,55
234,6794,0,6,69
235,6805,0,6,49
236,6831,0,5,40
237,6861,0,6,55
238,6913,0,6,44
239,6917,0,6,57
240,6940,0,5,60
241,6957,0,6,49
242,6994,0,5,57
243,7019,0,6,52
244,7035,0,6,62
245,7071,0,6,31
246,7072,0,6,59
247,7074,0,6,62
248,7075,0,4,57
249,7094,0,6,46
250,7117,0,6,85
251,7139,0,6,47
252,7198,0,6,52
253,7212,0,6,58
254,7217,0,6,47
255,7218,0,6,44
256,7241,0,5,63
257,7248,0,6,60
258,7288,0,6,43
259,7351,0,6,43
260,7386,0,6,51
261,7415,0,6,80
262,7418,0,6,41
263,7438,0,6,44
264,7449,0,6,42
265,7452,0,6,61
266,7453,0,6,62
267,7457,0,6,51
268,7462,0,5,50
269,7475,0,6,45
270,7507,0,6,48
271,7524,0,6,55
272,7568,0,6,56
273,7577,0,5,39
274,7579,0,6,46
275,7644,0,5,44
276,7708,0,6,71
277,7722,0,6,26
278,7791,0,6,75
279,7801,0,6,57
280,7813,0,6,39
281,7832,0,6,68
282,7836,0,5,62
283,7867,0,6,75
284,7908,0,6,56
285,7911,0,6,61
286,7913,0,6,108
287,7942,0,6,48
288,7994,0,6,51
289,8015,0,5,43
290,8031,0,6,25
291,8045,0,6,36
292,8068,0,6,40
293,8109,0,4,43
294,8115,0,6,50
295,8129,0,6,32
296,8147,0,6,44
297,8154,0,6,51
298,8174,0,6,58
299,8202,0,4,70
300,8205,0,6,106
301,8233,0,6,91
302,8238,0,6,92
303,8248,0,6,42
304,8249,0,6,79
305,8258,0,6,78
306,8278,0,6,27
307,8303,0,6,39
308,8310,0,6,94
309,8323,0,6,52
310,8324,0,4,51
311,8327,0,6,41
312,8344,0,5,118
313,8369,0,6,49
314,8373,0,4,63
315,8401,0,5,71
316,8403,0,6,55
317,8412,0,6,88
318,8439,0,6,45
319,8442,0,5,62
320,8461,0,3,44
321,8464,0,4,62
322,8516,0,5,121
323,8521,0,6,82
324,8563,0,6,131
325,8580,0,6,82
326,8643,0,5,44
327,8670,0,6,38
328,8702,0,6,56
329,8719,0,5,87
330,8775,0,6,139
331,9245,0,6,44
332,9282,0,4,26
333,9297,0,6,89
334,9420,0,6,54
335,9436,0,6,92
336,9460,0,6,117
337,9471,0,5,59
338,9528,0,6,28
339,9529,0,6,21
340,9534,0,6,34
341,9548,0,6,31
342,9606,0,6,91
343,9610,0,6,67
344,9623,0,6,82
345,9656,0,6,61
346,9669,0,6,40
347,9675,0,6,48
348,9685,0,5,53
349,2185,0,4,38
350,2188,0,6,45
351,2191,0,6,39
352,2193,0,6,22
353,2202,0,6,38
354,2205,0,6,38
355,2209,0,6,27
356,2212,0,6,28
357,2213,0,6,42
358,2218,0,6,38
359,2219,0,6,23
360,2236,0,4,34
361,2241,0,6,34
362,2243,0,4,44
363,2248,0,6,18
364,2249,0,6,36
365,2251,0,4,30
366,2270,0,5,34
367,2274,0,6,37
368,2276,0,6,29
369,2277,0,6,37
370,2285,0,6,16
371,2290,0,6,18
372,2297,0,6,34
373,2319,0,3,26
374,2321,0,6,42
375,2326,0,6,40
376,2327,0,4,34
377,2330,0,4,37
378,2331,0,6,37
379,2337,0,6,24
380,2338,0,6,32
381,2340,0,6,23
382,2344,0,6,31
383,2352,0,6,21
384,2364,0,6,24
385,2373,0,6,20
386,2376,0,6,60
387,2378,0,6,36
388,2380,0,6,17
389,2381,0,6,29
390,2385,0,6,38
391,2387,0,5,44
392,2389,0,6,33
393,2395,0,6,41
394,2396,0,6,31
395,2400,0,5,36
396,2403,0,4,18
397,2405,0,6,48
398,2411,0,5,33
399,2412,0,6,21
400,2420,0,5,51
401,2423,0,3,64
402,2427,0,6,33
403,2431,0,5,46
404,2432,0,6,32
405,2437,0,6,23
406,2438,0,6,39
407,2441,0,6,22
408,2448,0,6,37
409,2449,0,6,45
410,2450,0,6,35
411,2451,0,6,27
412,2454,0,6,49
413,2462,0,5,39
414,2471,0,6,49
415,2475,0,6,32
416,2478,0,6,54
417,2480,0,6,51
418,2487,0,6,51
419,2489,0,6,48
420,2490,0,6,42
421,2494,0,6,40
422,2496,0,6,46
423,2502,0,4,45
424,2505,0,4,51
425,2519,0,6,42
426,2522,0,6,33
427,2526,0,6,37
428,2530,0,6,15
429,2541,0,6,30
430,2547,0,6,37
431,2558,0,6,28
432,2567,0,6,49
433,2568,0,6,47
434,2589,0,6,54
435,2591,0,5,47
436,2592,0,6,44
437,2596,0,6,52
438,2600,0,6,19
439,2612,0,6,34
440,2615,0,6,43
441,2627,0,6,53
442,2630,0,4,41
443,2667,0,6,54
444,2683,0,6,44
445,2695,0,6,38
446,2707,0,6,52
447,2708,0,5,43
448,2710,0,6,38
449,2712,0,6,48
450,2718,0,5,19
451,2722,0,6,36
452,2728,0,6,38
453,2736,0,6,60
454,2740,0,5,39
455,2755,0,6,50
456,2762,0,6,43
457,2767,0,6,26
458,2779,0,6,49
459,2780,0,6,39
460,2782,0,6,40
461,2784,0,6,51
462,2791,0,6,47
463,2793,0,6,24
464,4689,0,5,47
465,4697,0,5,32
466,4702,0,6,33
467,4709,0,6,40
468,4714,0,6,27
469,4722,0,6,33
470,4736,0,5,33
471,4737,0,6,27
472,4754,0,6,31
473,4760,0,6,40
474,4775,0,6,30
475,4778,0,6,35
476,4793,0,6,33
477,4797,0,6,46
478,4816,0,6,42
479,4821,0,6,49
480,4822,0,6,46
481,4836,0,6,52
482,4841,0,6,68
483,4853,0,6,31
484,4858,0,6,49
485,4866,0,6,53
486,4869,0,6,83
487,4875,0,6,113
488,4881,0,6,55
489,4882,0,6,27
490,4883,0,6,47
491,4890,0,5,32
492,4901,0,6,40
493,4902,0,6,34
494,4926,0,6,53
495,4933,0,5,72
496,4940,0,6,40
497,4942,0,6,51
498,4944,0,6,31
499,4947,0,6,59
500,4959,0,5,41
501,4968,0,6,31
502,4970,0,6,25
503,4987,0,6,32
504,4999,0,6,45
505,5008,0,6,31
506,5012,0,6,33
507,5015,0,6,30
508,5024,0,6,33
509,5029,0,6,39
510,5039,0,6,26
511,5058,0,5,30
512,5059,0,6,40
513,5065,0,6,25
514,5082,0,6,35
515,5217,0,6,34
516,5229,0,6,38
517,5233,0,6,30
518,5282,0,6,45
519,5289,0,6,40
520,5295,0,6,30
521,5306,0,6,32
522,5445,0,6,39
523,5462,0,6,35
524,5468,0,4,46
525,5476,0,6,39
526,5479,0,6,44
527,5486,0,6,30
528,5507,0,6,44
529,5530,0,4,38
530,5542,0,6,37
531,5543,0,6,41
532,5682,0,6,23
533,5683,0,6,29
534,5722,0,6,36
535,5724,0,6,53
536,5729,0,4,36
537,5730,0,6,32
538,5757,0,6,17
539,5763,0,6,45
540,5766,0,6,21
541,5778,0,6,43
542,5783,0,6,31
543,5785,0,5,33
544,5794,0,5,46
545,5797,0,6,38
546,5812,0,6,51
547,5815,0,6,41
548,5820,0,6,35
549,5964,0,6,20
550,5983,0,6,46
551,5991,0,6,39
552,6010,0,6,36
553,6022,0,6,35
554,6024,0,6,49
555,6025,0,4,55
556,6036,0,6,44
557,6063,0,6,37
558,6068,0,6,39
559,6071,0,6,36
560,6078,0,6,42
561,6086,0,6,45
562,6089,0,5,42
563,6095,0,4,46
564,6096,0,5,45
565,6100,0,5,35
566,6107,0,6,54
567,6108,0,4,62
568,6124,0,6,49
569,6141,0,6,33
570,6155,0,6,35
571,6159,0,6,52
572,6174,0,6,50
573,6175,0,6,57
574,6185,0,6,26
575,6189,0,6,62
576,6202,0,6,48
577,6235,0,6,31
578,6238,0,6,35
579,6239,0,6,49
580,6243,0,6,36
581,6244,0,6,40
582,6247,0,6,30
583,6265,0,6,39
584,6267,0,6,36
585,6268,0,6,38
586,6281,0,5,30
587,6295,0,6,51
588,6297,0,6,31
589,6304,0,6,51
590,6313,0,5,32
591,6315,0,6,39
592,6327,0,5,62
593,6349,0,4,29
594,6367,0,6,42
595,6375,0,6,33
596,6377,0,6,40
597,6385,0,6,48
598,6386,0,6,37
599,6396,0,6,30
600,6397,0,6,30
601,6403,0,5,42
602,6408,0,6,45
603,6427,0,6,39
604,6434,0,6,58
605,9240,0,5,50
606,9424,0,5,34
607,9479,0,6,37
608,9487,0,6,25
609,9493,0,6,38
610,9494,0,6,42
611,9501,0,6,39
612,9508,0,6,38
613,9545,0,6,45
614,9546,0,4,41
615,9547,0,6,37
616,9557,0,6,41
617,9559,0,6,37
618,9560,0,6,48
619,9564,0,6,38
620,9566,0,6,28
621,9567,0,6,28
622,9569,0,6,27
623,9575,0,6,42
624,9582,0,6,63
625,9587,0,6,36
626,9589,0,6,65
627,9590,0,6,28
628,9599,0,6,34
629,9601,0,6,35
630,3,0,4,43
631,4,0,6,52
632,6,0,5,59
633,8,0,5,91
634,10,0,4,76
635,11,0,6,95
636,12,0,3,58
637,13,0,6,72
638,15,0,6,46
639,16,0,4,34
640,20,0,5,57
641,25,0,4,21
642,26,0,6,104
643,27,0,5,65
644,28,0,4,76
645,31,0,4,67
646,32,0,6,75
647,33,0,6,95
648,34,0,6,72
649,35,0,5,49
650,38,0,6,64
651,39,0,6,78
652,41,0,3,143
653,43,0,5,58
654,46,0,4,56
655,47,0,6,34
656,48,0,5,85
657,49,0,4,57
658,50,0,5,51
659,51,0,5,39
660,52,0,6,123
661,53,0,6,41
662,55,0,4,31
663,56,0,6,83
664,61,0,6,54
665,63,0,4,78
666,64,0,4,47
667,65,0,5,139
668,66,0,4,57
669,68,0,6,37
670,70,0,6,34
671,71,0,6,23
672,73,0,6,60
673,74,0,6,29
674,75,0,6,41
675,78,0,6,64
676,79,0,6,59
677,80,0,4,55
678,81,0,4,68
679,82,0,4,88
680,83,0,5,65
681,85,0,6,56
682,88,0,6,63
683,89,0,6,74
684,90,0,5,61
685,91,0,3,20
686,92,0,6,50
687,93,0,4,83
688,95,0,5,111
689,96,0,6,76
690,97,0,6,95
691,98,0,5,41
692,99,0,6,43
693,109,0,6,75
694,110,0,6,70
695,111,0,5,48
696,113,0,6,80
697,115,0,4,200
698,116,0,6,40
699,118,0,6,61
700,121,0,6,50
701,122,0,5,89
702,124,0,4,30
703,125,0,5,50
704,126,0,5,47
705,127,0,6,51
706,128,0,5,39
707,130,0,4,155
708,131,0,6,36
709,132,0,5,43
710,133,0,6,119
711,134,0,6,68
712,136,0,6,97
713,143,0,3,29
714,144,0,6,58
715,145,0,6,48
716,149,0,5,47
717,150,0,4,37
718,151,0,6,48
719,152,0,4,65
720,154,0,4,63
721,157,0,4,64
722,160,0,6,72
723,161,0,5,35
724,162,0,5,61
725,163,0,6,55
726,164,0,6,44
727,166,0,6,36
728,167,0,6,49
729,168,0,4,90
730,171,0,6,50
731,172,0,6,40
732,174,0,6,27
733,175,0,5,85
734,176,0,6,35
735,177,0,4,112
736,179,0,6,42
737,180,0,4,53
738,181,0,6,88
739,182,0,6,30
740,184,0,4,169
741,187,0,5,67
742,189,0,6,63
743,190,0,5,82
744,191,0,6,91
745,192,0,5,57
746,193,0,6,111
747,194,0,5,58
748,195,0,6,61
749,196,0,5,40
750,199,0,5,62
751,200,0,4,86
752,201,0,5,57
753,205,0,6,60
754,207,0,4,46
755,208,0,4,54
756,209,0,5,106
757,211,0,4,31
758,212,0,3,53
759,214,0,6,42
760,216,0,3,44
761,217,0,6,76
762,219,0,5,72
763,221,0,6,107
764,222,0,6,28
765,223,0,4,67
766,224,0,6,53
767,228,0,6,46
768,229,0,6,21
769,231,0,5,53
770,235,0,6,65
771,237,0,6,37
772,238,0,6,41
773,239,0,5,56
774,240,0,5,23
775,242,0,4,86
776,243,0,5,112
777,244,0,5,49
778,246,0,4,104
779,249,0,6,48
780,250,0,5,51
781,251,0,6,19
782,252,0,5,64
783,253,0,5,48
784,255,0,4,70
785,256,0,6,35
786,257,0,4,17
787,258,0,6,108
788,259,0,6,58
789,260,0,5,86
790,262,0,4,106
791,263,0,6,44
792,265,0,5,39
793,266,0,4,75
794,267,0,6,99
795,268,0,6,41
796,269,0,6,70
797,272,0,5,60
798,273,0,5,24
799,274,0,6,83
800,275,0,6,89
801,277,0,4,64
802,278,0,5,55
803,280,0,5,63
804,281,0,6,71
805,285,0,6,42
806,286,0,6,49
807,287,0,5,152
808,288,0,6,28
809,289,0,6,23
810,290,0,6,36
811,291,0,5,42
812,293,0,5,70
813,295,0,6,56
814,296,0,6,59
815,297,0,6,53
816,298,0,5,74
817,299,0,5,143
818,300,0,6,43
819,308,0,5,54
820,310,0,6,61
821,311,0,4,112
822,312,0,5,35
823,313,0,6,38
824,314,0,4,92
825,315,0,3,73
826,316,0,6,48
827,320,0,6,56
828,322,0,4,92
829,324,0,6,47
830,326,0,6,18
831,327,0,6,37
832,328,0,5,68
833,329,0,6,41
834,331,0,6,64
835,336,0,4,78
836,337,0,4,122
837,338,0,6,84
838,339,0,5,220
839,344,0,6,39
840,345,0,6,31
841,346,0,5,79
842,350,0,6,107
843,352,0,6,21
844,353,0,5,34
845,355,0,6,43
846,357,0,5,110
847,358,0,6,34
848,360,0,6,66
849,361,0,3,72
850,362,0,4,73
851,364,0,5,108
852,365,0,3,38
853,367,0,4,78
854,373,0,4,62
855,374,0,6,106
856,375,0,6,40
857,377,0,6,112
858,378,0,5,77
859,379,0,5,35
860,381,0,4,46
861,383,0,6,88
862,385,0,5,104
863,386,0,4,33
864,387,0,6,46
865,388,0,5,58
866,390,0,6,52
867,391,0,3,43
868,393,0,4,50
869,395,0,4,129
870,396,0,6,49
871,397,0,4,65
872,400,0,4,68
873,401,0,4,56
874,408,0,6,52
875,410,0,6,114
876,411,0,6,26
877,412,0,5,35
878,413,0,6,57
879,414,0,5,57
880,415,0,6,159
881,416,0,5,96
882,417,0,6,35
883,420,0,4,129
884,421,0,6,67
885,422,0,5,84
886,423,0,5,144
887,424,0,5,43
888,426,0,5,100
889,427,0,5,78
890,428,0,5,106
891,429,0,6,82
892,430,0,6,47
893,431,0,4,124
894,433,0,6,74
895,434,0,6,42
896,435,0,3,65
897,436,0,6,58
898,437,0,4,29
899,439,0,6,36
900,441,0,6,73
901,446,0,4,134
902,449,0,6,76
903,450,0,6,71
904,452,0,4,114
905,453,0,4,72
906,454,0,6,64
907,455,0,6,47
908,458,0,4,98
909,459,0,6,61
910,460,0,4,144
911,461,0,6,69
912,462,0,6,35
913,464,0,6,38
914,465,0,5,66
915,466,0,5,170
916,467,0,6,83
917,469,0,5,53
918,471,0,5,75
919,473,0,6,52
920,474,0,6,94
921,475,0,4,157
922,476,0,6,111
923,479,0,6,53
924,480,0,5,91
925,483,0,5,91
926,485,0,4,35
927,488,0,4,76
928,490,0,6,76
929,491,0,6,43
930,493,0,6,52
931,494,0,4,50
932,495,0,5,77
933,499,0,3,89
934,500,0,6,9
935,501,0,5,106
936,502,0,5,119
937,503,0,5,84
938,504,0,6,75
939,505,0,6,62
940,506,0,6,68
941,508,0,6,66
942,510,0,6,170
943,511,0,5,55
944,514,0,5,71
945,515,0,4,94
946,516,0,6,100
947,517,0,6,54
948,518,0,6,50
949,521,0,6,60
950,522,0,6,49
951,523,0,6,94
952,524,0,6,54
953,525,0,6,38
954,526,0,6,60
955,527,0,6,89
956,528,0,6,27
957,529,0,4,91
958,530,0,4,70
959,531,0,6,34
960,532,0,6,148
961,533,0,5,112
962,534,0,6,64
963,535,0,6,73
964,536,0,4,122
965,537,0,4,53
966,538,0,6,37
967,539,0,6,202
968,540,0,4,37
969,541,0,4,49
970,542,0,3,32
971,544,0,6,79
972,545,0,6,88
973,546,0,5,180
974,548,0,5,43
975,549,0,4,77
976,550,0,6,47
977,551,0,5,39
978,552,0,6,88
979,553,0,5,102
980,554,0,6,69
981,555,0,4,101
982,557,0,6,50
983,558,0,5,79
984,559,0,6,64
985,560,0,6,43
986,561,0,6,56
987,562,0,6,52
988,563,0,6,81
989,566,0,4,139
990,568,0,3,81
991,569,0,5,50
992,570,0,6,42
993,571,0,4,143
994,575,0,4,85
995,576,0,4,56
996,578,0,4,107
997,579,0,5,71
998,580,0,6,68
999,582,0,6,36
1000,583,0,6,18
1001,584,0,4,101
1002,586,0,6,166
1003,587,0,3,117
1004,588,0,3,75
1005,589,0,4,40
1006,590,0,6,24
1007,592,0,6,38
1008,598,0,4,31
1009,599,0,6,68
1010,601,0,3,42
1011,602,0,5,46
1012,604,0,6,94
1013,605,0,5,42
1014,606,0,4,53
1015,609,0,6,71
1016,612,0,3,77
1017,614,0,6,52
1018,617,0,4,32
1019,618,0,5,22
1020,619,0,6,20
1021,622,0,4,45
1022,623,0,6,41
1023,626,0,6,53
1024,627,0,6,31
1025,628,0,6,75
1026,630,0,6,40
1027,631,0,4,38
1028,632,0,4,68
1029,634,0,4,30
1030,635,0,6,22
1031,636,0,6,63
1032,637,0,4,47
1033,638,0,5,40
1034,639,0,6,41
1035,641,0,6,55
1036,642,0,4,151
1037,644,0,4,174
1038,645,0,6,45
1039,647,0,5,19
1040,648,0,6,45
1041,649,0,6,46
1042,651,0,4,34
1043,652,0,5,43
1044,653,0,5,54
1045,654,0,6,57
1046,655,0,6,48
1047,657,0,6,76
1048,658,0,6,21
1049,659,0,4,83
1050,661,0,6,35
1051,662,0,3,61
1052,663,0,6,28
1053,665,0,6,20
1054,666,0,5,28
1055,667,0,4,83
1056,669,0,6,15
1057,671,0,6,55
1058,672,0,5,57
1059,673,0,6,56
1060,676,0,6,62
1061,678,0,4,54
1062,679,0,6,46
1063,680,0,6,49
1064,681,0,6,44
1065,682,0,6,51
1066,683,0,6,44
1067,684,0,6,66
1068,685,0,4,67
1069,686,0,5,28
1070,687,0,5,100
1071,689,0,6,60
1072,690,0,6,62
1073,693,0,6,20
1074,694,0,4,72
1075,695,0,6,38
1076,696,0,6,30
1077,697,0,6,16
1078,698,0,4,41
1079,701,0,6,35
1080,704,0,6,54
1081,706,0,6,37
1082,707,0,6,38
1083,708,0,6,65
1084,711,0,6,121
1085,714,0,6,74
1086,716,0,6,60
1087,717,0,6,55
1088,718,0,6,46
1089,719,0,5,30
1090,720,0,4,59
1091,723,0,4,45
1092,724,0,5,36
1093,728,0,6,41
1094,730,0,6,30
1095,731,0,3,50
1096,735,0,4,81
1097,737,0,4,27
1098,738,0,5,66
1099,739,0,6,37
1100,740,0,6,123
1101,741,0,5,86
1102,742,0,4,40
1103,743,0,6,52
1104,746,0,6,99
1105,747,0,6,36
1106,750,0,4,111
1107,751,0,5,77
1108,752,0,6,37
1109,754,0,6,63
1110,756,0,6,67
1111,757,0,5,44
1112,758,0,6,32
1113,759,0,6,40
1114,763,0,5,92
1115,764,0,6,51
1116,765,0,6,27
1117,767,0,4,51
1118,768,0,4,124
1119,770,0,6,64
1120,771,0,5,52
1121,772,0,6,43
1122,773,0,4,78
1123,774,0,6,38
1124,775,0,6,33
1125,778,0,5,54
1126,781,0,4,76
1127,782,0,4,84
1128,783,0,3,33
1129,784,0,6,32
1130,785,0,4,44
1131,786,0,6,36
1132,788,0,5,24
1133,789,0,6,37
1134,790,0,5,65
1135,791,0,6,56
1136,792,0,5,48
1137,794,0,5,83
1138,796,0,6,34
1139,797,0,6,46
1140,798,0,6,62
1141,800,0,4,27
1142,801,0,4,44
1143,803,0,6,38
1144,804,0,4,20
1145,805,0,6,42
1146,807,0,5,47
1147,810,0,6,50
1148,812,0,6,58
1149,815,0,4,66
1150,816,0,4,60
1151,817,0,4,84
1152,818,0,5,41
1153,819,0,6,31
1154,820,0,4,36
1155,822,0,6,44
1156,824,0,4,33
1157,825,0,6,33
1158,826,0,3,52
1159,827,0,4,10
1160,828,0,6,92
1161,830,0,6,54
1162,831,0,4,9
1163,832,0,6,45
1164,833,0,5,52
1165,835,0,4,63
1166,836,0,6,47
1167,837,0,6,71
1168,838,0,5,93
1169,839,0,5,66
1170,840,0,6,53
1171,841,0,6,43
1172,842,0,5,57
1173,843,0,5,65
1174,844,0,6,39
1175,845,0,5,77
1176,846,0,6,51
1177,847,0,6,51
1178,849,0,4,45
1179,851,0,6,83
1180,853,0,5,49
1181,857,0,5,30
1182,858,0,6,36
1183,859,0,5,86
1184,860,0,4,56
1185,865,0,6,61
1186,866,0,6,18
1187,869,0,6,27
1188,870,0,6,39
1189,872,0,6,41
1190,873,0,6,12
1191,874,0,5,61
1192,875,0,5,62
1193,876,0,4,72
1194,878,0,6,29
1195,881,0,5,23
1196,882,0,5,61
1197,883,0,6,13
1198,884,0,6,85
1199,885,0,4,46
1200,886,0,6,44
1201,887,0,6,55
1202,889,0,6,38
1203,891,0,6,58
1204,892,0,6,28
1205,894,0,6,38
1206,899,0,6,19
1207,900,0,4,66
1208,901,0,6,43
1209,902,0,4,42
1210,905,0,4,63
1211,906,0,6,19
1212,907,0,6,36
1213,908,0,6,65
1214,909,0,5,34
1215,910,0,6,41
1216,911,0,4,37
1217,914,0,6,56
1218,915,0,6,21
1219,916,0,6,38
1220,917,0,3,34
1221,918,0,6,51
1222,919,0,3,72
1223,920,0,5,45
1224,921,0,4,45
1225,922,0,6,48
1226,924,0,6,28
1227,926,0,6,22
1228,927,0,5,41
1229,929,0,6,47
1230,930,0,6,43
1231,936,0,6,28
1232,937,0,6,29
1233,940,0,4,96
1234,941,0,3,42
1235,943,0,3,56
1236,945,0,4,35
1237,947,0,4,47
1238,948,0,5,40
1239,949,0,6,59
1240,950,0,6,54
1241,952,0,4,28
1242,953,0,6,32
1243,954,0,6,49
1244,955,0,4,63
1245,957,0,6,51
1246,958,0,6,85
1247,961,0,6,34
1248,962,0,5,67
1249,963,0,6,38
1250,964,0,6,33
1251,965,0,6,44
1252,968,0,6,27
1253,969,0,6,22
1254,970,0,6,56
1255,971,0,6,48
1256,972,0,4,14
1257,973,0,4,81
1258,974,0,6,10
1259,975,0,6,35
1260,977,0,4,73
1261,978,0,6,52
1262,979,0,3,87
1263,983,0,5,66
1264,984,0,6,39
1265,987,0,6,11
1266,988,0,6,22
1267,990,0,6,22
1268,992,0,4,56
1269,993,0,5,83
1270,995,0,4,31
1271,996,0,6,45
1272,998,0,6,34
1273,1001,0,6,51
1274,1002,0,6,30
1275,1004,0,5,113
1276,1006,0,6,47
1277,1007,0,3,33
1278,1009,0,6,56
1279,1012,0,5,14
1280,1013,0,3,17
1281,1014,0,6,46
1282,1016,0,4,42
1283,1017,0,6,52
1284,1018,0,4,54
1285,1021,0,5,23
1286,1022,0,4,59
1287,1023,0,4,37
1288,1024,0,6,42
1289,1025,0,6,36
1290,1026,0,6,19
1291,1027,0,5,79
1292,1028,0,6,45
1293,1030,0,6,33
1294,1031,0,4,46
1295,1032,0,6,33
1296,1033,0,5,55
1297,1034,0,4,15
1298,1035,0,3,110
1299,1036,0,6,92
1300,1037,0,6,31
1301,1038,0,6,32
1302,1039,0,4,47
1303,1040,0,4,58
1304,1043,0,5,30
1305,1045,0,6,49
1306,1046,0,4,55
1307,1048,0,6,36
1308,1051,0,6,49
1309,1052,0,6,17
1310,1053,0,6,85
1311,1054,0,4,44
1312,1056,0,6,90
1313,1057,0,3,50
1314,1058,0,3,57
1315,1060,0,4,21
1316,1061,0,6,45
1317,1062,0,3,20
1318,1063,0,5,49
1319,1065,0,4,29
1320,1066,0,6,54
1321,1072,0,6,55
1322,1074,0,4,100
1323,1075,0,5,54
1324,1076,0,5,36
1325,1079,0,6,51
1326,1081,0,6,40
1327,1082,0,5,58
1328,1084,0,6,58
1329,1085,0,6,27
1330,1087,0,6,108
1331,1088,0,6,45
1332,1089,0,6,35
1333,1090,0,6,44
1334,1091,0,4,35
1335,1092,0,5,58
1336,1093,0,5,52
1337,1094,0,6,47
1338,1095,0,6,57
1339,1097,0,6,24
1340,1098,0,4,62
1341,1099,0,6,45
1342,1100,0,5,30
1343,1101,0,6,55
1344,1102,0,5,41
1345,1103,0,6,55
1346,1106,0,6,57
1347,1108,0,4,81
1348,1109,0,4,11
1349,1111,0,6,34
1350,1116,0,6,50
1351,1118,0,6,89
1352,1121,0,6,60
1353,1122,0,5,19
1354,1124,0,6,38
1355,1125,0,4,25
1356,1126,0,6,32
1357,1127,0,6,20
1358,1128,0,3,63
1359,1130,0,4,34
1360,1131,0,6,54
1361,1133,0,4,34
1362,1134,0,4,53
1363,1136,0,5,57
1364,1138,0,6,36
1365,1140,0,5,31
1366,1142,0,6,22
1367,1143,0,6,33
1368,1144,0,3,24
1369,1148,0,4,106
1370,1149,0,4,58
1371,1150,0,6,18
1372,1151,0,4,73
1373,1152,0,4,176
1374,1155,0,6,59
1375,1156,0,6,56
1376,1157,0,6,48
1377,1160,0,6,38
1378,1161,0,4,92
1379,1163,0,5,60
1380,1164,0,4,60
1381,1165,0,6,68
1382,1166,0,4,32
1383,1168,0,4,31
1384,1170,0,6,36
1385,1171,0,6,29
1386,1172,0,4,40
1387,1173,0,6,41
1388,1174,0,4,17
1389,1175,0,5,55
1390,1177,0,4,31
1391,1178,0,6,64
1392,1179,0,5,54
1393,1180,0,6,45
1394,1181,0,6,24
1395,1182,0,6,92
1396,1183,0,4,52
1397,1184,0,6,37
1398,1185,0,5,45
1399,1186,0,5,28
1400,1188,0,5,64
1401,1189,0,4,40
1402,1194,0,4,70
1403,1195,0,6,12
1404,1196,0,6,66
1405,1197,0,4,40
1406,1198,0,6,43
1407,1201,0,4,80
1408,1202,0,5,17
1409,1204,0,6,27
1410,1205,0,5,22
1411,1206,0,6,39
1412,1208,0,6,39
1413,1209,0,5,51
1414,1212,0,6,19
1415,1213,0,6,23
1416,1214,0,5,59
1417,1215,0,5,117
1418,1217,0,4,63
1419,1218,0,4,23
1420,1221,0,3,51
1421,1222,0,6,37
1422,1224,0,6,38
1423,1227,0,5,96
1424,1232,0,6,40
1425,1233,0,4,98
1426,1237,0,5,78
1427,1238,0,5,62
1428,1239,0,5,22
1429,1240,0,4,21
1430,1241,0,4,30
1431,1242,0,4,55
1432,1244,0,6,15
1433,1246,0,4,48
1434,1249,0,5,26
1435,1250,0,5,81
1436,1251,0,5,51
1437,1254,0,3,62
1438,1255,0,6,36
1439,1258,0,5,47
1440,1259,0,5,71
1441,1260,0,5,32
1442,1261,0,5,58
1443,1262,0,6,39
1444,1263,0,4,47
1445,1264,0,4,51
1446,1265,0,6,19
1447,1266,0,3,94
1448,1267,0,4,42
1449,1268,0,6,50
1450,1269,0,6,26
1451,1271,0,4,48
1452,1272,0,4,62
1453,1274,0,4,31
1454,1275,0,4,47
1455,1276,0,4,53
1456,1278,0,5,33
1457,1279,0,6,33
1458,1280,0,6,42
1459,1283,0,5,25
1460,1284,0,5,80
1461,1285,0,4,25
1462,1287,0,4,50
1463,1289,0,6,34
1464,1292,0,5,43
1465,1293,0,6,65
1466,1294,0,5,63
1467,1295,0,6,21
1468,1297,0,5,52
1469,1298,0,6,40
1470,1299,0,3,21
1471,1300,0,5,37
1472,1301,0,4,51
1473,1302,0,6,43
1474,1303,0,4,35
1475,1304,0,5,30
1476,1305,0,4,52
1477,1306,0,6,56
1478,1307,0,2,18
1479,1309,0,6,31
1480,1311,0,6,46
1481,1313,0,6,48
1482,1314,0,4,20
1483,1316,0,4,78
1484,1317,0,5,126
1485,1319,0,6,51
1486,1320,0,6,16
1487,1321,0,5,11
1488,1323,0,5,50
1489,1324,0,5,56
1490,1325,0,4,38
1491,1326,0,6,20
1492,1327,0,6,61
1493,1328,0,4,40
1494,1329,0,6,18
1495,1330,0,4,87
1496,1332,0,6,60
1497,1334,0,5,45
1498,1335,0,4,102
1499,1336,0,3,74
1500,1341,0,5,46
1501,1342,0,5,85
1502,1343,0,5,54
1503,1344,0,3,25
1504,1345,0,6,59
1505,1347,0,3,56
1506,1349,0,4,23
1507,1350,0,6,34
1508,1351,0,4,40
1509,1352,0,6,46
1510,1353,0,6,23
1511,1354,0,5,63
1512,1357,0,2,71
1513,1359,0,6,30
1514,1360,0,4,21
1515,1362,0,6,8
1516,1364,0,6,12
1517,1366,0,5,55
1518,1367,0,6,46
1519,1368,0,6,23
1520,1371,0,4,48
1521,1372,0,6,68
1522,1373,0,6,44
1523,1374,0,5,24
1524,1375,0,5,36
1525,1376,0,3,34
1526,1377,0,5,32
1527,1378,0,6,27
1528,1379,0,5,33
1529,1380,0,3,57
1530,1381,0,4,52
1531,1383,0,4,45
1532,1386,0,6,93
1533,1387,0,5,42
1534,1388,0,5,25
1535,1389,0,6,46
1536,1391,0,6,12
1537,1394,0,6,56
1538,1395,0,6,29
1539,1396,0,6,17
1540,1397,0,6,20
1541,1398,0,6,23
1542,1399,0,6,81
1543,1401,0,6,38
1544,1402,0,6,22
1545,1403,0,6,39
1546,1404,0,4,40
1547,1405,0,6,44
1548,1407,0,6,78
1549,1408,0,5,44
1550,1410,0,6,50
1551,1411,0,5,34
1552,1412,0,4,35
1553,1413,0,6,82
1554,1415,0,6,48
1555,1416,0,6,69
1556,1418,0,5,46
1557,1420,0,6,15
1558,1421,0,6,64
1559,1422,0,6,40
1560,1426,0,6,27
1561,1427,0,4,34
1562,1428,0,5,68
1563,1429,0,6,51
1564,1430,0,4,25
1565,1431,0,6,34
1566,1432,0,5,54
1567,1433,0,5,43
1568,1434,0,3,25
1569,1436,0,3,76
1570,1437,0,5,27
1571,1438,0,6,13
1572,1441,0,6,50
1573,1442,0,5,71
1574,1443,0,6,36
1575,1445,0,6,71
1576,1447,0,5,79
1577,1449,0,5,27
1578,1450,0,6,45
1579,1451,0,4,95
1580,1452,0,6,41
1581,1453,0,6,11
1582,1454,0,6,22
1583,1455,0,3,45
1584,1458,0,5,24
1585,1461,0,4,43
1586,1462,0,4,31
1587,1463,0,5,39
1588,1464,0,6,10
1589,1467,0,6,16
1590,1469,0,3,46
1591,1470,0,5,38
1592,1471,0,6,22
1593,1472,0,6,58
1594,1473,0,4,70
1595,1474,0,5,42
1596,1477,0,5,27
1597,1478,0,6,51
1598,1480,0,6,29
1599,1482,0,6,26
1600,1484,0,4,70
1601,1485,0,4,52
1602,1486,0,5,87
1603,1487,0,4,55
1604,1488,0,6,34
1605,1490,0,6,33
1606,1491,0,6,21
1607,1492,0,5,29
1608,1493,0,6,33
1609,1494,0,4,43
1610,1497,0,5,67
1611,1498,0,6,43
1612,1499,0,4,45
1613,1502,0,5,83
1614,1503,0,6,17
1615,1504,0,6,52
1616,1505,0,6,50
1617,1506,0,6,31
1618,1511,0,5,69
1619,1512,0,6,35
1620,1514,0,6,28
1621,1516,0,6,61
1622,1517,0,6,68
1623,1519,0,6,36
1624,1520,0,5,77
1625,1521,0,4,57
1626,1522,0,6,71
1627,1523,0,6,41
1628,1524,0,6,32
1629,1525,0,5,29
1630,1529,0,3,52
1631,1531,0,6,72
1632,1532,0,4,25
1633,1533,0,5,27
1634,1534,0,4,98
1635,1535,0,4,49
1636,1536,0,4,49
1637,1538,0,5,62
1638,1540,0,6,72
1639,1542,0,6,23
1640,1543,0,6,54
1641,1546,0,4,48
1642,1547,0,6,97
1643,1548,0,6,27
1644,1550,0,6,61
1645,1551,0,6,53
1646,1552,0,6,23
1647,1553,0,4,10
1648,1554,0,4,36
1649,1555,0,3,43
1650,1556,0,3,43
1651,1558,0,6,29
1652,1559,0,6,19
1653,1560,0,6,29
1654,1563,0,6,66
1655,1565,0,6,17
1656,1567,0,6,83
1657,1568,0,4,28
1658,1569,0,5,33
1659,1570,0,6,38
1660,1571,0,3,48
1661,1572,0,6,98
1662,1575,0,6,66
1663,1577,0,6,63
1664,1578,0,4,86
1665,1579,0,3,103
1666,1581,0,6,52
1667,1582,0,6,38
1668,1584,0,4,100
1669,1585,0,5,63
1670,1586,0,4,65
1671,1587,0,4,47
1672,1588,0,6,31
1673,1589,0,6,123
1674,1591,0,6,28
1675,1592,0,4,61
1676,1593,0,3,70
1677,1594,0,5,17
1678,1595,0,4,34
1679,1596,0,6,99
1680,1597,0,6,65
1681,1598,0,4,96
1682,1599,0,6,31
1683,1600,0,3,49
1684,1601,0,4,55
1685,1602,0,6,63
1686,1604,0,4,47
1687,1605,0,4,19
1688,1606,0,5,48
1689,1607,0,6,25
1690,1608,0,6,37
1691,1609,0,6,56
1692,1610,0,6,34
1693,1616,0,6,28
1694,1617,0,6,21
1695,1620,0,4,41
1696,1621,0,5,52
1697,1624,0,4,43
1698,1625,0,6,36
1699,1626,0,6,52
1700,1628,0,4,45
1701,1629,0,6,71
1702,1631,0,5,35
1703,1632,0,6,43
1704,1635,0,6,43
1705,1636,0,4,46
1706,1637,0,6,28
1707,1640,0,5,43
1708,1641,0,5,71
1709,1642,0,4,42
1710,1644,0,6,17
1711,1645,0,4,80
1712,1646,0,3,102
1713,1648,0,5,99
1714,1649,0,5,9
1715,1653,0,4,37
1716,1654,0,5,46
1717,1655,0,6,150
1718,1656,0,3,98
1719,1657,0,4,87
1720,1658,0,6,31
1721,1659,0,4,26
1722,1660,0,6,30
1723,1661,0,5,38
1724,1664,0,5,90
1725,1665,0,6,58
1726,1669,0,4,38
1727,1670,0,5,48
1728,1671,0,6,55
1729,1672,0,6,59
1730,1675,0,6,32
1731,1676,0,6,102
1732,1679,0,5,59
1733,1680,0,5,86
1734,1681,0,6,58
1735,1682,0,5,75
1736,1684,0,5,97
1737,1685,0,5,66
1738,1686,0,6,43
1739,1687,0,5,69
1740,1689,0,6,18
1741,1691,0,5,51
1742,1692,0,4,144
1743,1693,0,4,117
1744,1694,0,5,56
1745,1699,0,3,100
1746,1700,0,6,56
1747,1703,0,4,63
1748,1705,0,6,72
1749,1707,0,6,27
1750,1708,0,6,39
1751,1709,0,5,65
1752,1710,0,4,27
1753,1711,0,6,39
1754,1712,0,6,41
1755,1713,0,6,35
1756,1714,0,5,8
1757,1715,0,6,100
1758,1719,0,6,47
1759,1722,0,6,33
1760,1723,0,6,88
1761,1725,0,4,56
1762,1726,0,4,65
1763,1727,0,3,78
1764,1729,0,6,48
1765,1731,0,5,62
1766,1732,0,6,37
1767,1733,0,4,41
1768,1734,0,6,44
1769,1735,0,4,55
1770,1737,0,6,27
1771,1738,0,6,36
1772,1741,0,6,60
1773,1743,0,5,59
1774,1746,0,6,25
1775,1748,0,6,33
1776,1750,0,4,10
1777,1752,0,5,98
1778,1756,0,6,53
1779,1759,0,5,77
1780,1761,0,5,77
1781,1763,0,5,36
1782,1764,0,6,58
1783,1765,0,4,10
1784,1766,0,5,112
1785,1767,0,6,45
1786,1768,0,5,88
1787,1769,0,5,27
1788,1771,0,6,35
1789,1773,0,4,30
1790,1775,0,5,136
1791,1776,0,5,76
1792,1777,0,4,23
1793,1778,0,6,37
1794,1779,0,6,76
1795,1780,0,6,129
1796,1781,0,6,60
1797,1784,0,6,54
1798,1787,0,6,13
1799,1788,0,4,121
1800,1790,0,6,82
1801,1791,0,6,37
1802,1792,0,5,129
1803,1793,0,3,54
1804,1795,0,5,30
1805,1796,0,6,22
1806,1797,0,5,20
1807,1798,0,4,77
1808,1799,0,5,58
1809,1800,0,5,54
1810,1801,0,5,62
1811,1802,0,6,30
1812,1803,0,6,54
1813,1804,0,6,99
1814,1806,0,5,52
1815,1808,0,6,107
1816,1809,0,5,113
1817,1811,0,4,22
1818,1814,0,5,98
1819,1815,0,4,64
1820,1816,0,6,33
1821,1818,0,4,19
1822,1820,0,5,30
1823,1822,0,6,55
1824,1823,0,4,53
1825,1824,0,6,27
1826,1825,0,3,25
1827,1828,0,4,22
1828,1829,0,6,52
1829,1831,0,4,87
1830,1832,0,5,33
1831,1833,0,5,35
1832,1834,0,6,23
1833,1839,0,5,27
1834,1841,0,6,144
1835,1843,0,5,67
1836,1846,0,6,14
1837,1847,0,6,53
1838,1849,0,4,24
1839,1852,0,4,40
1840,1853,0,4,52
1841,1854,0,4,48
1842,1855,0,5,164
1843,1860,0,6,32
1844,1863,0,5,163
1845,1864,0,6,47
1846,1865,0,3,34
1847,1866,0,6,27
1848,1867,0,6,55
1849,1868,0,3,62
1850,1869,0,6,49
1851,1872,0,6,28
1852,1873,0,5,35
1853,1874,0,5,100
1854,1876,0,3,72
1855,1877,0,6,51
1856,1878,0,4,27
1857,1879,0,4,106
1858,1880,0,5,25
1859,1882,0,6,52
1860,1886,0,5,41
1861,1888,0,6,8
1862,1891,0,5,76
1863,1892,0,6,24
1864,1893,0,6,24
1865,1895,0,4,65
1866,1896,0,6,46
1867,1897,0,6,51
1868,1898,0,6,28
1869,1900,0,5,65
1870,1903,0,4,69
1871,1904,0,5,29
1872,1905,0,5,122
1873,1906,0,4,30
1874,1907,0,6,46
1875,1908,0,6,41
1876,1909,0,6,71
1877,1910,0,5,38
1878,1912,0,6,26
1879,1915,0,5,63
1880,1916,0,3,62
1881,1917,0,5,35
1882,1918,0,6,204
1883,1921,0,6,64
1884,1922,0,6,47
1885,1923,0,6,52
1886,1925,0,6,36
1887,1926,0,5,37
1888,1928,0,6,46
1889,1929,0,5,41
1890,1931,0,4,28
1891,1934,0,5,25
1892,1935,0,6,44
1893,1936,0,6,28
1894,1937,0,6,29
1895,1938,0,6,104
1896,1939,0,5,95
1897,1941,0,6,34
1898,1943,0,4,57
1899,1944,0,6,129
1900,1945,0,6,56
1901,1947,0,6,31
1902,1949,0,4,17
1903,1951,0,6,26
1904,1952,0,6,37
1905,1953,0,5,40
1906,1955,0,6,47
1907,1956,0,6,32
1908,1957,0,6,161
1909,1958,0,6,27
1910,1960,0,3,80
1911,1962,0,6,42
1912,1963,0,5,32
1913,1965,0,6,75
1914,1967,0,6,43
1915,1969,0,5,40
1916,1970,0,6,49
1917,1972,0,6,43
1918,1974,0,6,66
1919,1977,0,6,61
1920,1978,0,5,62
1921,1979,0,5,53
1922,1980,0,6,24
1923,1981,0,6,69
1924,1982,0,6,44
1925,1983,0,6,68
1926,1986,0,4,62
1927,1987,0,3,72
1928,1988,0,6,43
1929,1993,0,6,33
1930,1994,0,6,38
1931,1997,0,6,37
1932,1999,0,6,36
1933,2002,0,5,33
1934,2010,0,6,26
1935,2011,0,6,13
1936,2013,0,6,56
1937,2017,0,4,92
1938,2019,0,6,24
1939,2020,0,6,37
1940,2023,0,6,18
1941,2024,0,5,45
1942,2025,0,6,42
1943,2027,0,6,64
1944,2030,0,6,21
1945,2031,0,5,72
1946,2032,0,6,68
1947,2033,0,6,32
1948,2034,0,6,38
1949,2035,0,6,34
1950,2036,0,5,28
1951,2037,0,4,54
1952,2039,0,4,31
1953,2040,0,6,84
1954,2042,0,5,27
1955,2043,0,5,16
1956,2045,0,4,51
1957,2047,0,6,62
1958,2051,0,6,57
1959,2052,0,5,99
1960,2053,0,6,17
1961,2054,0,5,52
1962,2056,0,5,39
1963,2057,0,4,35
1964,2058,0,4,70
1965,2059,0,3,46
1966,2060,0,5,35
1967,2061,0,6,34
1968,2063,0,4,37
1969,2064,0,5,41
1970,2065,0,6,33
1971,2070,0,6,108
1972,2073,0,6,22
1973,2074,0,4,58
1974,2075,0,6,64
1975,2076,0,5,35
1976,2077,0,5,34
1977,2078,0,6,49
1978,2080,0,6,35
1979,2081,0,6,19
1980,2083,0,6,45
1981,2085,0,6,17
1982,2086,0,6,9
1983,2087,0,6,50
1984,2088,0,6,35
1985,2089,0,3,22
1986,2093,0,6,33
1987,2094,0,5,50
1988,2097,0,6,27
1989,2100,0,6,25
1990,2102,0,6,106
1991,2103,0,6,98
1992,2105,0,6,72
1993,2107,0,5,101
1994,2109,0,6,110
1995,2110,0,6,34
1996,2112,0,4,76
1997,2113,0,5,67
1998,2115,0,6,76
1999,2116,0,5,74
2000,2118,0,6,39
2001,2119,0,4,72
2002,2121,0,5,40
2003,2122,0,6,122
2004,2125,0,4,88
2005,2126,0,4,73
2006,2127,0,3,52
2007,2129,0,6,27
2008,2130,0,5,92
2009,2131,0,6,18
2010,2132,0,4,59
2011,2133,0,6,40
2012,2134,0,5,91
2013,2135,0,6,36
2014,2137,0,3,58
2015,2140,0,6,33
2016,2141,0,6,37
2017,2142,0,4,182
2018,2143,0,4,73
2019,2144,0,4,143
2020,2147,0,5,100
2021,2148,0,6,49
2022,2150,0,6,47
2023,2151,0,6,60
2024,2152,0,5,90
2025,2154,0,6,70
2026,2155,0,6,79
2027,2156,0,5,92
2028,2157,0,6,66
2029,2158,0,4,36
2030,2159,0,6,39
2031,2161,0,4,71
2032,2162,0,6,27
2033,2164,0,6,45
2034,2166,0,4,37
2035,2167,0,5,30
2036,2168,0,5,70
2037,2170,0,4,46
2038,2172,0,5,40
2039,2174,0,6,26
2040,2176,0,6,74
2041,2177,0,6,49
2042,2179,0,5,52
2043,2180,0,6,39
2044,2181,0,6,28
2045,2182,0,2,47
2046,3673,0,5,58
2047,3674,0,6,46
2048,3675,0,4,45
2049,3676,0,5,90
2050,3677,0,6,41
2051,3680,0,6,58
2052,3681,0,6,60
2053,3682,0,4,45
2054,3683,0,6,63
2055,3684,0,6,16
2056,3685,0,5,45
2057,3686,0,4,77
2058,3689,0,4,43
2059,3692,0,4,64
2060,3693,0,6,64
2061,3695,0,6,28
2062,3696,0,4,77
2063,3700,0,6,44
2064,3701,0,4,58
2065,3703,0,6,64
2066,3704,0,6,40
2067,3706,0,6,58
2068,3710,0,6,81
2069,3711,0,6,74
2070,3713,0,5,79
2071,3714,0,6,43
2072,3716,0,5,20
2073,3719,0,5,117
2074,3720,0,6,66
2075,3722,0,5,58
2076,3723,0,6,123
2077,3724,0,6,97
2078,3726,0,5,44
2079,3727,0,3,78
2080,3729,0,6,40
2081,3733,0,6,78
2082,3734,0,6,21
2083,3735,0,4,146
2084,3736,0,6,48
2085,3739,0,5,40
2086,3740,0,6,74
2087,3741,0,5,61
2088,3742,0,6,87
2089,3746,0,4,66
2090,3748,0,5,53
2091,3749,0,6,33
2092,3752,0,6,100
2093,3754,0,6,45
2094,3756,0,5,90
2095,3757,0,6,55
2096,3759,0,6,46
2097,3763,0,6,80
2098,3764,0,5,90
2099,3765,0,6,52
2100,3767,0,5,56
2101,3769,0,4,62
2102,3770,0,6,35
2103,3774,0,4,36
2104,3775,0,5,44
2105,3776,0,6,79
2106,3777,0,5,87
2107,3778,0,4,69
2108,3781,0,6,59
2109,3783,0,6,79
2110,3784,0,6,123
2111,3787,0,6,57
2112,3788,0,5,56
2113,3789,0,4,91
2114,3792,0,6,36
2115,3793,0,5,99
2116,3794,0,6,35
2117,3796,0,5,83
2118,3797,0,5,39
2119,3798,0,6,45
2120,3799,0,5,31
2121,3800,0,5,65
2122,3803,0,5,60
2123,3804,0,6,56
2124,3807,0,5,35
2125,3808,0,5,84
2126,3809,0,5,55
2127,3810,0,3,86
2128,3811,0,5,66
2129,3816,0,5,47
2130,3817,0,6,22
2131,3819,0,6,37
2132,3820,0,6,90
2133,3821,0,4,60
2134,3822,0,5,72
2135,3823,0,4,15
2136,3824,0,6,68
2137,3827,0,6,41
2138,3828,0,6,41
2139,3829,0,4,16
2140,3830,0,6,62
2141,3831,0,5,83
2142,3832,0,6,80
2143,3833,0,6,30
2144,3834,0,5,59
2145,3836,0,6,59
2146,3837,0,5,56
2147,3840,0,6,76
2148,3841,0,6,64
2149,3842,0,6,65
2150,3843,0,6,54
2151,3847,0,4,180
2152,3848,0,6,115
2153,3849,0,6,47
2154,3853,0,5,102
2155,3854,0,3,51
2156,3855,0,6,45
2157,3856,0,6,80
2158,3859,0,6,51
2159,3862,0,5,51
2160,3864,0,3,42
2161,3866,0,4,34
2162,3869,0,5,76
2163,3870,0,5,60
2164,3871,0,4,84
2165,3874,0,6,74
2166,3875,0,5,25
2167,3876,0,6,44
2168,3878,0,4,47
2169,3880,0,6,86
2170,3882,0,4,106
2171,3883,0,6,78
2172,3884,0,6,68
2173,3885,0,4,85
2174,3887,0,6,42
2175,3891,0,6,54
2176,3892,0,6,60
2177,3897,0,5,61
2178,3898,0,6,65
2179,3899,0,6,80
2180,3901,0,6,67
2181,3903,0,5,67
2182,3904,0,6,62
2183,3907,0,6,123
2184,3910,0,6,95
2185,3911,0,4,106
2186,3912,0,6,54
2187,3913,0,6,17
2188,3914,0,6,46
2189,3917,0,6,37
2190,3919,0,5,136
2191,3923,0,6,64
2192,3924,0,4,86
2193,3925,0,6,53
2194,3929,0,6,41
2195,3931,0,6,72
2196,3933,0,4,39
2197,3937,0,5,125
2198,3939,0,4,25
2199,3941,0,6,71
2200,3942,0,6,24
2201,3943,0,6,40
2202,3945,0,4,44
2203,3949,0,6,40
2204,3950,0,4,66
2205,3951,0,6,67
2206,3953,0,5,59
2207,3955,0,6,64
2208,3956,0,6,43
2209,3957,0,4,112
2210,3958,0,4,80
2211,3960,0,6,72
2212,3962,0,6,20
2213,3963,0,6,42
2214,3967,0,5,76
2215,3968,0,6,65
2216,3969,0,4,67
2217,3970,0,6,45
2218,3971,0,5,66
2219,3972,0,5,63
2220,3973,0,6,49
2221,3974,0,6,60
2222,3976,0,6,53
2223,3978,0,6,92
2224,3979,0,6,88
2225,3980,0,4,77
2226,3981,0,6,29
2227,3983,0,5,29
2228,3985,0,6,42
2229,3986,0,6,64
2230,3989,0,5,46
2231,3990,0,6,39
2232,3992,0,5,60
2233,3995,0,6,58
2234,3996,0,6,38
2235,3998,0,6,61
2236,4000,0,4,74
2237,4002,0,6,59
2238,4004,0,5,87
2239,4006,0,6,97
2240,4008,0,6,87
2241,4013,0,4,47
2242,4014,0,6,106
2243,4017,0,4,98
2244,4018,0,5,72
2245,4020,0,6,51
2246,4022,0,4,114
2247,4023,0,4,56
2248,4024,0,6,43
2249,4025,0,5,60
2250,4030,0,6,54
2251,4031,0,5,82
2252,4033,0,5,40
2253,4037,0,6,31
2254,4040,0,6,61
2255,4043,0,4,63
2256,4044,0,6,65
2257,4045,0,5,64
2258,4046,0,6,39
2259,4047,0,6,31
2260,4050,0,5,13
2261,4054,0,6,88
2262,4055,0,5,105
2263,4056,0,6,92
2264,4057,0,5,55
2265,4058,0,4,44
2266,4059,0,6,85
2267,4062,0,3,46
2268,4065,0,5,67
2269,4068,0,4,55
2270,4071,0,5,41
2271,4072,0,6,19
2272,4073,0,6,97
2273,4078,0,4,46
2274,4081,0,5,85
2275,4084,0,6,98
2276,4085,0,6,19
2277,4086,0,6,42
2278,4087,0,6,38
2279,4088,0,6,63
2280,4091,0,6,32
2281,4094,0,5,83
2282,4095,0,6,65
2283,4096,0,5,63
2284,4097,0,6,90
2285,4098,0,3,214
2286,4099,0,4,108
2287,4101,0,4,57
2288,4104,0,6,45
2289,4106,0,6,41
2290,4107,0,6,84
2291,4108,0,6,63
2292,4110,0,6,32
2293,4114,0,6,59
2294,4115,0,6,48
2295,4116,0,6,85
2296,4117,0,5,87
2297,4121,0,6,60
2298,4123,0,6,29
2299,4125,0,6,30
2300,4126,0,5,75
2301,4127,0,6,74
2302,4128,0,6,47
2303,4129,0,6,81
2304,4131,0,6,54
2305,4132,0,6,67
2306,4135,0,6,18
2307,4137,0,6,93
2308,4138,0,6,48
2309,4139,0,6,40
2310,4140,0,6,69
2311,4143,0,6,85
2312,4145,0,3,106
2313,4147,0,4,79
2314,4148,0,6,76
2315,8191,0,6,56
2316,8193,0,5,71
2317,8194,0,6,68
2318,8196,0,3,63
2319,8197,0,6,75
2320,8198,0,6,78
2321,8199,0,6,75
2322,8200,0,6,35
2323,8208,0,5,76
2324,8209,0,6,35
2325,8210,0,5,53
2326,8211,0,4,28
2327,8212,0,6,61
2328,8215,0,6,69
2329,8220,0,4,59
2330,8221,0,6,34
2331,8224,0,6,108
2332,8226,0,6,46
2333,8230,0,6,49
2334,8239,0,5,58
2335,8246,0,6,95
2336,8251,0,5,73
2337,8252,0,6,100
2338,8261,0,6,74
2339,8263,0,4,29
2340,8265,0,4,80
2341,8268,0,3,32
2342,8269,0,6,55
2343,8270,0,6,89
2344,8271,0,6,75
2345,8273,0,6,24
2346,8274,0,4,30
2347,8282,0,6,36
2348,8287,0,4,51
2349,8288,0,5,44
2350,8290,0,4,73
2351,8292,0,6,50
2352,8293,0,4,66
2353,8295,0,6,81
2354,8302,0,4,52
2355,8304,0,5,34
2356,8306,0,4,64
2357,8308,0,5,34
2358,8309,0,6,46
2359,8313,0,6,71
2360,8316,0,5,64
2361,8318,0,6,120
2362,8319,0,4,28
2363,8325,0,6,102
2364,8329,0,6,28
2365,8330,0,5,184
2366,8332,0,6,100
2367,8334,0,6,67
2368,8335,0,3,57
2369,8336,0,6,71
2370,8337,0,5,64
2371,8339,0,4,64
2372,8340,0,4,47
2373,8342,0,6,71
2374,8343,0,6,99
2375,8347,0,6,48
2376,8348,0,6,48
2377,8351,0,6,67
2378,8355,0,6,83
2379,8357,0,6,12
2380,8362,0,6,62
2381,8363,0,6,54
2382,8365,0,6,15
2383,8366,0,6,44
2384,8367,0,6,54
2385,8368,0,6,52
2386,8370,0,5,41
2387,8371,0,4,101
2388,8372,0,6,77
2389,8377,0,6,50
2390,8378,0,6,65
2391,8379,0,6,56
2392,8381,0,6,39
2393,8384,0,6,67
2394,8385,0,6,50
2395,8386,0,6,61
2396,8390,0,6,14
2397,8396,0,6,61
2398,8397,0,6,40
2399,8398,0,6,43
2400,8400,0,6,61
2401,8402,0,6,26
2402,8404,0,5,108
2403,8405,0,6,59
2404,8413,0,4,39
2405,8414,0,6,82
2406,8418,0,5,86
2407,8419,0,6,74
2408,8420,0,6,14
2409,8421,0,6,75
2410,8422,0,6,78
2411,8423,0,6,45
2412,8426,0,4,69
2413,8429,0,6,53
2414,8431,0,6,56
2415,8436,0,6,43
2416,8437,0,4,19
2417,8446,0,6,38
2418,8449,0,6,33
2419,8454,0,6,53
2420,8456,0,6,94
2421,8457,0,6,52
2422,8459,0,6,70
2423,8466,0,6,42
2424,8468,0,5,115
2425,8475,0,6,64
2426,8476,0,6,51
2427,8478,0,6,74
2428,8483,0,6,75
2429,8484,0,6,57
2430,8485,0,6,56
2431,8487,0,6,80
2432,8488,0,6,93
2433,8491,0,5,87
2434,8492,0,5,47
2435,8494,0,6,33
2436,8496,0,4,86
2437,8498,0,4,49
2438,8499,0,6,99
2439,8501,0,4,66
2440,8507,0,5,49
2441,8508,0,6,26
2442,8509,0,6,54
2443,8511,0,5,65
2444,8512,0,6,24
2445,8515,0,4,39
2446,8519,0,4,53
2447,8522,0,6,53
2448,8524,0,6,34
2449,8525,0,6,61
2450,8526,0,6,68
2451,8530,0,6,46
2452,8531,0,5,65
2453,8532,0,6,61
2454,8538,0,4,55
2455,8539,0,6,72
2456,8541,0,6,17
2457,8543,0,4,67
2458,8545,0,6,65
2459,8546,0,6,61
2460,8547,0,6,54
2461,8549,0,6,67
2462,8550,0,4,107
2463,8552,0,6,34
2464,8553,0,4,145
2465,8554,0,5,116
2466,8555,0,5,39
2467,8556,0,6,67
2468,8557,0,4,89
2469,8559,0,6,74
2470,8560,0,4,77
2471,8564,0,5,36
2472,8565,0,6,98
2473,8568,0,4,28
2474,8569,0,6,59
2475,8570,0,4,55
2476,8572,0,5,75
2477,8574,0,5,57
2478,8575,0,6,52
2479,8578,0,6,30
2480,8579,0,6,52
2481,8581,0,4,144
2482,8584,0,6,58
2483,8586,0,6,65
2484,8587,0,6,39
2485,8589,0,5,27
2486,8591,0,6,44
2487,8593,0,4,82
2488,8595,0,6,88
2489,8598,0,6,26
2490,8599,0,5,59
2491,9285,0,5,59
2492,9286,0,6,84
2493,9287,0,6,51
2494,9288,0,5,74
2495,9289,0,5,63
2496,9431,0,5,54
2497,9432,0,6,84
2498,9433,0,6,57
2499,9434,0,6,65
2500,9435,0,5,83
2501,9438,0,5,42
2502,9445,0,6,51
2503,9447,0,5,73
2504,9448,0,5,100
2505,9451,0,6,63
2506,9454,0,6,37
2507,9456,0,6,30
2508,9458,0,6,66
2509,9461,0,6,69
2510,9462,0,6,29
2511,9464,0,6,42
2512,2804,0,4,36
2513,2805,0,6,31
2514,2806,0,4,44
2515,2814,0,6,41
2516,2822,0,6,74
2517,2824,0,6,42
2518,2828,0,5,77
2519,2834,0,6,30
2520,2840,0,5,51
2521,2844,0,5,41
2522,2852,0,4,54
2523,2853,0,6,30
2524,2858,0,6,35
2525,2861,0,6,35
2526,2870,0,4,49
2527,2876,0,4,37
2528,2883,0,6,40
2529,2888,0,5,96
2530,2894,0,6,55
2531,2895,0,4,33
2532,2896,0,5,53
2533,2902,0,6,65
2534,2903,0,6,44
2535,2906,0,6,50
2536,2909,0,6,43
2537,2910,0,6,58
2538,2916,0,6,40
2539,2922,0,6,53
2540,2925,0,6,79
2541,2926,0,4,32
2542,2927,0,6,47
2543,2931,0,6,43
2544,2937,0,6,50
2545,2946,0,6,23
2546,2948,0,6,52
2547,2952,0,6,57
2548,2956,0,6,58
2549,2957,0,6,95
2550,2960,0,6,42
2551,2963,0,6,39
2552,2964,0,6,72
2553,2965,0,6,50
2554,2969,0,6,72
2555,2971,0,6,34
2556,2976,0,5,48
2557,2980,0,6,119
2558,2987,0,6,31
2559,2989,0,6,42
2560,2991,0,5,61
2561,3000,0,6,32
2562,3003,0,6,65
2563,3004,0,6,68
2564,3023,0,6,30
2565,3024,0,5,51
2566,3027,0,6,41
2567,3028,0,6,36
2568,3030,0,5,82
2569,3031,0,6,76
2570,3035,0,6,52
2571,3053,0,6,60
2572,3056,0,6,86
2573,3057,0,6,96
2574,3058,0,6,40
2575,3074,0,6,40
2576,3079,0,3,21
2577,3081,0,5,58
2578,3083,0,6,68
2579,3085,0,6,43
2580,3095,0,6,70
2581,3118,0,6,31
2582,3126,0,6,64
2583,3129,0,4,96
2584,3133,0,6,36
2585,3141,0,6,27
2586,3148,0,6,55
2587,3152,0,6,51
2588,3159,0,4,74
2589,3165,0,6,110
2590,3210,0,5,64
2591,3211,0,6,55
2592,3226,0,6,27
2593,3239,0,5,52
2594,3253,0,6,50
2595,3257,0,6,51
2596,3259,0,6,61
2597,3269,0,6,58
2598,3279,0,6,41
2599,3284,0,6,72
2600,3286,0,4,32
2601,3303,0,6,61
2602,3323,0,6,49
2603,3324,0,6,41
2604,3344,0,6,24
2605,3353,0,6,38
2606,3366,0,6,40
2607,3380,0,6,38
2608,3395,0,5,37
2609,3398,0,6,35
2610,3407,0,4,39
2611,3422,0,4,44
2612,3425,0,6,56
2613,3427,0,6,44
2614,3434,0,6,47
2615,3439,0,6,39
2616,6441,0,6,63
2617,6443,0,6,56
2618,6444,0,6,65
2619,6447,0,5,94
2620,6448,0,6,63
2621,6457,0,4,58
2622,6458,0,5,96
2623,6463,0,4,62
2624,6464,0,6,46
2625,6465,0,6,38
2626,6467,0,6,42
2627,6468,0,6,32
2628,6470,0,6,61
2629,6471,0,6,65
2630,6473,0,6,115
2631,6474,0,6,35
2632,6476,0,4,41
2633,6483,0,6,37
2634,6485,0,5,60
2635,6488,0,5,67
2636,6490,0,4,75
2637,6493,0,5,47
2638,6495,0,6,60
2639,6499,0,4,44
2640,6500,0,6,67
2641,6503,0,3,49
2642,6507,0,5,42
2643,6508,0,6,47
2644,6510,0,4,43
2645,6516,0,6,90
2646,6519,0,3,45
2647,6520,0,6,81
2648,6521,0,4,36
2649,6523,0,6,26
2650,6525,0,6,54
2651,6526,0,5,53
2652,6528,0,6,64
2653,6529,0,6,34
2654,6531,0,4,31
2655,6534,0,5,50
2656,6535,0,5,53
2657,6536,0,6,24
2658,6539,0,4,52
2659,6542,0,6,62
2660,6543,0,6,51
2661,6544,0,6,53
2662,6546,0,5,59
2663,6549,0,6,33
2664,6550,0,5,39
2665,6552,0,6,48
2666,6557,0,6,57
2667,6558,0,6,74
2668,6562,0,6,47
2669,6567,0,6,67
2670,6569,0,6,30
2671,6570,0,6,43
2672,6573,0,6,54
2673,6574,0,5,40
2674,6579,0,6,39
2675,6582,0,5,43
2676,6587,0,6,53
2677,6589,0,6,55
2678,6592,0,6,25
2679,6593,0,5,34
2680,6595,0,4,15
2681,6596,0,6,75
2682,6599,0,6,99
2683,6605,0,5,46
2684,6607,0,4,54
2685,6608,0,6,57
2686,6609,0,5,42
2687,6612,0,6,65
2688,6615,0,5,71
2689,6616,0,5,50
2690,6617,0,6,88
2691,6624,0,5,38
2692,6625,0,6,81
2693,6626,0,6,65
2694,6628,0,6,51
2695,6630,0,4,47
2696,6631,0,6,60
2697,6632,0,6,53
2698,6633,0,6,104
2699,6634,0,5,32
2700,6636,0,6,48
2701,6637,0,6,53
2702,6638,0,4,35
2703,6641,0,6,66
2704,6642,0,6,26
2705,6646,0,6,63
2706,6649,0,6,66
2707,6650,0,5,48
2708,6651,0,5,38
2709,6652,0,6,39
2710,6653,0,5,41
2711,6654,0,6,59
2712,6655,0,5,58
2713,6656,0,6,58
2714,6657,0,6,70
2715,6658,0,6,48
2716,6660,0,4,27
2717,6661,0,6,32
2718,6665,0,6,54
2719,6666,0,6,48
2720,6668,0,6,45
2721,6672,0,4,54
2722,6673,0,5,67
2723,6676,0,6,87
2724,6679,0,6,36
2725,6680,0,6,58
2726,6681,0,4,56
2727,6683,0,5,84
2728,6688,0,6,51
2729,6690,0,6,35
2730,6691,0,6,46
2731,6695,0,6,47
2732,6697,0,6,44
2733,6700,0,5,63
2734,6702,0,6,71
2735,6703,0,5,44
2736,6706,0,6,81
2737,6709,0,6,59
2738,6710,0,4,46
2739,6713,0,5,36
2740,6715,0,5,40
2741,6717,0,6,56
2742,6719,0,6,58
2743,6720,0,3,45
2744,6724,0,4,87
2745,6726,0,5,98
2746,6727,0,5,66
2747,6728,0,4,82
2748,6729,0,5,69
2749,6734,0,6,49
2750,6736,0,6,52
2751,6738,0,5,52
2752,6741,0,4,49
2753,6744,0,6,66
2754,6746,0,6,53
2755,6747,0,3,49
2756,6749,0,4,75
2757,6758,0,5,59
2758,6760,0,6,47
2759,6765,0,4,49
2760,6766,0,6,52
2761,6769,0,6,34
2762,6771,0,5,89
2763,6774,0,5,55
2764,6775,0,6,48
2765,6778,0,6,55
2766,6780,0,6,85
2767,6785,0,6,50
2768,6787,0,6,52
2769,6788,0,6,66
2770,6793,0,6,96
2771,6799,0,6,39
2772,6807,0,6,32
2773,6808,0,6,157
2774,6817,0,4,41
2775,6819,0,6,40
2776,6820,0,6,40
2777,6824,0,5,49
2778,6828,0,6,46
2779,6830,0,6,52
2780,6832,0,6,102
2781,6834,0,6,56
2782,6837,0,6,39
2783,6842,0,6,68
2784,6844,0,6,42
2785,6849,0,6,31
2786,6854,0,5,50
2787,6855,0,6,38
2788,6859,0,4,43
2789,6865,0,6,77
2790,6866,0,5,41
2791,6868,0,6,32
2792,6870,0,5,47
2793,6875,0,5,45
2794,6876,0,6,57
2795,6878,0,6,80
2796,6880,0,6,54
2797,6884,0,6,39
2798,6893,0,6,40
2799,6894,0,4,73
2800,6895,0,5,36
2801,6899,0,6,50
2802,6903,0,5,46
2803,6907,0,4,39
2804,6908,0,5,33
2805,6918,0,5,71
2806,6921,0,4,48
2807,6924,0,6,43
2808,6925,0,6,50
2809,6926,0,6,76
2810,6927,0,5,40
2811,6931,0,6,39
2812,6932,0,6,87
2813,6936,0,6,40
2814,6938,0,6,54
2815,6939,0,6,18
2816,6941,0,4,58
2817,6943,0,6,55
2818,6947,0,4,26
2819,6954,0,6,40
2820,6955,0,6,58
2821,6956,0,5,61
2822,6958,0,6,40
2823,6961,0,6,40
2824,6963,0,6,42
2825,6965,0,4,61
2826,6968,0,6,46
2827,6969,0,6,37
2828,6971,0,6,34
2829,6974,0,6,54
2830,6976,0,6,49
2831,6979,0,3,41
2832,6981,0,6,50
2833,6983,0,6,56
2834,6984,0,6,30
2835,6985,0,6,39
2836,6986,0,6,45
2837,6988,0,6,43
2838,6989,0,6,35
2839,6991,0,6,50
2840,6996,0,6,47
2841,6997,0,6,42
2842,6999,0,6,54
2843,7000,0,6,58
2844,7008,0,6,48
2845,7009,0,6,83
2846,7010,0,6,52
2847,7011,0,4,72
2848,7012,0,6,41
2849,7013,0,6,62
2850,7014,0,6,57
2851,7015,0,6,53
2852,7017,0,5,39
2853,7020,0,6,37
2854,7023,0,4,144
2855,7024,0,6,50
2856,7025,0,6,39
2857,7026,0,5,35
2858,7028,0,6,53
2859,7033,0,6,59
2860,7039,0,6,57
2861,7040,0,6,76
2862,7041,0,6,45
2863,7044,0,5,67
2864,7045,0,6,34
2865,7046,0,5,59
2866,7047,0,4,73
2867,7050,0,4,44
2868,7051,0,6,29
2869,7056,0,6,25
2870,7058,0,6,44
2871,7061,0,6,44
2872,7062,0,5,57
2873,7064,0,6,102
2874,7066,0,6,120
2875,7067,0,6,44
2876,7073,0,6,51
2877,7078,0,6,68
2878,7079,0,6,37
2879,7081,0,6,86
2880,7084,0,5,57
2881,7086,0,5,31
2882,7087,0,6,42
2883,7088,0,5,35
2884,7093,0,4,53
2885,7097,0,5,54
2886,7099,0,5,62
2887,7102,0,5,52
2888,7104,0,6,46
2889,7105,0,5,66
2890,7110,0,5,60
2891,7112,0,6,46
2892,7114,0,6,44
2893,7116,0,6,21
2894,7119,0,5,43
2895,7122,0,6,48
2896,7125,0,5,48
2897,7126,0,5,47
2898,7127,0,6,40
2899,7133,0,6,80
2900,7137,0,6,35
2901,7138,0,6,36
2902,7140,0,5,33
2903,7143,0,6,32
2904,7146,0,6,43
2905,7147,0,5,42
2906,7148,0,6,50
2907,7151,0,5,52
2908,7153,0,6,59
2909,7154,0,6,47
2910,7157,0,5,54
2911,7161,0,5,53
2912,7162,0,4,41
2913,7163,0,4,44
2914,7166,0,6,44
2915,7170,0,6,64
2916,7172,0,6,40
2917,7173,0,6,49
2918,7175,0,5,66
2919,7661,0,6,45
2920,7664,0,5,103
2921,7665,0,4,41
2922,7666,0,6,60
2923,7667,0,6,48
2924,7672,0,6,49
2925,7684,0,6,38
2926,7695,0,5,29
2927,7701,0,6,46
2928,7709,0,6,45
2929,7714,0,6,24
2930,7715,0,5,80
2931,7718,0,6,35
2932,7724,0,6,77
2933,7735,0,6,55
2934,7737,0,6,67
2935,7758,0,4,37
2936,7761,0,6,39
2937,7762,0,6,43
2938,7763,0,6,55
2939,7766,0,6,47
2940,7770,0,6,52
2941,7775,0,6,58
2942,7777,0,5,77
2943,7786,0,5,123
2944,7795,0,6,43
2945,7802,0,6,61
2946,7803,0,6,51
2947,7808,0,4,53
2948,7811,0,6,46
2949,7817,0,6,26
2950,7820,0,6,30
2951,7823,0,6,22
2952,7825,0,6,57
2953,7831,0,5,58
2954,7845,0,6,54
2955,7852,0,6,47
2956,7862,0,3,53
2957,7863,0,6,35
2958,7871,0,6,47
2959,7878,0,6,45
2960,7882,0,6,34
2961,7885,0,6,44
2962,7887,0,6,42
2963,7910,0,5,70
2964,7918,0,6,60
2965,7919,0,6,36
2966,7920,0,6,37
2967,7924,0,6,43
2968,7930,0,6,73
2969,7936,0,5,49
2970,7937,0,6,39
2971,7940,0,6,46
2972,7941,0,6,30
2973,7943,0,6,71
2974,7949,0,6,46
2975,7952,0,4,64
2976,7955,0,6,40
2977,7960,0,6,68
2978,7961,0,4,41
2979,7965,0,4,60
2980,7966,0,6,45
2981,7972,0,6,35
2982,7973,0,6,49
2983,7980,0,6,37
2984,7990,0,5,72
2985,7996,0,5,67
2986,7997,0,6,45
2987,8009,0,6,38
2988,8010,0,6,29
2989,8604,0,5,43
2990,8605,0,3,22
2991,8611,0,6,46
2992,8616,0,6,47
2993,8618,0,6,42
2994,8620,0,5,31
2995,8622,0,6,32
2996,8626,0,6,35
2997,8627,0,6,42
2998,8637,0,6,63
2999,8638,0,5,40
3000,8644,0,6,83
3001,8646,0,4,42
3002,8647,0,5,50
3003,8648,0,6,62
3004,8651,0,6,58
3005,8654,0,6,29
3006,8657,0,6,39
3007,8659,0,6,90
3008,8662,0,5,42
3009,8663,0,5,67
3010,8665,0,6,37
3011,8673,0,5,49
3012,8675,0,6,36
3013,8676,0,5,49
3014,8694,0,6,107
3015,8697,0,6,41
3016,8698,0,6,101
3017,8699,0,6,97
3018,8700,0,6,110
3019,8701,0,6,99
3020,8706,0,5,77
3021,8707,0,6,31
3022,8708,0,6,89
3023,8714,0,5,122
3024,8717,0,6,38
3025,8718,0,5,52
3026,8721,0,4,103
3027,8724,0,5,133
3028,8725,0,6,93
3029,8731,0,6,47
3030,8732,0,6,51
3031,8734,0,6,50
3032,8735,0,6,90
3033,8736,0,3,103
3034,8737,0,5,111
3035,8738,0,4,117
3036,8739,0,6,45
3037,8740,0,6,26
3038,8742,0,5,95
3039,8743,0,5,41
3040,8745,0,6,97
3041,8746,0,6,51
3042,8748,0,6,74
3043,8749,0,6,68
3044,8750,0,4,97
3045,8752,0,4,48
3046,8757,0,6,45
3047,8758,0,6,129
3048,8759,0,5,29
3049,8760,0,4,110
3050,8763,0,6,50
3051,8764,0,4,65
3052,8765,0,6,77
3053,8766,0,5,104
3054,8767,0,5,88
3055,8768,0,5,108
3056,8769,0,6,64
3057,8770,0,6,138
3058,8771,0,6,68
3059,8772,0,6,39
3060,8774,0,5,127
3061,8776,0,4,44
3062,8777,0,6,64
3063,8780,0,6,68
3064,8783,0,6,53
3065,8784,0,5,30
3066,8788,0,6,57
3067,8789,0,5,136
3068,8790,0,5,132
3069,8791,0,5,156
3070,8795,0,5,141
3071,8796,0,6,131
3072,8797,0,6,101
3073,8799,0,5,86
3074,8800,0,6,48
3075,8802,0,6,37
3076,8810,0,4,83
3077,8811,0,6,166
3078,8813,0,6,109
3079,8815,0,4,103
3080,8816,0,6,65
3081,8822,0,6,32
3082,8825,0,6,24
3083,8828,0,6,57
3084,8829,0,3,31
3085,8831,0,4,50
3086,8832,0,5,26
3087,8833,0,6,85
3088,8837,0,6,34
3089,8839,0,6,49
3090,8840,0,6,44
3091,8843,0,6,68
3092,8844,0,6,76
3093,8845,0,5,117
3094,8847,0,6,94
3095,8851,0,5,89
3096,8852,0,6,53
3097,8853,0,4,43
3098,8854,0,5,52
3099,8855,0,6,81
3100,8856,0,6,53
3101,8857,0,5,85
3102,8858,0,6,110
3103,8859,0,6,64
3104,8860,0,6,57
3105,8863,0,6,123
3106,8865,0,6,107
3107,8868,0,6,84
3108,8870,0,5,91
3109,8871,0,6,34
3110,8872,0,5,82
3111,8874,0,5,115
3112,8875,0,6,101
3113,8876,0,6,101
3114,8879,0,6,54
3115,8880,0,6,55
3116,8881,0,4,39
3117,8883,0,4,82
3118,8884,0,6,106
3119,8886,0,5,77
3120,8887,0,6,112
3121,8889,0,5,38
3122,8890,0,5,117
3123,8892,0,3,40
3124,8893,0,6,43
3125,8895,0,6,67
3126,8896,0,6,87
3127,8897,0,3,61
3128,8898,0,6,97
3129,8902,0,5,78
3130,8903,0,5,73
3131,8904,0,6,48
3132,8906,0,4,151
3133,8908,0,4,33
3134,8909,0,3,84
3135,8910,0,5,67
3136,8911,0,5,87
3137,8912,0,4,109
3138,8913,0,4,134
3139,8915,0,6,176
3140,8916,0,6,60
3141,8917,0,6,111
3142,8918,0,6,97
3143,8919,0,6,110
3144,8920,0,6,38
3145,8922,0,6,81
3146,8923,0,5,121
3147,8924,0,6,108
3148,8925,0,5,131
3149,8927,0,6,48
3150,8928,0,6,67
3151,8929,0,5,105
3152,8933,0,5,49
3153,8934,0,6,47
3154,8935,0,5,113
3155,8936,0,5,97
3156,8937,0,4,89
3157,8938,0,5,143
3158,8939,0,5,77
3159,8940,0,5,97
3160,8943,0,6,59
3161,8944,0,5,59
3162,8945,0,5,87
3163,8948,0,5,44
3164,8949,0,4,83
3165,8950,0,6,55
3166,8951,0,6,93
3167,8952,0,4,108
3168,8953,0,2,51
3169,8954,0,5,28
3170,8955,0,4,56
3171,8956,0,3,25
3172,8960,0,3,104
3173,8961,0,6,42
3174,8964,0,5,42
3175,8965,0,6,102
3176,8966,0,5,101
3177,8967,0,4,116
3178,8968,0,5,100
3179,8969,0,5,82
3180,8970,0,6,27
3181,8972,0,6,28
3182,8973,0,4,115
3183,8974,0,6,107
3184,8975,0,6,50
3185,8976,0,6,38
3186,8978,0,4,77
3187,8979,0,3,77
3188,8980,0,6,40
3189,8981,0,6,64
3190,8983,0,4,47
3191,8984,0,6,39
3192,8987,0,5,35
3193,8988,0,5,55
3194,8989,0,6,49
3195,8990,0,6,46
3196,8992,0,6,134
3197,8993,0,6,125
3198,8994,0,6,142
3199,8995,0,5,85
3200,8996,0,6,71
3201,8997,0,6,116
3202,8998,0,4,151
3203,8999,0,5,124
3204,9000,0,6,69
3205,9001,0,6,144
3206,9003,0,4,103
3207,9004,0,5,154
3208,9006,0,4,55
3209,9007,0,6,101
3210,9010,0,4,162
3211,9011,0,5,126
3212,9012,0,5,83
3213,9013,0,5,110
3214,9015,0,5,120
3215,9016,0,5,109
3216,9017,0,5,111
3217,9019,0,5,114
3218,9022,0,6,113
3219,9023,0,5,167
3220,9024,0,5,90
3221,9025,0,6,87
3222,9026,0,5,112
3223,9028,0,5,156
3224,9029,0,6,106
3225,9031,0,6,56
3226,9032,0,6,43
3227,9033,0,5,147
3228,9034,0,6,70
3229,9035,0,5,142
3230,9036,0,4,55
3231,9038,0,6,49
3232,9040,0,6,138
3233,9041,0,5,148
3234,9042,0,6,106
3235,9043,0,5,85
3236,9044,0,5,93
3237,9046,0,5,103
3238,9048,0,6,143
3239,9050,0,5,144
3240,9051,0,4,119
3241,9052,0,4,82
3242,9053,0,5,120
3243,9055,0,6,100
3244,9056,0,6,122
3245,9057,0,3,141
3246,9058,0,6,170
3247,9059,0,6,91
3248,9060,0,5,140
3249,9062,0,4,82
3250,9063,0,6,97
3251,9064,0,4,165
3252,9066,0,6,142
3253,9067,0,5,67
3254,9068,0,5,141
3255,9069,0,4,27
3256,9070,0,5,125
3257,9071,0,5,59
3258,9072,0,4,202
3259,9073,0,4,91
3260,9074,0,4,177
3261,9075,0,5,121
3262,9076,0,5,172
3263,9077,0,6,99
3264,9078,0,5,168
3265,9079,0,4,114
3266,9080,0,5,55
3267,9082,0,6,66
3268,9083,0,4,121
3269,9084,0,6,103
3270,9085,0,6,80
3271,9086,0,4,133
3272,9087,0,6,87
3273,9088,0,6,152
3274,9089,0,5,121
3275,9091,0,5,116
3276,9092,0,5,120
3277,9094,0,3,52
3278,9095,0,6,133
3279,9096,0,6,106
3280,9098,0,6,103
3281,9100,0,5,85
3282,9102,0,6,78
3283,9105,0,6,153
3284,9106,0,5,129
3285,9107,0,6,65
3286,9108,0,4,79
3287,9110,0,6,73
3288,9111,0,6,97
3289,9112,0,6,120
3290,9113,0,6,192
3291,9114,0,4,121
3292,9115,0,6,96
3293,9116,0,6,75
3294,9117,0,5,135
3295,9118,0,6,139
3296,9119,0,6,84
3297,9120,0,5,143
3298,9122,0,5,121
3299,9123,0,6,172
3300,9124,0,6,106
3301,9125,0,6,113
3302,9126,0,6,121
3303,9127,0,5,136
3304,9128,0,6,46
3305,9129,0,6,158
3306,9130,0,4,185
3307,9131,0,6,77
3308,9132,0,4,139
3309,9134,0,5,110
3310,9135,0,5,85
3311,9136,0,6,137
3312,9138,0,5,206
3313,9139,0,6,132
3314,9140,0,5,99
3315,9141,0,6,122
3316,9142,0,6,118
3317,9143,0,3,99
3318,9144,0,6,117
3319,9145,0,4,106
3320,9147,0,5,77
3321,9149,0,6,140
3322,9150,0,6,129
3323,9152,0,5,143
3324,9155,0,5,120
3325,9156,0,5,129
3326,9157,0,5,87
3327,9158,0,6,45
3328,9159,0,4,41
3329,9160,0,6,65
3330,9161,0,5,47
3331,9162,0,3,166
3332,9163,0,6,45
3333,9164,0,5,129
3334,9165,0,6,117
3335,9166,0,4,158
3336,9167,0,6,109
3337,9171,0,6,132
3338,9172,0,6,63
3339,9173,0,6,78
3340,9174,0,6,110
3341,9175,0,5,118
3342,9176,0,6,169
3343,9177,0,6,99
3344,9178,0,6,57
3345,9179,0,5,41
3346,9180,0,6,87
3347,9181,0,6,125
3348,9182,0,6,35
3349,9183,0,3,54
3350,9184,0,6,67
3351,9185,0,5,116
3352,9186,0,5,83
3353,9187,0,5,53
3354,9188,0,6,139
3355,9189,0,6,49
3356,9191,0,4,120
3357,9193,0,6,123
3358,9194,0,5,114
3359,9195,0,4,86
3360,9196,0,5,162
3361,9197,0,5,112
3362,9198,0,5,75
3363,9200,0,6,117
3364,9202,0,6,114
3365,9203,0,5,101
3366,9204,0,5,37
3367,9205,0,6,156
3368,9206,0,5,93
3369,9208,0,4,80
3370,9209,0,6,163
3371,9210,0,5,117
3372,9211,0,4,120
3373,9212,0,6,64
3374,9213,0,6,65
3375,9214,0,6,36
3376,9216,0,5,126
3377,9217,0,5,64
3378,9219,0,4,68
3379,9220,0,5,132
3380,9221,0,5,110
3381,9223,0,4,112
3382,9226,0,6,80
3383,9227,0,4,160
3384,9228,0,5,110
3385,9229,0,6,107
3386,9230,0,6,125
3387,9231,0,4,112
3388,9232,0,5,122
3389,9233,0,3,112
3390,9234,0,3,66
3391,9236,0,6,55
3392,9238,0,4,123
3393,9419,0,6,34
3394,9422,0,5,71
3395,9632,0,6,48
3396,9634,0,5,43
3397,9638,0,6,46
3398,9644,0,4,37
3399,9652,0,6,38
3400,9658,0,6,50
3401,3479,0,6,59
3402,3488,0,4,34
3403,3497,0,4,69
3404,3500,0,6,66
3405,3519,0,6,26
3406,3527,0,6,48
3407,3546,0,6,66
3408,3583,0,6,38
3409,3585,0,5,49
3410,3586,0,6,60
3411,3589,0,4,64
3412,3591,0,5,71
3413,3599,0,6,83
3414,3604,0,5,46
3415,3605,0,6,46
3416,3611,0,6,66
3417,3620,0,6,52
3418,3621,0,6,68
3419,3624,0,6,97
3420,3637,0,4,50
3421,3661,0,6,46
3422,4149,0,6,37
3423,4156,0,5,27
3424,4157,0,6,49
3425,4165,0,6,62
3426,4178,0,5,37
3427,4216,0,6,28
3428,4221,0,6,36
3429,4252,0,6,34
3430,4261,0,6,72
3431,4269,0,6,25
3432,4276,0,6,36
3433,4288,0,6,62
3434,4305,0,6,60
3435,4331,0,6,61
3436,4354,0,6,39
3437,4361,0,5,34
3438,4362,0,6,38
3439,4385,0,6,52
3440,4398,0,6,42
3441,4400,0,5,42
3442,4403,0,6,29
3443,4405,0,6,20
3444,4410,0,6,30
3445,4413,0,6,28
3446,4415,0,5,50
3447,4423,0,6,38
3448,4424,0,6,29
3449,4428,0,6,25
3450,4437,0,5,44
3451,4462,0,6,32
3452,4477,0,6,39
3453,4490,0,6,41
3454,4497,0,6,59
3455,4499,0,6,41
3456,4533,0,6,60
3457,4568,0,6,91
3458,4577,0,5,43
3459,4601,0,6,48
3460,4645,0,6,68
3461,4670,0,6,30
3462,4678,0,6,71
3463,7178,0,6,46
3464,7180,0,6,43
3465,7184,0,6,36
3466,7185,0,5,67
3467,7186,0,6,89
3468,7188,0,6,55
3469,7194,0,6,47
3470,7195,0,5,48
3471,7199,0,6,54
3472,7207,0,6,39
3473,7211,0,6,27
3474,7213,0,6,63
3475,7222,0,6,36
3476,7223,0,6,33
3477,7227,0,6,58
3478,7228,0,5,38
3479,7229,0,6,54
3480,7232,0,6,51
3481,7234,0,3,48
3482,7235,0,4,33
3483,7240,0,4,34
3484,7242,0,6,39
3485,7247,0,5,47
3486,7249,0,6,42
3487,7251,0,6,25
3488,7254,0,6,53
3489,7257,0,5,51
3490,7258,0,6,60
3491,7260,0,6,47
3492,7264,0,6,32
3493,7265,0,6,49
3494,7266,0,6,49
3495,7270,0,5,58
3496,7271,0,6,38
3497,7272,0,6,48
3498,7273,0,6,52
3499,7274,0,6,43
3500,7276,0,4,31
3501,7280,0,6,51
3502,7287,0,6,40
3503,7291,0,6,57
3504,7292,0,4,35
3505,7293,0,5,24
3506,7294,0,6,42
3507,7295,0,6,41
3508,7296,0,5,39
3509,7297,0,6,46
3510,7302,0,6,47
3511,7305,0,6,50
3512,7308,0,4,53
3513,7309,0,5,56
3514,7314,0,6,46
3515,7319,0,5,52
3516,7320,0,4,24
3517,7325,0,5,35
3518,7326,0,5,21
3519,7327,0,6,33
3520,7328,0,6,22
3521,7335,0,6,44
3522,7339,0,6,62
3523,7340,0,5,47
3524,7342,0,6,34
3525,7343,0,6,35
3526,7348,0,6,46
3527,7352,0,6,70
3528,7353,0,6,19
3529,7354,0,4,29
3530,7361,0,6,32
3531,7369,0,6,35
3532,7371,0,4,48
3533,7372,0,6,49
3534,7373,0,6,49
3535,7377,0,6,60
3536,7380,0,6,39
3537,7381,0,5,41
3538,7387,0,6,47
3539,7389,0,6,78
3540,7391,0,4,32
3541,7394,0,6,52
3542,7395,0,6,64
3543,7396,0,6,54
3544,7398,0,6,36
3545,7401,0,6,46
3546,7403,0,4,46
3547,7406,0,6,50
3548,7410,0,4,46
3549,7411,0,4,40
3550,7413,0,6,59
3551,7414,0,6,48
3552,7420,0,6,37
3553,7422,0,4,58
3554,7424,0,6,36
3555,7425,0,6,63
3556,7426,0,6,52
3557,7428,0,5,49
3558,7430,0,6,22
3559,7435,0,6,51
3560,7440,0,6,63
3561,7441,0,6,34
3562,7446,0,6,36
3563,7447,0,6,50
3564,7464,0,6,50
3565,7470,0,6,68
3566,7474,0,6,39
3567,7476,0,6,41
3568,7478,0,6,38
3569,7479,0,6,70
3570,7481,0,6,28
3571,7483,0,6,39
3572,7486,0,6,41
3573,7489,0,6,62
3574,7492,0,6,45
3575,7494,0,6,56
3576,7497,0,6,43
3577,7504,0,6,49
3578,7510,0,6,36
3579,7531,0,6,42
3580,7541,0,4,53
3581,7548,0,6,42
3582,7554,0,4,46
3583,7557,0,3,31
3584,7562,0,6,53
3585,7578,0,6,45
3586,7611,0,6,57
3587,7639,0,5,62
3588,7643,0,4,30
3589,7647,0,6,40
3590,7651,0,6,51
3591,7892,0,6,22
3592,7895,0,5,50
3593,7897,0,5,58
3594,7899,0,6,48
3595,8012,0,6,47
3596,8016,0,5,35
3597,8017,0,5,60
3598,8019,0,5,41
3599,8020,0,6,39
3600,8021,0,6,23
3601,8024,0,6,49
3602,8025,0,5,37
3603,8032,0,5,25
3604,8042,0,6,37
3605,8049,0,6,41
3606,8050,0,4,62
3607,8051,0,6,29
3608,8053,0,6,61
3609,8064,0,6,38
3610,8070,0,5,46
3611,8081,0,5,39
3612,8082,0,6,44
3613,8083,0,6,58
3614,8088,0,5,48
3615,8089,0,6,68
3616,8095,0,6,26
3617,8100,0,6,67
3618,8104,0,4,50
3619,8122,0,6,35
3620,8137,0,6,35
3621,8156,0,6,54
3622,8171,0,6,41
3623,8172,0,6,42
3624,8187,0,6,51
3625,9239,0,5,53
3626,9611,0,6,81
3627,9612,0,6,41
3628,9616,0,6,83
3629,9621,0,6,90
3630,9665,0,6,43
3631,9667,0,6,39
3632,9668,0,6,47
3633,9672,0,5,56
3634,9682,0,6,43
3635,42,1,8,68
3636,77,1,8,65
3637,84,1,8,87
3638,100,1,8,53
3639,107,1,8,25
3640,108,1,8,96
3641,120,1,8,44
3642,158,1,8,31
3643,159,1,8,58
3644,376,1,9,58
3645,861,1,8,82
3646,933,1,8,85
3647,967,1,8,64
3648,989,1,8,29
3649,1069,1,8,29
3650,2192,1,8,41
3651,2200,1,9,48
3652,2206,1,8,35
3653,2208,1,8,22
3654,2214,1,9,38
3655,2215,1,9,30
3656,2220,1,8,35
3657,2221,1,8,21
3658,2225,1,8,24
3659,2234,1,8,41
3660,2237,1,8,34
3661,2250,1,8,37
3662,2252,1,9,21
3663,2259,1,8,35
3664,2261,1,9,54
3665,2278,1,8,37
3666,2283,1,8,31
3667,2286,1,8,29
3668,2291,1,9,13
3669,2295,1,8,23
3670,2303,1,9,33
3671,2305,1,9,27
3672,2317,1,8,37
3673,2323,1,8,23
3674,2324,1,8,30
3675,2348,1,8,36
3676,2349,1,9,30
3677,2350,1,9,39
3678,2357,1,9,31
3679,2366,1,9,31
3680,2390,1,9,33
3681,2408,1,8,38
3682,2416,1,8,44
3683,2421,1,9,37
3684,2424,1,8,40
3685,2425,1,8,25
3686,2430,1,8,31
3687,2464,1,9,26
3688,2474,1,8,36
3689,2481,1,8,30
3690,2486,1,9,36
3691,2492,1,8,44
3692,2515,1,9,29
3693,2520,1,8,43
3694,2528,1,8,31
3695,2539,1,8,44
3696,2553,1,8,45
3697,2559,1,8,35
3698,2579,1,9,52
3699,2586,1,8,29
3700,2587,1,8,40
3701,2594,1,9,38
3702,2595,1,9,38
3703,2597,1,8,30
3704,2607,1,9,47
3705,2618,1,8,35
3706,2620,1,8,38
3707,2634,1,10,41
3708,2637,1,9,47
3709,2647,1,8,50
3710,2658,1,9,36
3711,2659,1,9,37
3712,2661,1,9,37
3713,2662,1,9,27
3714,2670,1,8,46
3715,2671,1,8,44
3716,2672,1,8,35
3717,2674,1,8,34
3718,2675,1,9,34
3719,2676,1,8,41
3720,2687,1,8,46
3721,2688,1,8,50
3722,2709,1,8,46
3723,2715,1,8,44
3724,2717,1,8,58
3725,2721,1,8,41
3726,2725,1,8,41
3727,2744,1,8,25
3728,2746,1,8,41
3729,2747,1,9,26
3730,2754,1,8,43
3731,2765,1,8,29
3732,2769,1,8,49
3733,2773,1,8,27
3734,2783,1,8,49
3735,2826,1,9,57
3736,2829,1,9,45
3737,2836,1,8,93
3738,2847,1,9,36
3739,2849,1,8,43
3740,2851,1,8,82
3741,2860,1,9,37
3742,2866,1,9,51
3743,2867,1,8,26
3744,2872,1,8,69
3745,2878,1,8,65
3746,2879,1,8,62
3747,2886,1,8,39
3748,2919,1,8,61
3749,2929,1,8,22
3750,2968,1,8,39
3751,2974,1,8,20
3752,2978,1,9,40
3753,2979,1,9,51
3754,2981,1,8,40
3755,2994,1,9,49
3756,2998,1,9,50
3757,2999,1,8,54
3758,3001,1,8,57
3759,3010,1,8,83
3760,3012,1,9,30
3761,3025,1,8,64
3762,3037,1,8,71
3763,3042,1,9,33
3764,3043,1,8,35
3765,3046,1,8,44
3766,3059,1,8,36
3767,3065,1,8,28
3768,3068,1,8,55
3769,3072,1,8,44
3770,3077,1,8,34
3771,3078,1,8,35
3772,3080,1,8,42
3773,3084,1,8,98
3774,3089,1,8,33
3775,3090,1,8,58
3776,3094,1,8,49
3777,3096,1,8,44
3778,3097,1,8,81
3779,3100,1,8,57
3780,3101,1,8,58
3781,3102,1,8,53
3782,3103,1,8,37
3783,3107,1,8,72
3784,3114,1,8,45
3785,3115,1,8,61
3786,3117,1,8,57
3787,3120,1,9,35
3788,3121,1,9,38
3789,3122,1,8,62
3790,3123,1,9,49
3791,3125,1,9,49
3792,3132,1,8,60
3793,3136,1,9,53
3794,3140,1,8,52
3795,3142,1,8,31
3796,3143,1,9,37
3797,3145,1,8,53
3798,3147,1,8,35
3799,3150,1,8,76
3800,3151,1,8,85
3801,3161,1,8,43
3802,3174,1,8,46
3803,3176,1,8,45
3804,3177,1,8,39
3805,3186,1,9,44
3806,3195,1,8,62
3807,3213,1,8,40
3808,3220,1,8,24
3809,3222,1,9,34
3810,3233,1,8,50
3811,3235,1,8,62
3812,3243,1,8,32
3813,3249,1,9,29
3814,3252,1,8,41
3815,3258,1,8,30
3816,3261,1,9,24
3817,3262,1,9,42
3818,3265,1,9,50
3819,3270,1,9,45
3820,3272,1,9,53
3821,3277,1,9,42
3822,3280,1,8,40
3823,3283,1,9,39
3824,3287,1,9,30
3825,3291,1,8,32
3826,3294,1,9,48
3827,3302,1,8,37
3828,3304,1,9,47
3829,3307,1,9,56
3830,3311,1,8,38
3831,3322,1,9,16
3832,3329,1,8,43
3833,3332,1,8,35
3834,3334,1,9,43
3835,3335,1,8,31
3836,3338,1,8,31
3837,3343,1,9,52
3838,3347,1,8,39
3839,3348,1,8,49
3840,3352,1,9,41
3841,3356,1,9,35
3842,3359,1,8,29
3843,3360,1,9,34
3844,3362,1,8,31
3845,3364,1,8,28
3846,3371,1,9,27
3847,3378,1,8,32
3848,3381,1,8,44
3849,3384,1,9,38
3850,3390,1,8,19
3851,3393,1,8,27
3852,3405,1,9,31
3853,3406,1,8,44
3854,3408,1,8,35
3855,3409,1,9,29
3856,3412,1,8,45
3857,3421,1,9,34
3858,3428,1,8,32
3859,3429,1,9,38
3860,3431,1,8,57
3861,3435,1,8,55
3862,3440,1,9,43
3863,3445,1,8,46
3864,3446,1,8,29
3865,3447,1,9,31
3866,3449,1,9,36
3867,3462,1,8,44
3868,3464,1,8,27
3869,3467,1,8,50
3870,3472,1,8,47
3871,3473,1,8,71
3872,3474,1,8,45
3873,3475,1,9,47
3874,3476,1,8,42
3875,3477,1,9,30
3876,3478,1,8,54
3877,3482,1,8,71
3878,3486,1,9,66
3879,3487,1,8,89
3880,3489,1,8,38
3881,3495,1,9,33
3882,3496,1,9,67
3883,3498,1,9,40
3884,3499,1,9,41
3885,3501,1,9,28
3886,3508,1,9,44
3887,3511,1,8,54
3888,3518,1,8,77
3889,3520,1,9,44
3890,3521,1,8,47
3891,3523,1,8,32
3892,3524,1,8,58
3893,3528,1,9,35
3894,3530,1,8,74
3895,3536,1,8,24
3896,3537,1,8,18
3897,3538,1,8,44
3898,3541,1,8,56
3899,3547,1,8,36
3900,3548,1,8,71
3901,3551,1,9,39
3902,3552,1,8,51
3903,3556,1,8,78
3904,3557,1,8,53
3905,3561,1,8,73
3906,3566,1,8,42
3907,3575,1,8,83
3908,3576,1,8,95
3909,3577,1,8,51
3910,3579,1,9,29
3911,3580,1,8,50
3912,3582,1,8,53
3913,3584,1,9,56
3914,3587,1,8,48
3915,3588,1,9,65
3916,3592,1,8,30
3917,3593,1,9,42
3918,3594,1,8,48
3919,3596,1,8,56
3920,3597,1,8,52
3921,3608,1,8,83
3922,3612,1,8,59
3923,3615,1,8,67
3924,3616,1,8,70
3925,3617,1,9,40
3926,3618,1,8,39
3927,3622,1,9,62
3928,3626,1,8,40
3929,3631,1,8,44
3930,3633,1,9,38
3931,3634,1,8,52
3932,3635,1,8,40
3933,3639,1,8,72
3934,3640,1,8,67
3935,3642,1,9,46
3936,3647,1,8,60
3937,3649,1,8,56
3938,3650,1,8,70
3939,3651,1,8,67
3940,3653,1,9,45
3941,3656,1,8,51
3942,3657,1,9,65
3943,3658,1,8,39
3944,3659,1,8,65
3945,3660,1,8,69
3946,3663,1,8,75
3947,3666,1,9,68
3948,3669,1,8,28
3949,3679,1,8,72
3950,3750,1,8,66
3951,3805,1,9,52
3952,3845,1,8,66
3953,3888,1,8,48
3954,3915,1,8,44
3955,3928,1,8,48
3956,3954,1,9,52
3957,4011,1,8,73
3958,4019,1,8,78
3959,4036,1,8,66
3960,4061,1,9,27
3961,4066,1,8,52
3962,4076,1,8,54
3963,4077,1,8,46
3964,4092,1,9,35
3965,4152,1,9,26
3966,4161,1,8,45
3967,4162,1,9,23
3968,4164,1,9,40
3969,4167,1,8,38
3970,4168,1,8,53
3971,4169,1,8,46
3972,4172,1,8,41
3973,4173,1,9,29
3974,4175,1,9,29
3975,4176,1,8,66
3976,4177,1,9,21
3977,4181,1,8,47
3978,4188,1,8,46
3979,4189,1,9,42
3980,4191,1,8,51
3981,4192,1,8,62
3982,4193,1,8,54
3983,4196,1,9,35
3984,4201,1,9,32
3985,4205,1,8,41
3986,4207,1,9,29
3987,4209,1,9,42
3988,4210,1,8,45
3989,4212,1,9,55
3990,4213,1,8,37
3991,4214,1,9,22
3992,4215,1,8,48
3993,4217,1,8,59
3994,4218,1,8,38
3995,4220,1,9,44
3996,4222,1,8,51
3997,4223,1,8,45
3998,4230,1,8,49
3999,4233,1,9,52
4000,4234,1,8,32
4001,4235,1,8,39
4002,4237,1,8,50
4003,4240,1,9,31
4004,4244,1,8,44
4005,4245,1,8,50
4006,4246,1,8,42
4007,4247,1,8,55
4008,4248,1,9,31
4009,4251,1,9,40
4010,4253,1,9,44
4011,4254,1,8,41
4012,4256,1,8,43
4013,4257,1,8,46
4014,4259,1,8,37
4015,4263,1,9,43
4016,4265,1,8,59
4017,4279,1,8,83
4018,4280,1,8,38
4019,4283,1,9,47
4020,4285,1,8,43
4021,4286,1,8,29
4022,4295,1,8,56
4023,4296,1,8,48
4024,4297,1,8,48
4025,4300,1,8,25
4026,4301,1,8,68
4027,4303,1,8,53
4028,4306,1,9,38
4029,4307,1,8,40
4030,4309,1,9,34
4031,4311,1,8,70
4032,4315,1,8,37
4033,4316,1,8,59
4034,4318,1,8,50
4035,4319,1,9,63
4036,4322,1,9,46
4037,4326,1,8,34
4038,4328,1,8,44
4039,4334,1,8,35
4040,4335,1,8,68
4041,4338,1,8,41
4042,4345,1,8,39
4043,4346,1,9,30
4044,4351,1,8,59
4045,4353,1,9,30
4046,4360,1,8,97
4047,4363,1,9,38
4048,4366,1,9,44
4049,4367,1,8,27
4050,4369,1,8,87
4051,4372,1,8,41
4052,4376,1,8,48
4053,4378,1,8,44
4054,4382,1,9,71
4055,4383,1,8,48
4056,4384,1,9,36
4057,4389,1,8,44
4058,4392,1,8,42
4059,4401,1,8,46
4060,4409,1,8,38
4061,4411,1,9,42
4062,4414,1,8,51
4063,4416,1,9,50
4064,4418,1,8,43
4065,4421,1,9,33
4066,4425,1,8,51
4067,4426,1,9,38
4068,4430,1,8,33
4069,4432,1,9,45
4070,4435,1,8,47
4071,4440,1,8,47
4072,4442,1,9,34
4073,4448,1,8,32
4074,4451,1,8,56
4075,4457,1,9,36
4076,4461,1,9,43
4077,4464,1,9,37
4078,4466,1,9,32
4079,4478,1,8,53
4080,4481,1,8,47
4081,4486,1,9,42
4082,4487,1,8,49
4083,4489,1,9,36
4084,4493,1,8,54
4085,4494,1,9,28
4086,4496,1,9,28
4087,4501,1,9,28
4088,4505,1,8,35
4089,4511,1,8,90
4090,4512,1,8,54
4091,4513,1,9,51
4092,4515,1,8,63
4093,4517,1,9,26
4094,4518,1,8,74
4095,4523,1,8,67
4096,4524,1,9,40
4097,4525,1,9,50
4098,4527,1,9,42
4099,4528,1,8,59
4100,4529,1,9,27
4101,4531,1,8,34
4102,4534,1,9,51
4103,4537,1,8,28
4104,4538,1,8,55
4105,4539,1,8,97
4106,4544,1,8,44
4107,4545,1,9,32
4108,4546,1,8,47
4109,4548,1,8,115
4110,4550,1,8,26
4111,4551,1,9,38
4112,4552,1,8,46
4113,4553,1,8,58
4114,4554,1,8,62
4115,4555,1,8,44
4116,4558,1,8,44
4117,4559,1,9,45
4118,4560,1,8,46
4119,4561,1,8,44
4120,4563,1,8,60
4121,4565,1,8,31
4122,4566,1,9,72
4123,4569,1,8,54
4124,4570,1,8,36
4125,4574,1,8,29
4126,4575,1,8,60
4127,4576,1,8,91
4128,4588,1,9,39
4129,4594,1,9,29
4130,4595,1,8,59
4131,4596,1,8,60
4132,4598,1,8,59
4133,4599,1,8,47
4134,4602,1,8,41
4135,4604,1,9,42
4136,4605,1,8,36
4137,4610,1,9,37
4138,4611,1,8,49
4139,4612,1,9,86
4140,4618,1,8,40
4141,4619,1,8,55
4142,4620,1,8,59
4143,4624,1,8,66
4144,4625,1,8,47
4145,4628,1,9,40
4146,4629,1,8,36
4147,4630,1,8,52
4148,4631,1,8,31
4149,4632,1,9,60
4150,4633,1,9,54
4151,4634,1,9,43
4152,4636,1,9,24
4153,4638,1,8,29
4154,4639,1,8,50
4155,4646,1,8,28
4156,4649,1,9,78
4157,4650,1,9,35
4158,4653,1,8,86
4159,4661,1,8,59
4160,4662,1,9,33
4161,4663,1,8,47
4162,4672,1,8,32
4163,4679,1,9,50
4164,4681,1,8,51
4165,4684,1,9,60
4166,4686,1,8,46
4167,4694,1,8,31
4168,4698,1,8,40
4169,4703,1,9,30
4170,4705,1,8,39
4171,4708,1,8,43
4172,4710,1,9,44
4173,4711,1,9,32
4174,4712,1,8,42
4175,4713,1,9,44
4176,4718,1,9,48
4177,4719,1,9,41
4178,4720,1,8,43
4179,4721,1,9,25
4180,4723,1,9,39
4181,4730,1,9,34
4182,4731,1,8,31
4183,4735,1,9,40
4184,4738,1,8,35
4185,4755,1,8,36
4186,4773,1,9,36
4187,4774,1,8,29
4188,4776,1,8,27
4189,4781,1,8,38
4190,4789,1,9,23
4191,4792,1,8,35
4192,4794,1,9,34
4193,4795,1,9,32
4194,4800,1,8,50
4195,4801,1,9,48
4196,4807,1,8,32
4197,4808,1,8,44
4198,4811,1,9,27
4199,4812,1,8,41
4200,4814,1,8,36
4201,4815,1,8,29
4202,4819,1,9,41
4203,4825,1,8,38
4204,4829,1,9,25
4205,4830,1,8,39
4206,4838,1,8,43
4207,4843,1,8,34
4208,4846,1,8,35
4209,4848,1,8,44
4210,4849,1,8,52
4211,4863,1,8,38
4212,4864,1,8,48
4213,4884,1,8,32
4214,4887,1,9,31
4215,4892,1,8,39
4216,4893,1,8,29
4217,4895,1,8,66
4218,4899,1,8,33
4219,4916,1,8,32
4220,4921,1,9,36
4221,4937,1,8,16
4222,4948,1,8,32
4223,4949,1,9,29
4224,4956,1,8,35
4225,4967,1,9,34
4226,4973,1,9,30
4227,4979,1,8,53
4228,4980,1,9,33
4229,4988,1,9,43
4230,4990,1,8,45
4231,4996,1,8,32
4232,5001,1,8,33
4233,5002,1,8,44
4234,5004,1,8,40
4235,5005,1,9,32
4236,5022,1,8,19
4237,5025,1,9,34
4238,5027,1,9,61
4239,5030,1,9,22
4240,5033,1,8,52
4241,5037,1,8,40
4242,5040,1,9,31
4243,5051,1,9,30
4244,5053,1,8,48
4245,5057,1,8,50
4246,5062,1,8,60
4247,5063,1,8,31
4248,5067,1,8,95
4249,5069,1,8,31
4250,5077,1,9,48
4251,5085,1,8,31
4252,5206,1,9,52
4253,5207,1,9,32
4254,5208,1,8,38
4255,5211,1,9,22
4256,5213,1,8,60
4257,5222,1,8,44
4258,5227,1,8,31
4259,5228,1,8,50
4260,5230,1,9,39
4261,5231,1,9,42
4262,5238,1,8,35
4263,5239,1,9,39
4264,5242,1,9,31
4265,5243,1,9,33
4266,5248,1,8,31
4267,5251,1,9,34
4268,5252,1,8,49
4269,5253,1,8,54
4270,5255,1,8,35
4271,5256,1,9,33
4272,5259,1,8,29
4273,5260,1,8,50
4274,5268,1,9,39
4275,5269,1,8,74
4276,5271,1,8,45
4277,5275,1,9,20
4278,5277,1,8,39
4279,5279,1,9,37
4280,5283,1,8,48
4281,5284,1,8,29
4282,5285,1,9,29
4283,5287,1,8,45
4284,5288,1,8,37
4285,5293,1,9,23
4286,5304,1,8,43
4287,5305,1,9,46
4288,5313,1,8,39
4289,5323,1,8,27
4290,5324,1,8,34
4291,5430,1,9,30
4292,5432,1,8,32
4293,5435,1,8,53
4294,5438,1,9,33
4295,5443,1,8,32
4296,5446,1,8,43
4297,5450,1,8,22
4298,5451,1,9,32
4299,5454,1,8,43
4300,5456,1,8,26
4301,5457,1,9,31
4302,5458,1,9,31
4303,5459,1,9,29
4304,5463,1,9,30
4305,5470,1,8,52
4306,5472,1,8,47
4307,5473,1,8,38
4308,5475,1,8,47
4309,5487,1,8,35
4310,5489,1,9,27
4311,5490,1,8,46
4312,5492,1,8,29
4313,5493,1,8,27
4314,5496,1,8,30
4315,5497,1,8,42
4316,5498,1,9,26
4317,5499,1,8,44
4318,5504,1,9,35
4319,5513,1,8,34
4320,5514,1,8,39
4321,5522,1,8,29
4322,5527,1,8,40
4323,5535,1,8,39
4324,5541,1,9,33
4325,5552,1,8,36
4326,5554,1,9,31
4327,5555,1,9,37
4328,5556,1,9,37
4329,5557,1,8,28
4330,5672,1,9,23
4331,5673,1,8,25
4332,5676,1,8,26
4333,5680,1,8,42
4334,5687,1,8,31
4335,5690,1,9,47
4336,5691,1,9,43
4337,5693,1,8,47
4338,5695,1,8,33
4339,5700,1,9,44
4340,5705,1,9,25
4341,5706,1,9,42
4342,5708,1,9,34
4343,5710,1,9,33
4344,5711,1,8,32
4345,5712,1,9,50
4346,5720,1,8,39
4347,5727,1,9,40
4348,5732,1,8,37
4349,5734,1,9,40
4350,5737,1,9,42
4351,5738,1,8,49
4352,5742,1,9,28
4353,5744,1,8,38
4354,5758,1,9,28
4355,5759,1,8,28
4356,5760,1,9,40
4357,5762,1,9,42
4358,5768,1,8,31
4359,5769,1,8,50
4360,5770,1,8,26
4361,5774,1,9,21
4362,5775,1,8,40
4363,5776,1,9,20
4364,5777,1,8,38
4365,5787,1,9,35
4366,5788,1,8,46
4367,5789,1,9,25
4368,5793,1,9,30
4369,5802,1,8,29
4370,5803,1,8,34
4371,5806,1,8,36
4372,5817,1,8,44
4373,5818,1,8,36
4374,5819,1,8,44
4375,5822,1,9,33
4376,5823,1,9,32
4377,5824,1,9,30
4378,5826,1,8,41
4379,5829,1,9,55
4380,5939,1,8,40
4381,5942,1,8,40
4382,5953,1,8,41
4383,5956,1,9,37
4384,5959,1,9,41
4385,5968,1,9,24
4386,5969,1,8,45
4387,5975,1,8,31
4388,5976,1,9,43
4389,5978,1,9,27
4390,5980,1,9,34
4391,5981,1,8,28
4392,5982,1,8,26
4393,5984,1,8,40
4394,5999,1,8,39
4395,6000,1,8,29
4396,6001,1,8,28
4397,6004,1,9,34
4398,6005,1,9,39
4399,6009,1,9,43
4400,6011,1,8,18
4401,6014,1,8,34
4402,6023,1,8,48
4403,6027,1,8,54
4404,6028,1,9,11
4405,6040,1,9,42
4406,6044,1,8,37
4407,6047,1,8,47
4408,6048,1,8,44
4409,6050,1,9,33
4410,6051,1,9,51
4411,6059,1,8,56
4412,6065,1,8,38
4413,6074,1,9,53
4414,6075,1,9,45
4415,6081,1,8,41
4416,6083,1,8,29
4417,6085,1,8,41
4418,6093,1,8,63
4419,6097,1,8,62
4420,6101,1,8,48
4421,6102,1,8,41
4422,6105,1,9,39
4423,6109,1,9,31
4424,6112,1,8,27
4425,6118,1,8,24
4426,6131,1,8,38
4427,6134,1,8,42
4428,6137,1,8,47
4429,6139,1,9,35
4430,6145,1,8,52
4431,6146,1,9,40
4432,6154,1,9,50
4433,6158,1,8,22
4434,6160,1,8,40
4435,6166,1,8,29
4436,6176,1,9,22
4437,6177,1,8,34
4438,6190,1,9,32
4439,6196,1,8,34
4440,6197,1,9,55
4441,6199,1,8,36
4442,6201,1,8,49
4443,6206,1,8,50
4444,6208,1,9,42
4445,6216,1,8,32
4446,6225,1,8,28
4447,6233,1,8,23
4448,6234,1,8,39
4449,6240,1,8,35
4450,6242,1,8,42
4451,6250,1,9,41
4452,6251,1,8,35
4453,6254,1,9,21
4454,6258,1,8,41
4455,6261,1,9,33
4456,6264,1,8,67
4457,6272,1,8,41
4458,6273,1,9,34
4459,6286,1,8,52
4460,6301,1,8,30
4461,6302,1,9,36
4462,6307,1,9,43
4463,6308,1,8,30
4464,6314,1,8,38
4465,6318,1,8,41
4466,6324,1,8,33
4467,6325,1,8,38
4468,6329,1,8,33
4469,6332,1,8,26
4470,6335,1,9,41
4471,6337,1,8,28
4472,6339,1,9,49
4473,6340,1,8,48
4474,6344,1,8,63
4475,6350,1,8,33
4476,6355,1,9,30
4477,6359,1,8,41
4478,6360,1,9,28
4479,6371,1,8,40
4480,6374,1,8,54
4481,6376,1,8,42
4482,6384,1,8,36
4483,6387,1,8,40
4484,6392,1,8,40
4485,6393,1,9,22
4486,6395,1,8,45
4487,6414,1,8,38
4488,6415,1,8,42
4489,6419,1,8,30
4490,6422,1,8,41
4491,6423,1,9,28
4492,6425,1,9,39
4493,6429,1,9,37
4494,6506,1,8,53
4495,6530,1,8,48
4496,6565,1,8,43
4497,6578,1,8,52
4498,6588,1,8,45
4499,6600,1,8,39
4500,6621,1,8,31
4501,6693,1,8,61
4502,6796,1,8,27
4503,6797,1,8,30
4504,6826,1,8,53
4505,6887,1,8,42
4506,6891,1,8,48
4507,6970,1,8,32
4508,7022,1,8,51
4509,7090,1,8,53
4510,7142,1,8,68
4511,7144,1,8,39
4512,7174,1,8,74
4513,7197,1,8,57
4514,7237,1,8,49
4515,7245,1,8,54
4516,7269,1,9,43
4517,7332,1,8,70
4518,7334,1,9,37
4519,7357,1,8,40
4520,7362,1,8,65
4521,7375,1,8,53
4522,7382,1,8,46
4523,7431,1,8,37
4524,7437,1,8,46
4525,7458,1,8,45
4526,7484,1,8,51
4527,7515,1,8,27
4528,7516,1,8,51
4529,7518,1,8,43
4530,7519,1,9,51
4531,7520,1,8,30
4532,7521,1,9,40
4533,7525,1,8,33
4534,7527,1,8,55
4535,7528,1,9,30
4536,7537,1,8,56
4537,7545,1,9,40
4538,7547,1,8,46
4539,7553,1,9,33
4540,7570,1,8,44
4541,7571,1,9,39
4542,7573,1,8,23
4543,7581,1,8,44
4544,7582,1,8,53
4545,7583,1,8,37
4546,7586,1,9,54
4547,7587,1,8,56
4548,7589,1,8,46
4549,7590,1,8,51
4550,7594,1,8,41
4551,7602,1,9,33
4552,7603,1,9,55
4553,7604,1,9,37
4554,7606,1,8,25
4555,7609,1,8,34
4556,7610,1,8,43
4557,7615,1,8,44
4558,7616,1,8,49
4559,7619,1,9,38
4560,7621,1,8,52
4561,7624,1,8,59
4562,7626,1,8,40
4563,7629,1,9,59
4564,7630,1,9,42
4565,7642,1,9,57
4566,7645,1,9,40
4567,7649,1,8,53
4568,7654,1,9,37
4569,7657,1,8,66
4570,7658,1,9,37
4571,7660,1,9,45
4572,7663,1,8,73
4573,7668,1,8,44
4574,7688,1,8,87
4575,7691,1,8,52
4576,7694,1,8,31
4577,7696,1,9,38
4578,7745,1,8,64
4579,7749,1,8,37
4580,7768,1,9,44
4581,7792,1,9,36
4582,7797,1,9,31
4583,7804,1,9,35
4584,7812,1,8,46
4585,7814,1,8,41
4586,7821,1,8,52
4587,7826,1,8,33
4588,7838,1,8,53
4589,7839,1,8,47
4590,7847,1,8,44
4591,7860,1,9,40
4592,7866,1,8,87
4593,7868,1,9,53
4594,7873,1,8,105
4595,7879,1,9,23
4596,7901,1,8,44
4597,7925,1,8,40
4598,7932,1,8,25
4599,7946,1,8,51
4600,7968,1,8,39
4601,7970,1,8,47
4602,7976,1,8,38
4603,7977,1,8,59
4604,7999,1,9,54
4605,8013,1,8,53
4606,8026,1,8,47
4607,8028,1,8,32
4608,8035,1,8,50
4609,8047,1,8,49
4610,8056,1,8,54
4611,8067,1,8,48
4612,8074,1,8,29
4613,8078,1,8,46
4614,8079,1,8,45
4615,8084,1,8,42
4616,8085,1,9,58
4617,8086,1,8,24
4618,8087,1,9,29
4619,8099,1,8,41
4620,8101,1,8,44
4621,8102,1,8,51
4622,8112,1,8,33
4623,8113,1,8,48
4624,8117,1,8,42
4625,8118,1,9,58
4626,8123,1,9,34
4627,8124,1,9,53
4628,8126,1,8,37
4629,8139,1,8,65
4630,8150,1,8,37
4631,8157,1,8,31
4632,8158,1,8,44
4633,8160,1,8,22
4634,8162,1,8,53
4635,8163,1,8,37
4636,8164,1,9,40
4637,8165,1,9,31
4638,8169,1,8,41
4639,8170,1,9,60
4640,8176,1,9,35
4641,8178,1,8,47
4642,8179,1,8,61
4643,8189,1,8,59
4644,8203,1,8,44
4645,8207,1,8,62
4646,8216,1,8,58
4647,8225,1,8,45
4648,8236,1,8,52
4649,8243,1,8,95
4650,8275,1,8,47
4651,8277,1,8,59
4652,8283,1,9,26
4653,8291,1,8,87
4654,8301,1,8,60
4655,8317,1,8,43
4656,8346,1,8,58
4657,8356,1,8,35
4658,8399,1,8,108
4659,8410,1,8,40
4660,8416,1,8,69
4661,8443,1,8,44
4662,8458,1,9,51
4663,8460,1,8,80
4664,8469,1,8,96
4665,8477,1,8,56
4666,8523,1,9,24
4667,8535,1,8,102
4668,8566,1,8,74
4669,8576,1,8,35
4670,8600,1,8,64
4671,8609,1,8,39
4672,8658,1,8,60
4673,9242,1,8,43
4674,9243,1,9,42
4675,9244,1,9,36
4676,9250,1,9,38
4677,9251,1,8,41
4678,9253,1,8,42
4679,9255,1,9,23
4680,9256,1,8,41
4681,9259,1,9,26
4682,9263,1,8,60
4683,9265,1,8,68
4684,9266,1,9,53
4685,9270,1,8,72
4686,9271,1,8,60
4687,9273,1,8,47
4688,9280,1,8,32
4689,9292,1,8,70
4690,9293,1,8,49
4691,9299,1,8,48
4692,9428,1,9,41
4693,9467,1,8,44
4694,9473,1,8,40
4695,9476,1,9,24
4696,9477,1,9,34
4697,9488,1,8,49
4698,9490,1,8,37
4699,9492,1,9,26
4700,9499,1,9,23
4701,9500,1,8,36
4702,9504,1,8,27
4703,9510,1,8,44
4704,9511,1,8,40
4705,9512,1,8,44
4706,9515,1,8,52
4707,9523,1,9,36
4708,9530,1,8,30
4709,9531,1,9,31
4710,9532,1,9,35
4711,9533,1,9,33
4712,9535,1,8,42
4713,9537,1,9,25
4714,9539,1,9,41
4715,9540,1,9,36
4716,9541,1,8,47
4717,9543,1,9,34
4718,9544,1,8,29
4719,9549,1,8,61
4720,9579,1,9,65
4721,9592,1,8,42
4722,9607,1,8,65
4723,9614,1,8,55
4724,9624,1,9,41
4725,9628,1,8,50
4726,9636,1,9,39
4727,9637,1,8,28
4728,9642,1,9,34
4729,9643,1,8,48
4730,9649,1,9,43
4731,9653,1,9,35
4732,9662,1,8,30
4733,9676,1,8,26
4734,9686,1,8,100
4735,2183,1,8,32
4736,2184,1,9,28
4737,2186,1,8,27
4738,2189,1,8,35
4739,2190,1,8,37
4740,2194,1,9,23
4741,2197,1,9,15
4742,2203,1,8,30
4743,2210,1,8,27
4744,2216,1,8,28
4745,2217,1,9,27
4746,2223,1,8,28
4747,2226,1,8,33
4748,2227,1,8,29
4749,2229,1,9,31
4750,2235,1,8,25
4751,2242,1,8,36
4752,2245,1,9,47
4753,2246,1,8,31
4754,2253,1,8,31
4755,2254,1,8,30
4756,2256,1,8,28
4757,2257,1,9,31
4758,2258,1,9,25
4759,2263,1,8,20
4760,2275,1,8,25
4761,2279,1,9,40
4762,2280,1,8,43
4763,2281,1,8,28
4764,2288,1,8,35
4765,2292,1,9,26
4766,2296,1,8,36
4767,2300,1,8,21
4768,2306,1,8,44
4769,2307,1,9,39
4770,2308,1,9,35
4771,2310,1,8,36
4772,2311,1,8,36
4773,2314,1,8,36
4774,2322,1,8,36
4775,2325,1,8,19
4776,2329,1,8,25
4777,2332,1,8,44
4778,2333,1,9,21
4779,2334,1,8,28
4780,2336,1,8,19
4781,2347,1,8,29
4782,2355,1,8,36
4783,2356,1,8,31
4784,2358,1,8,40
4785,2359,1,8,23
4786,2361,1,8,24
4787,2362,1,8,32
4788,2363,1,9,36
4789,2365,1,8,12
4790,2369,1,9,33
4791,2371,1,8,29
4792,2388,1,9,40
4793,2397,1,8,29
4794,2398,1,9,41
4795,2401,1,8,37
4796,2407,1,8,36
4797,2410,1,9,43
4798,2415,1,8,24
4799,2418,1,8,23
4800,2419,1,8,42
4801,2426,1,8,36
4802,2433,1,8,30
4803,2434,1,8,22
4804,2435,1,8,34
4805,2440,1,9,26
4806,2442,1,8,35
4807,2443,1,8,26
4808,2445,1,9,22
4809,2447,1,9,16
4810,2455,1,8,41
4811,2457,1,8,37
4812,2458,1,8,49
4813,2460,1,8,43
4814,2461,1,9,44
4815,2467,1,8,30
4816,2469,1,9,45
4817,2470,1,8,28
4818,2472,1,9,39
4819,2473,1,9,16
4820,2485,1,9,46
4821,2493,1,8,17
4822,2495,1,9,17
4823,2500,1,8,45
4824,2501,1,8,21
4825,2504,1,9,45
4826,2506,1,8,50
4827,2507,1,8,37
4828,2508,1,8,56
4829,2510,1,8,40
4830,2512,1,8,38
4831,2513,1,8,39
4832,2514,1,8,41
4833,2525,1,8,52
4834,2531,1,8,31
4835,2532,1,8,46
4836,2533,1,8,26
4837,2535,1,9,46
4838,2536,1,9,25
4839,2537,1,8,43
4840,2540,1,9,40
4841,2542,1,8,56
4842,2543,1,8,39
4843,2545,1,8,40
4844,2548,1,8,35
4845,2549,1,9,36
4846,2551,1,8,35
4847,2552,1,9,34
4848,2554,1,8,43
4849,2555,1,8,43
4850,2560,1,8,43
4851,2561,1,9,33
4852,2566,1,8,41
4853,2570,1,8,31
4854,2573,1,8,37
4855,2574,1,8,33
4856,2575,1,9,30
4857,2580,1,8,32
4858,2581,1,8,46
4859,2582,1,9,34
4860,2583,1,8,24
4861,2584,1,8,35
4862,2585,1,9,33
4863,2588,1,8,31
4864,2593,1,8,29
4865,2598,1,8,41
4866,2603,1,8,34
4867,2606,1,8,34
4868,2609,1,9,37
4869,2611,1,8,49
4870,2617,1,8,23
4871,2621,1,8,42
4872,2623,1,9,30
4873,2625,1,8,36
4874,2629,1,8,33
4875,2632,1,8,49
4876,2633,1,8,38
4877,2635,1,8,52
4878,2636,1,8,47
4879,2638,1,8,38
4880,2639,1,8,34
4881,2640,1,8,42
4882,2646,1,8,48
4883,2648,1,8,49
4884,2651,1,8,27
4885,2652,1,8,33
4886,2653,1,8,39
4887,2654,1,8,24
4888,2655,1,9,41
4889,2660,1,8,19
4890,2664,1,8,40
4891,2665,1,8,42
4892,2666,1,8,34
4893,2673,1,9,36
4894,2678,1,8,40
4895,2682,1,8,37
4896,2685,1,8,36
4897,2691,1,8,32
4898,2692,1,8,40
4899,2699,1,9,50
4900,2700,1,9,26
4901,2701,1,8,33
4902,2706,1,9,39
4903,2713,1,8,35
4904,2719,1,8,35
4905,2723,1,8,44
4906,2724,1,8,43
4907,2726,1,8,25
4908,2727,1,8,38
4909,2731,1,8,30
4910,2733,1,8,30
4911,2734,1,8,45
4912,2735,1,9,33
4913,2737,1,8,47
4914,2738,1,9,42
4915,2749,1,8,39
4916,2750,1,8,49
4917,2751,1,9,36
4918,2756,1,8,47
4919,2757,1,8,29
4920,2759,1,8,32
4921,2763,1,9,39
4922,2764,1,8,35
4923,2771,1,9,39
4924,2772,1,8,28
4925,2774,1,8,42
4926,2776,1,9,31
4927,2787,1,8,46
4928,2788,1,8,42
4929,2789,1,8,34
4930,2790,1,8,28
4931,2794,1,9,42
4932,4687,1,8,31
4933,4690,1,8,47
4934,4691,1,8,44
4935,4693,1,8,49
4936,4695,1,9,21
4937,4699,1,8,31
4938,4704,1,9,31
4939,4706,1,8,26
4940,4707,1,8,42
4941,4715,1,8,48
4942,4716,1,9,42
4943,4724,1,8,42
4944,4726,1,8,20
4945,4727,1,8,47
4946,4728,1,8,40
4947,4733,1,8,44
4948,4739,1,9,26
4949,4757,1,8,33
4950,4759,1,8,34
4951,4763,1,9,38
4952,4764,1,8,30
4953,4766,1,9,37
4954,4779,1,8,32
4955,4783,1,9,34
4956,4784,1,8,43
4957,4786,1,8,38
4958,4787,1,8,48
4959,4788,1,8,57
4960,4790,1,8,43
4961,4791,1,8,30
4962,4798,1,8,31
4963,4799,1,8,41
4964,4803,1,8,42
4965,4804,1,8,44
4966,4805,1,8,33
4967,4813,1,8,27
4968,4826,1,8,40
4969,4827,1,8,57
4970,4828,1,8,49
4971,4833,1,8,23
4972,4834,1,8,63
4973,4837,1,8,46
4974,4839,1,8,23
4975,4842,1,8,28
4976,4844,1,8,16
4977,4847,1,8,32
4978,4854,1,9,46
4979,4868,1,8,27
4980,4871,1,8,33
4981,4879,1,8,25
4982,4888,1,8,30
4983,4891,1,8,42
4984,4894,1,8,42
4985,4896,1,8,30
4986,4897,1,8,31
4987,4903,1,9,50
4988,4905,1,8,32
4989,4906,1,8,38
4990,4907,1,9,47
4991,4909,1,9,35
4992,4911,1,9,25
4993,4912,1,9,14
4994,4915,1,9,29
4995,4917,1,8,36
4996,4918,1,8,49
4997,4919,1,9,57
4998,4922,1,8,35
4999,4923,1,8,50
5000,4924,1,8,30
5001,4925,1,8,26
5002,4928,1,8,45
5003,4930,1,8,28
5004,4931,1,8,31
5005,4932,1,8,26
5006,4934,1,8,21
5007,4936,1,8,37
5008,4938,1,8,23
5009,4939,1,8,53
5010,4941,1,8,34
5011,4946,1,8,35
5012,4950,1,9,51
5013,4954,1,8,41
5014,4957,1,9,42
5015,4961,1,9,38
5016,4962,1,8,31
5017,4965,1,8,33
5018,4966,1,8,34
5019,4969,1,8,33
5020,4971,1,9,45
5021,4975,1,9,40
5022,4976,1,8,48
5023,4978,1,8,32
5024,4982,1,8,44
5025,4984,1,8,16
5026,4985,1,9,38
5027,4986,1,9,20
5028,4992,1,8,35
5029,4994,1,8,46
5030,4995,1,9,35
5031,4997,1,9,39
5032,5000,1,9,41
5033,5003,1,8,41
5034,5010,1,8,34
5035,5013,1,8,44
5036,5014,1,10,34
5037,5016,1,8,27
5038,5019,1,9,31
5039,5021,1,9,40
5040,5028,1,8,39
5041,5032,1,9,40
5042,5035,1,8,33
5043,5036,1,8,25
5044,5038,1,8,44
5045,5041,1,9,39
5046,5043,1,9,11
5047,5044,1,9,35
5048,5046,1,8,52
5049,5047,1,9,33
5050,5048,1,9,11
5051,5050,1,9,30
5052,5052,1,9,24
5053,5054,1,8,43
5054,5055,1,9,54
5055,5064,1,8,20
5056,5068,1,8,27
5057,5071,1,9,41
5058,5072,1,8,34
5059,5073,1,9,38
5060,5074,1,8,57
5061,5075,1,8,34
5062,5078,1,8,34
5063,5079,1,8,35
5064,5080,1,8,34
5065,5083,1,9,46
5066,5084,1,8,38
5067,5202,1,9,47
5068,5203,1,8,53
5069,5210,1,9,31
5070,5214,1,9,31
5071,5216,1,9,32
5072,5218,1,8,37
5073,5219,1,8,33
5074,5221,1,9,40
5075,5223,1,8,37
5076,5224,1,9,33
5077,5232,1,8,28
5078,5237,1,8,55
5079,5240,1,9,28
5080,5244,1,8,55
5081,5246,1,8,48
5082,5247,1,8,36
5083,5249,1,8,48
5084,5257,1,8,28
5085,5258,1,8,25
5086,5266,1,8,35
5087,5272,1,9,34
5088,5273,1,8,40
5089,5274,1,9,36
5090,5278,1,9,34
5091,5281,1,9,53
5092,5286,1,8,45
5093,5290,1,8,31
5094,5291,1,9,31
5095,5294,1,9,47
5096,5296,1,8,35
5097,5297,1,8,49
5098,5298,1,9,39
5099,5299,1,8,25
5100,5303,1,8,12
5101,5307,1,8,40
5102,5309,1,9,40
5103,5311,1,8,69
5104,5312,1,9,29
5105,5314,1,9,31
5106,5315,1,8,44
5107,5316,1,8,30
5108,5317,1,8,36
5109,5319,1,9,24
5110,5321,1,8,37
5111,5322,1,9,28
5112,5431,1,9,44
5113,5433,1,8,34
5114,5436,1,8,39
5115,5441,1,8,30
5116,5444,1,9,34
5117,5448,1,8,39
5118,5449,1,8,30
5119,5460,1,8,40
5120,5464,1,8,35
5121,5466,1,8,33
5122,5469,1,9,43
5123,5478,1,8,35
5124,5484,1,8,23
5125,5500,1,8,42
5126,5503,1,9,37
5127,5508,1,9,24
5128,5509,1,8,52
5129,5510,1,8,32
5130,5511,1,8,32
5131,5517,1,9,30
5132,5518,1,8,32
5133,5519,1,9,20
5134,5520,1,9,20
5135,5523,1,8,25
5136,5525,1,8,53
5137,5526,1,8,36
5138,5529,1,8,39
5139,5531,1,8,48
5140,5532,1,8,42
5141,5536,1,8,11
5142,5537,1,9,31
5143,5538,1,8,32
5144,5539,1,8,19
5145,5540,1,9,31
5146,5544,1,8,46
5147,5545,1,8,57
5148,5547,1,8,40
5149,5549,1,9,36
5150,5551,1,9,31
5151,5553,1,8,37
5152,5671,1,8,29
5153,5674,1,8,60
5154,5678,1,9,24
5155,5679,1,8,42
5156,5688,1,8,36
5157,5689,1,9,36
5158,5694,1,8,45
5159,5696,1,9,40
5160,5699,1,8,39
5161,5701,1,8,42
5162,5702,1,8,19
5163,5703,1,9,25
5164,5709,1,9,33
5165,5714,1,8,40
5166,5716,1,8,31
5167,5717,1,8,36
5168,5721,1,9,31
5169,5723,1,8,51
5170,5731,1,8,48
5171,5733,1,8,49
5172,5735,1,8,37
5173,5736,1,8,34
5174,5740,1,8,29
5175,5741,1,9,46
5176,5743,1,8,36
5177,5745,1,8,50
5178,5746,1,9,44
5179,5747,1,8,30
5180,5749,1,8,47
5181,5751,1,8,35
5182,5755,1,8,32
5183,5761,1,8,26
5184,5764,1,8,28
5185,5765,1,8,36
5186,5767,1,9,50
5187,5771,1,8,49
5188,5780,1,8,38
5189,5781,1,9,36
5190,5790,1,8,30
5191,5791,1,8,39
5192,5796,1,9,30
5193,5804,1,8,48
5194,5805,1,9,33
5195,5807,1,8,34
5196,5809,1,8,35
5197,5811,1,9,34
5198,5813,1,9,35
5199,5814,1,8,18
5200,5825,1,8,55
5201,5830,1,9,43
5202,5831,1,8,40
5203,5832,1,9,26
5204,5833,1,8,32
5205,5834,1,8,44
5206,5839,1,8,39
5207,5945,1,8,47
5208,5947,1,9,35
5209,5948,1,8,36
5210,5949,1,8,34
5211,5954,1,8,34
5212,5960,1,8,34
5213,5963,1,8,58
5214,5971,1,8,21
5215,5972,1,9,46
5216,5974,1,8,31
5217,5979,1,8,66
5218,5985,1,8,21
5219,5986,1,9,17
5220,5988,1,8,42
5221,5989,1,9,30
5222,5990,1,9,42
5223,5993,1,9,29
5224,5994,1,8,32
5225,5995,1,9,20
5226,5996,1,9,32
5227,5997,1,9,26
5228,6007,1,9,36
5229,6008,1,9,35
5230,6013,1,8,34
5231,6015,1,8,41
5232,6016,1,8,15
5233,6020,1,8,24
5234,6032,1,8,24
5235,6033,1,9,36
5236,6034,1,8,34
5237,6035,1,8,31
5238,6037,1,9,39
5239,6038,1,8,30
5240,6039,1,9,37
5241,6042,1,8,23
5242,6043,1,8,48
5243,6045,1,8,44
5244,6054,1,8,52
5245,6062,1,9,25
5246,6070,1,8,49
5247,6072,1,8,50
5248,6073,1,9,55
5249,6079,1,8,50
5250,6080,1,8,25
5251,6082,1,8,48
5252,6087,1,9,50
5253,6088,1,8,45
5254,6091,1,8,40
5255,6092,1,8,24
5256,6111,1,9,35
5257,6114,1,9,35
5258,6115,1,8,24
5259,6116,1,9,36
5260,6119,1,8,48
5261,6120,1,9,33
5262,6123,1,9,38
5263,6126,1,8,28
5264,6127,1,8,37
5265,6129,1,8,51
5266,6133,1,8,54
5267,6136,1,9,28
5268,6138,1,8,47
5269,6140,1,9,32
5270,6142,1,9,29
5271,6143,1,8,46
5272,6150,1,8,53
5273,6151,1,8,40
5274,6152,1,8,23
5275,6153,1,8,36
5276,6157,1,8,39
5277,6163,1,8,28
5278,6167,1,9,41
5279,6168,1,8,66
5280,6169,1,9,37
5281,6171,1,9,30
5282,6172,1,8,34
5283,6173,1,8,46
5284,6180,1,8,32
5285,6182,1,8,28
5286,6200,1,8,47
5287,6204,1,9,34
5288,6205,1,9,35
5289,6207,1,8,33
5290,6215,1,8,42
5291,6219,1,8,36
5292,6220,1,8,40
5293,6224,1,9,40
5294,6226,1,8,59
5295,6227,1,8,34
5296,6230,1,8,34
5297,6236,1,8,39
5298,6237,1,8,30
5299,6241,1,8,40
5300,6245,1,8,38
5301,6248,1,8,27
5302,6253,1,9,24
5303,6255,1,8,42
5304,6257,1,8,45
5305,6259,1,9,50
5306,6260,1,8,46
5307,6266,1,8,16
5308,6270,1,9,41
5309,6271,1,9,43
5310,6274,1,9,29
5311,6277,1,8,34
5312,6280,1,8,51
5313,6282,1,8,44
5314,6285,1,9,38
5315,6287,1,8,38
5316,6288,1,8,32
5317,6289,1,9,65
5318,6292,1,9,28
5319,6293,1,8,34
5320,6300,1,9,41
5321,6306,1,9,61
5322,6309,1,8,46
5323,6310,1,9,42
5324,6311,1,8,30
5325,6316,1,8,46
5326,6319,1,8,45
5327,6320,1,9,28
5328,6321,1,8,50
5329,6322,1,9,31
5330,6323,1,9,58
5331,6336,1,8,46
5332,6338,1,8,34
5333,6345,1,9,8
5334,6346,1,8,43
5335,6347,1,9,23
5336,6351,1,9,38
5337,6353,1,8,26
5338,6354,1,9,40
5339,6356,1,8,33
5340,6357,1,8,44
5341,6363,1,8,43
5342,6366,1,8,45
5343,6369,1,8,41
5344,6370,1,8,34
5345,6372,1,8,42
5346,6380,1,9,35
5347,6381,1,9,19
5348,6383,1,8,41
5349,6388,1,8,27
5350,6389,1,9,34
5351,6390,1,9,20
5352,6391,1,8,47
5353,6398,1,8,32
5354,6399,1,8,47
5355,6400,1,8,37
5356,6402,1,8,33
5357,6404,1,8,41
5358,6407,1,8,30
5359,6409,1,8,24
5360,6411,1,8,33
5361,6412,1,8,31
5362,6413,1,8,36
5363,6416,1,8,40
5364,6421,1,9,26
5365,6426,1,8,46
5366,6428,1,9,41
5367,6430,1,8,43
5368,6431,1,8,35
5369,6432,1,8,32
5370,6433,1,9,39
5371,9248,1,9,50
5372,9249,1,8,36
5373,9252,1,8,31
5374,9258,1,8,40
5375,9261,1,8,32
5376,9425,1,8,31
5377,9426,1,8,24
5378,9427,1,8,27
5379,9478,1,8,33
5380,9481,1,8,43
5381,9482,1,8,37
5382,9484,1,8,37
5383,9486,1,8,43
5384,9489,1,9,22
5385,9496,1,8,25
5386,9498,1,8,39
5387,9502,1,8,23
5388,9505,1,9,33
5389,9509,1,9,36
5390,9513,1,8,28
5391,9514,1,8,35
5392,9516,1,8,36
5393,9517,1,9,31
5394,9520,1,8,34
5395,9521,1,8,46
5396,9522,1,8,39
5397,9524,1,8,21
5398,9525,1,9,42
5399,9526,1,9,45
5400,9550,1,9,42
5401,9553,1,8,41
5402,9554,1,8,50
5403,9561,1,9,22
5404,9563,1,9,37
5405,9565,1,8,54
5406,9570,1,8,26
5407,9573,1,8,37
5408,9574,1,8,58
5409,9576,1,8,27
5410,9577,1,8,51
5411,9578,1,8,26
5412,9581,1,8,70
5413,9584,1,8,31
5414,9585,1,8,36
5415,9586,1,8,26
5416,9591,1,9,38
5417,9594,1,8,42
5418,9600,1,8,50
5419,1,1,8,105
5420,14,1,8,33
5421,19,1,8,56
5422,29,1,8,59
5423,67,1,8,59
5424,69,1,8,32
5425,87,1,8,50
5426,105,1,8,44
5427,117,1,8,62
5428,137,1,9,12
5429,141,1,8,60
5430,147,1,8,33
5431,153,1,8,56
5432,170,1,8,83
5433,183,1,8,59
5434,188,1,8,34
5435,197,1,8,81
5436,232,1,8,34
5437,234,1,8,24
5438,247,1,9,40
5439,261,1,8,56
5440,279,1,8,46
5441,305,1,9,37
5442,319,1,8,41
5443,325,1,8,52
5444,330,1,8,55
5445,333,1,8,25
5446,348,1,8,69
5447,354,1,8,40
5448,369,1,8,50
5449,382,1,8,47
5450,398,1,8,49
5451,402,1,8,75
5452,405,1,8,28
5453,406,1,8,42
5454,419,1,8,41
5455,444,1,8,49
5456,447,1,8,71
5457,448,1,8,32
5458,451,1,8,50
5459,477,1,8,72
5460,497,1,8,68
5461,519,1,8,49
5462,520,1,8,47
5463,595,1,8,45
5464,616,1,8,33
5465,633,1,8,45
5466,640,1,9,27
5467,646,1,8,61
5468,656,1,8,24
5469,660,1,8,40
5470,668,1,8,30
5471,691,1,8,34
5472,702,1,8,32
5473,703,1,9,21
5474,710,1,8,46
5475,722,1,8,32
5476,726,1,8,44
5477,729,1,8,54
5478,733,1,8,45
5479,744,1,8,38
5480,745,1,8,55
5481,748,1,8,49
5482,753,1,8,37
5483,760,1,8,32
5484,762,1,8,53
5485,793,1,8,14
5486,795,1,8,38
5487,829,1,8,70
5488,850,1,8,44
5489,852,1,8,32
5490,854,1,8,69
5491,855,1,8,26
5492,864,1,8,41
5493,888,1,8,48
5494,897,1,8,31
5495,934,1,8,39
5496,938,1,8,47
5497,939,1,8,27
5498,942,1,8,23
5499,946,1,8,55
5500,951,1,8,20
5501,959,1,8,49
5502,960,1,8,21
5503,980,1,8,12
5504,985,1,8,38
5505,1000,1,8,44
5506,1041,1,8,25
5507,1042,1,8,25
5508,1055,1,8,52
5509,1067,1,8,56
5510,1073,1,8,56
5511,1077,1,8,12
5512,1078,1,9,15
5513,1104,1,9,21
5514,1107,1,8,39
5515,1110,1,9,8
5516,1112,1,8,68
5517,1113,1,8,88
5518,1119,1,8,68
5519,1145,1,8,3
5520,1147,1,8,39
5521,1162,1,8,11
5522,1207,1,8,36
5523,1219,1,8,31
5524,1223,1,8,9
5525,1236,1,8,47
5526,1252,1,8,13
5527,1281,1,8,35
5528,1282,1,9,39
5529,1315,1,9,35
5530,1318,1,8,42
5531,1322,1,8,37
5532,1331,1,9,50
5533,1339,1,8,39
5534,1355,1,8,14
5535,1356,1,8,42
5536,1361,1,8,30
5537,1365,1,8,23
5538,1382,1,8,52
5539,1384,1,8,35
5540,1392,1,8,20
5541,1414,1,8,39
5542,1417,1,8,28
5543,1419,1,8,27
5544,1456,1,8,45
5545,1466,1,8,39
5546,1468,1,8,48
5547,1495,1,8,26
5548,1496,1,8,25
5549,1501,1,8,14
5550,1513,1,8,26
5551,1515,1,8,20
5552,1526,1,8,53
5553,1528,1,8,9
5554,1545,1,8,43
5555,1549,1,8,23
5556,1557,1,8,40
5557,1564,1,8,17
5558,1566,1,8,29
5559,1574,1,8,22
5560,1580,1,8,39
5561,1611,1,8,64
5562,1639,1,8,16
5563,1668,1,8,35
5564,1673,1,8,54
5565,1690,1,8,57
5566,1704,1,8,58
5567,1706,1,9,54
5568,1716,1,8,28
5569,1717,1,8,39
5570,1721,1,8,66
5571,1724,1,8,31
5572,1728,1,8,26
5573,1736,1,8,34
5574,1740,1,8,53
5575,1745,1,8,31
5576,1751,1,8,28
5577,1755,1,8,39
5578,1782,1,8,22
5579,1785,1,8,41
5580,1794,1,8,35
5581,1805,1,8,54
5582,1836,1,8,33
5583,1837,1,8,41
5584,1856,1,8,40
5585,1857,1,8,15
5586,1858,1,8,35
5587,1861,1,8,39
5588,1871,1,8,50
5589,1881,1,8,9
5590,1885,1,8,27
5591,1889,1,8,32
5592,1899,1,8,45
5593,1911,1,8,23
5594,1914,1,8,37
5595,1919,1,8,45
5596,1924,1,8,24
5597,1933,1,8,52
5598,1946,1,8,25
5599,1961,1,8,41
5600,1964,1,8,35
5601,1971,1,9,24
5602,1985,1,8,51
5603,1991,1,9,18
5604,1995,1,8,100
5605,1996,1,8,30
5606,2003,1,8,14
5607,2005,1,8,31
5608,2008,1,8,19
5609,2009,1,9,36
5610,2015,1,8,6
5611,2022,1,8,15
5612,2028,1,8,59
5613,2038,1,8,40
5614,2044,1,8,26
5615,2046,1,8,25
5616,2079,1,8,29
5617,2090,1,8,41
5618,2096,1,9,50
5619,2104,1,8,21
5620,2111,1,8,24
5621,2117,1,8,57
5622,2120,1,8,32
5623,2123,1,8,44
5624,2128,1,8,18
5625,2160,1,8,73
5626,2165,1,8,43
5627,2175,1,8,36
5628,3690,1,8,44
5629,3698,1,8,54
5630,3702,1,8,60
5631,3705,1,8,31
5632,3712,1,8,48
5633,3751,1,8,47
5634,3785,1,8,47
5635,3814,1,9,15
5636,3818,1,8,38
5637,3825,1,8,48
5638,3839,1,9,39
5639,3844,1,8,23
5640,3879,1,8,28
5641,3902,1,8,47
5642,3918,1,9,30
5643,3935,1,8,51
5644,3952,1,8,51
5645,3961,1,8,37
5646,3964,1,8,64
5647,3975,1,8,37
5648,3997,1,8,46
5649,4001,1,8,24
5650,4009,1,9,29
5651,4012,1,9,35
5652,4027,1,8,111
5653,4042,1,8,28
5654,4051,1,8,51
5655,4074,1,8,40
5656,4080,1,8,43
5657,4093,1,8,35
5658,4113,1,8,63
5659,4122,1,9,39
5660,4134,1,9,40
5661,4142,1,8,53
5662,4144,1,8,50
5663,8195,1,8,74
5664,8206,1,8,41
5665,8214,1,8,58
5666,8234,1,8,43
5667,8235,1,8,43
5668,8244,1,8,63
5669,8245,1,8,15
5670,8247,1,8,73
5671,8266,1,8,62
5672,8276,1,8,54
5673,8284,1,8,76
5674,8297,1,9,26
5675,8307,1,8,76
5676,8314,1,8,100
5677,8322,1,8,69
5678,8331,1,9,59
5679,8333,1,8,13
5680,8338,1,8,40
5681,8350,1,8,64
5682,8374,1,9,48
5683,8376,1,9,41
5684,8391,1,8,53
5685,8394,1,8,59
5686,8395,1,8,49
5687,8407,1,9,24
5688,8408,1,8,52
5689,8409,1,8,56
5690,8428,1,8,39
5691,8441,1,8,48
5692,8445,1,9,53
5693,8447,1,8,41
5694,8450,1,8,34
5695,8451,1,8,50
5696,8453,1,9,35
5697,8462,1,8,84
5698,8463,1,8,61
5699,8465,1,8,56
5700,8472,1,8,52
5701,8480,1,8,34
5702,8493,1,8,41
5703,8502,1,8,105
5704,8506,1,8,21
5705,8510,1,8,53
5706,8513,1,8,39
5707,8517,1,8,35
5708,8533,1,9,47
5709,8534,1,8,53
5710,8558,1,8,25
5711,8573,1,8,42
5712,8585,1,8,34
5713,8588,1,8,59
5714,8590,1,8,60
5715,8594,1,8,50
5716,9281,1,9,44
5717,9437,1,8,62
5718,9443,1,8,49
5719,9455,1,8,47
5720,9459,1,8,42
5721,9470,1,8,44
5722,2797,1,9,51
5723,2799,1,8,29
5724,2801,1,8,37
5725,2803,1,8,66
5726,2809,1,8,39
5727,2810,1,8,26
5728,2812,1,8,45
5729,2813,1,8,29
5730,2815,1,9,34
5731,2816,1,8,42
5732,2818,1,8,37
5733,2819,1,8,55
5734,2821,1,9,10
5735,2825,1,8,33
5736,2830,1,8,30
5737,2833,1,8,48
5738,2837,1,8,50
5739,2838,1,8,23
5740,2854,1,8,38
5741,2855,1,8,48
5742,2856,1,8,52
5743,2857,1,8,37
5744,2869,1,8,52
5745,2871,1,8,34
5746,2875,1,9,38
5747,2877,1,8,39
5748,2880,1,8,47
5749,2881,1,8,42
5750,2882,1,8,40
5751,2889,1,9,42
5752,2898,1,8,21
5753,2900,1,8,41
5754,2908,1,8,47
5755,2911,1,8,38
5756,2913,1,8,55
5757,2914,1,8,44
5758,2915,1,8,53
5759,2923,1,9,44
5760,2924,1,8,30
5761,2930,1,8,41
5762,2932,1,8,68
5763,2933,1,8,43
5764,2936,1,8,40
5765,2938,1,8,34
5766,2944,1,8,50
5767,2947,1,8,46
5768,2949,1,8,48
5769,2955,1,8,40
5770,2961,1,8,39
5771,2962,1,8,30
5772,2966,1,8,70
5773,2967,1,9,19
5774,2970,1,8,55
5775,2972,1,8,46
5776,2984,1,8,52
5777,2986,1,8,33
5778,2990,1,9,43
5779,2992,1,8,40
5780,2996,1,8,71
5781,2997,1,8,36
5782,3005,1,9,39
5783,3006,1,9,24
5784,3007,1,8,53
5785,3008,1,8,97
5786,3013,1,8,27
5787,3014,1,8,40
5788,3019,1,8,41
5789,3020,1,8,88
5790,3021,1,9,37
5791,3045,1,8,40
5792,3047,1,8,32
5793,3050,1,9,40
5794,3052,1,8,48
5795,3054,1,8,38
5796,3055,1,8,38
5797,3060,1,8,91
5798,3070,1,8,41
5799,3073,1,8,17
5800,3082,1,9,56
5801,3086,1,8,69
5802,3087,1,8,34
5803,3091,1,8,20
5804,3092,1,8,30
5805,3105,1,8,32
5806,3106,1,8,30
5807,3108,1,8,55
5808,3109,1,8,62
5809,3110,1,9,52
5810,3113,1,8,74
5811,3119,1,8,60
5812,3128,1,8,62
5813,3131,1,8,38
5814,3134,1,8,45
5815,3137,1,9,45
5816,3138,1,8,51
5817,3144,1,8,49
5818,3156,1,8,55
5819,3164,1,8,41
5820,3167,1,8,50
5821,3168,1,9,38
5822,3169,1,8,42
5823,3170,1,9,47
5824,3171,1,8,28
5825,3175,1,8,31
5826,3178,1,8,47
5827,3182,1,8,46
5828,3187,1,9,35
5829,3192,1,8,78
5830,3196,1,8,38
5831,3197,1,8,37
5832,3198,1,9,36
5833,3200,1,8,31
5834,3203,1,8,50
5835,3204,1,9,29
5836,3205,1,8,39
5837,3207,1,9,29
5838,3208,1,9,19
5839,3214,1,9,45
5840,3216,1,9,44
5841,3217,1,9,29
5842,3218,1,9,33
5843,3219,1,8,35
5844,3221,1,8,41
5845,3223,1,8,38
5846,3224,1,8,48
5847,3227,1,8,52
5848,3230,1,8,27
5849,3237,1,8,32
5850,3240,1,8,56
5851,3244,1,8,56
5852,3251,1,8,64
5853,3255,1,8,36
5854,3260,1,8,25
5855,3264,1,9,24
5856,3266,1,8,39
5857,3267,1,8,37
5858,3271,1,8,26
5859,3278,1,8,52
5860,3282,1,8,90
5861,3289,1,9,56
5862,3292,1,8,34
5863,3293,1,9,39
5864,3296,1,9,37
5865,3300,1,8,35
5866,3305,1,8,42
5867,3310,1,9,39
5868,3312,1,9,33
5869,3314,1,8,35
5870,3316,1,9,22
5871,3317,1,8,29
5872,3318,1,9,37
5873,3325,1,9,21
5874,3326,1,8,35
5875,3327,1,8,40
5876,3328,1,8,34
5877,3333,1,9,40
5878,3336,1,8,37
5879,3341,1,9,40
5880,3354,1,9,26
5881,3357,1,9,22
5882,3358,1,8,32
5883,3369,1,9,45
5884,3370,1,9,42
5885,3372,1,9,39
5886,3373,1,9,31
5887,3377,1,9,45
5888,3379,1,8,45
5889,3382,1,8,35
5890,3386,1,8,44
5891,3389,1,9,36
5892,3391,1,9,25
5893,3392,1,8,56
5894,3396,1,9,36
5895,3399,1,8,26
5896,3400,1,8,34
5897,3402,1,8,29
5898,3404,1,9,39
5899,3410,1,8,36
5900,3413,1,8,19
5901,3415,1,9,48
5902,3416,1,8,52
5903,3420,1,9,30
5904,3430,1,9,32
5905,3436,1,8,45
5906,3438,1,8,55
5907,3442,1,9,28
5908,3443,1,8,38
5909,3444,1,8,40
5910,3450,1,8,35
5911,3451,1,9,35
5912,3454,1,8,30
5913,3455,1,8,47
5914,3458,1,8,28
5915,3459,1,8,43
5916,3461,1,8,25
5917,3463,1,9,34
5918,3466,1,9,36
5919,6436,1,8,45
5920,6438,1,8,26
5921,6442,1,8,42
5922,6445,1,9,24
5923,6449,1,8,46
5924,6453,1,9,36
5925,6456,1,8,37
5926,6469,1,8,47
5927,6472,1,8,58
5928,6475,1,8,38
5929,6479,1,8,30
5930,6480,1,8,49
5931,6481,1,8,57
5932,6491,1,9,24
5933,6497,1,8,39
5934,6502,1,8,52
5935,6504,1,9,25
5936,6509,1,8,32
5937,6513,1,9,55
5938,6514,1,8,44
5939,6515,1,8,44
5940,6517,1,8,42
5941,6522,1,8,53
5942,6524,1,8,37
5943,6527,1,8,37
5944,6538,1,8,77
5945,6551,1,9,38
5946,6553,1,9,43
5947,6555,1,8,40
5948,6556,1,8,46
5949,6559,1,8,49
5950,6560,1,8,24
5951,6564,1,8,54
5952,6568,1,9,32
5953,6571,1,9,36
5954,6576,1,8,23
5955,6577,1,8,26
5956,6583,1,8,48
5957,6585,1,8,50
5958,6590,1,9,32
5959,6601,1,9,27
5960,6603,1,9,48
5961,6606,1,8,44
5962,6618,1,8,39
5963,6619,1,8,37
5964,6622,1,8,46
5965,6639,1,8,19
5966,6647,1,8,55
5967,6648,1,8,64
5968,6667,1,8,49
5969,6669,1,8,30
5970,6670,1,8,54
5971,6671,1,8,33
5972,6674,1,9,45
5973,6675,1,8,29
5974,6677,1,9,43
5975,6678,1,8,38
5976,6686,1,8,53
5977,6694,1,9,45
5978,6698,1,8,33
5979,6699,1,8,22
5980,6704,1,8,51
5981,6707,1,8,35
5982,6712,1,8,39
5983,6714,1,8,40
5984,6721,1,8,37
5985,6725,1,8,37
5986,6737,1,8,41
5987,6748,1,8,38
5988,6751,1,8,35
5989,6752,1,9,39
5990,6753,1,8,45
5991,6754,1,8,64
5992,6756,1,8,40
5993,6759,1,8,63
5994,6762,1,8,23
5995,6764,1,9,49
5996,6767,1,8,44
5997,6776,1,8,48
5998,6777,1,9,34
5999,6779,1,8,16
6000,6781,1,8,38
6001,6786,1,8,59
6002,6789,1,9,48
6003,6790,1,8,63
6004,6791,1,8,48
6005,6800,1,8,27
6006,6806,1,8,56
6007,6810,1,8,53
6008,6813,1,8,40
6009,6814,1,8,37
6010,6815,1,8,46
6011,6816,1,8,56
6012,6825,1,8,37
6013,6835,1,8,47
6014,6836,1,8,51
6015,6838,1,9,27
6016,6843,1,9,36
6017,6846,1,8,74
6018,6847,1,8,38
6019,6852,1,8,55
6020,6853,1,8,46
6021,6857,1,8,53
6022,6858,1,8,44
6023,6862,1,8,27
6024,6863,1,8,47
6025,6864,1,9,43
6026,6874,1,8,31
6027,6877,1,8,45
6028,6879,1,8,45
6029,6882,1,8,37
6030,6888,1,8,43
6031,6896,1,8,28
6032,6900,1,8,53
6033,6901,1,8,47
6034,6904,1,8,42
6035,6906,1,8,54
6036,6912,1,8,36
6037,6916,1,8,48
6038,6923,1,8,22
6039,6930,1,8,43
6040,6935,1,8,29
6041,6937,1,8,27
6042,6944,1,8,75
6043,6948,1,8,45
6044,6952,1,9,33
6045,6962,1,9,56
6046,6972,1,8,51
6047,6973,1,8,24
6048,6977,1,8,22
6049,6978,1,8,33
6050,6982,1,8,42
6051,6987,1,8,30
6052,6990,1,8,51
6053,6992,1,8,38
6054,6995,1,8,25
6055,7001,1,9,18
6056,7002,1,9,26
6057,7004,1,8,53
6058,7005,1,8,36
6059,7016,1,8,35
6060,7018,1,8,38
6061,7030,1,9,42
6062,7031,1,8,46
6063,7032,1,9,39
6064,7037,1,8,33
6065,7038,1,8,54
6066,7043,1,9,29
6067,7054,1,8,41
6068,7057,1,8,53
6069,7059,1,9,30
6070,7060,1,8,46
6071,7063,1,8,56
6072,7065,1,8,51
6073,7076,1,9,37
6074,7077,1,9,40
6075,7082,1,9,48
6076,7085,1,8,86
6077,7089,1,8,33
6078,7091,1,8,39
6079,7096,1,9,32
6080,7098,1,8,44
6081,7101,1,8,57
6082,7103,1,9,59
6083,7106,1,9,19
6084,7107,1,8,27
6085,7109,1,8,53
6086,7113,1,8,42
6087,7121,1,8,51
6088,7123,1,8,50
6089,7124,1,8,26
6090,7128,1,8,38
6091,7129,1,9,23
6092,7130,1,9,49
6093,7131,1,8,37
6094,7135,1,8,28
6095,7136,1,8,56
6096,7141,1,8,54
6097,7150,1,9,47
6098,7152,1,8,51
6099,7155,1,8,52
6100,7159,1,8,15
6101,7160,1,8,59
6102,7669,1,8,48
6103,7673,1,9,26
6104,7675,1,8,31
6105,7676,1,8,36
6106,7678,1,8,69
6107,7679,1,9,11
6108,7681,1,8,47
6109,7682,1,8,23
6110,7685,1,8,91
6111,7690,1,8,53
6112,7693,1,8,41
6113,7704,1,9,21
6114,7711,1,8,52
6115,7716,1,8,39
6116,7719,1,9,32
6117,7720,1,9,14
6118,7721,1,9,45
6119,7725,1,8,58
6120,7726,1,9,48
6121,7727,1,8,54
6122,7729,1,8,28
6123,7730,1,8,36
6124,7731,1,9,40
6125,7736,1,8,39
6126,7738,1,8,33
6127,7739,1,8,54
6128,7741,1,8,31
6129,7742,1,9,34
6130,7743,1,8,14
6131,7747,1,9,71
6132,7751,1,8,61
6133,7753,1,9,46
6134,7755,1,8,58
6135,7756,1,8,64
6136,7760,1,8,27
6137,7776,1,8,39
6138,7778,1,8,46
6139,7779,1,8,41
6140,7780,1,9,46
6141,7781,1,8,78
6142,7782,1,9,40
6143,7783,1,8,32
6144,7784,1,9,27
6145,7785,1,8,43
6146,7787,1,8,56
6147,7790,1,9,41
6148,7793,1,8,38
6149,7796,1,9,51
6150,7800,1,9,88
6151,7805,1,8,24
6152,7806,1,8,50
6153,7809,1,8,50
6154,7818,1,8,46
6155,7822,1,8,43
6156,7824,1,8,40
6157,7830,1,9,54
6158,7834,1,8,49
6159,7835,1,9,29
6160,7840,1,8,46
6161,7842,1,8,59
6162,7846,1,8,46
6163,7848,1,8,36
6164,7849,1,8,67
6165,7851,1,8,50
6166,7856,1,8,26
6167,7858,1,8,46
6168,7869,1,8,39
6169,7875,1,9,18
6170,7880,1,8,35
6171,7881,1,9,44
6172,7884,1,8,54
6173,7888,1,8,43
6174,7889,1,9,44
6175,7890,1,8,37
6176,7891,1,8,49
6177,7902,1,9,51
6178,7903,1,8,51
6179,7914,1,9,55
6180,7916,1,8,43
6181,7917,1,8,39
6182,7921,1,9,35
6183,7926,1,8,79
6184,7929,1,9,32
6185,7931,1,8,36
6186,7933,1,8,36
6187,7934,1,8,37
6188,7939,1,8,34
6189,7944,1,8,43
6190,7950,1,8,28
6191,7954,1,8,71
6192,7957,1,8,85
6193,7962,1,8,41
6194,7969,1,8,48
6195,7981,1,8,50
6196,7983,1,8,34
6197,7984,1,8,56
6198,7985,1,9,22
6199,7986,1,9,35
6200,7988,1,9,34
6201,7992,1,8,38
6202,7995,1,9,21
6203,8000,1,8,50
6204,8001,1,8,42
6205,8002,1,8,53
6206,8003,1,8,31
6207,8007,1,8,39
6208,8601,1,8,51
6209,8602,1,8,73
6210,8603,1,9,42
6211,8607,1,9,54
6212,8608,1,9,49
6213,8612,1,9,45
6214,8619,1,8,53
6215,8625,1,8,50
6216,8628,1,9,22
6217,8632,1,8,31
6218,8633,1,8,31
6219,8634,1,8,47
6220,8640,1,8,34
6221,8641,1,8,52
6222,8642,1,8,32
6223,8649,1,8,46
6224,8653,1,8,29
6225,8655,1,9,38
6226,8656,1,8,53
6227,8660,1,9,52
6228,8672,1,8,47
6229,8674,1,8,42
6230,8680,1,8,36
6231,8684,1,8,34
6232,8685,1,8,37
6233,8686,1,8,43
6234,8687,1,9,31
6235,8688,1,8,50
6236,8689,1,8,49
6237,8690,1,8,26
6238,8691,1,8,25
6239,8692,1,8,71
6240,8703,1,8,34
6241,8705,1,8,34
6242,8713,1,8,45
6243,8715,1,8,73
6244,8720,1,8,39
6245,8727,1,8,43
6246,8729,1,8,44
6247,8730,1,8,41
6248,8741,1,8,54
6249,8754,1,8,48
6250,8781,1,8,40
6251,8785,1,8,48
6252,8786,1,8,48
6253,8787,1,8,38
6254,8793,1,8,59
6255,8798,1,8,64
6256,8803,1,8,43
6257,8804,1,8,54
6258,8806,1,8,48
6259,8807,1,8,43
6260,8808,1,9,52
6261,8809,1,8,67
6262,8819,1,8,92
6263,8821,1,9,39
6264,8823,1,8,48
6265,8826,1,8,59
6266,8834,1,8,68
6267,8835,1,9,39
6268,8849,1,9,59
6269,8861,1,8,38
6270,8873,1,8,63
6271,8878,1,8,56
6272,8882,1,8,43
6273,8885,1,8,59
6274,8891,1,8,25
6275,8900,1,8,38
6276,8905,1,8,52
6277,8907,1,9,47
6278,8914,1,8,54
6279,8921,1,8,42
6280,8931,1,8,41
6281,8957,1,8,62
6282,8958,1,8,51
6283,8982,1,8,70
6284,8991,1,8,9
6285,9002,1,8,53
6286,9008,1,8,110
6287,9021,1,8,77
6288,9027,1,9,4
6289,9030,1,8,97
6290,9061,1,8,81
6291,9081,1,8,66
6292,9099,1,8,66
6293,9121,1,8,63
6294,9151,1,8,37
6295,9201,1,8,85
6296,9207,1,8,40
6297,9218,1,8,76
6298,9222,1,8,60
6299,9224,1,8,108
6300,9225,1,8,79
6301,9237,1,8,46
6302,9274,1,8,22
6303,9275,1,10,28
6304,9276,1,8,34
6305,9421,1,9,28
6306,9423,1,9,30
6307,9630,1,8,57
6308,9631,1,9,36
6309,9635,1,9,67
6310,9645,1,9,35
6311,9646,1,9,26
6312,9647,1,8,43
6313,9650,1,8,48
6314,9651,1,9,43
6315,9654,1,8,38
6316,9655,1,8,30
6317,9659,1,9,31
6318,9661,1,8,23
6319,3468,1,9,69
6320,3483,1,8,50
6321,3485,1,8,48
6322,3490,1,9,37
6323,3491,1,8,52
6324,3493,1,8,41
6325,3502,1,8,81
6326,3504,1,9,37
6327,3505,1,8,25
6328,3513,1,9,18
6329,3516,1,8,58
6330,3522,1,8,41
6331,3525,1,8,45
6332,3533,1,8,30
6333,3534,1,8,40
6334,3539,1,9,32
6335,3540,1,9,42
6336,3542,1,9,53
6337,3543,1,9,28
6338,3544,1,9,43
6339,3545,1,8,33
6340,3549,1,8,20
6341,3555,1,8,41
6342,3567,1,8,48
6343,3573,1,8,35
6344,3590,1,8,49
6345,3595,1,9,31
6346,3598,1,9,37
6347,3603,1,8,82
6348,3619,1,8,40
6349,3627,1,9,64
6350,3628,1,8,53
6351,3629,1,8,85
6352,3632,1,9,56
6353,3638,1,8,81
6354,3644,1,9,42
6355,3662,1,8,90
6356,3664,1,9,54
6357,3667,1,8,66
6358,3672,1,8,84
6359,4163,1,8,38
6360,4166,1,9,38
6361,4171,1,9,49
6362,4174,1,9,14
6363,4179,1,9,41
6364,4185,1,8,50
6365,4190,1,8,42
6366,4194,1,8,48
6367,4195,1,9,31
6368,4197,1,8,37
6369,4198,1,8,44
6370,4199,1,8,30
6371,4200,1,8,44
6372,4208,1,9,25
6373,4211,1,8,57
6374,4219,1,9,36
6375,4224,1,9,31
6376,4225,1,9,29
6377,4227,1,9,20
6378,4228,1,8,55
6379,4229,1,8,26
6380,4231,1,9,32
6381,4232,1,9,38
6382,4238,1,8,57
6383,4241,1,8,50
6384,4242,1,9,32
6385,4249,1,9,46
6386,4272,1,8,33
6387,4273,1,8,45
6388,4275,1,8,30
6389,4277,1,9,39
6390,4278,1,9,35
6391,4281,1,8,41
6392,4284,1,9,48
6393,4293,1,8,78
6394,4294,1,8,40
6395,4299,1,8,60
6396,4302,1,8,57
6397,4304,1,9,51
6398,4308,1,8,73
6399,4310,1,8,42
6400,4312,1,8,65
6401,4313,1,8,37
6402,4320,1,8,75
6403,4321,1,9,41
6404,4323,1,8,66
6405,4324,1,8,56
6406,4339,1,8,52
6407,4340,1,8,70
6408,4341,1,8,39
6409,4342,1,9,36
6410,4343,1,8,37
6411,4344,1,8,41
6412,4350,1,8,43
6413,4355,1,9,33
6414,4357,1,9,50
6415,4358,1,8,42
6416,4359,1,8,50
6417,4364,1,8,26
6418,4370,1,9,26
6419,4375,1,9,49
6420,4377,1,9,80
6421,4379,1,9,37
6422,4380,1,8,53
6423,4386,1,8,38
6424,4393,1,9,40
6425,4394,1,8,47
6426,4395,1,9,36
6427,4396,1,8,31
6428,4402,1,8,39
6429,4404,1,8,52
6430,4406,1,8,43
6431,4407,1,8,42
6432,4408,1,8,41
6433,4412,1,8,35
6434,4419,1,8,40
6435,4427,1,8,40
6436,4429,1,8,47
6437,4433,1,9,52
6438,4436,1,8,41
6439,4438,1,9,32
6440,4443,1,9,45
6441,4446,1,9,45
6442,4447,1,9,56
6443,4450,1,9,52
6444,4452,1,8,28
6445,4453,1,9,14
6446,4454,1,8,44
6447,4455,1,8,39
6448,4463,1,8,32
6449,4468,1,9,44
6450,4469,1,9,27
6451,4470,1,8,36
6452,4471,1,8,49
6453,4473,1,8,28
6454,4474,1,8,34
6455,4476,1,8,49
6456,4485,1,8,38
6457,4488,1,8,31
6458,4491,1,9,27
6459,4492,1,9,44
6460,4495,1,8,39
6461,4500,1,9,45
6462,4502,1,8,40
6463,4504,1,9,46
6464,4506,1,8,81
6465,4507,1,8,76
6466,4509,1,8,56
6467,4510,1,8,22
6468,4516,1,8,44
6469,4519,1,9,38
6470,4521,1,8,45
6471,4526,1,8,53
6472,4532,1,9,37
6473,4535,1,9,44
6474,4540,1,8,25
6475,4541,1,9,54
6476,4542,1,9,25
6477,4547,1,9,42
6478,4549,1,9,48
6479,4557,1,9,35
6480,4564,1,8,30
6481,4571,1,8,40
6482,4572,1,8,40
6483,4573,1,9,47
6484,4579,1,9,78
6485,4580,1,8,41
6486,4582,1,9,32
6487,4583,1,8,35
6488,4587,1,9,44
6489,4592,1,8,33
6490,4593,1,8,38
6491,4600,1,8,39
6492,4609,1,9,39
6493,4613,1,8,34
6494,4614,1,9,31
6495,4615,1,8,35
6496,4616,1,9,67
6497,4617,1,8,36
6498,4621,1,9,53
6499,4626,1,8,60
6500,4640,1,8,67
6501,4643,1,8,51
6502,4644,1,8,57
6503,4651,1,9,34
6504,4656,1,9,33
6505,4657,1,8,46
6506,4658,1,8,35
6507,4660,1,9,27
6508,4666,1,8,37
6509,4667,1,8,49
6510,4668,1,8,47
6511,4673,1,8,30
6512,4674,1,9,46
6513,4676,1,9,29
6514,7177,1,8,34
6515,7181,1,8,46
6516,7183,1,8,44
6517,7187,1,8,36
6518,7191,1,9,46
6519,7193,1,8,39
6520,7201,1,8,40
6521,7204,1,8,39
6522,7208,1,8,55
6523,7220,1,8,47
6524,7221,1,9,20
6525,7225,1,9,41
6526,7226,1,8,35
6527,7230,1,8,41
6528,7236,1,9,37
6529,7238,1,8,57
6530,7252,1,8,31
6531,7253,1,8,45
6532,7256,1,8,53
6533,7259,1,8,40
6534,7278,1,8,46
6535,7281,1,9,49
6536,7282,1,9,44
6537,7283,1,8,45
6538,7285,1,8,37
6539,7290,1,8,59
6540,7299,1,8,45
6541,7300,1,8,52
6542,7301,1,8,36
6543,7304,1,8,28
6544,7312,1,8,34
6545,7315,1,8,54
6546,7323,1,9,42
6547,7324,1,8,22
6548,7329,1,8,32
6549,7333,1,8,43
6550,7336,1,8,34
6551,7337,1,8,22
6552,7338,1,8,71
6553,7346,1,8,38
6554,7347,1,8,30
6555,7350,1,8,27
6556,7356,1,8,43
6557,7360,1,8,49
6558,7364,1,8,47
6559,7366,1,9,20
6560,7367,1,8,55
6561,7368,1,8,58
6562,7383,1,8,32
6563,7399,1,9,33
6564,7400,1,8,59
6565,7407,1,8,35
6566,7408,1,8,39
6567,7409,1,8,51
6568,7421,1,9,41
6569,7429,1,8,51
6570,7434,1,9,51
6571,7436,1,8,29
6572,7445,1,8,23
6573,7454,1,8,58
6574,7455,1,8,42
6575,7456,1,8,30
6576,7461,1,8,36
6577,7463,1,8,41
6578,7466,1,8,27
6579,7467,1,8,47
6580,7469,1,8,51
6581,7471,1,8,26
6582,7472,1,8,34
6583,7477,1,9,42
6584,7480,1,8,51
6585,7485,1,8,44
6586,7487,1,9,38
6587,7491,1,8,40
6588,7496,1,8,58
6589,7502,1,9,47
6590,7503,1,8,35
6591,7511,1,8,38
6592,7512,1,8,41
6593,7513,1,8,45
6594,7522,1,8,53
6595,7529,1,8,44
6596,7530,1,9,59
6597,7533,1,9,40
6598,7535,1,9,40
6599,7538,1,9,27
6600,7546,1,8,43
6601,7549,1,8,51
6602,7555,1,8,30
6603,7556,1,9,37
6604,7558,1,8,47
6605,7559,1,8,47
6606,7561,1,8,32
6607,7563,1,9,64
6608,7564,1,8,53
6609,7565,1,8,47
6610,7580,1,8,55
6611,7584,1,8,29
6612,7585,1,9,31
6613,7588,1,8,34
6614,7591,1,8,45
6615,7592,1,8,58
6616,7593,1,8,43
6617,7595,1,8,31
6618,7596,1,8,61
6619,7598,1,8,36
6620,7601,1,8,34
6621,7612,1,9,31
6622,7614,1,8,55
6623,7618,1,8,53
6624,7622,1,8,45
6625,7625,1,8,24
6626,7627,1,9,34
6627,7632,1,9,36
6628,7633,1,9,26
6629,7637,1,8,45
6630,7638,1,8,32
6631,7646,1,8,41
6632,7648,1,8,39
6633,7652,1,8,46
6634,7653,1,9,18
6635,7655,1,8,38
6636,8011,1,9,26
6637,8014,1,9,14
6638,8018,1,8,37
6639,8023,1,8,39
6640,8029,1,8,48
6641,8036,1,8,27
6642,8038,1,8,34
6643,8039,1,8,35
6644,8040,1,8,46
6645,8041,1,8,35
6646,8044,1,8,48
6647,8054,1,8,50
6648,8055,1,8,34
6649,8057,1,9,49
6650,8058,1,9,35
6651,8059,1,8,21
6652,8060,1,8,32
6653,8075,1,8,54
6654,8076,1,9,46
6655,8080,1,9,27
6656,8094,1,9,31
6657,8097,1,8,51
6658,8098,1,8,27
6659,8105,1,8,31
6660,8108,1,8,38
6661,8119,1,8,42
6662,8120,1,8,36
6663,8127,1,8,45
6664,8130,1,8,55
6665,8133,1,8,48
6666,8134,1,8,29
6667,8135,1,8,50
6668,8140,1,8,32
6669,8142,1,9,32
6670,8144,1,8,48
6671,8145,1,8,32
6672,8146,1,8,31
6673,8152,1,9,50
6674,8153,1,8,38
6675,8159,1,8,29
6676,8161,1,8,32
6677,8166,1,9,35
6678,8173,1,8,40
6679,8175,1,8,35
6680,8181,1,8,38
6681,8183,1,8,45
6682,8184,1,8,42
6683,8185,1,9,31
6684,8186,1,8,50
6685,8188,1,8,53
6686,9269,1,9,42
6687,9291,1,8,75
6688,9294,1,8,75
6689,9296,1,9,45
6690,9298,1,8,35
6691,9605,1,8,48
6692,9608,1,8,41
6693,9609,1,8,67
6694,9615,1,8,56
6695,9617,1,8,47
6696,9618,1,9,47
6697,9619,1,9,37
6698,9620,1,8,44
6699,9622,1,8,58
6700,9666,1,8,40
6701,9670,1,8,36
6702,9677,1,8,25
6703,9684,1,9,64
