phrase_idx,phrase,n_docs,total_count
0,of_the,3897,7849
1,in_the,2991,4675
2,this_paper,2615,2733
3,to_the,1674,2173
4,on_the,1640,2093
5,and_the,1596,1952
6,that_the,1585,1950
7,for_the,1342,1707
8,it_is,1032,1238
9,in_which,941,1115
10,show_that,900,1045
11,with_the,895,1013
12,to_be,866,1006
13,can_be,834,1001
14,the_model,703,864
15,we_find,740,831
16,by_the,733,826
17,model_of,760,813
18,in_this,736,795
19,from_the,715,778
20,we_show,668,750
21,find_that,661,721
22,number_of,520,669
23,based_on,558,631
24,of_this,561,624
25,is_shown,523,575
26,changes_in,419,547
27,effects_of,468,542
28,as_the,491,529
29,there_is,452,522
30,is_the,455,512
31,the_paper,452,509
32,the_same,436,489
33,set_of,372,479
34,the_results,447,479
35,when_the,415,475
36,may_be,427,470
37,rate_of,294,463
38,consistent_with,419,448
39,shown_that,404,438
40,effect_of,372,436
41,theory_of,358,427
42,of_an,391,426
43,at_the,365,418
44,distribution_of,337,416
45,which_the,382,416
46,of_these,382,404
47,used_to,378,400
48,does_not,370,394
49,if_the,337,388
50,that_is,361,385
51,is_that,353,384
52,the_effects,325,372
53,is_not,342,369
54,the_effect,324,365
55,increase_in,286,362
56,model_is,323,359
57,between_the,328,351
58,the_first,317,350
59,as_well,329,346
60,long_run,243,346
61,such_as,323,346
62,that_are,309,345
63,the_optimal,253,341
64,the_market,264,333
65,value_of,261,321
66,the_united,261,316
67,shown_to,284,315
68,do_not,297,313
69,in_an,287,310
70,the_number,234,310
71,has_been,262,309
72,terms_of,248,309
73,and_that,294,308
74,is_to,279,307
75,than_the,282,307
76,well_as,291,307
77,united_states,258,304
78,about_the,275,303
79,we_also,294,303
80,suggest_that,285,300
81,we_study,281,287
82,the_theory,235,284
83,are_not,260,279
84,the_data,239,278
85,due_to,250,277
86,use_of,242,277
87,data_on,263,276
88,analysis_of,253,273
89,properties_of,246,272
90,demand_for,206,269
91,differences_in,199,269
92,existence_of,233,269
93,associated_with,246,268
94,relative_to,236,267
95,cost_of,227,266
96,the_price,201,264
97,impact_of,233,263
98,likely_to,222,263
99,the_analysis,241,261
100,the_existence,228,261
101,level_of,230,260
102,which_is,234,259
103,estimates_of,222,258
104,over_the,244,257
105,the_distribution,210,256
106,class_of,228,254
107,the_two,228,254
108,will_be,208,251
109,in_particular,248,250
110,shows_that,232,249
111,data_from,239,247
112,there_are,235,246
113,in_terms,212,245
114,results_are,234,243
115,model_with,233,242
116,and_in,233,241
117,paper_we,234,240
118,the_rate,171,240
119,have_been,211,238
120,the_impact,219,238
121,and_to,227,237
122,rather_than,224,236
123,model_in,227,235
124,models_of,215,233
125,paper_examines,232,232
126,behavior_of,210,230
127,paper_is,222,230
128,the_equilibrium,194,230
129,relationship_between,207,229
130,general_equilibrium,197,227
131,least_squares,166,227
132,presence_of,202,227
133,the_other,211,227
134,the_presence,199,223
135,over_time,198,221
136,labor_market,166,220
137,we_use,215,220
138,that_in,207,217
139,time_series,162,215
140,study_the,211,213
141,the_set,156,212
142,where_the,185,212
143,the_demand,161,211
144,the_case,193,209
145,the_second,185,209
146,this_is,200,208
147,is_an,198,207
148,paper_presents,205,207
149,effect_on,188,206
150,that_this,198,206
151,the_economy,176,205
152,suggests_that,200,204
153,they_are,186,204
154,lead_to,192,203
155,of_their,189,203
156,during_the,167,202
157,the_problem,181,201
158,the_value,163,201
159,implications_of,192,200
160,we_develop,193,198
161,human_capital,123,196
162,paper_develops,196,196
163,respect_to,167,194
164,under_the,176,194
165,our_results,184,193
166,percent_of,166,193
167,with_respect,166,193
168,evidence_that,181,192
169,these_results,191,192
170,more_than,184,191
171,of_economic,173,190
172,role_of,178,190
173,variation_in,165,189
174,which_are,181,189
175,leads_to,177,188
176,applied_to,175,187
177,of_trade,132,187
178,short_run,143,187
179,form_of,173,184
180,as_an,174,183
181,degree_of,160,183
182,rates_of,149,183
183,change_in,148,182
184,prices_and,164,182
185,exchange_rate,88,181
186,is_also,181,181
187,of_labor,149,181
188,the_relationship,168,181
189,the_standard,163,181
190,we_consider,175,181
191,is_used,172,180
192,of_capital,121,180
193,the_role,172,180
194,conditions_for,158,178
195,costs_of,154,178
196,at_least,164,175
197,the_empirical,161,175
198,examines_the,172,174
199,estimate_the,161,173
200,types_of,157,173
201,we_examine,170,173
202,depends_on,169,172
203,function_of,149,171
204,private_information,115,171
205,related_to,155,171
206,the_long,140,171
207,are_more,158,170
208,the_main,162,170
209,the_relative,157,170
210,the_us,149,170
211,we_analyze,168,170
212,examine_the,162,168
213,interest_rates,116,168
214,the_firm,114,168
215,the_most,156,168
216,labor_supply,103,167
217,that_it,161,167
218,to_have,151,167
219,the_probability,130,166
220,to_an,158,166
221,one_of,159,165
222,the_use,152,165
223,we_estimate,153,165
224,probability_of,124,164
225,price_of,116,163
226,that_there,146,162
227,we_present,159,162
228,of_interest,123,161
229,the_cost,139,161
230,the_hypothesis,133,161
231,of_income,139,160
232,problem_of,147,160
233,subject_to,149,160
234,the_marginal,129,160
235,to_estimate,149,160
236,in_addition,155,159
237,returns_to,128,159
238,this_article,155,159
239,are_also,154,157
240,in_general,144,157
241,in_order,149,157
242,indicate_that,151,157
243,estimation_of,132,156
244,the_extent,146,156
245,the_level,145,156
246,both_the,152,155
247,of_production,127,155
248,structure_of,144,155
249,be_used,147,154
250,case_of,146,154
251,of_time,123,152
252,part_of,139,151
253,purpose_of,142,151
254,rational_expectations,114,151
255,and_is,147,150
256,are_the,144,150
257,increases_in,129,150
258,the_expected,131,150
259,the_labor,127,150
260,under_which,140,150
261,we_propose,149,150
262,an_important,145,149
263,information_about,135,149
264,using_the,147,149
265,elasticity_of,122,148
266,account_for,139,147
267,and_other,145,147
268,in_their,134,147
269,maximum_likelihood,123,147
270,order_to,139,147
271,the_period,136,146
272,in_contrast,143,145
273,is_consistent,137,145
274,of_such,140,145
275,the_parameters,122,145
276,because_of,137,143
277,risk_aversion,98,143
278,expected_utility,90,142
279,model_the,139,142
280,some_of,134,142
281,argue_that,138,140
282,that_if,135,140
283,the_time,123,140
284,and_are,134,139
285,effects_on,131,139
286,method_of,127,139
287,importance_of,133,138
288,less_than,130,138
289,more_likely,124,138
290,should_be,122,138
291,the_asymptotic,104,138
292,with_an,135,138
293,within_the,130,138
294,but_not,133,137
295,for_this,135,137
296,results_of,135,137
297,to_which,128,137
298,and_an,134,136
299,income_and,121,136
300,monetary_policy,85,136
301,analyze_the,133,135
302,levels_of,125,135
303,using_data,135,135
304,between_and,119,134
305,context_of,133,134
306,equilibrium_model,125,134
307,the_context,133,134
308,to_explain,129,134
309,we_provide,129,134
310,depend_on,128,133
311,of_its,121,133
312,of_price,116,133
313,of_two,129,133
314,sufficient_conditions,122,133
315,the_present,125,133
316,long_term,102,132
317,our_model,121,132
318,the_average,111,132
319,the_latter,127,132
320,interest_rate,89,131
321,of_demand,107,131
322,size_of,116,131
323,model_to,127,130
324,must_be,127,130
325,of_our,121,130
326,response_to,118,130
327,the_implications,126,130
328,are_used,123,129
329,the_literature,122,129
330,the_purpose,123,129
331,this_model,124,129
332,the_new,102,128
333,according_to,114,127
334,models_with,118,127
335,of_money,90,127
336,out_of,106,127
337,the_economic,121,127
338,an_economy,116,126
339,an_equilibrium,108,126
340,data_for,122,126
341,of_return,79,126
342,result_is,125,126
343,results_suggest,125,126
344,the_assumption,112,126
345,the_degree,113,126
346,this_study,115,126
347,cannot_be,118,125
348,implications_for,121,125
349,measures_of,117,125
350,rates_and,117,125
351,an_increase,105,124
352,into_the,117,124
353,variety_of,120,124
354,version_of,112,124
355,we_investigate,124,124
356,for_example,117,123
357,found_to,109,123
358,nature_of,121,123
359,the_size,112,123
360,utility_function,98,123
361,is_more,120,122
362,paper_studies,122,122
363,amount_of,111,121
364,are_derived,117,121
365,how_the,113,121
366,that_they,113,121
367,are_consistent,118,120
368,while_the,119,120
369,nash_equilibrium,82,119
370,parameters_of,106,119
371,the_production,96,119
372,allocation_of,98,118
373,approach_to,115,118
374,but_the,117,118
375,ex_ante,97,118
376,not_only,114,118
377,steady_state,85,118
378,to_test,111,118
379,absence_of,112,117
380,and_their,113,117
381,evidence_of,107,117
382,is_developed,117,117
383,is_found,112,117
384,is_no,113,117
385,tend_to,108,117
386,that_these,116,117
387,the_real,87,117
388,model_that,113,116
389,the_more,103,116
390,the_current,100,115
391,even_when,109,114
392,hypothesis_that,109,114
393,measure_of,104,114
394,paper_investigates,114,114
395,so_that,108,114
396,the_aggregate,103,114
397,would_be,100,114
398,not_be,108,113
399,that_of,106,113
400,us_to,111,113
401,are_shown,106,112
402,ex_post,78,112
403,from_to,100,112
404,function_is,101,112
405,paper_analyzes,112,112
406,used_in,106,112
407,panel_data,104,111
408,range_of,102,111
409,and_for,108,110
410,business_cycle,83,110
411,for_an,105,110
412,implies_that,107,110
413,of_social,92,110
414,system_of,102,110
415,that_can,106,110
416,the_welfare,94,110
417,this_result,105,110
418,concept_of,92,109
419,for_each,97,109
420,investigate_the,109,109
421,of_monetary,86,109
422,the_basis,107,109
423,the_possibility,107,109
424,the_short,89,109
425,the_true,89,109
426,economy_with,94,108
427,is_based,103,108
428,the_absence,104,108
429,equilibrium_in,99,107
430,for_all,101,107
431,of_information,87,107
432,production_function,76,107
433,to_study,105,107
434,equilibrium_is,96,106
435,impact_on,103,106
436,in_our,104,106
437,means_of,101,106
438,most_of,98,106
439,only_if,97,106
440,or_the,104,106
441,the_behavior,99,106
442,the_general,105,106
443,the_growth,87,106
444,the_system,76,106
445,of_consumption,88,105
446,of_public,80,105
447,paper_shows,103,105
448,the_estimated,96,105
449,the_following,102,105
450,able_to,100,104
451,assumption_that,96,104
452,characterized_by,99,104
453,first_order,90,104
454,in_some,99,104
455,share_of,91,104
456,those_of,97,104
457,whether_the,99,104
458,conditions_under,99,103
459,explain_the,99,103
460,of_all,99,103
461,study_of,102,103
462,that_an,100,103
463,that_for,100,103
464,the_importance,100,103
465,the_world,84,103
466,choice_of,90,102
467,fact_that,101,102
468,in_both,101,102
469,life_cycle,76,102
470,result_of,101,102
471,that_when,100,102
472,the_choice,85,102
473,an_alternative,95,101
474,analysis_is,98,101
475,and_sufficient,89,101
476,but_also,99,101
477,features_of,97,101
478,investment_in,87,101
479,monte_carlo,92,101
480,of_firms,88,101
481,public_goods,72,101
482,social_choice,47,101
483,the_government,80,101
484,the_observed,99,101
485,to_provide,97,101
486,and_its,97,100
487,by_an,99,100
488,in_these,95,100
489,necessary_and,90,100
490,of_investment,76,100
491,since_the,91,100
492,and_it,98,99
493,economic_growth,80,99
494,the_form,94,99
495,and_show,97,98
496,generated_by,96,98
497,is_presented,96,98
498,model_and,95,98
499,of_equilibrium,81,98
500,paper_considers,97,98
501,price_and,92,98
502,the_fact,96,98
503,the_information,89,98
504,the_nature,98,98
505,the_state,78,98
506,the_test,66,98
507,to_show,95,98
508,type_of,93,98
509,we_argue,97,98
510,even_if,91,97
511,of_new,86,97
512,return_to,76,97
513,the_method,81,97
514,the_resulting,97,97
515,to_their,91,97
516,we_then,95,97
517,basis_of,94,96
518,decline_in,82,96
519,imply_that,95,96
520,show_how,91,96
521,values_of,86,96
522,demand_and,84,95
523,utility_functions,74,95
524,among_the,94,94
525,and_we,86,94
526,concerned_with,90,94
527,driven_by,92,94
528,empirical_evidence,91,94
529,investment_and,79,94
530,of_market,86,94
531,role_in,91,94
532,well_known,92,94
533,affect_the,90,93
534,and_on,92,93
535,and_then,90,93
536,are_discussed,90,93
537,continuous_time,63,93
538,decision_making,77,93
539,goods_and,84,93
540,may_not,88,93
541,of_individual,87,93
542,after_the,86,92
543,and_more,89,92
544,and_of,86,92
545,capital_and,82,92
546,cross_section,73,92
547,growth_of,72,92
548,is_possible,90,92
549,the_allocation,78,92
550,the_dynamic,78,92
551,the_result,90,92
552,we_derive,89,92
553,consumption_and,79,91
554,determinants_of,83,91
555,in_such,91,91
556,instrumental_variables,68,91
557,of_both,85,91
558,paper_provides,91,91
559,prices_are,85,91
560,the_process,76,91
561,the_social,74,91
562,to_analyze,89,91
563,for_which,86,90
564,growth_in,77,90
565,if_it,79,90
566,in_many,88,90
567,international_trade,74,90
568,it_has,89,90
569,of_substitution,69,90
570,prices_of,78,90
571,quality_of,79,90
572,assumed_to,77,89
573,conditions_are,78,89
574,in_each,83,89
575,restrictions_on,83,89
576,aspects_of,85,88
577,derived_from,83,88
578,evidence_on,84,88
579,labor_force,58,88
580,the_concept,73,88
581,the_individual,75,88
582,the_stock,69,88
583,to_this,85,88
584,as_to,81,87
585,characterization_of,82,87
586,investigates_the,87,87
587,social_welfare,63,87
588,source_of,85,87
589,tax_rates,62,87
590,the_capital,66,87
591,the_tax,63,87
592,to_make,81,87
593,argued_that,85,86
594,cross_sectional,75,86
595,data_set,83,86
596,determined_by,79,86
597,explained_by,84,86
598,have_the,83,86
599,information_on,82,86
600,marginal_cost,67,86
601,of_growth,66,86
602,paper_uses,85,86
603,results_in,83,86
604,the_principal,59,86
605,to_determine,84,86
606,appear_to,82,85
607,are_given,80,85
608,be_the,81,85
609,behavior_in,79,85
610,models_are,80,85
611,output_and,74,85
612,per_capita,63,85
613,the_estimation,81,85
614,the_usual,76,85
615,to_changes,79,85
616,growth_and,77,84
617,of_changes,76,84
618,on_average,80,84
619,reduction_in,78,84
620,the_theoretical,77,84
621,then_the,79,84
622,an_empirical,83,83
623,costs_and,76,83
624,demand_functions,65,83
625,demonstrate_that,78,83
626,the_null,63,83
627,the_underlying,73,83
628,the_variance,64,83
629,there_exists,77,83
630,to_percent,72,83
631,use_the,83,83
632,when_there,75,83
633,correlated_with,76,82
634,each_of,79,82
635,effects_are,78,82
636,given_the,76,82
637,increase_the,80,82
638,method_for,76,82
639,of_optimal,71,82
640,of_risk,68,82
641,predictions_of,75,82
642,the_public,66,82
643,to_examine,81,82
644,upon_the,75,82
645,wages_and,74,82
646,consequences_of,79,81
647,fraction_of,72,81
648,however_the,80,81
649,in_response,75,81
650,incentive_to,71,81
651,of_each,76,81
652,sample_of,78,81
653,similar_to,77,81
654,analyzes_the,79,80
655,are_examined,78,80
656,characterize_the,80,80
657,consider_the,76,80
658,data_and,78,80
659,of_which,77,80
660,preferences_and,74,80
661,production_and,73,80
662,the_future,71,80
663,in_that,74,79
664,is_estimated,77,79
665,is_then,78,79
666,markets_and,73,79
667,of_output,71,79
668,of_prices,67,79
669,possible_to,74,79
670,studies_the,79,79
671,support_for,77,79
672,than_those,76,79
673,the_sense,79,79
674,the_wage,66,79
675,time_and,75,79
676,to_those,75,79
677,adverse_selection,52,78
678,an_optimal,68,78
679,estimator_is,66,78
680,if_there,69,78
681,possibility_of,75,78
682,sequence_of,67,78
683,such_that,72,78
684,tests_of,67,78
685,the_decision,61,78
686,the_population,63,78
687,the_solution,65,78
688,to_identify,77,78
689,access_to,71,77
690,affected_by,75,77
691,and_labor,73,77
692,as_result,75,77
693,attempt_to,73,77
694,information_and,73,77
695,is_applied,76,77
696,may_have,74,77
697,model_are,75,77
698,of_government,67,77
699,of_one,76,77
700,the_corresponding,74,77
701,the_efficiency,73,77
702,the_structure,74,77
703,trade_off,65,77
704,assumption_of,67,76
705,characteristics_of,70,76
706,compared_with,75,76
707,firms_in,71,76
708,in_two,75,76
709,income_tax,53,76
710,pattern_of,69,76
711,percentage_points,63,76
712,performance_of,70,76
713,preferences_are,66,76
714,rate_and,70,76
715,test_the,76,76
716,the_evidence,76,76
717,the_likelihood,68,76
718,the_past,72,76
719,the_total,69,76
720,through_the,69,76
721,we_have,57,76
722,ability_to,70,75
723,estimating_the,67,75
724,even_though,74,75
725,in_equilibrium,65,75
726,market_for,66,75
727,model_we,74,75
728,more_general,74,75
729,of_different,66,75
730,of_some,75,75
731,process_of,67,75
732,supply_of,65,75
733,the_basic,69,75
734,the_question,70,75
735,the_sample,69,75
736,theory_is,70,75
737,allow_for,70,74
738,and_income,66,74
739,appears_to,71,74
740,are_found,66,74
741,concerning_the,71,74
742,efficiency_of,65,74
743,it_can,72,74
744,of_other,74,74
745,of_preferences,66,74
746,on_an,73,74
747,tends_to,65,74
748,the_conditions,71,74
749,the_consumption,59,74
750,the_costs,69,74
751,the_maximum,66,74
752,and_only,66,73
753,by_percent,60,73
754,combination_of,71,73
755,equal_to,69,73
756,equilibria_in,62,73
757,fluctuations_in,65,73
758,independent_of,71,73
759,into_account,67,73
760,is_in,70,73
761,of_aggregate,65,73
762,our_analysis,70,73
763,results_for,67,73
764,simple_model,70,73
765,sources_of,68,73
766,test_of,70,73
767,the_federal,55,73
768,the_game,62,73
769,the_quality,67,73
770,to_obtain,72,73
771,to_one,65,73
772,to_use,69,73
773,are_considered,69,72
774,close_to,66,72
775,data_are,68,72
776,distributions_of,62,72
777,extent_to,68,72
778,implied_by,67,72
779,interpretation_of,68,72
780,introduction_of,65,72
781,led_to,66,72
782,magnitude_of,68,72
783,models_in,70,72
784,of_us,70,72
785,result_in,70,72
786,robust_to,71,72
787,test_for,68,72
788,tests_for,59,72
789,that_under,69,72
790,the_large,65,72
791,the_one,71,72
792,to_increase,70,72
793,when_they,65,72
794,all_the,68,71
795,and_thus,68,71
796,as_in,68,71
797,because_the,67,71
798,conclude_that,70,71
799,firms_and,71,71
800,found_that,70,71
801,in_other,71,71
802,of_dynamic,69,71
803,of_real,59,71
804,only_the,69,71
805,rise_in,60,71
806,series_of,70,71
807,than_in,69,71
808,that_have,67,71
809,the_class,64,71
810,the_estimates,65,71
811,the_introduction,63,71
812,the_magnitude,67,71
813,the_traditional,59,71
814,these_two,68,71
815,accounts_for,68,70
816,attempts_to,66,70
817,contrast_to,69,70
818,economic_theory,63,70
819,extent_of,67,70
820,literature_on,66,70
821,of_inflation,54,70
822,the_monetary,51,70
823,the_money,49,70
824,the_supply,60,70
825,up_to,63,70
826,variance_of,59,70
827,we_characterize,68,70
828,would_have,63,70
829,correlation_between,61,69
830,data_we,69,69
831,despite_the,68,69
832,employment_and,58,69
833,if_and,61,69
834,in_one,66,69
835,of_future,60,69
836,size_and,61,69
837,the_best,64,69
838,the_elasticity,61,69
839,the_last,66,69
840,the_properties,69,69
841,theories_of,63,69
842,are_less,64,68
843,competitive_equilibrium,61,68
844,finite_sample,56,68
845,function_and,65,68
846,functions_of,65,68
847,information_is,62,68
848,labor_and,62,68
849,measure_the,66,68
850,model_where,64,68
851,money_supply,42,68
852,need_not,66,68
853,not_necessarily,65,68
854,of_consumer,60,68
855,of_large,64,68
856,sensitive_to,62,68
857,state_of,63,68
858,supply_and,62,68
859,the_amount,62,68
860,the_initial,58,68
861,the_potential,61,68
862,which_we,68,68
863,also_show,67,67
864,extended_to,65,67
865,for_any,63,67
866,for_some,66,67
867,incentives_to,58,67
868,increases_the,66,67
869,is_given,65,67
870,price_level,55,67
871,sets_of,59,67
872,theory_and,67,67
873,against_the,65,66
874,and_time,59,66
875,are_in,65,66
876,are_obtained,64,66
877,asset_pricing,57,66
878,contrary_to,66,66
879,is_assumed,57,66
880,it_also,65,66
881,measured_by,60,66
882,prices_in,63,66
883,problem_is,61,66
884,reduce_the,64,66
885,the_conditional,50,66
886,the_difference,65,66
887,the_firm's,49,66
888,the_recent,64,66
889,we_prove,61,66
890,allows_for,65,65
891,benefits_of,62,65
892,by_means,64,65
893,compared_to,60,65
894,costs_are,59,65
895,empirical_results,64,65
896,estimates_are,65,65
897,estimators_are,44,65
898,exchange_rates,43,65
899,explanation_for,64,65
900,for_both,63,65
901,for_money,44,65
902,gains_from,60,65
903,in_fact,65,65
904,including_the,65,65
905,is_derived,62,65
906,of_any,65,65
907,of_his,58,65
908,of_international,58,65
909,rates_are,63,65
910,the_income,60,65
911,their_own,62,65
912,comparative_statics,57,64
913,condition_for,61,64
914,covariance_matrix,48,64
915,effect_is,62,64
916,hypothesis_of,60,64
917,much_of,63,64
918,notion_of,61,64
919,of_agents,56,64
920,paper_explores,64,64
921,price_changes,51,64
922,stock_market,47,64
923,the_central,63,64
924,the_private,56,64
925,to_construct,61,64
926,also_find,62,63
927,and_hence,59,63
928,and_ii,59,63
929,and_prices,55,63
930,basis_for,56,63
931,be_explained,61,63
932,determine_the,60,63
933,did_not,58,63
934,equivalent_to,59,63
935,framework_for,62,63
936,indicates_that,61,63
937,is_determined,61,63
938,market_and,62,63
939,null_hypothesis,57,63
940,of_financial,48,63
941,point_of,58,63
942,the_core,49,63
943,the_industry,54,63
944,the_mean,54,63
945,the_risk,56,63
946,these_findings,61,63
947,to_pay,57,63
948,two_stage,52,63
949,we_discuss,61,63
950,and_by,62,62
951,are_analyzed,61,62
952,are_based,56,62
953,behavior_and,59,62
954,depending_on,62,62
955,economies_with,51,62
956,equilibrium_of,54,62
957,functions_are,57,62
958,model_for,61,62
959,of_linear,55,62
960,of_local,55,62
961,shocks_to,55,62
962,social_security,43,62
963,the_classical,58,62
964,the_outcome,56,62
965,the_quantity,46,62
966,the_study,62,62
967,to_zero,56,62
968,aggregate_demand,48,61
969,and_how,58,61
970,determination_of,58,61
971,estimator_of,48,61
972,growth_rate,53,61
973,in_its,57,61
974,in_recent,60,61
975,it_to,59,61
976,level_data,59,61
977,light_on,61,61
978,of_human,44,61
979,risk_averse,56,61
980,the_actual,55,61
981,the_competitive,55,61
982,the_limit,48,61
983,this_problem,60,61
984,to_investigate,60,61
985,with_high,60,61
986,all_of,56,60
987,and_find,60,60
988,application_of,58,60
989,assume_that,58,60
990,behavior_is,57,60
991,case_the,55,60
992,designed_to,58,60
993,difficult_to,60,60
994,equilibrium_and,56,60
995,even_in,59,60
996,focus_on,59,60
997,games_with,52,60
998,generalization_of,55,60
999,group_of,54,60
1000,half_of,58,60
1001,how_to,58,60
1002,is_concerned,59,60
1003,is_examined,59,60
1004,paper_proposes,60,60
1005,permanent_income,42,60
1006,reduced_form,51,60
1007,regression_model,57,60
1008,the_change,43,60
1009,the_conventional,53,60
1010,the_minimum,37,60
1011,the_model's,52,60
1012,the_policy,50,60
1013,this_question,59,60
1014,trade_and,52,60
1015,trade_in,54,60
1016,with_more,60,60
1017,and_can,58,59
1018,and_with,58,59
1019,are_presented,59,59
1020,asymmetric_information,54,59
1021,in_large,56,59
1022,second_order,44,59
1023,the_key,57,59
1024,the_output,55,59
1025,the_timing,56,59
1026,the_utility,49,59
1027,theory_in,56,59
1028,timing_of,57,59
1029,to_reduce,58,59
1030,we_apply,59,59
1031,we_test,59,59
1032,about_percent,51,58
1033,at_which,53,58
1034,capital_accumulation,47,58
1035,composition_of,52,58
1036,conditional_on,53,58
1037,developed_in,57,58
1038,fiscal_policy,39,58
1039,labor_markets,49,58
1040,of_goods,46,58
1041,other_hand,57,58
1042,period_of,52,58
1043,policy_is,53,58
1044,ratio_of,51,58
1045,special_case,56,58
1046,these_models,52,58
1047,to_maximize,53,58
1048,to_measure,56,58
1049,variables_and,56,58
1050,we_conclude,58,58
1051,we_demonstrate,56,58
1052,and_welfare,49,57
1053,are_determined,55,57
1054,comparative_advantage,40,57
1055,could_be,51,57
1056,demand_function,43,57
1057,for_these,56,57
1058,found_in,53,57
1059,growth_model,53,57
1060,high_school,37,57
1061,identify_the,56,57
1062,if_they,52,57
1063,in_us,53,57
1064,level_and,55,57
1065,minimum_wage,22,57
1066,models_and,54,57
1067,moral_hazard,42,57
1068,of_competitive,51,57
1069,of_high,48,57
1070,or_more,55,57
1071,period_the,56,57
1072,rate_is,51,57
1073,stability_of,52,57
1074,support_the,56,57
1075,the_cross,52,57
1076,the_only,54,57
1077,the_productivity,47,57
1078,to_evaluate,57,57
1079,to_its,55,57
1080,view_of,54,57
1081,with_higher,52,57
1082,and_demand,52,56
1083,and_investment,43,56
1084,definition_of,50,56
1085,heterogeneity_in,51,56
1086,in_all,54,56
1087,in_and,46,56
1088,is_proposed,55,56
1089,model_can,53,56
1090,of_change,42,56
1091,of_exchange,45,56
1092,only_in,55,56
1093,paper_also,56,56
1094,results_indicate,56,56
1095,solution_to,54,56
1096,such_an,53,56
1097,suggesting_that,55,56
1098,sum_of,51,56
1099,that_all,53,56
1100,the_increase,48,56
1101,unit_root,30,56
1102,world_war,44,56
1103,and_output,48,55
1104,and_social,52,55
1105,feature_of,55,55
1106,growth_rates,43,55
1107,in_any,53,55
1108,in_turn,53,55
1109,income_is,47,55
1110,interpreted_as,54,55
1111,it_may,53,55
1112,less_likely,51,55
1113,money_and,49,55
1114,pareto_optimal,40,55
1115,patterns_of,51,55
1116,provides_an,54,55
1117,short_term,45,55
1118,studies_of,52,55
1119,the_agent,38,55
1120,the_interaction,54,55
1121,the_least,48,55
1122,those_who,40,55
1123,treatment_of,48,55
1124,variations_in,49,55
1125,although_the,53,54
1126,an_economic,53,54
1127,an_incentive,50,54
1128,and_also,52,54
1129,and_price,53,54
1130,and_some,54,54
1131,can_explain,53,54
1132,develop_model,54,54
1133,economy_is,50,54
1134,equilibrium_with,48,54
1135,estimators_of,48,54
1136,forms_of,49,54
1137,growth_is,50,54
1138,in_time,52,54
1139,is_of,49,54
1140,lack_of,54,54
1141,method_is,47,54
1142,movements_in,46,54
1143,of_models,51,54
1144,of_policy,50,54
1145,of_utility,51,54
1146,prior_to,52,54
1147,stage_least,40,54
1148,tests_are,47,54
1149,that_such,53,54
1150,the_early,51,54
1151,the_original,48,54
1152,the_three,44,54
1153,they_have,49,54
1154,to_other,54,54
1155,utility_of,45,54
1156,viewed_as,50,54
1157,we_establish,53,54
1158,an_example,51,53
1159,and_consumption,39,53
1160,and_iii,52,53
1161,are_estimated,49,53
1162,controlling_for,53,53
1163,cross_country,45,53
1164,dynamics_of,47,53
1165,economy_in,52,53
1166,estimate_of,48,53
1167,explore_the,51,53
1168,finally_we,53,53
1169,firms_are,47,53
1170,identification_of,44,53
1171,is_made,52,53
1172,model_which,50,53
1173,not_the,53,53
1174,of_long,48,53
1175,of_that,51,53
1176,of_unemployment,44,53
1177,on_their,51,53
1178,problem_in,51,53
1179,sense_that,53,53
1180,subset_of,51,53
1181,the_high,46,53
1182,the_net,51,53
1183,the_notion,53,53
1184,to_scale,42,53
1185,to_take,50,53
1186,under_uncertainty,50,53
1187,we_introduce,53,53
1188,with_different,49,53
1189,assess_the,52,52
1190,capital_is,46,52
1191,capital_stock,39,52
1192,considers_the,51,52
1193,data_the,50,52
1194,focuses_on,52,52
1195,functions_and,46,52
1196,has_the,49,52
1197,in_determining,52,52
1198,is_argued,51,52
1199,is_defined,48,52
1200,likelihood_ratio,44,52
1201,methods_are,50,52
1202,might_be,45,52
1203,models_the,50,52
1204,of_uncertainty,42,52
1205,our_estimates,48,52
1206,our_findings,52,52
1207,productivity_growth,36,52
1208,states_and,50,52
1209,system_is,46,52
1210,the_benefits,50,52
1211,the_job,42,52
1212,the_major,51,52
1213,the_parameter,43,52
1214,the_return,48,52
1215,to_derive,52,52
1216,we_construct,52,52
1217,we_document,49,52
1218,we_explore,49,52
1219,who_are,46,52
1220,by_using,50,51
1221,capital_goods,32,51
1222,data_to,51,51
1223,developed_countries,33,51
1224,distribution_is,42,51
1225,education_and,46,51
1226,endogenous_variables,41,51
1227,equilibrium_the,49,51
1228,fail_to,49,51
1229,from_an,49,51
1230,function_for,45,51
1231,greater_than,50,51
1232,hypothesis_is,49,51
1233,in_model,50,51
1234,in_most,50,51
1235,is_considered,51,51
1236,is_known,50,51
1237,more_important,49,51
1238,no_evidence,49,51
1239,of_private,48,51
1240,of_tax,38,51
1241,only_on,48,51
1242,overlapping_generations,47,51
1243,perfect_equilibrium,34,51
1244,predicts_that,49,51
1245,present_paper,51,51
1246,proportion_of,48,51
1247,public_good,36,51
1248,question_of,49,51
1249,reduces_the,50,51
1250,the_predictions,47,51
1251,to_some,49,51
1252,versions_of,46,51
1253,across_countries,38,50
1254,are_developed,50,50
1255,are_then,50,50
1256,countries_and,47,50
1257,dynamic_model,48,50
1258,evaluate_the,48,50
1259,evolution_of,48,50
1260,have_an,49,50
1261,is_suggested,47,50
1262,not_have,50,50
1263,of_structural,42,50
1264,problems_of,46,50
1265,prove_that,44,50
1266,response_of,47,50
1267,results_show,50,50
1268,rise_to,49,50
1269,that_may,47,50
1270,that_would,49,50
1271,the_existing,46,50
1272,the_higher,46,50
1273,the_idea,49,50
1274,the_various,46,50
1275,variables_are,45,50
1276,agents_are,44,49
1277,and_capital,45,49
1278,and_employment,39,49
1279,are_made,47,49
1280,argues_that,48,49
1281,compare_the,47,49
1282,conditions_of,44,49
1283,development_of,47,49
1284,equilibria_are,48,49
1285,extension_of,49,49
1286,firms_to,45,49
1287,goods_are,42,49
1288,in_different,46,49
1289,matrix_of,43,49
1290,members_of,43,49
1291,obtained_by,48,49
1292,of_alternative,47,49
1293,of_data,47,49
1294,of_how,49,49
1295,of_wealth,41,49
1296,productivity_of,43,49
1297,propensity_to,40,49
1298,quantity_of,41,49
1299,regarding_the,48,49
1300,taxes_and,40,49
1301,technical_change,32,49
1302,the_bias,36,49
1303,the_development,47,49
1304,the_players,39,49
1305,the_relevant,46,49
1306,these_effects,47,49
1307,they_can,45,49
1308,time_in,47,49
1309,to_generate,48,49
1310,to_that,48,49
1311,view_that,48,49
1312,when_it,43,49
1313,years_of,47,49
1314,account_of,46,48
1315,allows_us,48,48
1316,an_infinite,43,48
1317,and_if,46,48
1318,approach_is,47,48
1319,asset_prices,37,48
1320,assuming_that,45,48
1321,asymptotic_distribution,42,48
1322,be_more,47,48
1323,difference_between,47,48
1324,effects_and,46,48
1325,empirical_work,48,48
1326,evidence_from,47,48
1327,has_an,48,48
1328,in_output,42,48
1329,incomplete_information,41,48
1330,inconsistent_with,47,48
1331,is_discussed,48,48
1332,is_less,46,48
1333,it_will,42,48
1334,large_and,46,48
1335,of_simple,46,48
1336,rates_in,46,48
1337,relation_between,40,48
1338,respond_to,47,48
1339,risk_and,45,48
1340,sample_size,45,48
1341,the_alternative,42,48
1342,the_determination,46,48
1343,the_error,40,48
1344,the_joint,47,48
1345,the_regression,41,48
1346,the_structural,44,48
1347,the_trade,43,48
1348,the_way,47,48
1349,the_well,47,48
1350,variables_the,46,48
1351,which_has,48,48
1352,with_this,47,48
1353,addition_to,46,47
1354,and_growth,39,47
1355,and_long,45,47
1356,and_lower,46,47
1357,are_important,45,47
1358,because_it,47,47
1359,between_two,45,47
1360,business_cycles,36,47
1361,conditions_the,47,47
1362,determining_the,46,47
1363,economic_activity,36,47
1364,evaluation_of,44,47
1365,higher_than,47,47
1366,in_market,44,47
1367,in_part,41,47
1368,is_provided,47,47
1369,it_does,46,47
1370,it_was,40,47
1371,knowledge_of,41,47
1372,larger_than,46,47
1373,markets_in,43,47
1374,methods_of,43,47
1375,models_that,46,47
1376,of_and,43,47
1377,of_percent,44,47
1378,paper_the,46,47
1379,power_of,44,47
1380,present_value,40,47
1381,price_discrimination,29,47
1382,process_is,45,47
1383,single_equation,35,47
1384,special_cases,44,47
1385,tax_rate,35,47
1386,test_is,39,47
1387,the_consequences,46,47
1388,the_entire,42,47
1389,the_estimator,37,47
1390,the_exchange,33,47
1391,the_law,39,47
1392,the_local,41,47
1393,the_prices,43,47
1394,time_the,47,47
1395,to_allow,46,47
1396,variables_in,44,47
1397,we_compare,47,47
1398,which_they,43,47
1399,with_two,46,47
1400,an_attempt,44,46
1401,an_efficient,42,46
1402,and_one,46,46
1403,are_provided,46,46
1404,away_from,43,46
1405,be_consistent,44,46
1406,bias_in,40,46
1407,consumption_of,37,46
1408,decision_maker,32,46
1409,derive_the,44,46
1410,distributed_lag,37,46
1411,excess_demand,32,46
1412,explores_the,46,46
1413,firms_that,38,46
1414,for_large,46,46
1415,free_trade,34,46
1416,in_income,40,46
1417,in_section,27,46
1418,interaction_between,43,46
1419,is_large,46,46
1420,is_one,44,46
1421,likelihood_estimator,41,46
1422,many_of,45,46
1423,not_to,45,46
1424,of_equilibria,37,46
1425,of_schooling,34,46
1426,price_is,41,46
1427,production_functions,38,46
1428,production_of,43,46
1429,regardless_of,44,46
1430,rely_on,46,46
1431,shows_how,44,46
1432,stock_of,39,46
1433,the_final,36,46
1434,the_overall,43,46
1435,the_product,40,46
1436,the_ratio,43,46
1437,the_returns,41,46
1438,this_note,45,46
1439,to_assess,46,46
1440,to_produce,43,46
1441,willingness_to,41,46
1442,workers_are,38,46
1443,affects_the,44,45
1444,as_measured,41,45
1445,assumptions_about,44,45
1446,balance_of,27,45
1447,continuum_of,42,45
1448,costs_in,44,45
1449,finally_the,45,45
1450,fixed_effects,34,45
1451,health_insurance,28,45
1452,illustrate_the,45,45
1453,incentives_for,42,45
1454,information_in,42,45
1455,is_often,43,45
1456,linear_programming,35,45
1457,main_result,44,45
1458,market_is,42,45
1459,of_employment,37,45
1460,of_firm,43,45
1461,of_individuals,43,45
1462,of_relative,38,45
1463,or_not,43,45
1464,order_of,41,45
1465,preferences_over,41,45
1466,productivity_and,40,45
1467,simultaneous_equations,43,45
1468,states_of,42,45
1469,stock_returns,34,45
1470,sufficient_condition,42,45
1471,system_and,40,45
1472,that_both,45,45
1473,the_estimators,35,45
1474,the_great,41,45
1475,the_majority,39,45
1476,the_nash,30,45
1477,this_approach,42,45
1478,thus_the,45,45
1479,to_achieve,43,45
1480,we_identify,45,45
1481,where_is,41,45
1482,which_there,43,45
1483,across_the,43,44
1484,and_economic,41,44
1485,and_so,44,44
1486,and_when,43,44
1487,are_of,42,44
1488,better_than,40,44
1489,competition_and,41,44
1490,considered_in,42,44
1491,demand_is,41,44
1492,differ_in,44,44
1493,difference_in,40,44
1494,earnings_of,32,44
1495,errors_in,41,44
1496,evidence_for,44,44
1497,evidence_is,44,44
1498,evidence_suggests,44,44
1499,explanatory_variables,36,44
1500,ii_the,42,44
1501,in_economic,43,44
1502,instead_of,43,44
1503,is_associated,43,44
1504,is_sufficiently,43,44
1505,length_of,37,44
1506,link_between,41,44
1507,observed_in,44,44
1508,of_children,30,44
1509,of_general,44,44
1510,of_higher,40,44
1511,path_of,40,44
1512,relative_price,33,44
1513,required_to,41,44
1514,resource_allocation,35,44
1515,results_from,44,44
1516,results_to,43,44
1517,revealed_preference,27,44
1518,seems_to,42,44
1519,serial_correlation,32,44
1520,specification_of,43,44
1521,sufficient_for,38,44
1522,than_one,44,44
1523,the_ability,43,44
1524,the_approach,39,44
1525,the_exact,40,44
1526,the_investment,33,44
1527,the_largest,43,44
1528,the_pareto,30,44
1529,the_poor,34,44
1530,the_random,33,44
1531,this_finding,44,44
1532,those_with,38,44
1533,to_account,43,44
1534,to_more,44,44
1535,together_with,43,44
1536,uncertainty_about,39,44
1537,validity_of,44,44
1538,we_exploit,44,44
1539,what_is,42,44
1540,which_can,43,44
1541,accounting_for,42,43
1542,and_market,41,43
1543,and_not,41,43
1544,and_percent,38,43
1545,and_two,42,43
1546,as_special,43,43
1547,be_estimated,40,43
1548,common_knowledge,29,43
1549,component_of,38,43
1550,deals_with,41,43
1551,decisions_are,37,43
1552,enough_to,42,43
1553,estimated_by,42,43
1554,find_no,41,43
1555,for_estimating,42,43
1556,full_information,34,43
1557,functions_for,41,43
1558,income_inequality,30,43
1559,is_analyzed,42,43
1560,is_characterized,40,43
1561,is_demonstrated,42,43
1562,is_due,40,43
1563,majority_of,42,43
1564,market_structure,38,43
1565,market_the,41,43
1566,markets_for,39,43
1567,our_main,42,43
1568,outcome_of,42,43
1569,principal_agent,38,43
1570,problems_in,42,43
1571,property_rights,34,43
1572,subgame_perfect,28,43
1573,technological_change,34,43
1574,that_has,42,43
1575,the_business,40,43
1576,the_determinants,42,43
1577,the_full,41,43
1578,the_political,39,43
1579,the_relation,38,43
1580,the_response,39,43
1581,the_small,36,43
1582,to_choose,38,43
1583,to_explore,43,43
1584,volatility_of,37,43
1585,and_may,40,42
1586,and_there,40,42
1587,are_assumed,40,42
1588,are_compared,41,42
1589,are_often,42,42
1590,aspect_of,40,42
1591,attributed_to,40,42
1592,case_in,38,42
1593,caused_by,39,42
1594,conditions_on,42,42
1595,countries_the,41,42
1596,developing_countries,39,42
1597,earnings_and,32,42
1598,econometric_model,40,42
1599,elasticities_of,35,42
1600,estimate_that,40,42
1601,favor_of,36,42
1602,finding_is,41,42
1603,followed_by,42,42
1604,for_more,41,42
1605,for_their,38,42
1606,function_the,40,42
1607,in_aggregate,39,42
1608,in_favor,36,42
1609,in_labor,41,42
1610,in_models,41,42
1611,is_likely,40,42
1612,is_small,42,42
1613,is_studied,42,42
1614,likelihood_of,39,42
1615,market_in,40,42
1616,need_to,42,42
1617,of_job,34,42
1618,of_model,40,42
1619,of_political,36,42
1620,ordinary_least,38,42
1621,paper_reports,42,42
1622,preferences_for,34,42
1623,procedure_is,40,42
1624,responses_to,41,42
1625,second_best,35,42
1626,smaller_than,41,42
1627,test_scores,30,42
1628,the_appropriate,36,42
1629,the_firms,31,42
1630,the_framework,42,42
1631,the_household,33,42
1632,the_interest,39,42
1633,the_next,38,42
1634,the_performance,39,42
1635,the_program,28,42
1636,the_simple,38,42
1637,the_sum,39,42
1638,the_treatment,35,42
1639,theoretical_model,35,42
1640,theory_to,41,42
1641,time_of,39,42
1642,to_avoid,38,42
1643,under_certain,41,42
1644,war_ii,34,42
1645,work_on,38,42
1646,workers_and,39,42
1647,addition_the,41,41
1648,along_with,41,41
1649,an_additional,41,41
1650,an_arbitrary,35,41
1651,and_this,41,41
1652,are_likely,38,41
1653,as_it,37,41
1654,be_interpreted,40,41
1655,cases_the,40,41
1656,choice_function,26,41
1657,condition_is,38,41
1658,control_for,40,41
1659,converge_to,38,41
1660,differences_between,41,41
1661,end_of,38,41
1662,estimation_procedure,35,41
1663,explanation_of,40,41
1664,extend_the,41,41
1665,for_every,34,41
1666,functional_form,38,41
1667,in_production,38,41
1668,in_real,38,41
1669,increasing_returns,33,41
1670,induced_by,41,41
1671,inflation_and,35,41
1672,is_introduced,40,41
1673,kinds_of,40,41
1674,leading_to,41,41
1675,linear_regression,39,41
1676,model_has,37,41
1677,of_expected,38,41
1678,of_moments,39,41
1679,of_payments,24,41
1680,of_several,41,41
1681,of_those,38,41
1682,of_whether,40,41
1683,on_whether,40,41
1684,out_to,40,41
1685,preferences_of,35,41
1686,prices_for,39,41
1687,provision_of,36,41
1688,real_interest,25,41
1689,represented_by,39,41
1690,same_time,38,41
1691,seem_to,41,41
1692,survey_data,40,41
1693,technology_and,40,41
1694,that_allows,40,41
1695,that_firms,37,41
1696,the_dynamics,38,41
1697,the_good,34,41
1698,the_linear,34,41
1699,the_national,37,41
1700,the_pattern,36,41
1701,the_permanent,30,41
1702,the_primary,38,41
1703,the_seller,29,41
1704,the_share,34,41
1705,the_stochastic,39,41
1706,we_do,40,41
1707,an_analysis,36,40
1708,and_supply,39,40
1709,and_therefore,38,40
1710,and_those,39,40
1711,but_that,39,40
1712,case_where,38,40
1713,consists_of,40,40
1714,cost_and,38,40
1715,decisions_of,36,40
1716,determines_the,38,40
1717,deviations_from,35,40
1718,division_of,34,40
1719,economies_of,27,40
1720,examples_of,40,40
1721,family_of,31,40
1722,for_most,39,40
1723,increasing_the,40,40
1724,is_very,40,40
1725,make_the,40,40
1726,markets_are,36,40
1727,obtained_from,39,40
1728,of_asset,36,40
1729,of_earnings,29,40
1730,of_low,38,40
1731,of_rational,39,40
1732,of_resources,38,40
1733,of_scale,27,40
1734,of_workers,34,40
1735,policies_that,36,40
1736,policy_and,38,40
1737,preference_for,32,40
1738,risk_taking,23,40
1739,shifts_in,37,40
1740,survey_of,39,40
1741,the_coefficients,33,40
1742,the_consumer,37,40
1743,the_former,38,40
1744,the_models,38,40
1745,the_need,40,40
1746,the_objective,34,40
1747,the_steady,31,40
1748,the_type,37,40
1749,this_case,38,40
1750,time_preference,25,40
1751,to_these,40,40
1752,to_trade,34,40
1753,to_work,35,40
1754,transaction_costs,27,40
1755,vector_of,34,40
1756,wage_and,35,40
1757,we_focus,40,40
1758,which_it,38,40
1759,will_not,38,40
1760,with_those,39,40
1761,work_in,35,40
1762,adjustment_costs,28,39
1763,an_application,39,39
1764,and_second,37,39
1765,and_use,38,39
1766,are_no,38,39
1767,are_two,39,39
1768,assumed_that,36,39
1769,because_they,37,39
1770,can_also,38,39
1771,can_lead,39,39
1772,cycle_model,36,39
1773,discrete_time,22,39
1774,equilibrium_price,33,39
1775,exchange_economy,36,39
1776,exogenous_variables,33,39
1777,explain_why,37,39
1778,extends_the,38,39
1779,financial_markets,32,39
1780,first_best,28,39
1781,framework_is,39,39
1782,important_for,36,39
1783,is_well,39,39
1784,lump_sum,29,39
1785,moments_of,35,39
1786,of_business,34,39
1787,of_comparative,34,39
1788,of_state,33,39
1789,of_stock,33,39
1790,of_various,39,39
1791,of_wage,39,39
1792,of_wages,34,39
1793,of_work,32,39
1794,on_this,39,39
1795,one_can,35,39
1796,one_to,36,39
1797,only_one,38,39
1798,paper_discusses,39,39
1799,particular_the,39,39
1800,procedure_for,38,39
1801,risk_neutral,36,39
1802,risk_sharing,32,39
1803,strong_evidence,38,39
1804,that_any,39,39
1805,that_one,38,39
1806,that_were,35,39
1807,the_agents,35,39
1808,the_composition,37,39
1809,the_endogenous,35,39
1810,the_finite,36,39
1811,the_life,32,39
1812,the_stability,36,39
1813,the_wealth,34,39
1814,to_do,38,39
1815,we_are,39,39
1816,we_first,39,39
1817,also_be,38,38
1818,and_or,38,38
1819,application_to,38,38
1820,be_an,38,38
1821,be_made,36,38
1822,before_the,37,38
1823,below_the,38,38
1824,but_is,38,38
1825,can_have,36,38
1826,change_of,27,38
1827,comparison_of,35,38
1828,contracts_are,34,38
1829,derived_for,36,38
1830,economy_the,35,38
1831,effects_in,36,38
1832,empirical_analysis,38,38
1833,for_such,37,38
1834,for_testing,34,38
1835,given_to,37,38
1836,good_is,30,38
1837,in_explaining,37,38
1838,in_more,33,38
1839,in_simple,38,38
1840,incentive_compatible,32,38
1841,increases_with,38,38
1842,interest_in,34,38
1843,is_unique,37,38
1844,loss_of,33,38
1845,objective_function,26,38
1846,of_choice,34,38
1847,of_households,34,38
1848,of_learning,32,38
1849,of_self,30,38
1850,of_small,35,38
1851,of_view,35,38
1852,optimal_policy,27,38
1853,our_approach,36,38
1854,prices_is,35,38
1855,profit_maximizing,36,38
1856,provide_an,38,38
1857,real_wage,29,38
1858,reductions_in,37,38
1859,so_as,37,38
1860,structure_and,37,38
1861,suggested_by,37,38
1862,test_statistics,33,38
1863,the_coefficient,33,38
1864,the_direction,34,38
1865,the_evolution,35,38
1866,the_factor,26,38
1867,the_low,33,38
1868,the_proposed,35,38
1869,the_view,37,38
1870,them_to,38,38
1871,this_hypothesis,36,38
1872,this_suggests,38,38
1873,to_control,37,38
1874,uncertainty_and,36,38
1875,us_data,37,38
1876,von_neumann,32,38
1877,we_extend,38,38
1878,with_low,36,38
1879,advantage_of,37,37
1880,an_extension,36,37
1881,and_has,37,37
1882,and_have,36,37
1883,bounds_on,33,37
1884,competition_in,37,37
1885,conditions_and,37,37
1886,discussion_of,35,37
1887,effectiveness_of,33,37
1888,exposure_to,31,37
1889,find_strong,37,37
1890,firm_size,26,37
1891,formulation_of,36,37
1892,in_consumption,33,37
1893,in_dynamic,36,37
1894,information_the,37,37
1895,input_output,29,37
1896,is_at,35,37
1897,is_greater,35,37
1898,is_important,36,37
1899,large_number,37,37
1900,large_sample,34,37
1901,markets_the,37,37
1902,of_alternatives,29,37
1903,of_certain,35,37
1904,of_convergence,32,37
1905,of_education,24,37
1906,of_entry,28,37
1907,of_single,35,37
1908,of_three,36,37
1909,paper_argues,37,37
1910,percent_and,31,37
1911,population_growth,25,37
1912,predicted_by,34,37
1913,presents_an,37,37
1914,previous_studies,33,37
1915,prices_the,34,37
1916,provided_by,34,37
1917,regarded_as,35,37
1918,relies_on,35,37
1919,showing_that,35,37
1920,space_of,33,37
1921,than_for,37,37
1922,that_individuals,35,37
1923,that_we,36,37
1924,the_efficient,33,37
1925,the_neoclassical,29,37
1926,the_previous,36,37
1927,theory_the,36,37
1928,this_effect,35,37
1929,two_types,37,37
1930,understanding_of,33,37
1931,used_as,35,37
1932,using_an,37,37
1933,wage_rate,27,37
1934,welfare_function,21,37
1935,which_each,34,37
1936,which_have,36,37
1937,with_other,36,37
1938,about_their,35,36
1939,adoption_of,31,36
1940,along_the,29,36
1941,and_private,31,36
1942,as_much,35,36
1943,asymptotically_normal,32,36
1944,be_applied,36,36
1945,beliefs_about,34,36
1946,by_about,30,36
1947,by_their,33,36
1948,coefficients_of,30,36
1949,consistent_and,33,36
1950,countries_with,32,36
1951,data_in,35,36
1952,decrease_in,31,36
1953,demonstrates_that,35,36
1954,discuss_the,32,36
1955,dispersion_of,32,36
1956,distinction_between,35,36
1957,entry_and,33,36
1958,estimates_the,33,36
1959,field_experiment,35,36
1960,find_evidence,36,36
1961,findings_suggest,36,36
1962,following_the,33,36
1963,framework_of,35,36
1964,from_one,36,36
1965,in_his,33,36
1966,income_distribution,33,36
1967,is_generally,34,36
1968,is_obtained,36,36
1969,methods_for,34,36
1970,models_we,36,36
1971,money_is,32,36
1972,of_competition,31,36
1973,of_more,36,36
1974,of_perfect,32,36
1975,on_capital,35,36
1976,on_individual,33,36
1977,periods_of,35,36
1978,probability_that,33,36
1979,process_in,36,36
1980,satisfy_the,35,36
1981,section_of,33,36
1982,small_sample,32,36
1983,solution_of,34,36
1984,that_each,35,36
1985,that_even,36,36
1986,that_our,36,36
1987,the_common,34,36
1988,the_effectiveness,32,36
1989,the_end,34,36
1990,the_power,31,36
1991,the_problems,33,36
1992,theory_for,34,36
1993,to_find,35,36
1994,to_hold,34,36
1995,to_price,32,36
1996,wage_inequality,21,36
1997,we_can,34,36
1998,which_agents,34,36
1999,which_firms,35,36
2000,wide_range,36,36
2001,workers_in,28,36
2002,also_the,35,35
2003,an_econometric,34,35
2004,an_individual,33,35
2005,an_industry,30,35
2006,benefit_from,34,35
2007,but_are,35,35
2008,but_it,34,35
2009,can_account,35,35
2010,central_bank,26,35
2011,different_from,34,35
2012,direction_of,34,35
2013,distribution_and,34,35
2014,each_period,33,35
2015,examination_of,33,35
2016,findings_are,34,35
2017,firms_with,32,35
2018,for_its,33,35
2019,for_several,35,35
2020,from_this,35,35
2021,growth_the,35,35
2022,has_not,33,35
2023,have_no,34,35
2024,improvements_in,34,35
2025,in_economics,30,35
2026,individuals_who,31,35
2027,infinite_horizon,34,35
2028,information_to,31,35
2029,is_always,34,35
2030,labor_income,25,35
2031,made_to,35,35
2032,market_equilibrium,34,35
2033,market_power,30,35
2034,markets_with,32,35
2035,measurement_error,25,35
2036,model_using,35,35
2037,new_data,34,35
2038,no_effect,35,35
2039,not_in,34,35
2040,numbers_of,31,35
2041,of_adjustment,27,35
2042,of_decision,33,35
2043,of_empirical,34,35
2044,of_factor,27,35
2045,of_living,30,35
2046,of_productivity,29,35
2047,of_standard,34,35
2048,or_to,35,35
2049,out_the,35,35
2050,percent_in,25,35
2051,prices_to,34,35
2052,product_of,30,35
2053,profit_maximization,24,35
2054,real_income,26,35
2055,reject_the,33,35
2056,relative_prices,34,35
2057,side_of,31,35
2058,simultaneous_equation,28,35
2059,so_called,35,35
2060,standard_deviation,28,35
2061,state_and,32,35
2062,stock_prices,24,35
2063,the_correlation,30,35
2064,the_ex,29,35
2065,the_generalized,33,35
2066,the_identification,29,35
2067,the_late,32,35
2068,the_opportunity,33,35
2069,the_order,31,35
2070,the_point,34,35
2071,the_resource,26,35
2072,the_variation,27,35
2073,this_class,30,35
2074,to_change,35,35
2075,to_distinguish,34,35
2076,turns_out,34,35
2077,two_sector,30,35
2078,which_in,34,35
2079,which_may,35,35
2080,an_agent,33,34
2081,an_explanation,34,34
2082,and_no,33,34
2083,and_production,32,34
2084,and_they,34,34
2085,applications_of,33,34
2086,are_able,34,34
2087,average_of,33,34
2088,bargaining_power,29,34
2089,between_these,34,34
2090,conditions_that,32,34
2091,confidence_intervals,23,34
2092,consistency_of,25,34
2093,corresponding_to,31,34
2094,deal_with,34,34
2095,demand_curve,20,34
2096,develops_model,34,34
2097,do_so,34,34
2098,elements_of,32,34
2099,example_of,33,34
2100,expectations_are,27,34
2101,expected_to,33,34
2102,finds_that,33,34
2103,firm_and,32,34
2104,first_the,34,34
2105,for_two,32,34
2106,force_participation,27,34
2107,has_no,34,34
2108,have_to,32,34
2109,important_role,34,34
2110,in_competitive,31,34
2111,in_demand,30,34
2112,in_new,30,34
2113,influence_of,33,34
2114,influence_the,34,34
2115,is_constructed,33,34
2116,is_independent,33,34
2117,is_on,33,34
2118,levels_and,33,34
2119,low_income,31,34
2120,method_to,32,34
2121,more_generally,34,34
2122,most_important,34,34
2123,motivated_by,33,34
2124,of_commodities,31,34
2125,of_household,32,34
2126,of_many,33,34
2127,off_between,32,34
2128,output_is,32,34
2129,particular_we,34,34
2130,perfect_foresight,30,34
2131,present_model,33,34
2132,process_and,33,34
2133,profits_and,32,34
2134,real_wages,28,34
2135,resulting_from,33,34
2136,sample_properties,30,34
2137,second_the,34,34
2138,shocks_and,31,34
2139,than_to,34,34
2140,the_design,30,34
2141,the_earnings,27,34
2142,the_intertemporal,30,34
2143,the_technology,27,34
2144,the_unique,34,34
2145,the_validity,34,34
2146,those_in,33,34
2147,time_varying,25,34
2148,to_capital,27,34
2149,to_develop,32,34
2150,to_exist,32,34
2151,to_implement,32,34
2152,to_improve,33,34
2153,to_two,34,34
2154,us_economy,32,34
2155,utility_is,31,34
2156,with_many,33,34
2157,and_local,29,33
2158,and_trade,30,33
2159,are_available,32,33
2160,are_generally,32,33
2161,are_robust,33,33
2162,as_long,32,33
2163,before_and,31,33
2164,by_examining,32,33
2165,change_is,29,33
2166,combined_with,32,33
2167,commonly_used,33,33
2168,components_of,33,33
2169,defined_as,33,33
2170,demonstrated_that,32,33
2171,describe_the,32,33
2172,duration_of,28,33
2173,each_other,32,33
2174,engage_in,32,33
2175,equilibria_of,31,33
2176,equilibrium_prices,30,33
2177,estimation_and,32,33
2178,factor_prices,26,33
2179,for_many,33,33
2180,from_those,32,33
2181,game_in,32,33
2182,implications_are,31,33
2183,in_high,32,33
2184,individuals_are,29,33
2185,information_maximum,29,33
2186,instrumental_variable,31,33
2187,is_extended,32,33
2188,is_necessary,32,33
2189,is_optimal,31,33
2190,is_proved,31,33
2191,lower_than,31,33
2192,much_more,33,33
2193,of_credit,27,33
2194,of_foreign,27,33
2195,of_nature,25,33
2196,of_particular,32,33
2197,presented_in,33,33
2198,problem_and,32,33
2199,rates_for,32,33
2200,result_from,32,33
2201,sense_of,33,33
2202,take_the,32,33
2203,the_above,32,33
2204,the_construction,33,33
2205,the_decline,31,33
2206,the_excess,27,33
2207,the_highest,31,33
2208,the_influence,32,33
2209,the_limiting,27,33
2210,the_positive,31,33
2211,the_postwar,32,33
2212,the_rise,31,33
2213,the_tests,30,33
2214,these_conditions,33,33
2215,to_compare,32,33
2216,to_each,31,33
2217,to_establish,33,33
2218,to_large,32,33
2219,two_person,28,33
2220,unemployment_rate,24,33
2221,will_have,31,33
2222,with_lower,31,33
2223,with_some,33,33
2224,analyzing_the,32,32
2225,and_estimation,31,32
2226,and_wage,29,32
2227,and_which,32,32
2228,are_proposed,32,32
2229,are_to,30,32
2230,arise_in,32,32
2231,assumption_is,30,32
2232,asymptotic_normality,27,32
2233,at_any,31,32
2234,available_to,31,32
2235,choice_functions,21,32
2236,classes_of,29,32
2237,coefficient_of,31,32
2238,construction_of,32,32
2239,countries_in,31,32
2240,countries_we,30,32
2241,decision_rules,27,32
2242,dependent_variable,28,32
2243,design_of,30,32
2244,developed_by,31,32
2245,discussed_in,29,32
2246,discusses_the,31,32
2247,empirical_studies,31,32
2248,equilibrium_outcome,26,32
2249,factors_that,30,32
2250,federal_reserve,24,32
2251,for_given,31,32
2252,have_higher,30,32
2253,hence_the,32,32
2254,in_developing,31,32
2255,income_of,27,32
2256,index_of,30,32
2257,invest_in,28,32
2258,is_costly,32,32
2259,it_shows,31,32
2260,may_also,32,32
2261,model_predicts,31,32
2262,necessary_to,32,32
2263,need_for,31,32
2264,not_been,31,32
2265,of_domestic,27,32
2266,of_factors,25,32
2267,of_land,25,32
2268,of_non,31,32
2269,of_random,29,32
2270,of_strategic,28,32
2271,of_them,32,32
2272,on_both,32,32
2273,on_how,32,32
2274,panel_of,31,32
2275,paper_introduces,32,32
2276,parameters_are,29,32
2277,policy_in,31,32
2278,possibility_that,32,32
2279,return_on,29,32
2280,rule_is,27,32
2281,selection_of,30,32
2282,self_control,19,32
2283,sequential_equilibrium,19,32
2284,shape_of,25,32
2285,solution_is,29,32
2286,statistically_significant,31,32
2287,tests_and,23,32
2288,than_that,31,32
2289,that_no,32,32
2290,the_comparative,31,32
2291,the_differences,29,32
2292,the_different,31,32
2293,the_employment,27,32
2294,the_family,26,32
2295,the_gains,27,32
2296,the_international,31,32
2297,the_methods,29,32
2298,the_right,32,32
2299,the_top,30,32
2300,the_variables,29,32
2301,this_assumption,31,32
2302,to_all,31,32
2303,to_compute,31,32
2304,to_different,32,32
2305,to_new,31,32
2306,unemployment_insurance,22,32
2307,use_this,32,32
2308,way_of,32,32
2309,we_define,32,32
2310,whether_or,31,32
2311,with_no,32,32
2312,allowing_for,30,31
2313,an_open,29,31
2314,analyses_of,31,31
2315,apply_to,29,31
2316,are_applied,28,31
2317,are_studied,31,31
2318,are_very,30,31
2319,as_if,31,31
2320,as_whole,27,31
2321,assigned_to,26,31
2322,assumes_that,30,31
2323,asymptotic_properties,31,31
2324,both_in,30,31
2325,by_two,30,31
2326,capital_market,26,31
2327,change_and,27,31
2328,conclusion_is,30,31
2329,conditions_in,29,31
2330,constraints_on,29,31
2331,cost_function,24,31
2332,decisions_and,30,31
2333,determinant_of,31,31
2334,developed_and,31,31
2335,durable_goods,21,31
2336,empirical_findings,30,31
2337,equilibria_and,29,31
2338,expectations_of,28,31
2339,firm_level,27,31
2340,function_that,30,31
2341,games_in,31,31
2342,history_of,30,31
2343,if_one,28,31
2344,implementation_of,31,31
2345,in_world,29,31
2346,introduced_by,30,31
2347,is_established,29,31
2348,is_illustrated,31,31
2349,is_positively,31,31
2350,its_own,29,31
2351,light_of,31,31
2352,limited_information,28,31
2353,main_results,31,31
2354,makes_it,30,31
2355,market_with,29,31
2356,mechanism_is,26,31
2357,nash_equilibria,27,31
2358,of_countries,28,31
2359,of_endogenous,30,31
2360,on_labor,29,31
2361,or_in,31,31
2362,other_than,31,31
2363,paper_estimates,31,31
2364,paper_tests,31,31
2365,participation_in,27,31
2366,percent_increase,28,31
2367,players_are,23,31
2368,proposed_by,29,31
2369,provided_that,31,31
2370,recent_years,31,31
2371,reducing_the,31,31
2372,restrictions_are,29,31
2373,result_that,30,31
2374,saving_and,25,31
2375,section_data,26,31
2376,sensitivity_of,31,31
2377,shocks_are,30,31
2378,squares_estimator,24,31
2379,strategies_are,28,31
2380,structural_parameters,27,31
2381,study_is,31,31
2382,that_most,31,31
2383,the_assumptions,29,31
2384,the_authors,27,31
2385,the_characteristics,29,31
2386,the_direct,27,31
2387,the_findings,31,31
2388,the_possible,29,31
2389,the_rational,27,31
2390,the_south,16,31
2391,the_terms,24,31
2392,theorem_is,28,31
2393,they_do,31,31
2394,to_address,31,31
2395,to_illustrate,31,31
2396,to_market,26,31
2397,using_panel,30,31
2398,value_and,29,31
2399,volume_of,25,31
2400,way_that,31,31
2401,were_not,31,31
2402,who_have,27,31
2403,with_data,31,31
2404,with_their,30,31
2405,worse_off,28,31
2406,age_and,26,30
2407,also_shown,30,30
2408,and_after,30,30
2409,and_empirical,30,30
2410,and_less,30,30
2411,and_new,30,30
2412,approximated_by,30,30
2413,are_characterized,29,30
2414,availability_of,28,30
2415,by_which,30,30
2416,cobb_douglas,25,30
2417,consisting_of,29,30
2418,contracts_that,27,30
2419,converges_to,27,30
2420,derived_and,28,30
2421,discrete_choice,26,30
2422,each_agent,27,30
2423,educational_attainment,22,30
2424,equilibrium_we,29,30
2425,estimator_and,26,30
2426,explains_the,30,30
2427,fertility_and,23,30
2428,finite_number,25,30
2429,framework_to,29,30
2430,good_and,30,30
2431,have_different,30,30
2432,however_that,30,30
2433,hypothesis_and,30,30
2434,idea_that,30,30
2435,in_markets,29,30
2436,in_practice,30,30
2437,is_much,29,30
2438,is_robust,30,30
2439,is_sufficient,30,30
2440,large_scale,27,30
2441,little_evidence,28,30
2442,micro_data,28,30
2443,more_efficient,28,30
2444,obtained_in,27,30
2445,of_assets,23,30
2446,of_current,26,30
2447,of_family,26,30
2448,of_no,28,30
2449,of_search,26,30
2450,of_technology,27,30
2451,one_is,30,30
2452,opportunity_to,30,30
2453,our_empirical,29,30
2454,outcomes_of,28,30
2455,output_of,26,30
2456,per_year,28,30
2457,persistence_of,30,30
2458,physical_capital,19,30
2459,positive_and,30,30
2460,preferences_in,29,30
2461,pricing_model,29,30
2462,private_sector,26,30
2463,problem_the,30,30
2464,productivity_in,28,30
2465,reason_for,29,30
2466,repeated_game,21,30
2467,repeated_games,26,30
2468,returns_and,29,30
2469,run_and,26,30
2470,set_is,29,30
2471,socially_optimal,25,30
2472,support_of,28,30
2473,system_in,29,30
2474,that_some,30,30
2475,the_application,27,30
2476,the_continuous,25,30
2477,the_lower,27,30
2478,the_median,23,30
2479,the_statistical,29,30
2480,the_subject,28,30
2481,the_unit,23,30
2482,the_values,28,30
2483,the_volatility,28,30
2484,there_exist,30,30
2485,this_period,26,30
2486,to_give,30,30
2487,to_include,29,30
2488,to_induce,29,30
2489,to_schooling,23,30
2490,to_what,30,30
2491,trade_is,26,30
2492,unable_to,30,30
2493,unit_of,29,30
2494,vary_with,29,30
2495,ability_of,28,29
2496,allowed_to,29,29
2497,allows_the,29,29
2498,analysis_to,29,29
2499,and_estimate,28,29
2500,and_public,28,29
2501,and_wages,26,29
2502,apply_the,29,29
2503,approaches_to,27,29
2504,approximation_to,25,29
2505,are_independent,27,29
2506,article_is,28,29
2507,assets_in,29,29
2508,at_each,28,29
2509,aversion_and,26,29
2510,be_implemented,24,29
2511,behavior_the,29,29
2512,capital_flows,19,29
2513,cases_of,29,29
2514,content_of,26,29
2515,convergence_of,26,29
2516,critical_values,20,29
2517,defined_by,29,29
2518,description_of,29,29
2519,discount_rate,24,29
2520,discount_rates,21,29
2521,dynamic_programming,25,29
2522,each_firm,26,29
2523,each_player,21,29
2524,estimated_using,28,29
2525,estimator_for,27,29
2526,examined_in,29,29
2527,fails_to,28,29
2528,failure_of,29,29
2529,for_analyzing,28,29
2530,for_other,28,29
2531,functions_the,29,29
2532,give_rise,29,29
2533,given_for,27,29
2534,high_and,27,29
2535,higher_order,24,29
2536,how_much,29,29
2537,identification_and,28,29
2538,influenced_by,27,29
2539,information_we,29,29
2540,is_asymptotically,27,29
2541,job_search,23,29
2542,kind_of,26,29
2543,less_developed,21,29
2544,long_as,29,29
2545,majority_rule,20,29
2546,necessary_for,29,29
2547,new_york,25,29
2548,not_require,29,29
2549,of_consumers,26,29
2550,of_estimating,27,29
2551,of_housing,21,29
2552,of_intertemporal,25,29
2553,of_nonlinear,23,29
2554,of_potential,28,29
2555,of_stochastic,26,29
2556,of_technical,21,29
2557,of_total,28,29
2558,on_us,29,29
2559,one_in,28,29
2560,one_third,27,29
2561,only_when,29,29
2562,outcomes_in,27,29
2563,parameter_values,29,29
2564,parameters_in,26,29
2565,period_and,28,29
2566,provide_evidence,28,29
2567,pure_strategy,28,29
2568,quality_and,29,29
2569,quantify_the,26,29
2570,real_exchange,20,29
2571,regression_discontinuity,29,29
2572,responsive_to,29,29
2573,risk_of,28,29
2574,same_as,28,29
2575,series_data,27,29
2576,skilled_labor,20,29
2577,speed_of,24,29
2578,states_in,29,29
2579,steady_states,17,29
2580,sufficient_to,28,29
2581,systems_of,27,29
2582,the_asset,24,29
2583,the_balance,19,29
2584,the_causal,29,29
2585,the_cyclical,24,29
2586,the_discount,27,29
2587,the_experiment,26,29
2588,the_experimental,28,29
2589,the_fraction,25,29
2590,the_incentive,26,29
2591,the_input,22,29
2592,the_nominal,20,29
2593,the_nonparametric,23,29
2594,the_shape,23,29
2595,the_transition,26,29
2596,the_unemployment,25,29
2597,they_may,28,29
2598,this_analysis,29,29
2599,this_framework,29,29
2600,time_to,27,29
2601,to_and,28,29
2602,to_consume,23,29
2603,to_invest,26,29
2604,to_predict,28,29
2605,to_sell,27,29
2606,us_manufacturing,27,29
2607,value_added,17,29
2608,we_illustrate,27,29
2609,we_measure,28,29
2610,we_obtain,29,29
2611,wealth_and,28,29
2612,willing_to,26,29
2613,account_the,27,28
2614,addition_we,28,28
2615,agents_have,25,28
2616,all_other,27,28
2617,allocation_is,23,28
2618,and_earnings,24,28
2619,and_hours,19,28
2620,and_low,28,28
2621,and_others,28,28
2622,and_real,27,28
2623,and_relative,25,28
2624,and_services,25,28
2625,and_state,27,28
2626,are_associated,28,28
2627,are_higher,28,28
2628,at_all,28,28
2629,attention_to,27,28
2630,attributable_to,26,28
2631,based_upon,26,28
2632,been_the,27,28
2633,buyers_and,23,28
2634,capital_in,25,28
2635,carried_out,27,28
2636,case_and,25,28
2637,concepts_of,26,28
2638,consumption_goods,14,28
2639,costs_the,28,28
2640,data_sets,24,28
2641,described_by,28,28
2642,distinguish_between,27,28
2643,drawn_from,28,28
2644,easy_to,26,28
2645,equilibrium_models,27,28
2646,estimates_suggest,28,28
2647,examining_the,27,28
2648,factor_price,19,28
2649,functions_that,26,28
2650,furthermore_the,28,28
2651,game_with,25,28
2652,generalized_method,28,28
2653,groups_of,27,28
2654,here_is,28,28
2655,implication_of,27,28
2656,in_linear,26,28
2657,in_public,27,28
2658,in_several,28,28
2659,in_standard,28,28
2660,individual_preferences,23,28
2661,insurance_and,25,28
2662,intensity_of,27,28
2663,investment_decisions,25,28
2664,investments_in,27,28
2665,is_common,27,28
2666,is_required,27,28
2667,it_would,28,28
2668,labor_productivity,19,28
2669,marginal_utility,25,28
2670,model_also,28,28
2671,money_demand,20,28
2672,more_productive,24,28
2673,occur_in,26,28
2674,of_debt,21,28
2675,of_excess,25,28
2676,of_markets,26,28
2677,of_parameters,25,28
2678,of_product,26,28
2679,of_what,27,28
2680,on_its,27,28
2681,other_things,26,28
2682,paper_derives,26,28
2683,patterns_in,27,28
2684,point_in,27,28
2685,presents_model,28,28
2686,question_is,27,28
2687,rate_the,28,28
2688,regression_models,28,28
2689,regularity_conditions,26,28
2690,representation_of,28,28
2691,responsible_for,27,28
2692,search_and,27,28
2693,search_for,24,28
2694,show_the,28,28
2695,small_and,27,28
2696,studies_have,26,28
2697,substitution_between,25,28
2698,supported_by,26,28
2699,that_will,27,28
2700,the_adjustment,22,28
2701,the_agent's,21,28
2702,the_commodity,22,28
2703,the_contract,22,28
2704,the_country,26,28
2705,the_distributions,27,28
2706,the_effective,21,28
2707,the_financial,27,28
2708,the_implied,26,28
2709,the_incentives,27,28
2710,the_inverse,21,28
2711,the_measurement,25,28
2712,the_payoff,26,28
2713,the_procedure,26,28
2714,the_propensity,17,28
2715,the_term,24,28
2716,these_are,28,28
2717,this_implies,28,28
2718,to_economic,27,28
2719,to_raise,27,28
2720,treatment_effects,19,28
2721,united_kingdom,25,28
2722,used_by,28,28
2723,uses_the,28,28
2724,we_call,28,28
2725,we_model,28,28
2726,we_report,28,28
2727,welfare_effects,24,28
2728,whether_to,26,28
2729,with_heterogeneous,28,28
2730,with_incomplete,27,28
2731,with_large,27,28
2732,agents_who,23,27
2733,all_three,27,27
2734,almost_all,23,27
2735,an_allocation,24,27
2736,an_asset,26,27
2737,analogous_to,27,27
2738,analyzed_in,26,27
2739,and_as,27,27
2740,and_between,26,27
2741,and_individual,24,27
2742,and_productivity,26,27
2743,and_provide,27,27
2744,and_risk,27,27
2745,and_tax,25,27
2746,and_these,27,27
2747,are_defined,26,27
2748,are_significantly,27,27
2749,assumptions_on,25,27
2750,be_obtained,27,27
2751,behavior_we,27,27
2752,both_of,27,27
2753,capital_investment,22,27
2754,cash_flow,15,27
2755,choose_to,27,27
2756,closed_form,27,27
2757,conditional_moment,18,27
2758,considered_the,27,27
2759,contribute_to,27,27
2760,contribution_of,25,27
2761,decision_to,27,27
2762,economic_models,26,27
2763,economies_and,25,27
2764,efficiency_and,27,27
2765,either_the,27,27
2766,employed_in,26,27
2767,error_in,23,27
2768,estimates_for,26,27
2769,explaining_the,26,27
2770,exploit_the,27,27
2771,factor_endowments,20,27
2772,first_we,27,27
2773,focus_of,27,27
2774,for_those,23,27
2775,from_their,26,27
2776,from_trade,25,27
2777,full_employment,20,27
2778,game_is,26,27
2779,general_model,25,27
2780,given_by,27,27
2781,important_in,27,27
2782,income_the,27,27
2783,individually_rational,23,27
2784,individuals_with,24,27
2785,is_difficult,27,27
2786,is_driven,27,27
2787,is_equivalent,25,27
2788,is_positive,25,27
2789,is_taken,26,27
2790,known_that,26,27
2791,law_of,24,27
2792,liquidity_constraints,20,27
2793,market_value,24,27
2794,measures_the,24,27
2795,mechanism_for,26,27
2796,monetary_expansion,16,27
2797,moreover_the,27,27
2798,of_equations,24,27
2799,of_fixed,25,27
2800,of_it,26,27
2801,of_life,23,27
2802,of_marginal,22,27
2803,of_nominal,25,27
2804,of_school,27,27
2805,of_simultaneous,25,27
2806,of_technological,24,27
2807,on_output,22,27
2808,on_two,27,27
2809,on_which,27,27
2810,one_or,26,27
2811,opposed_to,26,27
2812,or_by,27,27
2813,paper_deals,27,27
2814,paper_describes,27,27
2815,paper_extends,27,27
2816,parameter_estimates,26,27
2817,percent_for,20,27
2818,plant_level,22,27
2819,policies_are,27,27
2820,political_economy,23,27
2821,portion_of,25,27
2822,preferences_we,27,27
2823,problems_and,27,27
2824,production_is,26,27
2825,proof_of,26,27
2826,proportional_to,24,27
2827,rates_to,26,27
2828,relative_importance,25,27
2829,significance_of,26,27
2830,since_it,27,27
2831,skilled_workers,19,27
2832,some_cases,26,27
2833,strength_of,27,27
2834,structure_in,27,27
2835,suggested_that,25,27
2836,tax_on,22,27
2837,testing_the,23,27
2838,that_people,24,27
2839,the_1970s,25,27
2840,the_discussion,26,27
2841,the_dispersion,26,27
2842,the_disturbances,23,27
2843,the_econometric,23,27
2844,the_exogenous,23,27
2845,the_failure,27,27
2846,the_fixed,22,27
2847,the_greater,24,27
2848,the_important,25,27
2849,the_mechanism,26,27
2850,the_opposite,27,27
2851,the_profit,23,27
2852,the_range,26,27
2853,the_so,27,27
2854,the_speed,24,27
2855,the_strong,24,27
2856,the_year,25,27
2857,they_were,24,27
2858,this_context,26,27
2859,this_theory,25,27
2860,three_stage,17,27
2861,to_higher,26,27
2862,to_lower,26,27
2863,to_maintain,25,27
2864,to_solve,27,27
2865,trade_policy,20,27
2866,usefulness_of,26,27
2867,utility_theory,20,27
2868,wage_differentials,20,27
2869,we_assume,27,27
2870,we_give,27,27
2871,workers_who,23,27
2872,above_the,26,26
2873,accumulation_of,26,26
2874,an_average,26,26
2875,an_increasing,25,26
2876,an_overlapping,26,26
2877,and_education,20,26
2878,and_high,24,26
2879,and_increases,26,26
2880,and_large,25,26
2881,and_shows,26,26
2882,and_test,26,26
2883,are_high,24,26
2884,are_investigated,26,26
2885,are_related,26,26
2886,are_small,26,26
2887,as_is,26,26
2888,as_they,25,26
2889,be_considered,26,26
2890,be_optimal,25,26
2891,be_viewed,25,26
2892,beyond_the,26,26
2893,borrowing_constraints,21,26
2894,budget_constraint,21,26
2895,by_changes,25,26
2896,by_comparing,26,26
2897,capital_labor,18,26
2898,capital_markets,24,26
2899,change_the,25,26
2900,choice_and,25,26
2901,competitive_market,21,26
2902,complete_information,24,26
2903,confidence_sets,15,26
2904,consequence_of,26,26
2905,developed_for,26,26
2906,distribution_function,21,26
2907,each_individual,23,26
2908,economists_have,25,26
2909,economy_and,26,26
2910,equity_premium,23,26
2911,estimators_and,24,26
2912,exceeds_the,26,26
2913,expansion_of,24,26
2914,factors_are,25,26
2915,factors_of,21,26
2916,family_size,13,26
2917,for_general,26,26
2918,for_one,24,26
2919,forward_looking,20,26
2920,functions_in,25,26
2921,health_and,22,26
2922,help_to,26,26
2923,higher_in,26,26
2924,however_we,26,26
2925,if_all,26,26
2926,in_government,22,26
2927,in_small,26,26
2928,in_state,23,26
2929,incomplete_markets,23,26
2930,increased_by,23,26
2931,information_that,25,26
2932,inputs_and,25,26
2933,involved_in,25,26
2934,is_only,26,26
2935,is_related,22,26
2936,local_public,23,26
2937,made_by,26,26
2938,marginal_costs,18,26
2939,market_clearing,22,26
2940,markets_we,26,26
2941,marriage_market,15,26
2942,maximize_the,26,26
2943,member_of,23,26
2944,national_income,22,26
2945,natural_experiment,24,26
2946,neumann_morgenstern,21,26
2947,of_actual,25,26
2948,of_aggregation,21,26
2949,of_commodity,24,26
2950,of_common,24,26
2951,of_complete,25,26
2952,of_conditional,23,26
2953,of_cross,25,26
2954,of_effective,15,26
2955,of_national,23,26
2956,of_population,23,26
2957,of_possible,25,26
2958,of_recent,25,26
2959,of_sample,23,26
2960,of_supply,23,26
2961,of_women,25,26
2962,one_half,26,26
2963,policy_of,24,26
2964,positively_correlated,25,26
2965,profile_of,24,26
2966,propose_an,26,26
2967,raise_the,25,26
2968,random_walk,21,26
2969,randomly_assigned,23,26
2970,rate_at,23,26
2971,relation_to,24,26
2972,relationship_is,25,26
2973,relative_risk,22,26
2974,results_imply,26,26
2975,results_on,26,26
2976,rule_out,26,26
2977,size_distribution,22,26
2978,so_far,25,26
2979,some_evidence,26,26
2980,stock_and,24,26
2981,strategies_in,26,26
2982,suppose_that,24,26
2983,test_whether,26,26
2984,tests_the,26,26
2985,that_at,25,26
2986,the_control,24,26
2987,the_liquidity,22,26
2988,the_location,22,26
2989,the_natural,21,26
2990,the_preference,21,26
2991,the_quantitative,25,26
2992,the_reduced,21,26
2993,the_restrictions,23,26
2994,the_source,26,26
2995,the_special,25,26
2996,the_third,25,26
2997,this_leads,26,26
2998,this_prediction,25,26
2999,threat_of,24,26
3000,to_affect,26,26
3001,to_demonstrate,24,26
3002,to_education,21,26
3003,to_support,26,26
3004,trade_with,24,26
3005,uncertainty_in,24,26
3006,used_for,26,26
3007,values_and,24,26
3008,wages_in,21,26
3009,well_being,19,26
3010,wide_variety,26,26
3011,absolute_risk,20,25
3012,among_other,25,25
3013,an_environment,25,25
3014,an_estimator,23,25
3015,an_initial,23,25
3016,and_each,24,25
3017,and_financial,23,25
3018,and_unemployment,20,25
3019,applicable_to,24,25
3020,are_at,25,25
3021,are_significant,20,25
3022,are_subject,24,25
3023,arising_from,25,25
3024,around_the,24,25
3025,as_function,24,25
3026,as_opposed,24,25
3027,behavior_that,25,25
3028,better_off,25,25
3029,capital_income,17,25
3030,certain_conditions,25,25
3031,closely_related,24,25
3032,comparative_static,24,25
3033,consumption_growth,15,25
3034,consumption_is,22,25
3035,core_of,25,25
3036,correlation_of,22,25
3037,current_population,22,25
3038,decision_makers,23,25
3039,degrees_of,22,25
3040,demand_the,24,25
3041,distribution_the,22,25
3042,distributions_are,24,25
3043,econometric_models,24,25
3044,economic_development,25,25
3045,economics_of,24,25
3046,economy_where,25,25
3047,elasticities_are,22,25
3048,equations_are,22,25
3049,equilibrium_for,21,25
3050,expectations_and,24,25
3051,expectations_equilibrium,21,25
3052,expenditures_and,23,25
3053,experiment_in,24,25
3054,factor_productivity,24,25
3055,factors_in,25,25
3056,first_price,21,25
3057,fixed_costs,18,25
3058,for_firms,24,25
3059,game_theory,25,25
3060,generations_model,25,25
3061,goes_to,23,25
3062,have_not,23,25
3063,health_care,18,25
3064,high_income,23,25
3065,hours_of,18,25
3066,how_this,24,25
3067,imposed_by,24,25
3068,in_previous,24,25
3069,in_prices,23,25
3070,in_relative,23,25
3071,incentive_compatibility,18,25
3072,income_in,24,25
3073,industries_the,21,25
3074,industry_and,24,25
3075,interaction_of,24,25
3076,is_better,22,25
3077,is_compared,25,25
3078,is_high,23,25
3079,is_highly,25,25
3080,location_of,23,25
3081,made_in,24,25
3082,marginal_product,17,25
3083,market_prices,23,25
3084,model_based,24,25
3085,modeled_as,25,25
3086,models_for,24,25
3087,new_approach,24,25
3088,not_depend,24,25
3089,of_continuous,24,25
3090,of_discrete,24,25
3091,of_existing,24,25
3092,of_finite,23,25
3093,of_increasing,25,25
3094,of_protection,16,25
3095,of_pure,24,25
3096,of_short,24,25
3097,on_economic,25,25
3098,open_economy,23,25
3099,out_that,24,25
3100,percentage_point,21,25
3101,price_adjustment,18,25
3102,price_dispersion,16,25
3103,price_setting,18,25
3104,products_and,22,25
3105,purchasing_power,19,25
3106,random_variables,19,25
3107,rates_on,23,25
3108,robustness_of,24,25
3109,scale_economies,19,25
3110,series_and,25,25
3111,social_and,22,25
3112,standard_models,23,25
3113,state_space,14,25
3114,states_the,24,25
3115,statistics_are,19,25
3116,structural_model,24,25
3117,structure_is,25,25
3118,studied_in,25,25
3119,taxes_are,24,25
3120,technical_progress,18,25
3121,technology_is,17,25
3122,test_statistic,21,25
3123,than_is,23,25
3124,that_as,25,25
3125,that_do,24,25
3126,that_more,25,25
3127,that_social,22,25
3128,that_was,24,25
3129,the_american,22,25
3130,the_consistency,21,25
3131,the_focus,25,25
3132,the_foreign,22,25
3133,the_increased,24,25
3134,the_length,25,25
3135,the_monopolist,14,25
3136,the_monopoly,22,25
3137,the_preferences,21,25
3138,the_pricing,21,25
3139,the_property,22,25
3140,the_sensitivity,24,25
3141,the_slope,16,25
3142,the_specification,25,25
3143,the_strength,25,25
3144,the_union,21,25
3145,the_weak,20,25
3146,theoretical_framework,24,25
3147,there_may,22,25
3148,those_that,24,25
3149,time_is,20,25
3150,to_another,24,25
3151,to_consider,23,25
3152,to_depend,25,25
3153,to_incorporate,25,25
3154,to_labor,24,25
3155,to_match,22,25
3156,trends_in,23,25
3157,unique_data,25,25
3158,unique_equilibrium,24,25
3159,utility_and,25,25
3160,variables_is,25,25
3161,welfare_gains,23,25
3162,which_an,25,25
3163,which_individuals,24,25
3164,which_one,24,25
3165,with_perfect,24,25
3166,with_which,24,25
3167,without_the,25,25
3168,about_future,21,24
3169,accompanied_by,23,24
3170,across_firms,19,24
3171,agents_in,24,24
3172,agents_to,23,24
3173,aggregate_consumption,18,24
3174,an_exchange,23,24
3175,analysis_shows,24,24
3176,and_asset,21,24
3177,and_asymptotically,23,24
3178,and_compared,23,24
3179,and_policy,22,24
3180,and_thereby,24,24
3181,apply_our,24,24
3182,approach_and,22,24
3183,approximations_to,22,24
3184,are_described,24,24
3185,are_explored,24,24
3186,are_much,24,24
3187,are_sufficiently,24,24
3188,assumptions_are,22,24
3189,asymptotic_theory,19,24
3190,asymptotically_efficient,21,24
3191,be_achieved,23,24
3192,be_attributed,23,24
3193,be_derived,22,24
3194,beliefs_and,24,24
3195,benefits_from,23,24
3196,but_they,24,24
3197,by_estimating,24,24
3198,by_firms,23,24
3199,called_the,22,24
3200,can_generate,23,24
3201,can_improve,24,24
3202,competitive_equilibria,17,24
3203,constraints_and,23,24
3204,consumer_demand,21,24
3205,consumers_are,21,24
3206,cost_to,23,24
3207,costs_to,24,24
3208,costs_we,24,24
3209,current_income,16,24
3210,decision_rule,18,24
3211,declines_in,19,24
3212,develops_an,24,24
3213,different_types,23,24
3214,discount_factor,23,24
3215,economic_conditions,22,24
3216,effect_and,24,24
3217,effect_in,22,24
3218,emphasizes_the,24,24
3219,estimates_and,22,24
3220,examples_are,24,24
3221,expected_value,19,24
3222,factors_and,21,24
3223,failure_to,24,24
3224,focusing_on,24,24
3225,function_in,24,24
3226,government_spending,18,24
3227,great_depression,22,24
3228,have_shown,22,24
3229,heckscher_ohlin,16,24
3230,iii_the,24,24
3231,in_detail,24,24
3232,in_human,23,24
3233,in_line,22,24
3234,incidence_of,23,24
3235,income_hypothesis,21,24
3236,investigate_whether,23,24
3237,is_efficient,23,24
3238,is_employed,23,24
3239,is_function,21,24
3240,is_higher,24,24
3241,is_subject,22,24
3242,is_tested,24,24
3243,is_usually,24,24
3244,is_whether,23,24
3245,known_as,23,24
3246,least_as,23,24
3247,life_expectancy,13,24
3248,manufacturing_industries,21,24
3249,maximization_of,21,24
3250,measurement_of,23,24
3251,model_it,23,24
3252,models_is,23,24
3253,moment_restrictions,18,24
3254,more_in,24,24
3255,more_of,23,24
3256,much_as,23,24
3257,much_less,24,24
3258,multiple_equilibria,22,24
3259,negative_effect,23,24
3260,no_longer,24,24
3261,none_of,24,24
3262,not_affect,24,24
3263,of_child,18,24
3264,of_estimation,23,24
3265,of_exogenous,24,24
3266,of_first,22,24
3267,of_fiscal,21,24
3268,of_inequality,21,24
3269,of_knowledge,21,24
3270,of_less,24,24
3271,of_observed,20,24
3272,of_preference,21,24
3273,of_quality,21,24
3274,of_returns,23,24
3275,of_voting,19,24
3276,of_welfare,24,24
3277,on_these,24,24
3278,one_period,21,24
3279,or_other,24,24
3280,paper_are,24,24
3281,parameters_and,23,24
3282,pareto_efficient,21,24
3283,pass_through,13,24
3284,phillips_curve,17,24
3285,population_and,21,24
3286,positive_correlation,22,24
3287,positive_effect,23,24
3288,positively_related,23,24
3289,power_to,22,24
3290,prices_we,24,24
3291,probability_distribution,24,24
3292,property_of,24,24
3293,raises_the,23,24
3294,rate_in,23,24
3295,rates_is,24,24
3296,real_world,23,24
3297,results_provide,24,24
3298,risk_is,23,24
3299,role_for,23,24
3300,second_price,19,24
3301,self_selection,19,24
3302,serve_as,24,24
3303,should_not,23,24
3304,states_we,23,24
3305,success_of,22,24
3306,such_models,24,24
3307,taxes_on,21,24
3308,tests_in,18,24
3309,than_their,23,24
3310,that_while,24,24
3311,the_1990s,22,24
3312,the_associated,24,24
3313,the_bargaining,19,24
3314,the_covariance,19,24
3315,the_differential,21,24
3316,the_domestic,20,24
3317,the_human,22,24
3318,the_larger,22,24
3319,the_lowest,24,24
3320,the_normal,24,24
3321,the_optimum,22,24
3322,the_option,16,24
3323,the_persistence,24,24
3324,then_used,24,24
3325,therefore_the,24,24
3326,this_method,23,24
3327,though_the,24,24
3328,to_any,24,24
3329,to_characterize,24,24
3330,to_understand,24,24
3331,to_vary,23,24
3332,trade_the,22,24
3333,two_period,24,24
3334,unemployment_and,23,24
3335,variable_is,22,24
3336,was_not,24,24
3337,was_the,23,24
3338,way_to,24,24
3339,with_finite,23,24
3340,years_and,24,24
3341,accumulation_and,19,23
3342,aggregate_data,21,23
3343,an_exogenous,22,23
3344,an_experiment,23,23
3345,an_index,21,23
3346,an_individual's,21,23
3347,and_aggregate,23,23
3348,and_foreign,22,23
3349,and_information,22,23
3350,and_sellers,19,23
3351,and_significant,22,23
3352,and_where,22,23
3353,and_without,22,23
3354,are_highly,23,23
3355,are_low,20,23
3356,are_relatively,19,23
3357,arise_from,23,23
3358,at_different,21,23
3359,attention_is,23,23
3360,attitudes_toward,19,23
3361,average_cost,15,23
3362,be_regarded,22,23
3363,become_more,23,23
3364,been_made,21,23
3365,bias_and,21,23
3366,by_more,23,23
3367,by_percentage,17,23
3368,capita_income,15,23
3369,causal_effect,22,23
3370,changes_are,23,23
3371,compares_the,22,23
3372,comparing_the,23,23
3373,conditions_which,22,23
3374,constant_returns,23,23
3375,consumer_surplus,17,23
3376,contracts_in,22,23
3377,conventional_wisdom,20,23
3378,current_account,15,23
3379,debt_and,23,23
3380,demand_equations,16,23
3381,demand_shocks,19,23
3382,density_of,19,23
3383,differences_are,23,23
3384,differs_from,22,23
3385,document_that,21,23
3386,drop_in,19,23
3387,during_this,23,23
3388,effects_the,23,23
3389,estimated_from,23,23
3390,estimated_with,23,23
3391,estimators_for,21,23
3392,example_the,23,23
3393,exogenous_variation,23,23
3394,explanations_for,23,23
3395,faced_by,23,23
3396,factor_of,18,23
3397,firms_have,23,23
3398,firms_may,22,23
3399,flow_of,17,23
3400,from_these,22,23
3401,game_theoretic,19,23
3402,goods_the,23,23
3403,have_more,22,23
3404,higher_education,10,23
3405,illustrated_by,23,23
3406,impacts_of,21,23
3407,important_to,23,23
3408,improve_the,23,23
3409,in_advance,22,23
3410,in_china,16,23
3411,in_countries,21,23
3412,in_life,17,23
3413,in_three,23,23
3414,in_wage,19,23
3415,included_in,23,23
3416,increase_with,22,23
3417,inequality_and,20,23
3418,inequality_in,20,23
3419,information_structure,19,23
3420,innovation_in,21,23
3421,interest_and,20,23
3422,into_an,23,23
3423,investment_is,21,23
3424,is_explained,22,23
3425,is_too,20,23
3426,is_true,23,23
3427,least_one,23,23
3428,like_the,22,23
3429,likelihood_function,14,23
3430,line_with,22,23
3431,market_we,23,23
3432,may_lead,22,23
3433,mechanism_design,22,23
3434,monetary_and,19,23
3435,monopoly_power,21,23
3436,necessary_conditions,22,23
3437,of_behavior,21,23
3438,of_efficiency,19,23
3439,of_incomplete,22,23
3440,of_net,20,23
3441,of_poverty,13,23
3442,one_that,20,23
3443,only_to,22,23
3444,optimal_contract,19,23
3445,paper_attempts,23,23
3446,paper_offers,23,23
3447,parameters_the,23,23
3448,per_cent,13,23
3449,perfect_equilibria,18,23
3450,placed_on,23,23
3451,poor_countries,15,23
3452,prefer_to,19,23
3453,presented_and,22,23
3454,prevalence_of,23,23
3455,private_and,22,23
3456,probability_distributions,20,23
3457,process_the,22,23
3458,product_market,21,23
3459,production_in,22,23
3460,profitability_of,18,23
3461,programming_problem,22,23
3462,public_and,21,23
3463,pure_exchange,21,23
3464,ratio_test,21,23
3465,reflects_the,21,23
3466,regression_coefficients,18,23
3467,representative_agent,20,23
3468,results_also,23,23
3469,reveals_that,23,23
3470,risk_preferences,14,23
3471,run_equilibrium,21,23
3472,seeks_to,21,23
3473,shed_light,23,23
3474,squares_estimates,21,23
3475,stochastic_process,22,23
3476,stylized_facts,19,23
3477,superior_to,23,23
3478,supply_functions,16,23
3479,supports_the,23,23
3480,term_structure,19,23
3481,test_this,23,23
3482,that_individual,23,23
3483,that_only,23,23
3484,the_adoption,22,23
3485,the_age,21,23
3486,the_apparent,22,23
3487,the_article,19,23
3488,the_bootstrap,9,23
3489,the_changes,21,23
3490,the_conclusion,22,23
3491,the_dual,18,23
3492,the_equity,21,23
3493,the_explanatory,19,23
3494,the_function,21,23
3495,the_inflation,20,23
3496,the_lack,23,23
3497,the_object,20,23
3498,the_part,22,23
3499,the_parties,17,23
3500,the_static,20,23
3501,the_threat,21,23
3502,the_typical,22,23
3503,the_volume,19,23
3504,the_voting,18,23
3505,theoretical_and,23,23
3506,these_estimates,23,23
3507,to_accept,22,23
3508,to_apply,22,23
3509,to_both,23,23
3510,to_enter,21,23
3511,treated_as,23,23
3512,two_countries,20,23
3513,two_models,21,23
3514,unlikely_to,23,23
3515,using_new,23,23
3516,variance_covariance,17,23
3517,very_different,23,23
3518,wage_rates,18,23
3519,we_shall,17,23
3520,well_in,23,23
3521,where_each,22,23
3522,with_each,23,23
3523,with_private,22,23
3524,women_in,21,23
3525,work_of,23,23
3526,accounted_for,22,22
3527,agents_and,22,22
3528,allow_us,22,22
3529,amounts_of,22,22
3530,an_instrument,22,22
3531,analysis_in,20,22
3532,analysis_the,21,22
3533,and_firms,22,22
3534,and_health,21,22
3535,and_non,21,22
3536,and_tests,20,22
3537,applies_to,21,22
3538,are_allowed,20,22
3539,are_tested,22,22
3540,as_consequence,22,22
3541,assumptions_that,20,22
3542,be_characterized,22,22
3543,be_of,22,22
3544,body_of,21,22
3545,by_different,22,22
3546,can_occur,21,22
3547,capital_the,22,22
3548,changes_and,22,22
3549,commit_to,21,22
3550,compatible_with,22,22
3551,condition_on,21,22
3552,condition_that,20,22
3553,consider_an,22,22
3554,consistency_and,21,22
3555,consumers_and,21,22
3556,consumption_in,22,22
3557,contrast_with,21,22
3558,curve_is,18,22
3559,dealing_with,22,22
3560,demand_in,21,22
3561,develop_an,22,22
3562,dominated_by,21,22
3563,economic_model,21,22
3564,economic_variables,20,22
3565,effects_we,20,22
3566,efficient_allocation,19,22
3567,engel_curves,15,22
3568,equilibria_with,22,22
3569,evidence_in,21,22
3570,example_is,21,22
3571,exist_in,22,22
3572,expectations_in,22,22
3573,expenditure_survey,22,22
3574,experience_and,19,22
3575,experiment_to,22,22
3576,fall_in,21,22
3577,find_the,22,22
3578,firms_can,21,22
3579,for_individuals,21,22
3580,for_labor,21,22
3581,for_risk,20,22
3582,form_and,21,22
3583,from_that,21,22
3584,game_the,22,22
3585,government_debt,19,22
3586,growth_models,21,22
3587,households_in,22,22
3588,however_if,22,22
3589,however_this,22,22
3590,imposed_on,22,22
3591,in_continuous,21,22
3592,in_india,20,22
3593,in_manner,22,22
3594,in_productivity,21,22
3595,in_those,21,22
3596,incentives_and,22,22
3597,individuals_to,20,22
3598,industry_is,17,22
3599,infinite_dimensional,18,22
3600,insights_into,22,22
3601,instrument_for,22,22
3602,intertemporal_substitution,21,22
3603,is_allowed,22,22
3604,is_formulated,21,22
3605,is_larger,22,22
3606,is_lower,20,22
3607,is_observed,22,22
3608,is_significantly,21,22
3609,is_smaller,21,22
3610,it_appears,22,22
3611,labor_demand,17,22
3612,limiting_distribution,18,22
3613,market_conditions,18,22
3614,market_outcomes,18,22
3615,mean_and,19,22
3616,measuring_the,22,22
3617,men_and,22,22
3618,moving_average,19,22
3619,natural_rate,17,22
3620,needed_to,21,22
3621,neoclassical_model,19,22
3622,new_evidence,22,22
3623,normal_distribution,19,22
3624,of_being,20,22
3625,of_contracts,19,22
3626,of_cost,22,22
3627,of_durable,16,22
3628,of_economies,18,22
3629,of_given,21,22
3630,of_group,21,22
3631,of_regulation,17,22
3632,of_saving,19,22
3633,of_taxation,20,22
3634,of_variables,21,22
3635,open_market,14,22
3636,optimal_consumption,15,22
3637,our_theory,21,22
3638,out_in,22,22
3639,output_in,21,22
3640,ownership_of,20,22
3641,perfect_competition,19,22
3642,population_of,22,22
3643,preferences_is,21,22
3644,preferences_the,20,22
3645,prior_beliefs,16,22
3646,private_values,18,22
3647,problems_are,20,22
3648,production_costs,17,22
3649,provides_the,22,22
3650,quantity_theory,12,22
3651,reflect_the,21,22
3652,requires_that,20,22
3653,responses_of,21,22
3654,resulted_in,21,22
3655,results_the,20,22
3656,risk_premium,17,22
3657,rule_for,20,22
3658,savings_and,20,22
3659,states_with,19,22
3660,structural_change,12,22
3661,system_the,22,22
3662,takes_place,21,22
3663,tax_and,20,22
3664,than_other,21,22
3665,than_under,20,22
3666,the_availability,21,22
3667,the_definition,20,22
3668,the_dependent,21,22
3669,the_distinction,22,22
3670,the_environment,20,22
3671,the_factors,21,22
3672,the_housing,19,22
3673,the_individual's,18,22
3674,the_lag,13,22
3675,the_north,14,22
3676,the_ordinary,19,22
3677,the_panel,21,22
3678,the_prediction,19,22
3679,the_search,20,22
3680,theory_that,22,22
3681,these_changes,22,22
3682,they_would,20,22
3683,third_of,22,22
3684,this_can,22,22
3685,time_we,22,22
3686,to_buy,20,22
3687,to_consumers,20,22
3688,to_data,22,22
3689,to_form,22,22
3690,to_high,21,22
3691,to_infinity,20,22
3692,to_influence,22,22
3693,to_keep,21,22
3694,to_monetary,19,22
3695,to_perform,21,22
3696,to_purchase,21,22
3697,to_respond,22,22
3698,to_set,22,22
3699,total_factor,21,22
3700,twentieth_century,22,22
3701,two_different,21,22
3702,two_sided,21,22
3703,value_is,21,22
3704,value_the,18,22
3705,volatility_and,19,22
3706,wages_are,22,22
3707,way_in,22,22
3708,we_describe,22,22
3709,weighted_average,17,22
3710,will_increase,22,22
3711,with_both,22,22
3712,with_one,21,22
3713,with_positive,21,22
3714,an_approach,20,21
3715,an_explicit,20,21
3716,analysis_and,21,21
3717,and_derive,21,21
3718,and_from,21,21
3719,and_interest,21,21
3720,and_money,20,21
3721,and_portfolio,16,21
3722,are_an,21,21
3723,are_lower,19,21
3724,as_those,21,21
3725,association_between,19,21
3726,axiom_of,17,21
3727,be_able,20,21
3728,be_represented,21,21
3729,be_shown,20,21
3730,behavior_by,20,21
3731,bound_on,19,21
3732,brownian_motion,18,21
3733,burden_of,19,21
3734,but_there,21,21
3735,by_contrast,21,21
3736,by_showing,21,21
3737,can_increase,21,21
3738,cases_in,21,21
3739,characterizes_the,21,21
3740,choices_of,19,21
3741,commodity_prices,17,21
3742,competition_among,20,21
3743,constraints_the,20,21
3744,contracts_and,21,21
3745,could_have,19,21
3746,data_that,21,21
3747,decisions_the,21,21
3748,defined_on,19,21
3749,depend_upon,19,21
3750,depends_upon,21,21
3751,derivation_of,21,21
3752,devoted_to,20,21
3753,differ_from,21,21
3754,doing_so,21,21
3755,economics_and,21,21
3756,efficiency_in,17,21
3757,effort_to,21,21
3758,elimination_of,21,21
3759,enter_the,19,21
3760,equation_model,20,21
3761,equilibrium_analysis,18,21
3762,establish_the,20,21
3763,estimation_is,20,21
3764,except_for,21,21
3765,existing_literature,20,21
3766,expense_of,20,21
3767,far_from,21,21
3768,firm_the,21,21
3769,firms_the,21,21
3770,first_and,21,21
3771,focused_on,21,21
3772,for_high,20,21
3773,for_identification,18,21
3774,for_long,20,21
3775,for_new,20,21
3776,for_wide,21,21
3777,foreign_exchange,17,21
3778,form_the,20,21
3779,from_two,21,21
3780,given_in,20,21
3781,goods_in,20,21
3782,have_lower,18,21
3783,held_by,20,21
3784,high_frequency,17,21
3785,high_quality,16,21
3786,highlights_the,21,21
3787,his_own,19,21
3788,idea_of,20,21
3789,improvement_in,18,21
3790,in_every,18,21
3791,in_international,19,21
3792,in_monetary,19,21
3793,in_number,21,21
3794,in_single,21,21
3795,in_spite,18,21
3796,increasing_in,20,21
3797,independence_of,18,21
3798,industries_in,17,21
3799,is_called,20,21
3800,is_described,20,21
3801,is_done,21,21
3802,is_little,21,21
3803,is_modeled,21,21
3804,is_most,21,21
3805,is_set,20,21
3806,labor_is,20,21
3807,learn_about,21,21
3808,limit_theory,11,21
3809,linear_model,19,21
3810,loss_aversion,15,21
3811,lower_bound,14,21
3812,making_the,21,21
3813,market_price,19,21
3814,markets_to,20,21
3815,mean_of,19,21
3816,measures_are,21,21
3817,model_by,21,21
3818,net_worth,12,21
3819,new_and,21,21
3820,new_information,21,21
3821,nineteenth_century,19,21
3822,nominal_interest,16,21
3823,normal_form,15,21
3824,normally_distributed,19,21
3825,not_always,21,21
3826,not_hold,21,21
3827,notion_that,21,21
3828,obtained_for,21,21
3829,of_bank,17,21
3830,of_beliefs,20,21
3831,of_course,21,21
3832,of_equity,18,21
3833,of_fertility,15,21
3834,of_games,19,21
3835,of_industry,18,21
3836,of_is,18,21
3837,of_men,15,21
3838,of_multiple,20,21
3839,of_order,19,21
3840,of_resource,20,21
3841,of_tests,20,21
3842,of_traders,19,21
3843,of_using,21,21
3844,of_value,18,21
3845,on_one,20,21
3846,one_another,19,21
3847,one_sided,18,21
3848,or_less,21,21
3849,our_method,20,21
3850,outcomes_are,21,21
3851,pareto_optimality,18,21
3852,partial_equilibrium,18,21
3853,power_in,19,21
3854,predictions_are,20,21
3855,present_evidence,20,21
3856,price_change,18,21
3857,price_to,16,21
3858,real_money,14,21
3859,regression_analysis,20,21
3860,relevant_to,20,21
3861,required_for,20,21
3862,results_and,21,21
3863,second_we,21,21
3864,severity_of,21,21
3865,simple_and,21,21
3866,spirit_of,17,21
3867,spite_of,18,21
3868,squares_and,21,21
3869,than_they,16,21
3870,that_higher,21,21
3871,that_many,21,21
3872,that_price,20,21
3873,the_argument,19,21
3874,the_combination,20,21
3875,the_contribution,21,21
3876,the_corporate,14,21
3877,the_division,18,21
3878,the_economics,21,21
3879,the_economy's,20,21
3880,the_equation,19,21
3881,the_familiar,21,21
3882,the_formulation,21,21
3883,the_frequency,19,21
3884,the_group,16,21
3885,the_historical,20,21
3886,the_history,21,21
3887,the_mid,20,21
3888,the_prevalence,21,21
3889,the_prior,13,21
3890,the_proportion,20,21
3891,the_reduction,15,21
3892,the_rest,20,21
3893,the_scope,21,21
3894,the_uncertainty,19,21
3895,the_usefulness,20,21
3896,then_applied,21,21
3897,there_has,21,21
3898,this_conclusion,21,21
3899,this_condition,21,21
3900,this_relationship,21,21
3901,through_which,21,21
3902,throughout_the,21,21
3903,time_periods,16,21
3904,to_aggregate,19,21
3905,to_describe,21,21
3906,to_extend,20,21
3907,to_output,20,21
3908,to_separate,21,21
3909,to_us,21,21
3910,trade_flows,16,21
3911,uncertainty_is,19,21
3912,under_conditions,20,21
3913,until_the,20,21
3914,use_in,21,21
3915,useful_in,21,21
3916,utility_maximization,18,21
3917,vertical_integration,17,21
3918,we_observe,21,21
3919,welfare_gain,17,21
3920,welfare_in,21,21
3921,welfare_of,20,21
3922,were_more,20,21
3923,when_this,21,21
3924,when_we,18,21
3925,which_all,21,21
3926,with_constant,21,21
3927,with_fixed,20,21
3928,with_that,20,21
3929,with_time,20,21
3930,workers_with,18,21
3931,year_of,20,21
3932,ability_and,15,20
3933,achieved_by,20,20
3934,actions_are,17,20
3935,algorithm_for,20,20
3936,all_agents,20,20
3937,also_provide,20,20
3938,an_approximate,18,20
3939,an_asymptotic,20,20
3940,an_instrumental,20,20
3941,and_all,19,20
3942,and_at,18,20
3943,and_changes,20,20
3944,and_development,18,20
3945,and_estimates,20,20
3946,and_even,19,20
3947,and_firm,16,20
3948,and_monetary,18,20
3949,and_small,20,20
3950,and_technology,19,20
3951,and_wealth,19,20
3952,any_given,20,20
3953,are_similar,20,20
3954,are_that,20,20
3955,as_follows,20,20
3956,asset_market,18,20
3957,assumptions_of,20,20
3958,asymptotic_distributions,20,20
3959,at_an,20,20
3960,bargaining_game,17,20
3961,birth_weight,11,20
3962,but_in,20,20
3963,but_only,20,20
3964,but_this,20,20
3965,by_assuming,18,20
3966,by_making,20,20
3967,capital_to,19,20
3968,carlo_experiments,19,20
3969,changes_the,20,20
3970,conjunction_with,20,20
3971,control_of,17,20
3972,convergence_to,17,20
3973,cost_is,19,20
3974,cost_sharing,9,20
3975,cycle_models,18,20
3976,dependent_variables,18,20
3977,describes_the,19,20
3978,determine_whether,20,20
3979,discussed_and,20,20
3980,dominant_strategy,15,20
3981,effects_for,18,20
3982,effects_that,17,20
3983,efficiency_is,19,20
3984,equality_of,8,20
3985,estimator_that,20,20
3986,estimators_in,20,20
3987,even_after,20,20
3988,examine_how,20,20
3989,examined_and,20,20
3990,existence_and,20,20
3991,explains_why,20,20
3992,extensive_form,14,20
3993,firm_to,18,20
3994,first_two,20,20
3995,for_determining,20,20
3996,for_future,18,20
3997,for_models,20,20
3998,formation_of,20,20
3999,framework_in,20,20
4000,frequency_of,19,20
4001,function_we,20,20
4002,futures_markets,12,20
4003,gap_between,20,20
4004,good_the,20,20
4005,government_expenditures,15,20
4006,groups_and,19,20
4007,hours_worked,18,20
4008,if_we,18,20
4009,in_certain,20,20
4010,in_conjunction,20,20
4011,in_economies,16,20
4012,in_empirical,20,20
4013,in_employment,18,20
4014,in_given,19,20
4015,in_way,19,20
4016,include_the,20,20
4017,increased_the,20,20
4018,individual_level,20,20
4019,inference_in,18,20
4020,is_fully,18,20
4021,is_limited,19,20
4022,is_quite,20,20
4023,is_similar,20,20
4024,is_strictly,19,20
4025,is_thus,20,20
4026,large_class,20,20
4027,linear_in,18,20
4028,low_and,19,20
4029,lower_in,20,20
4030,market_demand,15,20
4031,markets_is,20,20
4032,methodology_to,19,20
4033,model_this,20,20
4034,money_illusion,10,20
4035,namely_the,20,20
4036,nash_bargaining,10,20
4037,neoclassical_growth,20,20
4038,not_appear,18,20
4039,not_exist,19,20
4040,objective_of,20,20
4041,of_bargaining,18,20
4042,of_health,15,20
4043,of_nash,20,20
4044,of_natural,20,20
4045,of_observations,19,20
4046,of_permanent,15,20
4047,of_research,17,20
4048,of_statistical,18,20
4049,only_by,20,20
4050,outcome_is,19,20
4051,output_the,19,20
4052,paid_to,20,20
4053,pair_of,18,20
4054,paper_establishes,20,20
4055,period_is,19,20
4056,played_by,20,20
4057,point_to,19,20
4058,policies_and,19,20
4059,policy_can,18,20
4060,positive_relationship,18,20
4061,power_and,19,20
4062,present_an,20,20
4063,previous_work,20,20
4064,prices_that,19,20
4065,pricing_and,19,20
4066,pricing_of,18,20
4067,principle_of,19,20
4068,problems_the,20,20
4069,processes_the,20,20
4070,properties_are,19,20
4071,provide_the,20,20
4072,raising_the,20,20
4073,ranking_of,19,20
4074,ratio_and,19,20
4075,regard_to,18,20
4076,relationships_between,19,20
4077,research_and,18,20
4078,resolution_of,17,20
4079,returns_are,20,20
4080,rules_of,18,20
4081,sales_of,18,20
4082,schooling_and,18,20
4083,setting_in,20,20
4084,showed_that,18,20
4085,so_the,20,20
4086,specifically_we,19,20
4087,sufficiently_large,20,20
4088,taken_into,19,20
4089,that_changes,20,20
4090,that_does,19,20
4091,that_with,19,20
4092,the_1980s,20,20
4093,the_arrow,18,20
4094,the_elasticities,17,20
4095,the_four,20,20
4096,the_fundamental,19,20
4097,the_link,20,20
4098,the_loss,17,20
4099,the_proof,20,20
4100,the_rates,19,20
4101,the_regressors,20,20
4102,the_residual,15,20
4103,the_spirit,16,20
4104,the_strategic,20,20
4105,the_strategy,15,20
4106,the_very,18,20
4107,the_whole,19,20
4108,the_work,20,20
4109,the_years,19,20
4110,these_differences,19,20
4111,they_also,20,20
4112,this_issue,20,20
4113,to_become,18,20
4114,to_calculate,19,20
4115,to_define,20,20
4116,to_eliminate,18,20
4117,to_learn,20,20
4118,to_model,19,20
4119,to_occur,19,20
4120,to_our,20,20
4121,to_play,20,20
4122,to_satisfy,19,20
4123,to_see,20,20
4124,too_much,19,20
4125,toward_the,20,20
4126,trade_offs,20,20
4127,trade_theory,18,20
4128,transactions_costs,15,20
4129,understand_the,18,20
4130,value_in,17,20
4131,variability_of,17,20
4132,we_address,20,20
4133,widely_used,20,20
4134,with_endogenous,20,20
4135,with_our,20,20
4136,with_these,20,20
4137,work_by,18,20
4138,across_industries,16,19
4139,adjustment_of,18,19
4140,agent_has,17,19
4141,agents_with,19,19
4142,an_aggregate,17,19
4143,an_effective,16,19
4144,and_cross,19,19
4145,and_efficiency,19,19
4146,and_increasing,19,19
4147,and_political,16,19
4148,and_provides,19,19
4149,and_quality,18,19
4150,and_short,17,19
4151,and_suggest,19,19
4152,and_used,19,19
4153,are_asymptotically,17,19
4154,are_calculated,17,19
4155,are_drawn,19,19
4156,are_known,18,19
4157,are_large,19,19
4158,are_quite,18,19
4159,are_rational,18,19
4160,as_evidence,19,19
4161,as_high,18,19
4162,asset_returns,17,19
4163,assumptions_and,19,19
4164,asymptotic_variance,16,19
4165,balanced_growth,15,19
4166,barriers_to,18,19
4167,be_approximated,19,19
4168,be_in,19,19
4169,be_useful,19,19
4170,bias_is,18,19
4171,bonds_and,17,19
4172,by_considering,19,19
4173,by_exploiting,19,19
4174,by_increasing,18,19
4175,by_other,19,19
4176,can_reduce,19,19
4177,capture_the,19,19
4178,case_for,18,19
4179,cash_flows,16,19
4180,choice_between,17,19
4181,coefficients_in,18,19
4182,commodities_and,19,19
4183,conclusions_are,19,19
4184,considering_the,19,19
4185,consumer_expenditure,19,19
4186,contracts_the,18,19
4187,contrast_the,19,19
4188,correlation_in,17,19
4189,countries_have,17,19
4190,countries_to,19,19
4191,course_of,19,19
4192,created_by,19,19
4193,demand_elasticities,18,19
4194,demonstrate_the,18,19
4195,dependent_on,19,19
4196,derived_in,19,19
4197,desire_to,18,19
4198,developed_to,19,19
4199,does_the,19,19
4200,doubt_on,19,19
4201,dynamic_models,15,19
4202,economic_agents,18,19
4203,economic_analysis,19,19
4204,economic_and,18,19
4205,effect_that,18,19
4206,efficient_and,18,19
4207,employed_to,19,19
4208,equilibrium_if,18,19
4209,establish_that,19,19
4210,estimated_to,18,19
4211,estimates_from,19,19
4212,et_al,18,19
4213,even_with,19,19
4214,evidence_against,18,19
4215,examined_the,19,19
4216,exceed_the,16,19
4217,exchange_economies,19,19
4218,exists_and,19,19
4219,expected_future,18,19
4220,experiments_in,19,19
4221,explain_this,19,19
4222,explanation_is,17,19
4223,expressed_in,17,19
4224,faster_than,19,19
4225,find_little,19,19
4226,firm_in,17,19
4227,firm_specific,14,19
4228,firms_we,18,19
4229,fixed_point,13,19
4230,for_and,18,19
4231,for_different,19,19
4232,for_economic,19,19
4233,for_individual,18,19
4234,for_public,19,19
4235,for_that,19,19
4236,for_women,18,19
4237,free_riding,16,19
4238,from_its,19,19
4239,function_which,19,19
4240,gain_from,17,19
4241,game_and,15,19
4242,general_class,19,19
4243,general_the,19,19
4244,goal_of,19,19
4245,has_shown,18,19
4246,have_had,19,19
4247,have_large,19,19
4248,highlight_the,19,19
4249,house_prices,14,19
4250,if_an,19,19
4251,imperfect_information,17,19
4252,in_capital,17,19
4253,in_earnings,17,19
4254,in_either,19,19
4255,in_product,17,19
4256,in_rural,18,19
4257,in_situations,17,19
4258,inclusion_of,19,19
4259,income_elasticity,17,19
4260,income_growth,14,19
4261,independently_of,19,19
4262,insurance_coverage,12,19
4263,inverse_of,16,19
4264,investigation_of,19,19
4265,is_endogenous,17,19
4266,is_finite,19,19
4267,is_inconsistent,19,19
4268,is_low,19,19
4269,is_therefore,18,19
4270,large_firms,19,19
4271,learning_and,19,19
4272,learning_by,18,19
4273,level_is,19,19
4274,likelihood_estimation,18,19
4275,literature_the,19,19
4276,macroeconomic_model,19,19
4277,macroeconomic_models,19,19
4278,makes_the,19,19
4279,marginal_propensity,17,19
4280,maximizing_behavior,17,19
4281,model_as,19,19
4282,necessary_condition,19,19
4283,normality_of,16,19
4284,not_imply,19,19
4285,of_adverse,15,19
4286,of_advertising,16,19
4287,of_birth,15,19
4288,of_black,13,19
4289,of_estimators,18,19
4290,of_female,18,19
4291,of_in,19,19
4292,of_magnitude,18,19
4293,of_nonparametric,17,19
4294,of_property,13,19
4295,of_revealed,15,19
4296,of_well,17,19
4297,on_consumption,19,19
4298,on_each,19,19
4299,on_income,15,19
4300,on_prices,18,19
4301,on_some,19,19
4302,one_hand,19,19
4303,one_year,18,19
4304,only_for,19,19
4305,optimal_solution,16,19
4306,or_even,19,19
4307,other_countries,18,19
4308,paper_compares,19,19
4309,paper_suggests,19,19
4310,particularly_in,18,19
4311,performance_in,19,19
4312,plants_in,16,19
4313,points_in,19,19
4314,points_of,19,19
4315,population_survey,18,19
4316,positive_probability,18,19
4317,presents_the,19,19
4318,price_in,19,19
4319,price_index,18,19
4320,prices_as,19,19
4321,proposed_for,19,19
4322,proposition_that,17,19
4323,prove_the,18,19
4324,rate_on,16,19
4325,rate_to,19,19
4326,real_business,15,19
4327,real_output,16,19
4328,region_of,14,19
4329,relative_factor,14,19
4330,replaced_by,19,19
4331,represents_the,16,19
4332,research_on,19,19
4333,rest_of,18,19
4334,results_support,19,19
4335,returns_in,19,19
4336,said_to,18,19
4337,satisfying_the,17,19
4338,scale_and,17,19
4339,section_ii,19,19
4340,sector_model,17,19
4341,services_and,18,19
4342,share_the,19,19
4343,social_capital,10,19
4344,space_and,18,19
4345,stages_of,16,19
4346,states_that,18,19
4347,strategy_for,19,19
4348,take_into,18,19
4349,tax_is,14,19
4350,term_contracts,15,19
4351,tests_that,16,19
4352,than_percent,18,19
4353,that_arise,19,19
4354,that_every,19,19
4355,that_increased,17,19
4356,the_1930s,16,19
4357,the_approximation,17,19
4358,the_budget,19,19
4359,the_canadian,16,19
4360,the_correct,18,19
4361,the_course,18,19
4362,the_crucial,17,19
4363,the_expense,19,19
4364,the_fiscal,16,19
4365,the_gap,19,19
4366,the_goods,16,19
4367,the_incidence,19,19
4368,the_parametric,12,19
4369,the_principle,17,19
4370,the_robustness,18,19
4371,the_soviet,10,19
4372,their_children,17,19
4373,them_in,19,19
4374,theory_predicts,19,19
4375,these_data,19,19
4376,this_pattern,19,19
4377,this_phenomenon,19,19
4378,this_setting,19,19
4379,this_type,19,19
4380,times_the,19,19
4381,to_answer,19,19
4382,to_as,19,19
4383,to_certain,19,19
4384,to_cover,19,19
4385,to_deal,19,19
4386,to_greater,19,19
4387,to_imply,18,19
4388,to_infer,19,19
4389,to_low,18,19
4390,to_minimize,18,19
4391,to_small,19,19
4392,to_yield,19,19
4393,try_to,19,19
4394,twice_as,19,19
4395,two_step,17,19
4396,under_weak,19,19
4397,unless_the,19,19
4398,upper_bound,15,19
4399,us_and,17,19
4400,using_this,19,19
4401,value_for,17,19
4402,variables_that,19,19
4403,variance_in,16,19
4404,variation_of,17,19
4405,varies_with,18,19
4406,very_large,19,19
4407,want_to,19,19
4408,way_the,18,19
4409,we_build,19,19
4410,we_suggest,19,19
4411,when_one,19,19
4412,when_these,19,19
4413,whether_they,19,19
4414,which_he,17,19
4415,while_in,18,19
4416,who_is,16,19
4417,with_and,18,19
4418,would_not,18,19
4419,advantage_in,17,18
4420,agents_can,18,18
4421,allocation_in,17,18
4422,allocations_in,17,18
4423,allow_the,18,18
4424,also_discussed,18,18
4425,also_given,18,18
4426,alternative_to,18,18
4427,an_integrated,17,18
4428,an_investment,16,18
4429,and_about,18,18
4430,and_asymptotic,17,18
4431,and_consumer,18,18
4432,and_exit,15,18
4433,and_increase,18,18
4434,and_liquidity,15,18
4435,and_product,18,18
4436,and_returns,16,18
4437,and_tested,18,18
4438,and_testing,17,18
4439,and_under,18,18
4440,and_what,18,18
4441,applications_to,18,18
4442,are_identical,18,18
4443,are_introduced,17,18
4444,arrow_debreu,11,18
4445,asset_markets,16,18
4446,asset_price,17,18
4447,asymptotically_valid,16,18
4448,aversion_is,17,18
4449,be_less,18,18
4450,be_quite,18,18
4451,been_shown,18,18
4452,been_used,17,18
4453,but_no,17,18
4454,by_some,17,18
4455,by_this,18,18
4456,capital_gains,14,18
4457,cases_where,17,18
4458,cheap_talk,12,18
4459,choice_is,12,18
4460,choice_under,17,18
4461,claim_that,18,18
4462,coincide_with,17,18
4463,comparisons_of,17,18
4464,competitive_markets,16,18
4465,composed_of,18,18
4466,concludes_that,18,18
4467,connection_between,18,18
4468,consumers_with,15,18
4469,consumption_function,15,18
4470,corresponds_to,15,18
4471,cost_pricing,15,18
4472,country_and,18,18
4473,credit_card,9,18
4474,current_and,17,18
4475,defined_in,14,18
4476,demand_curves,18,18
4477,develop_new,17,18
4478,developed_the,18,18
4479,discussed_the,18,18
4480,distribution_in,18,18
4481,each_country,17,18
4482,economic_performance,16,18
4483,economic_policy,16,18
4484,economies_in,18,18
4485,effect_the,18,18
4486,endowments_and,16,18
4487,entry_of,16,18
4488,equilibrium_theory,17,18
4489,errors_are,18,18
4490,estimated_for,18,18
4491,estimates_imply,18,18
4492,estimates_indicate,18,18
4493,even_for,18,18
4494,expenditures_on,16,18
4495,extensions_of,18,18
4496,financial_crises,10,18
4497,first_part,17,18
4498,first_to,18,18
4499,for_capital,17,18
4500,for_small,18,18
4501,framework_that,18,18
4502,from_different,17,18
4503,function_to,16,18
4504,functions_which,18,18
4505,gains_and,16,18
4506,general_case,17,18
4507,general_conditions,18,18
4508,general_theory,18,18
4509,generalized_least,16,18
4510,goods_with,15,18
4511,hard_to,15,18
4512,have_private,18,18
4513,have_significant,17,18
4514,health_outcomes,16,18
4515,higher_prices,15,18
4516,higher_the,13,18
4517,households_with,16,18
4518,hypothesis_in,18,18
4519,idiosyncratic_shocks,13,18
4520,impacts_on,15,18
4521,in_effect,16,18
4522,in_health,14,18
4523,in_household,15,18
4524,in_local,16,18
4525,in_price,17,18
4526,in_simultaneous,18,18
4527,in_society,18,18
4528,in_total,16,18
4529,in_trade,15,18
4530,in_we,17,18
4531,incentives_in,18,18
4532,incomes_of,15,18
4533,individual_and,18,18
4534,inflation_is,16,18
4535,inflation_rate,15,18
4536,initial_conditions,17,18
4537,intergenerational_transfers,13,18
4538,investment_behavior,13,18
4539,is_affected,18,18
4540,is_equal,17,18
4541,is_essentially,18,18
4542,is_investigated,18,18
4543,is_never,16,18
4544,is_rejected,17,18
4545,is_strongly,17,18
4546,issues_in,18,18
4547,it_allows,18,18
4548,it_in,18,18
4549,it_seems,18,18
4550,likelihood_estimates,17,18
4551,linked_to,18,18
4552,lower_the,16,18
4553,may_arise,18,18
4554,medical_care,12,18
4555,method_and,16,18
4556,methods_to,18,18
4557,models_which,18,18
4558,moment_conditions,12,18
4559,money_stock,13,18
4560,much_larger,18,18
4561,new_results,17,18
4562,not_all,18,18
4563,not_possible,16,18
4564,objective_is,18,18
4565,of_differences,18,18
4566,of_electoral,16,18
4567,of_full,18,18
4568,of_heterogeneity,18,18
4569,of_increased,16,18
4570,of_industrial,17,18
4571,of_over,18,18
4572,of_players,18,18
4573,of_skilled,14,18
4574,of_stable,14,18
4575,of_stationary,17,18
4576,of_taxes,17,18
4577,of_world,17,18
4578,off_the,18,18
4579,on_relative,17,18
4580,only_two,16,18
4581,opportunity_cost,16,18
4582,optimal_allocation,18,18
4583,optimal_for,16,18
4584,optimal_to,16,18
4585,other_factors,17,18
4586,output_growth,14,18
4587,ownership_and,18,18
4588,pairs_of,16,18
4589,paper_has,18,18
4590,per_unit,16,18
4591,perfect_information,17,18
4592,performance_is,17,18
4593,periods_and,17,18
4594,play_an,18,18
4595,policy_making,16,18
4596,policy_that,16,18
4597,policy_to,18,18
4598,prediction_of,18,18
4599,presents_new,18,18
4600,price_auction,12,18
4601,price_stabilization,11,18
4602,price_system,12,18
4603,price_the,18,18
4604,prices_on,18,18
4605,probability_measure,14,18
4606,problem_we,18,18
4607,process_we,18,18
4608,produced_by,17,18
4609,product_and,18,18
4610,production_the,17,18
4611,propose_new,18,18
4612,public_debt,11,18
4613,quarter_of,18,18
4614,rationale_for,17,18
4615,recent_work,17,18
4616,reference_to,18,18
4617,reflected_in,18,18
4618,regions_of,17,18
4619,relatively_high,18,18
4620,research_in,18,18
4621,resulting_in,18,18
4622,results_apply,18,18
4623,results_have,18,18
4624,results_hold,18,18
4625,risk_free,15,18
4626,selection_and,18,18
4627,sensitivity_to,16,18
4628,sequences_of,15,18
4629,series_is,15,18
4630,set_in,17,18
4631,set_on,17,18
4632,set_the,17,18
4633,set_up,17,18
4634,shift_in,16,18
4635,short_and,18,18
4636,significantly_lower,17,18
4637,similar_results,18,18
4638,size_is,18,18
4639,stability_and,16,18
4640,stabilization_policy,14,18
4641,standard_model,16,18
4642,statistic_for,16,18
4643,stock_price,13,18
4644,study_examines,18,18
4645,study_how,18,18
4646,supply_in,17,18
4647,takes_the,16,18
4648,tariffs_and,16,18
4649,that_demand,16,18
4650,that_includes,18,18
4651,that_increases,18,18
4652,that_information,18,18
4653,that_large,16,18
4654,that_market,17,18
4655,that_prices,17,18
4656,that_their,18,18
4657,the_answer,18,18
4658,the_bottom,16,18
4659,the_complete,17,18
4660,the_cycle,14,18
4661,the_entry,18,18
4662,the_errors,16,18
4663,the_formation,18,18
4664,the_gold,10,18
4665,the_implicit,16,18
4666,the_innovation,14,18
4667,the_issue,18,18
4668,the_learning,17,18
4669,the_limited,17,18
4670,the_matrix,12,18
4671,the_moment,17,18
4672,the_premium,11,18
4673,the_reason,18,18
4674,the_savings,17,18
4675,the_significance,18,18
4676,the_simultaneous,17,18
4677,the_space,17,18
4678,the_statistic,7,18
4679,the_trading,15,18
4680,the_types,17,18
4681,then_show,16,18
4682,theoretical_predictions,17,18
4683,theory_are,18,18
4684,these_patterns,18,18
4685,this_allows,18,18
4686,this_set,15,18
4687,time_inconsistency,12,18
4688,to_adopt,18,18
4689,to_capture,18,18
4690,to_firms,18,18
4691,to_income,17,18
4692,to_individual,18,18
4693,to_interpret,17,18
4694,to_overcome,17,18
4695,to_present,17,18
4696,to_prevent,17,18
4697,to_protect,17,18
4698,to_reach,12,18
4699,to_social,16,18
4700,to_standard,18,18
4701,trade_liberalization,14,18
4702,true_value,15,18
4703,two_alternative,18,18
4704,unobserved_heterogeneity,13,18
4705,up_the,18,18
4706,using_cross,18,18
4707,using_these,18,18
4708,using_unique,18,18
4709,values_are,18,18
4710,values_the,17,18
4711,variant_of,17,18
4712,very_little,18,18
4713,wage_growth,12,18
4714,welfare_cost,13,18
4715,well_defined,17,18
4716,what_the,17,18
4717,where_there,18,18
4718,whereas_the,18,18
4719,which_allows,18,18
4720,which_this,17,18
4721,which_would,18,18
4722,with_age,16,18
4723,with_imperfect,17,18
4724,with_less,18,18
4725,with_probability,15,18
4726,with_risk,16,18
4727,with_such,18,18
4728,work_and,16,18
4729,workers_to,18,18
4730,years_after,17,18
4731,about_half,17,17
4732,across_states,14,17
4733,act_of,16,17
4734,ad_hoc,14,17
4735,address_the,17,17
4736,address_this,17,17
4737,administrative_data,16,17
4738,aggregate_fluctuations,12,17
4739,also_provides,17,17
4740,also_shows,17,17
4741,although_this,17,17
4742,an_approximation,15,17
4743,an_independent,16,17
4744,analysis_suggests,17,17
4745,and_and,16,17
4746,and_competitive,16,17
4747,and_control,16,17
4748,and_costs,13,17
4749,and_domestic,15,17
4750,and_empirically,17,17
4751,and_estimated,17,17
4752,and_general,16,17
4753,and_higher,17,17
4754,and_increased,17,17
4755,and_limited,17,17
4756,and_over,17,17
4757,and_possibly,17,17
4758,and_preferences,17,17
4759,and_statistically,16,17
4760,and_total,17,17
4761,and_women,17,17
4762,and_workers,17,17
4763,appears_that,17,17
4764,approximate_the,16,17
4765,are_affected,17,17
4766,are_both,17,17
4767,are_computed,15,17
4768,are_inconsistent,17,17
4769,are_necessary,17,17
4770,are_required,16,17
4771,are_typically,17,17
4772,as_for,17,17
4773,as_one,16,17
4774,assets_are,16,17
4775,at_home,14,17
4776,attempt_is,17,17
4777,bargaining_solution,9,17
4778,be_extended,17,17
4779,be_found,17,17
4780,be_rejected,15,17
4781,behavior_under,16,17
4782,between_them,16,17
4783,bound_for,14,17
4784,broad_class,16,17
4785,by_applying,17,17
4786,by_these,17,17
4787,can_affect,17,17
4788,capital_intensive,13,17
4789,care_about,17,17
4790,causes_of,17,17
4791,choice_behavior,13,17
4792,choices_and,16,17
4793,choices_are,15,17
4794,choose_the,16,17
4795,closer_to,17,17
4796,coincides_with,17,17
4797,common_value,14,17
4798,concerns_the,16,17
4799,confined_to,17,17
4800,consequences_for,17,17
4801,consideration_of,17,17
4802,consistent_estimator,13,17
4803,consumer_behavior,13,17
4804,consumer_preferences,15,17
4805,consumers_have,16,17
4806,contract_and,15,17
4807,contracts_we,17,17
4808,controls_for,17,17
4809,creation_and,15,17
4810,curve_and,16,17
4811,data_suggest,17,17
4812,decisions_in,17,17
4813,definitions_of,16,17
4814,demand_system,15,17
4815,described_in,17,17
4816,determined_in,17,17
4817,direct_and,14,17
4818,direct_investment,14,17
4819,distribution_theory,16,17
4820,dynamic_general,16,17
4821,dynamics_and,17,17
4822,each_case,15,17
4823,economy_we,16,17
4824,education_in,15,17
4825,empirically_the,17,17
4826,endogenous_and,16,17
4827,endogenous_growth,15,17
4828,environment_in,17,17
4829,equilibria_for,17,17
4830,equilibria_is,16,17
4831,equilibrium_allocations,17,17
4832,equilibrium_that,16,17
4833,errors_and,17,17
4834,estimator_in,17,17
4835,evaluates_the,17,17
4836,evidence_indicates,17,17
4837,examines_how,17,17
4838,excess_returns,15,17
4839,expectations_about,14,17
4840,extending_the,17,17
4841,face_of,17,17
4842,factor_in,17,17
4843,financial_assets,15,17
4844,finding_that,17,17
4845,first_is,17,17
4846,first_stage,13,17
4847,for_at,17,17
4848,for_government,15,17
4849,for_instance,17,17
4850,for_men,16,17
4851,for_our,16,17
4852,for_workers,17,17
4853,forecasts_of,15,17
4854,form_in,16,17
4855,futures_market,11,17
4856,gives_rise,17,17
4857,gold_standard,10,17
4858,greater_the,14,17
4859,growth_we,17,17
4860,had_been,16,17
4861,has_unique,16,17
4862,heterogeneous_agents,17,17
4863,higher_levels,17,17
4864,higher_quality,14,17
4865,hold_for,17,17
4866,holds_for,17,17
4867,however_there,17,17
4868,imperfect_competition,17,17
4869,implement_the,16,17
4870,in_average,15,17
4871,in_estimating,17,17
4872,in_factor,14,17
4873,in_finite,17,17
4874,in_light,17,17
4875,in_low,17,17
4876,in_regression,17,17
4877,incentive_for,15,17
4878,individuals_and,17,17
4879,individuals_in,17,17
4880,industries_and,15,17
4881,industry_in,16,17
4882,inflation_in,14,17
4883,inflation_the,17,17
4884,informed_about,15,17
4885,into_two,17,17
4886,investigates_whether,17,17
4887,investment_to,15,17
4888,is_able,17,17
4889,is_achieved,16,17
4890,is_almost,17,17
4891,is_both,16,17
4892,is_for,16,17
4893,is_further,17,17
4894,is_increasing,16,17
4895,is_particularly,16,17
4896,is_significant,16,17
4897,is_there,17,17
4898,is_treated,16,17
4899,is_useful,16,17
4900,is_widely,17,17
4901,known_to,17,17
4902,labor_ratio,10,17
4903,large_enough,17,17
4904,level_the,17,17
4905,life_insurance,14,17
4906,literature_we,17,17
4907,living_in,12,17
4908,long_and,16,17
4909,market_experience,10,17
4910,market_share,15,17
4911,matching_model,17,17
4912,may_increase,17,17
4913,mechanisms_that,17,17
4914,model_implies,17,17
4915,monetary_theory,13,17
4916,money_in,16,17
4917,monopolistic_competition,12,17
4918,mortality_rates,13,17
4919,most_likely,16,17
4920,natural_resource,13,17
4921,negatively_correlated,16,17
4922,new_method,17,17
4923,nuisance_parameters,14,17
4924,oecd_countries,15,17
4925,of_additional,17,17
4926,of_average,13,17
4927,of_classical,14,17
4928,of_corporate,15,17
4929,of_country,17,17
4930,of_expectations,17,17
4931,of_game,15,17
4932,of_generalized,16,17
4933,of_independent,17,17
4934,of_insurance,14,17
4935,of_loss,13,17
4936,of_macroeconomic,15,17
4937,of_ownership,16,17
4938,of_parameter,17,17
4939,of_past,17,17
4940,of_power,15,17
4941,of_primary,17,17
4942,of_specific,17,17
4943,of_trading,16,17
4944,of_transactions,13,17
4945,of_unknown,16,17
4946,of_variation,16,17
4947,on_consumer,17,17
4948,on_current,16,17
4949,on_demand,17,17
4950,on_employment,14,17
4951,on_growth,14,17
4952,one_sector,17,17
4953,one_shot,12,17
4954,optimal_in,16,17
4955,optimal_tax,14,17
4956,or_may,17,17
4957,order_autoregressive,16,17
4958,ordering_of,13,17
4959,paper_concludes,17,17
4960,paper_demonstrates,17,17
4961,parameter_space,14,17
4962,pay_and,16,17
4963,percent_higher,17,17
4964,percent_more,17,17
4965,perfectly_competitive,16,17
4966,period_we,17,17
4967,persistence_in,15,17
4968,power_parity,13,17
4969,precautionary_saving,10,17
4970,presented_for,17,17
4971,price_mechanism,15,17
4972,private_value,12,17
4973,probabilities_of,17,17
4974,procedure_that,17,17
4975,programming_problems,15,17
4976,prospect_theory,14,17
4977,provide_conditions,17,17
4978,provide_new,16,17
4979,provided_for,17,17
4980,provided_the,17,17
4981,quantities_of,17,17
4982,quite_different,17,17
4983,random_variable,15,17
4984,reasons_for,16,17
4985,regression_with,15,17
4986,regulation_of,13,17
4987,resources_in,17,17
4988,restricted_to,17,17
4989,rules_that,16,17
4990,run_effects,13,17
4991,school_choice,11,17
4992,scope_of,17,17
4993,search_model,17,17
4994,sector_and,15,17
4995,seek_to,17,17
4996,self_enforcing,14,17
4997,shadow_price,12,17
4998,shocks_the,17,17
4999,situations_where,17,17
5000,so_we,17,17
5001,solution_for,17,17
5002,solutions_to,17,17
5003,spending_and,17,17
5004,squares_estimators,16,17
5005,state_level,17,17
5006,stochastic_dominance,13,17
5007,students_in,15,17
5008,subject_of,16,17
5009,supply_are,15,17
5010,supply_side,16,17
5011,take_place,16,17
5012,term_interest,12,17
5013,test_and,15,17
5014,tested_using,17,17
5015,tests_based,16,17
5016,than_do,17,17
5017,that_equilibrium,16,17
5018,that_optimal,17,17
5019,that_satisfy,17,17
5020,that_trade,16,17
5021,the_additional,16,17
5022,the_adverse,14,17
5023,the_auction,14,17
5024,the_available,16,17
5025,the_causes,17,17
5026,the_census,13,17
5027,the_college,14,17
5028,the_condition,16,17
5029,the_consumer's,14,17
5030,the_criterion,14,17
5031,the_density,11,17
5032,the_discrete,15,17
5033,the_distance,13,17
5034,the_duration,16,17
5035,the_heckscher,12,17
5036,the_index,12,17
5037,the_industrial,12,17
5038,the_inequality,15,17
5039,the_intensity,14,17
5040,the_interpretation,17,17
5041,the_levels,17,17
5042,the_marriage,11,17
5043,the_measure,14,17
5044,the_middle,16,17
5045,the_no,16,17
5046,the_non,17,17
5047,the_nonlinear,16,17
5048,the_partial,15,17
5049,the_post,17,17
5050,the_pre,15,17
5051,the_profitability,15,17
5052,the_proposition,16,17
5053,the_selection,14,17
5054,the_severity,17,17
5055,the_shadow,12,17
5056,the_specific,17,17
5057,the_states,15,17
5058,the_stationary,16,17
5059,the_technological,15,17
5060,their_relative,16,17
5061,theorem_for,17,17
5062,there_will,16,17
5063,these_assumptions,14,17
5064,these_estimators,16,17
5065,these_questions,16,17
5066,these_tests,17,17
5067,they_will,16,17
5068,this_fact,17,17
5069,this_may,17,17
5070,through_time,15,17
5071,time_spent,12,17
5072,to_approximate,16,17
5073,to_converge,17,17
5074,to_decrease,16,17
5075,to_ensure,17,17
5076,to_indicate,16,17
5077,to_introduce,16,17
5078,to_multiple,17,17
5079,to_particular,16,17
5080,to_previous,17,17
5081,to_prove,17,17
5082,to_quantify,16,17
5083,to_reject,17,17
5084,to_simple,16,17
5085,to_three,17,17
5086,to_we,16,17
5087,too_little,17,17
5088,trade_between,15,17
5089,trading_volume,13,17
5090,transferable_utility,15,17
5091,transport_costs,11,17
5092,tries_to,17,17
5093,two_country,17,17
5094,two_decades,17,17
5095,two_main,16,17
5096,two_player,16,17
5097,type_and,17,17
5098,uniqueness_of,15,17
5099,unrelated_to,17,17
5100,valuation_of,16,17
5101,various_types,17,17
5102,very_low,16,17
5103,wages_of,15,17
5104,we_further,17,17
5105,wealth_distribution,14,17
5106,welfare_and,16,17
5107,welfare_by,17,17
5108,when_all,16,17
5109,which_to,17,17
5110,which_was,17,17
5111,who_were,16,17
5112,wide_class,16,17
5113,with_larger,16,17
5114,with_standard,16,17
5115,women_are,16,17
5116,years_in,17,17
5117,yield_the,17,17
5118,advantages_of,15,16
5119,agents_we,16,16
5120,also_on,16,16
5121,alter_the,15,16
5122,alternatives_and,15,16
5123,an_appropriate,16,16
5124,an_experimental,15,16
5125,an_intertemporal,15,16
5126,an_otherwise,16,16
5127,analyzed_the,16,16
5128,and_cost,16,16
5129,and_endogenous,16,16
5130,and_ex,15,16
5131,and_factor,15,16
5132,and_fiscal,13,16
5133,and_free,15,16
5134,and_his,14,16
5135,and_incomplete,15,16
5136,and_input,14,16
5137,and_job,13,16
5138,and_quantity,14,16
5139,and_related,16,16
5140,and_stock,15,16
5141,and_us,15,16
5142,and_whether,16,16
5143,approach_for,16,16
5144,approximation_of,15,16
5145,are_driven,16,16
5146,are_extended,16,16
5147,are_generated,16,16
5148,are_heterogeneous,16,16
5149,are_identified,16,16
5150,are_satisfied,14,16
5151,arise_when,15,16
5152,arises_from,15,16
5153,article_we,15,16
5154,as_possible,15,16
5155,as_that,15,16
5156,at_age,9,16
5157,at_most,15,16
5158,auctions_with,15,16
5159,available_in,15,16
5160,back_to,16,16
5161,banking_system,14,16
5162,basic_model,12,16
5163,be_necessary,15,16
5164,be_relatively,14,16
5165,belief_that,15,16
5166,biases_in,15,16
5167,but_does,16,16
5168,but_may,16,16
5169,but_rather,16,16
5170,but_these,16,16
5171,by_allowing,16,16
5172,by_doing,15,16
5173,by_its,16,16
5174,by_reducing,16,16
5175,by_single,14,16
5176,can_result,16,16
5177,capacity_to,15,16
5178,capital_asset,15,16
5179,case_we,16,16
5180,cases_are,16,16
5181,children_and,12,16
5182,competition_between,14,16
5183,compute_the,16,16
5184,concluded_that,15,16
5185,conclusion_that,16,16
5186,conditions_is,14,16
5187,conditions_we,16,16
5188,consumer_welfare,16,16
5189,consumers_who,15,16
5190,consumption_the,16,16
5191,continue_to,16,16
5192,contribution_to,15,16
5193,control_group,15,16
5194,correct_for,15,16
5195,correspond_to,16,16
5196,criterion_function,10,16
5197,data_with,16,16
5198,demand_are,16,16
5199,demand_side,16,16
5200,dependence_on,14,16
5201,differential_equations,16,16
5202,dimension_of,15,16
5203,discontinuity_design,16,16
5204,diversity_of,14,16
5205,durable_good,13,16
5206,early_in,13,16
5207,emphasis_on,15,16
5208,empirical_application,16,16
5209,empirical_literature,16,16
5210,ensure_that,15,16
5211,equation_system,14,16
5212,equations_in,15,16
5213,equilibria_the,14,16
5214,equilibrium_conditions,16,16
5215,especially_in,15,16
5216,expectation_of,15,16
5217,expectations_model,16,16
5218,expected_return,13,16
5219,experience_of,16,16
5220,experiment_we,15,16
5221,experimental_evidence,16,16
5222,explanations_of,16,16
5223,extent_that,16,16
5224,family_income,14,16
5225,fiat_money,13,16
5226,financial_incentives,12,16
5227,find_it,16,16
5228,findings_of,16,16
5229,firm_is,16,16
5230,flexible_exchange,10,16
5231,for_consumers,15,16
5232,for_consumption,15,16
5233,for_evaluating,16,16
5234,for_low,14,16
5235,for_market,16,16
5236,for_particular,16,16
5237,for_percent,15,16
5238,for_policy,16,16
5239,form_is,14,16
5240,foundation_for,15,16
5241,framework_the,15,16
5242,from_cross,15,16
5243,gains_in,16,16
5244,games_we,14,16
5245,general_and,16,16
5246,generalized_to,16,16
5247,given_that,16,16
5248,gives_the,16,16
5249,government_and,16,16
5250,groups_are,16,16
5251,growth_path,13,16
5252,half_the,15,16
5253,has_long,16,16
5254,have_little,15,16
5255,have_long,16,16
5256,heterogeneity_and,16,16
5257,hours_and,14,16
5258,however_in,16,16
5259,however_when,16,16
5260,hypothesis_the,16,16
5261,identification_is,14,16
5262,implicit_in,13,16
5263,important_determinant,16,16
5264,in_econometrics,16,16
5265,in_exchange,15,16
5266,in_panel,13,16
5267,in_political,16,16
5268,in_schooling,13,16
5269,in_social,15,16
5270,in_support,15,16
5271,in_unemployment,14,16
5272,in_wages,15,16
5273,income_or,16,16
5274,income_per,12,16
5275,income_taxes,15,16
5276,increase_their,14,16
5277,indicate_the,16,16
5278,inference_on,16,16
5279,influence_on,16,16
5280,integration_of,16,16
5281,interest_is,15,16
5282,investments_and,13,16
5283,involuntary_unemployment,12,16
5284,irrelevant_alternatives,11,16
5285,irrespective_of,15,16
5286,is_linear,15,16
5287,is_measured,15,16
5288,is_seen,14,16
5289,is_stable,15,16
5290,is_strong,15,16
5291,is_substantial,16,16
5292,is_typically,15,16
5293,is_viewed,16,16
5294,is_zero,14,16
5295,issue_of,16,16
5296,it_follows,16,16
5297,joint_production,9,16
5298,labor_contracts,12,16
5299,lagrange_multiplier,16,16
5300,land_and,13,16
5301,large_effects,16,16
5302,leisure_and,14,16
5303,likelihood_and,15,16
5304,longitudinal_data,15,16
5305,manner_in,16,16
5306,manufacturing_firms,15,16
5307,markets_where,16,16
5308,maximizes_the,15,16
5309,measurement_errors,14,16
5310,mechanism_in,16,16
5311,mobility_and,15,16
5312,model_developed,16,16
5313,model_explains,16,16
5314,model_when,16,16
5315,more_often,15,16
5316,negatively_related,15,16
5317,new_keynesian,16,16
5318,no_trade,11,16
5319,not_on,15,16
5320,notions_of,16,16
5321,of_about,15,16
5322,of_buyers,11,16
5323,of_cases,15,16
5324,of_conditions,16,16
5325,of_control,13,16
5326,of_discount,10,16
5327,of_feasible,12,16
5328,of_food,13,16
5329,of_freedom,13,16
5330,of_industries,13,16
5331,of_initial,14,16
5332,of_instruments,15,16
5333,of_inventory,13,16
5334,of_minimum,14,16
5335,of_monte,15,16
5336,of_on,14,16
5337,of_outcomes,15,16
5338,of_payoffs,13,16
5339,of_products,15,16
5340,of_rationality,13,16
5341,of_sales,15,16
5342,of_states,14,16
5343,of_test,15,16
5344,on_aggregate,16,16
5345,on_and,15,16
5346,on_corporate,13,16
5347,on_investment,15,16
5348,on_private,15,16
5349,on_productivity,16,16
5350,on_real,15,16
5351,only_small,16,16
5352,outcomes_and,16,16
5353,outcomes_we,16,16
5354,outside_the,15,16
5355,over_percent,16,16
5356,paper_evaluates,16,16
5357,pay_for,16,16
5358,payments_and,16,16
5359,payments_to,15,16
5360,peer_effects,9,16
5361,performance_and,15,16
5362,period_to,16,16
5363,policies_to,16,16
5364,policy_changes,14,16
5365,policy_the,16,16
5366,predict_that,16,16
5367,predict_the,16,16
5368,preferences_that,16,16
5369,premium_and,15,16
5370,price_equalization,12,16
5371,procedures_are,15,16
5372,procedures_for,16,16
5373,process_that,16,16
5374,process_with,16,16
5375,processes_in,16,16
5376,product_differentiation,15,16
5377,proposed_and,16,16
5378,provides_new,16,16
5379,rates_the,16,16
5380,real_variables,13,16
5381,reduced_the,15,16
5382,relating_to,16,16
5383,relations_between,16,16
5384,relative_performance,14,16
5385,relatively_small,16,16
5386,resources_and,15,16
5387,responds_to,16,16
5388,returns_the,15,16
5389,risk_premia,10,16
5390,rule_that,15,16
5391,run_player,6,16
5392,sales_and,15,16
5393,sector_in,16,16
5394,sector_is,14,16
5395,selection_in,15,16
5396,sequential_equilibria,10,16
5397,set_and,15,16
5398,sets_are,15,16
5399,setting_of,15,16
5400,setting_the,16,16
5401,sign_of,13,16
5402,size_the,16,16
5403,solve_the,15,16
5404,some_empirical,16,16
5405,specifications_of,16,16
5406,spectral_density,11,16
5407,standard_errors,13,16
5408,state_dependent,13,16
5409,status_quo,15,16
5410,strategy_is,12,16
5411,studied_by,15,16
5412,system_as,16,16
5413,systems_and,16,16
5414,taken_to,16,16
5415,than_of,16,16
5416,that_consumption,16,16
5417,that_labor,15,16
5418,that_monetary,15,16
5419,that_percent,16,16
5420,that_provides,16,16
5421,the_assets,14,16
5422,the_banking,14,16
5423,the_black,14,16
5424,the_bond,11,16
5425,the_characterization,15,16
5426,the_constrained,13,16
5427,the_constraint,15,16
5428,the_critical,15,16
5429,the_desired,14,16
5430,the_expectation,14,16
5431,the_face,16,16
5432,the_free,14,16
5433,the_futures,7,16
5434,the_global,15,16
5435,the_greatest,16,16
5436,the_gross,13,16
5437,the_implementation,16,16
5438,the_internet,9,16
5439,the_less,15,16
5440,the_manufacturing,14,16
5441,the_origin,14,16
5442,the_perfect,15,16
5443,the_posterior,14,16
5444,the_rank,12,16
5445,the_remaining,15,16
5446,the_revenue,14,16
5447,the_self,15,16
5448,the_single,15,16
5449,the_sources,16,16
5450,the_stable,12,16
5451,the_status,15,16
5452,the_support,16,16
5453,the_upper,15,16
5454,the_wald,14,16
5455,the_walrasian,14,16
5456,their_preferences,15,16
5457,their_private,12,16
5458,then_we,15,16
5459,theorem_on,15,16
5460,theoretical_models,16,16
5461,theory_we,16,16
5462,this_equilibrium,15,16
5463,three_times,15,16
5464,time_as,16,16
5465,time_for,16,16
5466,time_horizon,13,16
5467,to_allocate,16,16
5468,to_better,16,16
5469,to_decline,15,16
5470,to_finance,16,16
5471,to_follow,16,16
5472,to_information,16,16
5473,to_reveal,16,16
5474,to_rise,15,16
5475,to_risk,15,16
5476,to_select,16,16
5477,to_total,16,16
5478,to_various,16,16
5479,to_vote,14,16
5480,two_sets,15,16
5481,under_some,16,16
5482,understanding_the,16,16
5483,unit_roots,12,16
5484,use_data,16,16
5485,utility_in,15,16
5486,variable_and,15,16
5487,variables_as,16,16
5488,very_similar,16,16
5489,volume_and,13,16
5490,wages_for,15,16
5491,we_allow,16,16
5492,we_assess,15,16
5493,wealth_of,14,16
5494,welfare_benefits,12,16
5495,welfare_economics,14,16
5496,welfare_implications,15,16
5497,whether_this,16,16
5498,which_some,16,16
5499,with_its,16,16
5500,world_economy,13,16
5501,yields_the,15,16
5502,activity_and,15,15
5503,adjustment_process,12,15
5504,all_possible,15,15
5505,allocations_that,13,15
5506,also_to,15,15
5507,an_effect,14,15
5508,an_expected,13,15
5509,analysis_we,15,15
5510,and_analyze,15,15
5511,and_applied,15,15
5512,and_confidence,10,15
5513,and_consistent,15,15
5514,and_data,14,15
5515,and_does,15,15
5516,and_equity,15,15
5517,and_family,14,15
5518,and_future,15,15
5519,and_incentives,14,15
5520,and_intertemporal,15,15
5521,and_permanent,15,15
5522,and_reduce,15,15
5523,and_third,14,15
5524,and_three,12,15
5525,and_who,14,15
5526,any_other,15,15
5527,applying_the,15,15
5528,are_only,15,15
5529,are_possible,14,15
5530,are_present,15,15
5531,are_sufficient,15,15
5532,are_therefore,15,15
5533,are_too,14,15
5534,are_treated,15,15
5535,are_uncertain,13,15
5536,are_well,15,15
5537,area_of,14,15
5538,areas_of,13,15
5539,as_its,14,15
5540,as_means,14,15
5541,as_predicted,13,15
5542,assets_and,13,15
5543,assumptions_the,15,15
5544,at_low,15,15
5545,banks_are,13,15
5546,be_expected,14,15
5547,be_generated,13,15
5548,be_identified,14,15
5549,between_income,12,15
5550,borrowing_and,14,15
5551,bulk_of,14,15
5552,by_combining,15,15
5553,by_developing,15,15
5554,can_make,15,15
5555,can_only,15,15
5556,capacity_utilization,9,15
5557,capital_mobility,14,15
5558,central_to,15,15
5559,changes_for,14,15
5560,changing_the,15,15
5561,character_of,15,15
5562,child_care,6,15
5563,children_in,14,15
5564,choice_models,13,15
5565,chosen_by,14,15
5566,class_size,7,15
5567,collection_of,15,15
5568,come_from,14,15
5569,comparison_with,15,15
5570,confirm_the,15,15
5571,conflict_between,14,15
5572,consider_two,15,15
5573,contributions_to,15,15
5574,control_problems,8,15
5575,corporate_tax,9,15
5576,cost_in,15,15
5577,countries_are,15,15
5578,countries_that,14,15
5579,countries_this,15,15
5580,coupled_with,15,15
5581,cross_sections,15,15
5582,data_generating,15,15
5583,decomposed_into,15,15
5584,dependence_of,14,15
5585,design_and,14,15
5586,developments_in,15,15
5587,deviate_from,15,15
5588,deviation_of,14,15
5589,differences_across,14,15
5590,differentiated_products,13,15
5591,discrimination_in,14,15
5592,distinct_from,14,15
5593,dollar_of,11,15
5594,dynamic_stochastic,15,15
5595,endogenously_determined,15,15
5596,endowment_effect,7,15
5597,environments_in,15,15
5598,equation_for,13,15
5599,equations_the,14,15
5600,equilibria_under,14,15
5601,equilibrium_exists,14,15
5602,equilibrium_payoffs,11,15
5603,errors_the,15,15
5604,estimated_the,15,15
5605,estimates_in,15,15
5606,estimates_that,14,15
5607,example_that,15,15
5608,expected_returns,13,15
5609,experiment_that,14,15
5610,experiment_with,13,15
5611,experimental_design,13,15
5612,exploits_the,15,15
5613,factors_such,15,15
5614,failed_to,15,15
5615,financial_intermediation,12,15
5616,financial_market,13,15
5617,find_significant,15,15
5618,finite_horizon,11,15
5619,finite_set,14,15
5620,flows_and,15,15
5621,for_aggregate,12,15
5622,for_by,15,15
5623,for_empirical,15,15
5624,for_goods,14,15
5625,for_single,15,15
5626,for_social,15,15
5627,for_various,15,15
5628,form_games,14,15
5629,formal_model,15,15
5630,free_entry,12,15
5631,from_each,14,15
5632,from_which,15,15
5633,function_are,15,15
5634,function_can,15,15
5635,function_with,15,15
5636,future_consumption,13,15
5637,games_is,15,15
5638,given_and,15,15
5639,goods_is,13,15
5640,goods_that,14,15
5641,groups_we,15,15
5642,habit_formation,10,15
5643,high_levels,15,15
5644,highly_correlated,13,15
5645,home_production,11,15
5646,household_production,13,15
5647,idea_is,15,15
5648,identically_distributed,15,15
5649,identified_set,9,15
5650,important_implications,14,15
5651,imposition_of,14,15
5652,in_applications,15,15
5653,in_areas,13,15
5654,in_europe,12,15
5655,in_expected,15,15
5656,in_fertility,13,15
5657,in_growth,15,15
5658,in_industries,15,15
5659,in_kind,9,15
5660,in_long,14,15
5661,in_principle,15,15
5662,in_school,13,15
5663,in_tax,14,15
5664,in_very,14,15
5665,income_elasticities,15,15
5666,income_to,15,15
5667,industries_with,13,15
5668,inequality_of,14,15
5669,inference_about,9,15
5670,innovation_is,14,15
5671,interactions_between,14,15
5672,interest_groups,14,15
5673,interest_on,11,15
5674,investment_goods,9,15
5675,is_carried,15,15
5676,is_constant,15,15
5677,is_devoted,15,15
5678,is_free,14,15
5679,is_inefficient,15,15
5680,is_motivated,15,15
5681,is_pareto,15,15
5682,is_percent,13,15
5683,is_relatively,15,15
5684,is_some,14,15
5685,is_stronger,15,15
5686,is_substantially,15,15
5687,it_provides,15,15
5688,joint_distribution,15,15
5689,known_about,15,15
5690,laboratory_experiment,15,15
5691,lag_model,12,15
5692,large_numbers,14,15
5693,large_the,14,15
5694,latter_case,14,15
5695,limitations_of,15,15
5696,little_is,15,15
5697,long_standing,15,15
5698,losses_from,14,15
5699,low_quality,11,15
5700,make_it,15,15
5701,marginal_tax,12,15
5702,market_operations,9,15
5703,market_shares,11,15
5704,minimum_distance,11,15
5705,mix_of,12,15
5706,mixed_strategies,13,15
5707,models_have,12,15
5708,modification_of,14,15
5709,monetary_policies,13,15
5710,more_accurate,14,15
5711,more_difficult,15,15
5712,morgenstern_utility,13,15
5713,new_product,9,15
5714,note_is,15,15
5715,observations_on,14,15
5716,observed_and,14,15
5717,of_agricultural,13,15
5718,of_ambiguity,10,15
5719,of_analysis,15,15
5720,of_anticipated,14,15
5721,of_cities,12,15
5722,of_class,14,15
5723,of_development,13,15
5724,of_direct,15,15
5725,of_efficient,15,15
5726,of_effort,14,15
5727,of_either,15,15
5728,of_every,14,15
5729,of_ex,13,15
5730,of_formal,10,15
5731,of_futures,13,15
5732,of_hours,12,15
5733,of_leisure,11,15
5734,of_liquidity,15,15
5735,of_nations,13,15
5736,of_others,14,15
5737,of_prior,14,15
5738,of_profit,13,15
5739,of_selection,13,15
5740,of_set,15,15
5741,of_solutions,12,15
5742,of_spatial,14,15
5743,of_substantial,15,15
5744,of_testing,15,15
5745,of_treatment,11,15
5746,of_worker,14,15
5747,of_young,13,15
5748,on_all,14,15
5749,on_firm,14,15
5750,on_other,14,15
5751,on_trade,14,15
5752,operation_of,15,15
5753,optimal_and,15,15
5754,or_if,15,15
5755,other_variables,13,15
5756,our_data,15,15
5757,over_an,15,15
5758,panel_study,15,15
5759,paper_addresses,15,15
5760,paper_characterizes,15,15
5761,participate_in,14,15
5762,payoffs_are,15,15
5763,per_worker,11,15
5764,period_in,15,15
5765,policies_in,15,15
5766,policy_has,13,15
5767,policy_makers,14,15
5768,position_in,13,15
5769,possible_for,15,15
5770,preference_orderings,13,15
5771,present_in,15,15
5772,price_elasticities,11,15
5773,price_variability,9,15
5774,prices_by,15,15
5775,prices_this,15,15
5776,probability_and,15,15
5777,problem_with,15,15
5778,procedure_to,13,15
5779,process_this,15,15
5780,product_is,14,15
5781,productivity_shocks,12,15
5782,random_utility,11,15
5783,real_and,13,15
5784,reduction_of,14,15
5785,referred_to,15,15
5786,relationship_with,14,15
5787,relative_wages,12,15
5788,relevance_of,15,15
5789,representations_of,14,15
5790,reservation_wages,9,15
5791,resources_to,14,15
5792,restriction_on,15,15
5793,restrictions_and,15,15
5794,results_obtained,15,15
5795,results_we,15,15
5796,returns_on,13,15
5797,ricardian_equivalence,9,15
5798,risk_in,15,15
5799,risky_assets,13,15
5800,sample_distribution,13,15
5801,savings_behavior,10,15
5802,school_attendance,12,15
5803,search_costs,14,15
5804,second_part,15,15
5805,set_by,14,15
5806,sets_and,12,15
5807,shares_of,13,15
5808,shocks_that,15,15
5809,shown_in,15,15
5810,significant_and,15,15
5811,significant_effect,15,15
5812,significantly_different,14,15
5813,significantly_higher,14,15
5814,simple_general,15,15
5815,simple_majority,14,15
5816,simulation_results,15,15
5817,slope_of,13,15
5818,specifically_the,15,15
5819,stage_game,13,15
5820,state_contingent,14,15
5821,state_variables,9,15
5822,statistic_is,13,15
5823,statistics_for,14,15
5824,stems_from,15,15
5825,stochastic_processes,15,15
5826,stock_is,12,15
5827,stocks_and,15,15
5828,structural_equation,14,15
5829,student_achievement,12,15
5830,substantially_more,14,15
5831,substitutes_for,14,15
5832,substitution_and,14,15
5833,supply_is,12,15
5834,supply_model,14,15
5835,tax_changes,13,15
5836,tax_system,13,15
5837,techniques_are,15,15
5838,technological_progress,12,15
5839,than_by,15,15
5840,than_would,14,15
5841,that_affect,15,15
5842,that_after,15,15
5843,that_agents,15,15
5844,that_allow,15,15
5845,that_cannot,15,15
5846,that_consumers,13,15
5847,that_makes,15,15
5848,that_maximizes,15,15
5849,the_annual,14,15
5850,the_author,15,15
5851,the_autoregressive,12,15
5852,the_axioms,12,15
5853,the_behavioral,15,15
5854,the_bulk,14,15
5855,the_buyer,11,15
5856,the_certainty,14,15
5857,the_collective,12,15
5858,the_conclusions,14,15
5859,the_decisions,14,15
5860,the_disturbance,13,15
5861,the_essential,15,15
5862,the_export,10,15
5863,the_feasible,12,15
5864,the_functional,14,15
5865,the_goal,15,15
5866,the_government's,13,15
5867,the_health,14,15
5868,the_home,14,15
5869,the_identified,9,15
5870,the_inclusion,15,15
5871,the_independence,13,15
5872,the_inefficiency,15,15
5873,the_manner,15,15
5874,the_mathematical,14,15
5875,the_maximal,11,15
5876,the_methodology,15,15
5877,the_negative,15,15
5878,the_numerical,13,15
5879,the_operation,15,15
5880,the_others,15,15
5881,the_particular,15,15
5882,the_players',11,15
5883,the_provision,15,15
5884,the_purchase,14,15
5885,the_quasi,13,15
5886,the_rapid,15,15
5887,the_region,12,15
5888,the_restriction,14,15
5889,the_rich,12,15
5890,the_rule,14,15
5891,the_sampling,12,15
5892,the_security,9,15
5893,the_series,12,15
5894,the_setting,15,15
5895,the_sign,12,15
5896,the_subsequent,15,15
5897,the_trend,12,15
5898,their_prices,14,15
5899,theory_with,15,15
5900,there_were,15,15
5901,these_restrictions,15,15
5902,this_estimator,14,15
5903,this_evidence,15,15
5904,this_in,15,15
5905,this_market,15,15
5906,this_process,15,15
5907,tied_to,14,15
5908,to_adjust,15,15
5909,to_build,12,15
5910,to_common,15,15
5911,to_differences,14,15
5912,to_move,15,15
5913,to_observe,13,15
5914,to_several,14,15
5915,to_specific,15,15
5916,to_such,15,15
5917,to_supply,15,15
5918,trade_credit,5,15
5919,trading_partners,9,15
5920,two_agents,15,15
5921,two_approaches,15,15
5922,two_groups,12,15
5923,unemployment_rates,14,15
5924,unlike_the,15,15
5925,use_our,15,15
5926,using_both,15,15
5927,using_two,15,15
5928,using_us,15,15
5929,utility_the,15,15
5930,utilization_of,13,15
5931,variable_the,15,15
5932,via_the,15,15
5933,violations_of,14,15
5934,walrasian_equilibrium,12,15
5935,we_conduct,15,15
5936,we_evaluate,15,15
5937,we_take,15,15
5938,wealth_in,15,15
5939,wealth_is,14,15
5940,when_consumers,12,15
5941,whereby_the,14,15
5942,with_greater,14,15
5943,with_limited,15,15
5944,with_rational,15,15
5945,with_regard,13,15
5946,without_any,15,15
5947,work_is,15,15
5948,about_how,14,14
5949,about_one,13,14
5950,across_individuals,13,14
5951,age_of,13,14
5952,agents_may,13,14
5953,aggregate_shocks,12,14
5954,allocation_and,13,14
5955,allocations_and,12,14
5956,allocations_are,12,14
5957,also_considered,14,14
5958,alternative_assumptions,13,14
5959,alternative_explanations,14,14
5960,alternative_models,13,14
5961,although_it,14,14
5962,an_earlier,14,14
5963,an_endogenous,14,14
5964,an_estimated,12,14
5965,an_increased,11,14
5966,an_inefficient,13,14
5967,an_input,14,14
5968,an_iterative,14,14
5969,an_unknown,14,14
5970,analyzed_and,14,14
5971,and_any,13,14
5972,and_apply,14,14
5973,and_credit,12,14
5974,and_expected,14,14
5975,and_generalized,13,14
5976,and_indirect,11,14
5977,and_industry,14,14
5978,and_inference,11,14
5979,and_make,14,14
5980,and_savings,13,14
5981,and_size,14,14
5982,and_subsequent,14,14
5983,and_uncertainty,12,14
5984,and_various,14,14
5985,any_of,14,14
5986,applied_in,14,14
5987,approximately_percent,14,14
5988,are_all,14,14
5989,are_as,14,14
5990,are_biased,12,14
5991,are_briefly,14,14
5992,are_correlated,14,14
5993,are_either,13,14
5994,are_employed,14,14
5995,are_established,13,14
5996,are_illustrated,14,14
5997,are_many,14,14
5998,are_most,14,14
5999,are_pareto,14,14
6000,are_positively,14,14
6001,as_given,14,14
6002,as_large,14,14
6003,as_their,14,14
6004,as_we,14,14
6005,assignment_of,14,14
6006,attempted_to,14,14
6007,average_and,14,14
6008,banks_in,14,14
6009,be_affected,14,14
6010,be_better,14,14
6011,be_chosen,13,14
6012,be_taken,14,14
6013,be_to,13,14
6014,beginning_of,14,14
6015,behavior_for,14,14
6016,behind_the,14,14
6017,benefits_and,14,14
6018,best_response,12,14
6019,bias_the,13,14
6020,but_has,14,14
6021,but_little,13,14
6022,by_analyzing,14,14
6023,by_any,14,14
6024,by_industry,9,14
6025,by_introducing,13,14
6026,by_one,13,14
6027,by_our,13,14
6028,by_providing,14,14
6029,by_simple,14,14
6030,calculate_the,14,14
6031,can_arise,14,14
6032,capable_of,14,14
6033,captured_by,14,14
6034,case_is,14,14
6035,causes_the,12,14
6036,changes_that,13,14
6037,characteristic_of,13,14
6038,characterizations_of,14,14
6039,civil_war,10,14
6040,collective_bargaining,11,14
6041,commercial_banks,13,14
6042,common_in,13,14
6043,competition_for,13,14
6044,competition_the,14,14
6045,complete_markets,14,14
6046,consist_of,14,14
6047,constant_elasticity,13,14
6048,constrained_by,14,14
6049,contract_is,12,14
6050,contracts_with,14,14
6051,convergence_in,13,14
6052,cost_functions,12,14
6053,cost_the,14,14
6054,credit_and,14,14
6055,criterion_for,13,14
6056,data_show,14,14
6057,decision_problem,10,14
6058,decision_theory,12,14
6059,decisions_to,14,14
6060,decrease_with,14,14
6061,demand_deposits,11,14
6062,demand_theory,14,14
6063,derive_from,14,14
6064,derived_by,14,14
6065,derives_the,14,14
6066,develop_theory,14,14
6067,developed_which,14,14
6068,differences_of,13,14
6069,disability_insurance,9,14
6070,discrimination_and,13,14
6071,domain_of,13,14
6072,dominate_the,14,14
6073,dynamics_in,13,14
6074,economic_system,11,14
6075,economic_time,12,14
6076,efficient_than,14,14
6077,elasticity_is,12,14
6078,emergence_of,14,14
6079,empirical_model,14,14
6080,empirical_study,13,14
6081,employment_is,13,14
6082,employment_of,7,14
6083,equal_the,13,14
6084,equation_and,14,14
6085,equilibrium_are,14,14
6086,equilibrium_concept,13,14
6087,equilibrium_outcomes,11,14
6088,equilibrium_under,12,14
6089,estimation_methods,13,14
6090,estimators_that,14,14
6091,even_under,14,14
6092,examines_whether,14,14
6093,expectations_equilibria,12,14
6094,expectations_the,13,14
6095,expected_rate,12,14
6096,explore_how,14,14
6097,finite_dimensional,12,14
6098,five_years,13,14
6099,follows_that,14,14
6100,for_class,14,14
6101,for_consistency,13,14
6102,for_countries,13,14
6103,for_finite,14,14
6104,for_less,14,14
6105,for_local,12,14
6106,for_sample,14,14
6107,for_three,14,14
6108,for_us,13,14
6109,force_and,14,14
6110,formulated_in,13,14
6111,found_for,14,14
6112,framework_we,14,14
6113,from_more,13,14
6114,from_percent,14,14
6115,functional_forms,14,14
6116,functions_is,14,14
6117,further_the,14,14
6118,future_income,10,14
6119,generalizes_the,14,14
6120,good_in,13,14
6121,group_membership,6,14
6122,has_important,14,14
6123,have_important,14,14
6124,help_explain,14,14
6125,households_and,14,14
6126,households_are,13,14
6127,housing_prices,11,14
6128,how_they,13,14
6129,however_is,14,14
6130,ie_the,13,14
6131,important_and,14,14
6132,important_source,14,14
6133,in_applied,12,14
6134,in_asset,14,14
6135,in_common,13,14
6136,in_conventional,11,14
6137,in_education,12,14
6138,in_financial,14,14
6139,in_housing,11,14
6140,in_manufacturing,13,14
6141,in_preferences,13,14
6142,in_private,14,14
6143,in_pure,12,14
6144,in_states,13,14
6145,in_stochastic,14,14
6146,in_technology,13,14
6147,in_welfare,13,14
6148,includes_the,13,14
6149,income_countries,11,14
6150,income_dynamics,14,14
6151,income_from,11,14
6152,income_we,13,14
6153,incomes_and,14,14
6154,indicators_of,14,14
6155,individuals_have,14,14
6156,inequality_is,14,14
6157,information_but,13,14
6158,information_can,13,14
6159,information_for,14,14
6160,innovations_in,14,14
6161,insider_trading,9,14
6162,instead_the,14,14
6163,institutions_and,14,14
6164,insurance_markets,11,14
6165,interest_to,14,14
6166,investigate_how,14,14
6167,investment_the,14,14
6168,is_bounded,12,14
6169,is_fixed,14,14
6170,is_proportional,13,14
6171,is_reduced,14,14
6172,is_simple,13,14
6173,it_possible,14,14
6174,it_should,14,14
6175,it_the,14,14
6176,its_implications,14,14
6177,job_creation,12,14
6178,laissez_faire,13,14
6179,large_fraction,13,14
6180,least_in,13,14
6181,levels_in,14,14
6182,lies_in,14,14
6183,like_to,14,14
6184,limit_distribution,12,14
6185,limit_the,14,14
6186,linear_and,14,14
6187,linear_models,14,14
6188,local_governments,13,14
6189,loss_in,13,14
6190,lower_bounds,12,14
6191,lower_prices,13,14
6192,lowers_the,14,14
6193,made_of,14,14
6194,many_cases,14,14
6195,many_other,14,14
6196,marginal_rate,12,14
6197,market_imperfections,14,14
6198,market_to,14,14
6199,markov_process,11,14
6200,married_women,12,14
6201,matrix_is,13,14
6202,may_depend,14,14
6203,mean_squared,11,14
6204,means_that,14,14
6205,median_voter,10,14
6206,methodology_for,14,14
6207,metropolitan_areas,14,14
6208,might_have,14,14
6209,mixed_strategy,11,14
6210,model_yields,14,14
6211,models_where,12,14
6212,monetary_authority,8,14
6213,monetary_incentives,12,14
6214,more_specifically,14,14
6215,more_volatile,12,14
6216,moreover_we,14,14
6217,most_cases,13,14
6218,much_smaller,14,14
6219,namely_that,14,14
6220,negative_relationship,13,14
6221,neighborhood_of,14,14
6222,net_of,14,14
6223,new_test,13,14
6224,no_more,14,14
6225,nonparametric_regression,12,14
6226,not_consistent,13,14
6227,not_fully,14,14
6228,not_sufficient,14,14
6229,observations_and,14,14
6230,observe_the,12,14
6231,observed_behavior,14,14
6232,occurs_in,13,14
6233,of_assumptions,14,14
6234,of_asymmetric,13,14
6235,of_benefits,11,14
6236,of_collusion,10,14
6237,of_conventional,14,14
6238,of_econometric,14,14
6239,of_estimates,13,14
6240,of_imperfect,13,14
6241,of_imports,10,14
6242,of_innovation,13,14
6243,of_irrelevant,11,14
6244,of_partial,11,14
6245,of_positive,14,14
6246,of_second,14,14
6247,of_special,13,14
6248,of_tariffs,12,14
6249,of_temporary,13,14
6250,of_types,14,14
6251,of_voters,13,14
6252,of_white,13,14
6253,of_workers',12,14
6254,of_zero,14,14
6255,offers_and,13,14
6256,on_earnings,13,14
6257,on_local,13,14
6258,on_optimal,12,14
6259,on_preferences,14,14
6260,on_student,10,14
6261,on_such,14,14
6262,on_three,14,14
6263,on_to,14,14
6264,on_wages,13,14
6265,one_party,13,14
6266,only_with,14,14
6267,option_to,12,14
6268,or_both,14,14
6269,organization_of,13,14
6270,out_by,14,14
6271,outcomes_the,14,14
6272,output_per,12,14
6273,outside_options,7,14
6274,over_this,13,14
6275,patterns_are,13,14
6276,per_se,14,14
6277,percent_to,13,14
6278,period_model,14,14
6279,players_and,14,14
6280,point_out,14,14
6281,policy_implications,14,14
6282,postwar_us,14,14
6283,present_new,14,14
6284,price_auctions,11,14
6285,price_increases,10,14
6286,prices_can,14,14
6287,pricing_models,14,14
6288,problems_we,13,14
6289,production_possibility,6,14
6290,production_process,13,14
6291,property_that,14,14
6292,prospect_of,12,14
6293,protection_and,13,14
6294,proxies_for,13,14
6295,public_policy,14,14
6296,public_sector,12,14
6297,question_in,14,14
6298,random_effects,9,14
6299,rationality_and,12,14
6300,real_estate,7,14
6301,realization_of,13,14
6302,recent_empirical,13,14
6303,recent_literature,14,14
6304,regression_function,11,14
6305,rejection_of,14,14
6306,representing_the,11,14
6307,responsiveness_of,14,14
6308,result_the,14,14
6309,right_to,14,14
6310,role_played,14,14
6311,rules_and,14,14
6312,run_growth,12,14
6313,sale_of,14,14
6314,sales_are,11,14
6315,sample_period,13,14
6316,scale_in,12,14
6317,school_quality,11,14
6318,sectors_and,14,14
6319,sense_the,13,14
6320,set_for,13,14
6321,several_examples,14,14
6322,short_of,13,14
6323,simple_two,14,14
6324,small_firms,13,14
6325,social_preferences,11,14
6326,solution_concept,11,14
6327,sort_of,14,14
6328,state_variable,14,14
6329,states_to,14,14
6330,stationary_equilibrium,11,14
6331,stock_in,10,14
6332,studied_the,14,14
6333,substitution_of,13,14
6334,suffer_from,12,14
6335,sufficiently_patient,14,14
6336,suggest_the,14,14
6337,suggests_the,14,14
6338,supply_the,14,14
6339,system_are,13,14
6340,system_with,14,14
6341,systems_are,14,14
6342,taken_as,14,14
6343,tax_policies,14,14
6344,taxation_on,12,14
6345,techniques_for,14,14
6346,technology_adoption,12,14
6347,technology_shocks,9,14
6348,testing_for,12,14
6349,testing_of,14,14
6350,than_on,14,14
6351,than_two,14,14
6352,that_certain,14,14
6353,that_competition,13,14
6354,that_could,14,14
6355,that_given,13,14
6356,that_high,14,14
6357,that_increase,14,14
6358,that_its,14,14
6359,that_new,13,14
6360,that_use,14,14
6361,the_agents',12,14
6362,the_beginning,14,14
6363,the_belief,11,14
6364,the_benefit,13,14
6365,the_boundary,10,14
6366,the_comparison,13,14
6367,the_contracting,11,14
6368,the_convergence,14,14
6369,the_debt,14,14
6370,the_difficulties,13,14
6371,the_equations,14,14
6372,the_evaluation,14,14
6373,the_expansion,13,14
6374,the_forward,12,14
6375,the_gain,13,14
6376,the_import,10,14
6377,the_imposition,14,14
6378,the_incumbent,11,14
6379,the_informed,9,14
6380,the_internal,7,14
6381,the_keynesian,12,14
6382,the_leontief,10,14
6383,the_light,14,14
6384,the_moments,13,14
6385,the_observable,10,14
6386,the_optimality,13,14
6387,the_path,13,14
6388,the_patterns,14,14
6389,the_portfolio,13,14
6390,the_predicted,14,14
6391,the_principal's,10,14
6392,the_project,8,14
6393,the_prospect,13,14
6394,the_pure,13,14
6395,the_qualitative,12,14
6396,the_reasons,13,14
6397,the_research,11,14
6398,the_reservation,12,14
6399,the_resolution,13,14
6400,the_rules,14,14
6401,the_scale,12,14
6402,the_semiparametric,14,14
6403,the_sequential,14,14
6404,the_society,12,14
6405,the_spot,11,14
6406,the_survey,13,14
6407,the_variability,13,14
6408,the_weights,14,14
6409,then_be,14,14
6410,theorem_and,14,14
6411,theoretical_analysis,13,14
6412,theory_has,14,14
6413,these_countries,12,14
6414,these_factors,14,14
6415,these_issues,14,14
6416,these_markets,12,14
6417,these_methods,13,14
6418,these_problems,14,14
6419,this_bias,13,14
6420,this_difference,13,14
6421,this_essay,12,14
6422,this_procedure,14,14
6423,this_situation,14,14
6424,those_for,14,14
6425,time_model,12,14
6426,time_period,14,14
6427,to_accommodate,13,14
6428,to_commit,14,14
6429,to_current,14,14
6430,to_future,13,14
6431,to_help,14,14
6432,to_offer,14,14
6433,to_private,14,14
6434,to_promote,14,14
6435,to_substantial,14,14
6436,to_suggest,14,14
6437,to_tax,13,14
6438,to_workers,12,14
6439,trade_balance,10,14
6440,trade_to,13,14
6441,traded_goods,9,14
6442,transformations_of,11,14
6443,treatment_effect,11,14
6444,trust_and,12,14
6445,two_distinct,14,14
6446,two_key,14,14
6447,two_of,14,14
6448,two_thirds,14,14
6449,two_years,13,14
6450,under_these,14,14
6451,unemployment_in,13,14
6452,use_and,14,14
6453,values_for,13,14
6454,variables_of,12,14
6455,variables_we,14,14
6456,very_general,14,14
6457,very_simple,13,14
6458,wages_the,14,14
6459,we_ask,14,14
6460,we_offer,14,14
6461,welfare_loss,13,14
6462,welfare_losses,12,14
6463,what_extent,14,14
6464,when_an,14,14
6465,where_all,14,14
6466,where_they,11,14
6467,which_allow,13,14
6468,which_both,14,14
6469,which_players,14,14
6470,which_provides,14,14
6471,while_there,14,14
6472,winner's_curse,11,14
6473,with_changes,14,14
6474,with_complete,14,14
6475,with_empirical,14,14
6476,with_long,14,14
6477,with_market,14,14
6478,with_model,13,14
6479,with_relatively,13,14
6480,with_single,13,14
6481,with_very,14,14
6482,with_zero,14,14
6483,within_an,14,14
6484,within_firm,11,14
6485,workers_have,13,14
6486,would_increase,13,14
6487,year_period,14,14
6488,years_the,14,14
6489,accordance_with,13,13
6490,across_different,13,13
6491,act_as,13,13
6492,adjustment_in,12,13
6493,adjustment_to,12,13
6494,adopt_the,13,13
6495,aggregate_level,10,13
6496,aggregate_time,10,13
6497,air_quality,9,13
6498,all_firms,12,13
6499,all_these,13,13
6500,also_for,13,13
6501,also_present,13,13
6502,alternatives_to,13,13
6503,ambiguity_aversion,9,13
6504,an_analytical,11,13
6505,an_axiomatic,12,13
6506,an_event,12,13
6507,an_extensive,13,13
6508,an_externality,13,13
6509,an_incomplete,13,13
6510,an_upper,11,13
6511,analysis_has,13,13
6512,and_across,13,13
6513,and_allows,13,13
6514,and_common,12,13
6515,and_discuss,12,13
6516,and_government,13,13
6517,and_international,13,13
6518,and_iv,13,13
6519,and_many,13,13
6520,and_optimal,13,13
6521,and_out,12,13
6522,and_population,11,13
6523,and_positive,13,13
6524,and_simple,13,13
6525,and_standard,10,13
6526,and_structural,12,13
6527,and_suggests,13,13
6528,and_transfer,12,13
6529,and_uses,13,13
6530,and_variance,12,13
6531,and_white,9,13
6532,and_why,13,13
6533,are_equivalent,12,13
6534,are_fully,12,13
6535,are_included,12,13
6536,are_larger,13,13
6537,are_linear,13,13
6538,are_reported,13,13
6539,are_risk,13,13
6540,are_substantially,13,13
6541,are_three,13,13
6542,are_unable,13,13
6543,are_widely,13,13
6544,article_examines,13,13
6545,as_source,13,13
6546,ask_whether,13,13
6547,asserts_that,11,13
6548,assessing_the,13,13
6549,at_every,12,13
6550,at_high,13,13
6551,at_this,13,13
6552,average_productivity,10,13
6553,average_treatment,7,13
6554,based_model,9,13
6555,be_known,11,13
6556,be_much,13,13
6557,beliefs_are,11,13
6558,believe_that,13,13
6559,benefit_of,13,13
6560,between_aggregate,10,13
6561,between_countries,11,13
6562,birth_rates,7,13
6563,born_in,12,13
6564,both_countries,11,13
6565,bounds_are,11,13
6566,by_higher,13,13
6567,by_imposing,12,13
6568,by_individuals,12,13
6569,by_to,12,13
6570,can_help,12,13
6571,can_produce,13,13
6572,can_use,13,13
6573,case_study,12,13
6574,changes_over,13,13
6575,children_we,12,13
6576,choice_in,13,13
6577,choice_model,12,13
6578,combinations_of,13,13
6579,comes_from,13,13
6580,commodities_are,12,13
6581,commodities_the,13,13
6582,commodity_space,11,13
6583,computation_of,12,13
6584,concentration_of,13,13
6585,concern_for,12,13
6586,concerns_about,12,13
6587,condition_of,13,13
6588,conditional_distribution,10,13
6589,conditional_expectation,12,13
6590,conform_to,12,13
6591,considered_as,13,13
6592,constraint_on,13,13
6593,consumer_goods,12,13
6594,contracts_can,12,13
6595,contributions_of,12,13
6596,control_the,13,13
6597,corporate_investment,9,13
6598,costly_to,12,13
6599,costs_is,11,13
6600,costs_on,12,13
6601,could_not,13,13
6602,countries_is,11,13
6603,countries_over,13,13
6604,country_differences,11,13
6605,country_to,12,13
6606,credit_market,13,13
6607,criteria_for,12,13
6608,criterion_is,12,13
6609,criterion_of,13,13
6610,data_as,13,13
6611,data_by,13,13
6612,decisions_we,13,13
6613,decline_of,13,13
6614,decreases_with,12,13
6615,defined_and,13,13
6616,demand_analysis,12,13
6617,demand_we,12,13
6618,depends_only,11,13
6619,deposits_and,9,13
6620,derivatives_of,9,13
6621,detailed_data,12,13
6622,development_the,13,13
6623,develops_theory,13,13
6624,different_rates,11,13
6625,differential_equation,9,13
6626,dimensions_of,12,13
6627,distribution_to,13,13
6628,distribution_with,13,13
6629,distributions_for,12,13
6630,do_the,13,13
6631,domestic_and,13,13
6632,during_recessions,9,13
6633,dynamics_are,13,13
6634,earnings_inequality,8,13
6635,economic_environments,12,13
6636,economy_are,13,13
6637,effective_protection,5,13
6638,empirical_implications,13,13
6639,empirical_investigation,13,13
6640,empirical_tests,13,13
6641,employment_in,13,13
6642,enforcement_of,13,13
6643,environment_with,13,13
6644,environments_with,13,13
6645,equation_in,13,13
6646,equation_models,12,13
6647,equations_and,12,13
6648,equations_for,11,13
6649,equilibria_that,13,13
6650,equilibrium_framework,13,13
6651,estimate_model,13,13
6652,estimated_and,13,13
6653,estimates_based,13,13
6654,estimates_obtained,13,13
6655,evaluating_the,12,13
6656,evidence_supports,13,13
6657,examine_whether,13,13
6658,exchange_market,12,13
6659,exist_and,13,13
6660,expenditure_on,12,13
6661,experiments_the,13,13
6662,experiments_with,13,13
6663,families_in,12,13
6664,find_large,13,13
6665,finitely_many,12,13
6666,firms_choose,13,13
6667,folk_theorem,13,13
6668,for_firm,12,13
6669,for_health,12,13
6670,for_it,13,13
6671,for_linear,13,13
6672,for_measuring,12,13
6673,for_price,13,13
6674,for_real,12,13
6675,for_welfare,10,13
6676,functions_we,13,13
6677,games_and,13,13
6678,gap_in,13,13
6679,generalizing_the,13,13
6680,give_an,13,13
6681,goods_sector,6,13
6682,governed_by,12,13
6683,government_bonds,10,13
6684,government_to,11,13
6685,greater_in,11,13
6686,groups_in,12,13
6687,growth_are,11,13
6688,had_no,13,13
6689,hand_the,13,13
6690,have_implications,13,13
6691,have_positive,13,13
6692,heterogeneity_is,13,13
6693,heterogeneity_of,13,13
6694,high_as,12,13
6695,higher_wages,12,13
6696,households_the,13,13
6697,housing_and,12,13
6698,how_well,13,13
6699,however_it,13,13
6700,hypothesis_testing,9,13
6701,identified_by,12,13
6702,if_firms,13,13
6703,if_its,13,13
6704,if_this,12,13
6705,implementable_in,8,13
6706,implemented_in,11,13
6707,implications_in,13,13
6708,improving_the,12,13
6709,in_accordance,13,13
6710,in_agriculture,11,13
6711,in_expectations,10,13
6712,in_first,13,13
6713,in_interest,11,13
6714,in_it,13,13
6715,in_less,13,13
6716,in_macroeconomic,13,13
6717,in_repeated,12,13
6718,in_sample,13,13
6719,in_theory,11,13
6720,in_variables,12,13
6721,in_variety,13,13
6722,income_distributions,10,13
6723,income_levels,12,13
6724,increases_and,13,13
6725,independent_private,12,13
6726,indirect_utility,10,13
6727,individual_behavior,8,13
6728,industry_the,12,13
6729,infant_mortality,8,13
6730,information_from,13,13
6731,inputs_are,12,13
6732,intellectual_property,10,13
6733,interested_in,13,13
6734,interests_of,13,13
6735,intermediate_inputs,12,13
6736,interpretations_of,13,13
6737,into_three,13,13
6738,introduced_in,13,13
6739,invariant_to,12,13
6740,is_approximately,13,13
6741,is_by,12,13
6742,is_generalized,13,13
6743,is_negative,13,13
6744,is_paid,13,13
6745,is_present,13,13
6746,is_satisfied,12,13
6747,is_self,11,13
6748,is_socially,12,13
6749,is_specified,13,13
6750,issues_are,13,13
6751,it_then,13,13
6752,job_training,11,13
6753,justification_for,13,13
6754,key_to,13,13
6755,labor_in,13,13
6756,labor_input,11,13
6757,labor_to,12,13
6758,lagged_dependent,11,13
6759,larger_for,13,13
6760,larger_the,11,13
6761,learning_in,12,13
6762,learning_model,9,13
6763,limit_of,12,13
6764,liquid_assets,11,13
6765,liquidity_constrained,10,13
6766,local_government,7,13
6767,located_in,13,13
6768,long_been,13,13
6769,looking_at,13,13
6770,lower_income,11,13
6771,main_finding,12,13
6772,market_are,11,13
6773,market_size,11,13
6774,market_this,13,13
6775,market_where,13,13
6776,market_will,13,13
6777,match_the,12,13
6778,may_explain,12,13
6779,may_fail,13,13
6780,measure_is,11,13
6781,mechanism_that,13,13
6782,model_does,13,13
6783,model_on,13,13
6784,model_shows,12,13
6785,models_to,12,13
6786,money_as,10,13
6787,money_growth,8,13
6788,money_the,13,13
6789,more_effective,13,13
6790,more_or,13,13
6791,national_product,11,13
6792,nature_and,13,13
6793,neoclassical_theory,9,13
6794,non_nested,9,13
6795,normal_and,11,13
6796,not_as,13,13
6797,not_by,12,13
6798,not_change,13,13
6799,not_rely,13,13
6800,nuisance_parameter,10,13
6801,objectives_of,11,13
6802,observation_of,12,13
6803,observations_are,11,13
6804,occurrence_of,13,13
6805,of_actions,11,13
6806,of_bonds,10,13
6807,of_capacity,11,13
6808,of_central,13,13
6809,of_college,11,13
6810,of_conflict,12,13
6811,of_discrimination,10,13
6812,of_early,12,13
6813,of_economics,13,13
6814,of_evidence,13,13
6815,of_farm,11,13
6816,of_fluctuations,13,13
6817,of_funds,10,13
6818,of_identification,12,13
6819,of_instrumental,13,13
6820,of_intergenerational,12,13
6821,of_introducing,13,13
6822,of_making,12,13
6823,of_manufacturing,11,13
6824,of_marriage,10,13
6825,of_most,13,13
6826,of_normal,13,13
6827,of_observable,12,13
6828,of_period,9,13
6829,of_physical,10,13
6830,of_plants,8,13
6831,of_policies,13,13
6832,of_previous,13,13
6833,of_regional,10,13
6834,of_securities,13,13
6835,of_sequential,11,13
6836,of_shocks,13,13
6837,of_subjective,12,13
6838,of_thumb,13,13
6839,of_vertical,13,13
6840,on_asset,11,13
6841,on_future,12,13
6842,on_market,13,13
6843,on_price,13,13
6844,on_social,13,13
6845,one_quarter,11,13
6846,one_the,12,13
6847,opportunities_for,12,13
6848,optimal_allocations,10,13
6849,optimal_capital,10,13
6850,optimal_stopping,10,13
6851,optimality_of,12,13
6852,or_no,13,13
6853,or_of,13,13
6854,or_when,13,13
6855,other_agents,12,13
6856,other_types,11,13
6857,others_and,13,13
6858,outcomes_that,12,13
6859,outside_of,13,13
6860,over_all,12,13
6861,overall_the,13,13
6862,overidentifying_restrictions,11,13
6863,paid_by,11,13
6864,paper_and,13,13
6865,paper_constructs,13,13
6866,paper_gives,13,13
6867,paper_then,13,13
6868,paper_to,13,13
6869,paper_will,12,13
6870,parameter_and,13,13
6871,parameters_we,12,13
6872,parameters_which,13,13
6873,particular_it,13,13
6874,past_years,13,13
6875,payoff_functions,10,13
6876,people_are,13,13
6877,per_dollar,10,13
6878,percent_per,12,13
6879,percent_the,13,13
6880,performance_we,13,13
6881,place_in,12,13
6882,play_in,13,13
6883,players_to,13,13
6884,point_the,12,13
6885,points_to,13,13
6886,policy_for,13,13
6887,policy_on,13,13
6888,position_of,13,13
6889,potential_for,13,13
6890,power_is,13,13
6891,predictions_about,11,13
6892,present_the,13,13
6893,presented_the,13,13
6894,presents_evidence,13,13
6895,price_data,13,13
6896,price_for,10,13
6897,price_rigidity,11,13
6898,price_that,12,13
6899,prices_or,12,13
6900,prices_than,12,13
6901,prices_when,12,13
6902,prior_distribution,6,13
6903,prior_information,10,13
6904,privately_informed,12,13
6905,problems_that,13,13
6906,procedures_that,11,13
6907,process_to,13,13
6908,processes_of,13,13
6909,profits_by,13,13
6910,programs_and,11,13
6911,proposed_in,12,13
6912,proposes_new,12,13
6913,proved_that,12,13
6914,provide_some,13,13
6915,proxy_for,13,13
6916,public_finance,13,13
6917,public_policies,10,13
6918,quadratic_programming,6,13
6919,random_assignment,11,13
6920,rates_that,13,13
6921,real_rate,10,13
6922,reference_point,10,13
6923,regressors_and,10,13
6924,regulation_is,12,13
6925,reliance_on,11,13
6926,reports_the,13,13
6927,reputation_and,9,13
6928,require_that,12,13
6929,resources_are,13,13
6930,result_holds,13,13
6931,reveal_that,13,13
6932,roles_of,13,13
6933,rule_the,13,13
6934,rules_for,13,13
6935,run_the,13,13
6936,sample_performance,13,13
6937,samples_of,12,13
6938,schools_in,11,13
6939,section_and,11,13
6940,sector_specific,10,13
6941,sectors_the,12,13
6942,self_fulfilling,13,13
6943,separation_of,12,13
6944,series_the,13,13
6945,set_we,12,13
6946,setting_we,13,13
6947,shadow_prices,11,13
6948,shocks_in,13,13
6949,showing_how,13,13
6950,shown_how,12,13
6951,significant_impact,13,13
6952,single_crossing,11,13
6953,situation_in,13,13
6954,situations_in,13,13
6955,small_open,12,13
6956,so_on,13,13
6957,social_costs,10,13
6958,social_insurance,12,13
6959,space_is,12,13
6960,specialization_and,12,13
6961,spot_market,11,13
6962,spot_price,8,13
6963,squares_regression,12,13
6964,standard_of,10,13
6965,starting_point,13,13
6966,sticky_price,10,13
6967,strategies_for,13,13
6968,strategies_that,12,13
6969,strong_positive,12,13
6970,structure_the,12,13
6971,studies_that,11,13
6972,subjects_are,10,13
6973,support_to,12,13
6974,system_to,13,13
6975,take_account,13,13
6976,taking_into,13,13
6977,tax_reform,10,13
6978,taxation_and,12,13
6979,taxation_of,11,13
6980,techniques_to,13,13
6981,tendency_to,13,13
6982,than_previously,13,13
6983,that_average,13,13
6984,that_depend,13,13
6985,that_differences,13,13
6986,that_incorporates,13,13
6987,that_involve,12,13
6988,that_long,13,13
6989,that_low,12,13
6990,that_money,11,13
6991,that_other,13,13
6992,that_simple,13,13
6993,that_subjects,9,13
6994,the_action,10,13
6995,the_advantage,13,13
6996,the_advantages,13,13
6997,the_algorithm,7,13
6998,the_area,13,13
6999,the_bounds,9,13
7000,the_british,12,13
7001,the_burden,12,13
7002,the_center,12,13
7003,the_classic,12,13
7004,the_community,11,13
7005,the_computation,13,13
7006,the_connection,13,13
7007,the_credit,12,13
7008,the_dependence,12,13
7009,the_derivation,13,13
7010,the_elements,12,13
7011,the_equilibria,11,13
7012,the_establishment,13,13
7013,the_external,10,13
7014,the_geographic,11,13
7015,the_impacts,13,13
7016,the_institutional,12,13
7017,the_instrumental,11,13
7018,the_insurance,10,13
7019,the_issues,13,13
7020,the_laboratory,13,13
7021,the_legal,13,13
7022,the_log,9,13
7023,the_markets,10,13
7024,the_observation,13,13
7025,the_old,13,13
7026,the_organization,12,13
7027,the_reform,11,13
7028,the_regulation,12,13
7029,the_relatively,12,13
7030,the_representative,12,13
7031,the_roles,13,13
7032,the_sales,10,13
7033,the_saving,13,13
7034,the_scheme,9,13
7035,the_seller's,11,13
7036,the_sequence,10,13
7037,the_shapley,10,13
7038,the_sharing,9,13
7039,the_smallest,12,13
7040,the_socially,12,13
7041,the_solutions,11,13
7042,the_spatial,10,13
7043,the_success,13,13
7044,the_surplus,11,13
7045,the_vector,13,13
7046,them_the,13,13
7047,them_with,13,13
7048,theoretically_and,13,13
7049,there_was,13,13
7050,these_costs,13,13
7051,these_predictions,13,13
7052,third_the,13,13
7053,this_behavior,13,13
7054,this_form,13,13
7055,this_new,13,13
7056,this_way,13,13
7057,those_obtained,13,13
7058,three_types,13,13
7059,three_years,13,13
7060,time_between,13,13
7061,to_behave,13,13
7062,to_create,12,13
7063,to_date,13,13
7064,to_draw,12,13
7065,to_engage,12,13
7066,to_exhibit,13,13
7067,to_exploit,12,13
7068,to_fall,13,13
7069,to_fixed,13,13
7070,to_free,12,13
7071,to_guarantee,12,13
7072,to_health,12,13
7073,to_international,12,13
7074,to_order,12,13
7075,to_point,13,13
7076,to_real,12,13
7077,to_reflect,13,13
7078,to_save,13,13
7079,to_shocks,13,13
7080,to_state,13,13
7081,total_output,10,13
7082,trade_model,13,13
7083,trade_we,13,13
7084,transactions_in,12,13
7085,transfers_and,13,13
7086,treatment_and,13,13
7087,two_examples,13,13
7088,type_the,13,13
7089,uncertainty_the,13,13
7090,unique_and,13,13
7091,use_is,13,13
7092,used_the,13,13
7093,using_large,13,13
7094,using_only,13,13
7095,utility_model,13,13
7096,value_to,13,13
7097,variability_in,12,13
7098,variable_that,12,13
7099,variation_is,10,13
7100,vary_across,13,13
7101,ways_of,12,13
7102,we_formulate,13,13
7103,we_interpret,12,13
7104,we_will,11,13
7105,were_less,12,13
7106,when_agents,13,13
7107,when_and,12,13
7108,when_workers,12,13
7109,where_agents,13,13
7110,where_firms,13,13
7111,where_it,12,13
7112,which_includes,13,13
7113,which_of,13,13
7114,which_will,13,13
7115,who_can,12,13
7116,with_asymmetric,12,13
7117,with_certainty,12,13
7118,with_full,13,13
7119,with_linear,13,13
7120,with_local,12,13
7121,with_only,13,13
7122,with_price,12,13
7123,within_this,11,13
7124,work_the,13,13
7125,workers_we,13,13
7126,world_trade,13,13
7127,yields_an,13,13
7128,about_his,12,12
7129,about_its,12,12
7130,accuracy_of,10,12
7131,activity_in,12,12
7132,advertising_and,11,12
7133,after_controlling,12,12
7134,agent_is,12,12
7135,agent_model,12,12
7136,agent_who,12,12
7137,aggregate_and,10,12
7138,aggregation_and,12,12
7139,agree_on,12,12
7140,air_pollution,8,12
7141,all_equilibria,12,12
7142,allocative_efficiency,9,12
7143,also_has,12,12
7144,also_have,12,12
7145,also_study,12,12
7146,also_that,11,12
7147,alternative_hypotheses,12,12
7148,alternatives_is,12,12
7149,among_different,11,12
7150,among_these,11,12
7151,an_action,9,12
7152,an_agent's,11,12
7153,an_algorithm,12,12
7154,an_assumption,10,12
7155,an_error,11,12
7156,an_essential,12,12
7157,an_estimate,12,12
7158,an_export,10,12
7159,an_extended,10,12
7160,an_implicit,11,12
7161,an_interesting,12,12
7162,an_intermediate,10,12
7163,an_organization,11,12
7164,analyze_how,12,12
7165,and_consequently,12,12
7166,and_continuous,12,12
7167,and_differences,12,12
7168,and_distribution,12,12
7169,and_exchange,11,12
7170,and_inequality,11,12
7171,and_later,12,12
7172,and_linear,12,12
7173,and_makes,12,12
7174,and_negative,12,12
7175,and_normative,12,12
7176,and_number,12,12
7177,and_performance,11,12
7178,and_persistent,12,12
7179,and_profit,11,12
7180,and_profits,12,12
7181,and_rational,12,12
7182,and_reduced,12,12
7183,and_stochastic,12,12
7184,and_study,12,12
7185,and_subsidies,10,12
7186,and_were,11,12
7187,and_will,11,12
7188,ante_and,10,12
7189,apply_this,12,12
7190,approach_the,12,12
7191,approximation_is,10,12
7192,arbitrary_number,10,12
7193,are_and,12,12
7194,are_explained,11,12
7195,are_formed,12,12
7196,are_negatively,12,12
7197,are_now,12,12
7198,are_optimal,10,12
7199,are_particularly,12,12
7200,are_strongly,12,12
7201,are_supported,12,12
7202,are_those,12,12
7203,are_unlikely,12,12
7204,arises_because,12,12
7205,as_more,12,12
7206,assets_to,11,12
7207,assumed_in,12,12
7208,at_higher,10,12
7209,auctions_are,10,12
7210,aware_of,12,12
7211,banks_to,10,12
7212,bayesian_nash,11,12
7213,be_attained,12,12
7214,be_given,12,12
7215,be_higher,12,12
7216,be_important,12,12
7217,be_no,12,12
7218,be_possible,12,12
7219,be_treated,12,12
7220,been_in,12,12
7221,behavior_are,12,12
7222,beliefs_we,11,12
7223,benefits_to,12,12
7224,better_information,10,12
7225,bilateral_trade,10,12
7226,black_white,9,12
7227,both_cases,11,12
7228,boundary_of,9,12
7229,broadly_consistent,12,12
7230,but_more,12,12
7231,but_one,12,12
7232,but_we,12,12
7233,by_all,12,12
7234,by_each,10,12
7235,by_past,11,12
7236,can_create,12,12
7237,can_easily,12,12
7238,can_induce,12,12
7239,can_provide,12,12
7240,carlo_study,12,12
7241,categories_of,12,12
7242,census_data,12,12
7243,changes_on,12,12
7244,characterized_in,12,12
7245,chi_square,9,12
7246,children_are,11,12
7247,choice_problems,11,12
7248,choice_the,12,12
7249,city_size,9,12
7250,claims_to,9,12
7251,coefficients_are,12,12
7252,cognitive_ability,6,12
7253,commitment_and,12,12
7254,commodity_price,10,12
7255,compensation_and,12,12
7256,competitive_model,11,12
7257,conditional_variance,9,12
7258,confirm_that,12,12
7259,consider_model,12,12
7260,considered_and,12,12
7261,constant_absolute,11,12
7262,consumption_based,11,12
7263,contained_in,12,12
7264,contributed_to,12,12
7265,convex_and,11,12
7266,cooperation_and,10,12
7267,costs_for,12,12
7268,crowd_out,8,12
7269,cycles_and,10,12
7270,data_is,12,12
7271,data_it,12,12
7272,debt_to,11,12
7273,decision_is,12,12
7274,decision_maker's,9,12
7275,defined_to,12,12
7276,demands_are,11,12
7277,departures_from,12,12
7278,depend_only,12,12
7279,describing_the,12,12
7280,developed_economies,12,12
7281,developed_here,11,12
7282,developed_that,12,12
7283,development_and,12,12
7284,develops_and,12,12
7285,develops_new,11,12
7286,develops_simple,12,12
7287,different_countries,12,12
7288,different_levels,12,12
7289,diminishing_returns,9,12
7290,direct_evidence,11,12
7291,distribution_for,7,12
7292,distributional_effects,10,12
7293,distributions_and,12,12
7294,douglas_production,12,12
7295,driving_force,12,12
7296,each_other's,10,12
7297,earnings_are,11,12
7298,easier_to,12,12
7299,economic_fluctuations,8,12
7300,economics_is,11,12
7301,efficiency_gains,11,12
7302,either_of,11,12
7303,element_of,12,12
7304,embodied_in,10,12
7305,emphasis_is,12,12
7306,emphasize_the,12,12
7307,empirical_estimates,12,12
7308,empirical_regularities,12,12
7309,empirical_support,12,12
7310,employment_growth,11,12
7311,endogeneity_of,12,12
7312,enforcement_in,12,12
7313,entry_costs,10,12
7314,environment_we,12,12
7315,equations_is,12,12
7316,equations_that,11,12
7317,equilibria_exist,12,12
7318,equilibrium_behavior,12,12
7319,equilibrium_this,12,12
7320,error_of,11,12
7321,error_terms,11,12
7322,established_the,12,12
7323,estate_tax,7,12
7324,estimated_in,12,12
7325,estimated_model,12,12
7326,estimation_in,11,12
7327,estimation_problems,8,12
7328,even_the,12,12
7329,exact_finite,12,12
7330,examine_this,12,12
7331,excess_capacity,7,12
7332,exit_and,10,12
7333,exogenous_changes,12,12
7334,expectations_hypothesis,11,12
7335,extend_to,11,12
7336,factor_is,11,12
7337,factor_model,12,12
7338,fairly_general,12,12
7339,financial_intermediaries,10,12
7340,firm_performance,8,12
7341,firm_will,10,12
7342,firm_with,11,12
7343,firms_will,9,12
7344,first_it,12,12
7345,for_about,12,12
7346,for_almost,9,12
7347,for_asset,12,12
7348,for_changes,12,12
7349,for_dynamic,12,12
7350,for_estimation,11,12
7351,for_income,12,12
7352,for_model,11,12
7353,for_self,10,12
7354,for_them,12,12
7355,frequency_domain,10,12
7356,from_other,12,12
7357,from_zero,11,12
7358,function_it,12,12
7359,further_show,12,12
7360,game_between,12,12
7361,game_of,11,12
7362,general_linear,12,12
7363,government_policy,11,12
7364,group_and,12,12
7365,groups_the,12,12
7366,has_increased,12,12
7367,has_to,12,12
7368,has_two,12,12
7369,have_also,12,12
7370,have_experienced,11,12
7371,have_greater,10,12
7372,have_some,12,12
7373,having_the,12,12
7374,helps_explain,12,12
7375,helps_to,12,12
7376,heterogeneous_in,11,12
7377,historical_data,11,12
7378,hold_in,11,12
7379,household_consumption,10,12
7380,housing_market,11,12
7381,how_do,12,12
7382,hypotheses_about,11,12
7383,identical_to,11,12
7384,if_agents,11,12
7385,if_in,12,12
7386,if_is,9,12
7387,ignore_the,12,12
7388,illustrate_how,10,12
7389,implication_is,12,12
7390,imply_the,12,12
7391,import_prices,10,12
7392,imported_inputs,8,12
7393,improves_the,12,12
7394,in_california,10,12
7395,in_consumer,12,12
7396,in_cross,12,12
7397,in_developed,10,12
7398,in_female,9,12
7399,in_higher,11,12
7400,in_individual,12,12
7401,in_information,11,12
7402,in_later,10,12
7403,in_probability,12,12
7404,in_relation,11,12
7405,in_risk,12,12
7406,in_search,10,12
7407,in_setting,12,12
7408,in_short,12,12
7409,in_specific,11,12
7410,in_steady,12,12
7411,in_structural,12,12
7412,in_system,12,12
7413,incentives_of,11,12
7414,including_those,12,12
7415,income_as,10,12
7416,income_households,7,12
7417,income_on,12,12
7418,income_shocks,8,12
7419,increase_of,11,12
7420,independence_axiom,11,12
7421,index_and,10,12
7422,index_number,6,12
7423,indicating_that,11,12
7424,indicator_of,12,12
7425,individual_specific,7,12
7426,industrial_production,7,12
7427,innovation_and,10,12
7428,instruments_are,11,12
7429,interact_with,12,12
7430,introduces_new,12,12
7431,investment_are,12,12
7432,investment_decision,11,12
7433,investment_projects,10,12
7434,is_about,12,12
7435,is_best,10,12
7436,is_either,12,12
7437,is_explored,12,12
7438,is_far,12,12
7439,is_first,12,12
7440,is_generated,12,12
7441,is_incomplete,12,12
7442,is_such,12,12
7443,is_unknown,12,12
7444,it_increases,11,12
7445,it_turns,11,12
7446,journal_of,11,12
7447,key_features,12,12
7448,keynesian_model,11,12
7449,labor_intensive,10,12
7450,large_part,12,12
7451,law_and,12,12
7452,law_is,9,12
7453,learning_is,12,12
7454,least_percent,10,12
7455,least_two,12,12
7456,less_skilled,9,12
7457,levels_the,12,12
7458,linear_combination,12,12
7459,liquidity_preference,8,12
7460,list_of,10,12
7461,little_effect,12,12
7462,living_standards,10,12
7463,local_power,11,12
7464,look_at,11,12
7465,low_frequency,7,12
7466,macroeconomic_variables,12,12
7467,made_the,12,12
7468,making_in,12,12
7469,marginal_productivity,10,12
7470,marginal_revenue,9,12
7471,market_but,12,12
7472,market_competition,10,12
7473,market_data,11,12
7474,market_frictions,10,12
7475,market_interest,9,12
7476,market_makers,5,12
7477,market_model,11,12
7478,market_participants,11,12
7479,markets_of,10,12
7480,markov_chain,12,12
7481,marriage_and,10,12
7482,may_affect,12,12
7483,may_induce,12,12
7484,may_or,12,12
7485,may_result,11,12
7486,methods_and,12,12
7487,mixture_of,10,12
7488,model_generates,12,12
7489,monotonicity_and,9,12
7490,more_for,11,12
7491,more_frequently,12,12
7492,more_on,12,12
7493,more_precisely,12,12
7494,more_pronounced,12,12
7495,more_recent,12,12
7496,more_risk,11,12
7497,motive_for,12,12
7498,movement_of,12,12
7499,multivariate_normal,10,12
7500,mutual_fund,10,12
7501,national_saving,7,12
7502,negative_effects,12,12
7503,new_insights,12,12
7504,new_model,12,12
7505,new_products,9,12
7506,no_significant,12,12
7507,nonparametric_estimation,11,12
7508,not_generally,12,12
7509,not_increase,12,12
7510,not_lead,12,12
7511,not_take,12,12
7512,not_vary,12,12
7513,note_that,12,12
7514,object_of,10,12
7515,observed_by,12,12
7516,occur_when,12,12
7517,of_ability,8,12
7518,of_asymptotic,11,12
7519,of_bayesian,10,12
7520,of_causality,6,12
7521,of_cyclical,11,12
7522,of_experiments,11,12
7523,of_free,12,12
7524,of_good,11,12
7525,of_highly,12,12
7526,of_immigrants,9,12
7527,of_input,12,12
7528,of_jobs,10,12
7529,of_law,8,12
7530,of_management,10,12
7531,of_monopoly,12,12
7532,of_obtaining,12,12
7533,of_pareto,12,12
7534,of_profits,7,12
7535,of_regression,12,12
7536,of_restrictions,12,12
7537,of_seasonal,6,12
7538,of_significant,12,12
7539,of_stability,12,12
7540,of_system,12,12
7541,of_traditional,12,12
7542,of_unit,11,12
7543,of_why,12,12
7544,offset_by,12,12
7545,on_data,11,12
7546,on_large,12,12
7547,on_those,11,12
7548,once_the,12,12
7549,one_dimensional,11,12
7550,one_side,11,12
7551,one_time,11,12
7552,one_type,12,12
7553,one_way,8,12
7554,one_with,9,12
7555,only_at,12,12
7556,only_be,12,12
7557,optimal_contracts,11,12
7558,optimal_price,12,12
7559,order_conditions,10,12
7560,orders_of,12,12
7561,other_firms,12,12
7562,other_is,12,12
7563,our_framework,12,12
7564,outcome_and,12,12
7565,outcomes_for,12,12
7566,output_to,12,12
7567,paper_by,12,12
7568,paper_empirically,12,12
7569,paper_first,12,12
7570,paper_focuses,12,12
7571,paper_it,12,12
7572,parameter_vector,9,12
7573,part_by,12,12
7574,participation_rates,12,12
7575,paths_of,12,12
7576,percent_we,12,12
7577,perhaps_the,12,12
7578,players_have,12,12
7579,policy_are,12,12
7580,population_is,11,12
7581,positive_association,10,12
7582,postwar_period,12,12
7583,precisely_the,12,12
7584,predictions_that,10,12
7585,predictive_power,12,12
7586,preference_and,11,12
7587,preference_ordering,7,12
7588,preferences_can,11,12
7589,preferred_to,12,12
7590,presented_here,12,12
7591,previous_research,11,12
7592,price_or,12,12
7593,prices_at,12,12
7594,principal_can,11,12
7595,principles_of,11,12
7596,probabilities_are,12,12
7597,processes_and,11,12
7598,producers_and,11,12
7599,product_prices,11,12
7600,product_quality,9,12
7601,products_in,12,12
7602,profit_sharing,10,12
7603,profits_of,12,12
7604,program_is,10,12
7605,programs_on,10,12
7606,properties_and,12,12
7607,properties_in,12,12
7608,propose_simple,12,12
7609,proposed_to,12,12
7610,proposition_is,12,12
7611,protection_in,11,12
7612,public_schools,11,12
7613,purchase_of,11,12
7614,quality_is,11,12
7615,quasi_maximum,12,12
7616,rate_for,12,12
7617,rates_by,12,12
7618,rates_we,12,12
7619,real_effects,10,12
7620,relationship_to,12,12
7621,relationships_among,12,12
7622,relevant_for,12,12
7623,rent_seeking,10,12
7624,reports_on,12,12
7625,restrictions_in,12,12
7626,rests_on,12,12
7627,result_for,12,12
7628,returns_we,12,12
7629,rise_of,11,12
7630,risk_the,12,12
7631,rules_are,11,12
7632,saving_in,9,12
7633,search_frictions,11,12
7634,seen_as,12,12
7635,seen_to,12,12
7636,selection_bias,10,12
7637,selection_into,11,12
7638,selling_to,11,12
7639,sense_and,11,12
7640,sense_in,12,12
7641,serially_correlated,11,12
7642,series_for,11,12
7643,sets_the,12,12
7644,shapley_value,9,12
7645,share_in,10,12
7646,shocks_on,12,12
7647,should_have,12,12
7648,significant_effects,11,12
7649,significantly_more,12,12
7650,similar_in,12,12
7651,social_cost,8,12
7652,social_interactions,8,12
7653,some_degree,11,12
7654,some_other,12,12
7655,space_the,12,12
7656,specification_error,9,12
7657,specification_test,7,12
7658,states_are,11,12
7659,states_as,11,12
7660,states_from,12,12
7661,states_is,12,12
7662,statics_of,11,12
7663,strategic_behavior,11,12
7664,strategies_and,9,12
7665,strategies_of,12,12
7666,strategy_of,12,12
7667,strategy_profile,6,12
7668,strongly_to,12,12
7669,structure_for,12,12
7670,subjected_to,12,12
7671,subsets_of,11,12
7672,subsidies_and,12,12
7673,substantially_higher,11,12
7674,substitute_for,12,12
7675,substitution_effects,12,12
7676,suggested_and,11,12
7677,supply_elasticities,12,12
7678,supply_elasticity,10,12
7679,supply_shocks,9,12
7680,symmetric_and,11,12
7681,take_up,10,12
7682,taking_the,11,12
7683,technique_is,11,12
7684,tendency_for,12,12
7685,terms_and,11,12
7686,than_an,12,12
7687,than_average,8,12
7688,than_half,12,12
7689,than_it,12,12
7690,than_when,11,12
7691,that_by,12,12
7692,that_capital,12,12
7693,that_depends,12,12
7694,that_determines,12,12
7695,that_differ,12,12
7696,that_economic,11,12
7697,that_explains,12,12
7698,that_private,11,12
7699,that_public,12,12
7700,the_1920s,11,12
7701,the_accumulation,12,12
7702,the_aggregation,10,12
7703,the_analytical,12,12
7704,the_cash,10,12
7705,the_city,11,12
7706,the_conjecture,7,12
7707,the_constant,11,12
7708,the_contrary,12,12
7709,the_debate,9,12
7710,the_derived,9,12
7711,the_difficulty,12,12
7712,the_edgeworth,9,12
7713,the_emergence,12,12
7714,the_endogeneity,12,12
7715,the_endowment,7,12
7716,the_externality,8,12
7717,the_gender,10,12
7718,the_gmm,7,12
7719,the_intergenerational,12,12
7720,the_japanese,10,12
7721,the_kind,11,12
7722,the_left,10,12
7723,the_macroeconomic,11,12
7724,the_margin,11,12
7725,the_microeconomic,12,12
7726,the_necessary,12,12
7727,the_network,12,12
7728,the_outcomes,11,12
7729,the_practical,12,12
7730,the_preceding,12,12
7731,the_predictive,10,12
7732,the_profits,11,12
7733,the_separation,10,12
7734,the_target,8,12
7735,the_transfer,11,12
7736,the_twentieth,12,12
7737,the_ultimate,12,12
7738,the_unobserved,10,12
7739,the_variances,11,12
7740,the_varying,5,12
7741,the_within,10,12
7742,their_actions,12,12
7743,their_information,11,12
7744,their_respective,12,12
7745,then_it,12,12
7746,then_there,12,12
7747,then_use,12,12
7748,theoretic_model,12,12
7749,theoretical_results,12,12
7750,theory_by,12,12
7751,these_and,12,12
7752,these_axioms,10,12
7753,these_measures,11,12
7754,these_policies,12,12
7755,these_studies,10,12
7756,third_party,8,12
7757,thirds_of,12,12
7758,this_comment,11,12
7759,this_economy,11,12
7760,this_journal,12,12
7761,this_mechanism,10,12
7762,this_policy,11,12
7763,this_proposition,12,12
7764,this_purpose,12,12
7765,this_view,12,12
7766,this_we,12,12
7767,those_which,12,12
7768,thought_to,11,12
7769,three_different,12,12
7770,three_or,12,12
7771,time_it,12,12
7772,time_preferences,9,12
7773,times_of,10,12
7774,timing_and,12,12
7775,to_acquire,11,12
7776,to_alternative,12,12
7777,to_assume,11,12
7778,to_bring,12,12
7779,to_cause,12,12
7780,to_correct,12,12
7781,to_dominate,12,12
7782,to_enforce,11,12
7783,to_exogenous,12,12
7784,to_facilitate,12,12
7785,to_general,12,12
7786,to_government,12,12
7787,to_his,12,12
7788,to_in,12,12
7789,to_integrate,11,12
7790,to_investment,9,12
7791,to_less,12,12
7792,to_linear,12,12
7793,to_long,11,12
7794,to_percentage,12,12
7795,to_public,12,12
7796,to_random,12,12
7797,to_reconcile,12,12
7798,to_shed,12,12
7799,to_single,12,12
7800,to_stochastic,11,12
7801,to_switch,12,12
7802,tool_for,12,12
7803,toward_risk,11,12
7804,transfers_are,11,12
7805,trend_in,11,12
7806,turn_out,12,12
7807,two_new,12,12
7808,two_players,12,12
7809,two_ways,12,12
7810,unaffected_by,12,12
7811,uncertainty_are,12,12
7812,under_an,12,12
7813,under_different,12,12
7814,under_very,12,12
7815,underlying_the,12,12
7816,uniqueness_and,12,12
7817,upper_and,12,12
7818,use_their,11,12
7819,useful_to,11,12
7820,using_model,12,12
7821,utilized_to,11,12
7822,vector_autoregressive,11,12
7823,very_small,12,12
7824,voting_rule,8,12
7825,wage_distribution,6,12
7826,wage_increases,9,12
7827,wages_to,12,12
7828,we_calculate,12,12
7829,we_combine,12,12
7830,wealth_effect,6,12
7831,welfare_costs,11,12
7832,were_randomly,9,12
7833,were_the,12,12
7834,were_used,12,12
7835,when_is,12,12
7836,when_preferences,11,12
7837,which_workers,12,12
7838,why_do,12,12
7839,will_also,12,12
7840,wish_to,12,12
7841,with_labor,12,12
7842,with_particular,12,12
7843,with_random,11,12
7844,with_significant,11,12
7845,with_simple,12,12
7846,with_small,12,12
7847,with_substantial,12,12
7848,within_and,11,12
7849,work_has,12,12
7850,zero_and,12,12
7851,zero_in,12,12
7852,across_regions,10,11
7853,action_and,9,11
7854,actions_and,11,11
7855,actions_of,11,11
7856,activity_is,11,11
7857,additional_information,9,11
7858,additively_separable,10,11
7859,agent_can,11,11
7860,aggregate_economic,10,11
7861,aggregate_investment,8,11
7862,aggregate_production,9,11
7863,aggregation_of,11,11
7864,allocation_rule,6,11
7865,also_discuss,11,11
7866,also_examined,11,11
7867,also_suggests,11,11
7868,alternatives_the,10,11
7869,among_firms,11,11
7870,among_individuals,11,11
7871,an_asymptotically,11,11
7872,an_autoregressive,10,11
7873,an_estimation,11,11
7874,an_exact,11,11
7875,an_examination,11,11
7876,an_income,11,11
7877,an_opportunity,11,11
7878,an_outcome,10,11
7879,an_understanding,9,11
7880,analysis_also,11,11
7881,analysis_focuses,11,11
7882,analyze_this,11,11
7883,and_applies,11,11
7884,and_cannot,11,11
7885,and_certain,11,11
7886,and_compare,11,11
7887,and_consumers,10,11
7888,and_destruction,9,11
7889,and_discussed,11,11
7890,and_economically,10,11
7891,and_enforcement,11,11
7892,and_examine,10,11
7893,and_expenditure,10,11
7894,and_given,11,11
7895,and_greater,11,11
7896,and_had,10,11
7897,and_human,11,11
7898,and_identically,11,11
7899,and_inflation,10,11
7900,and_natural,11,11
7901,and_quantitative,11,11
7902,and_quantities,11,11
7903,and_reduces,11,11
7904,and_sales,11,11
7905,and_selling,11,11
7906,and_technological,11,11
7907,and_unobserved,10,11
7908,and_utility,11,11
7909,and_value,9,11
7910,and_work,11,11
7911,and_worker,11,11
7912,and_yields,11,11
7913,answer_to,11,11
7914,any_equilibrium,11,11
7915,appear_in,9,11
7916,approach_of,10,11
7917,approach_that,11,11
7918,appropriate_for,11,11
7919,are_always,11,11
7920,are_constructed,11,11
7921,are_due,11,11
7922,are_fixed,11,11
7923,are_largely,11,11
7924,are_on,10,11
7925,are_rejected,10,11
7926,are_relevant,11,11
7927,are_strategic,9,11
7928,areas_with,11,11
7929,arrow_pratt,7,11
7930,as_instruments,11,11
7931,as_of,11,11
7932,as_other,11,11
7933,assesses_the,11,11
7934,assumptions_concerning,11,11
7935,asymptotic_expansions,10,11
7936,at_given,11,11
7937,attention_has,11,11
7938,available_for,11,11
7939,average_price,8,11
7940,average_wages,8,11
7941,aversion_the,11,11
7942,aversion_to,11,11
7943,balance_sheets,10,11
7944,be_correlated,11,11
7945,be_pareto,10,11
7946,be_reduced,10,11
7947,be_too,9,11
7948,be_very,11,11
7949,be_written,11,11
7950,been_found,11,11
7951,been_to,11,11
7952,better_informed,9,11
7953,bid_and,9,11
7954,binary_choice,10,11
7955,black_and,8,11
7956,both_are,11,11
7957,both_models,11,11
7958,buffer_stock,6,11
7959,but_can,11,11
7960,but_do,11,11
7961,but_if,11,11
7962,but_when,11,11
7963,but_with,11,11
7964,buyers_are,9,11
7965,by_and,11,11
7966,by_factor,11,11
7967,by_itself,11,11
7968,by_observing,10,11
7969,by_standard,10,11
7970,calculation_of,11,11
7971,calculations_of,10,11
7972,can_achieve,10,11
7973,can_cause,11,11
7974,can_in,10,11
7975,capital_intensity,9,11
7976,captures_the,11,11
7977,carlo_simulations,11,11
7978,case_when,9,11
7979,case_with,10,11
7980,central_role,11,11
7981,ceo_pay,5,11
7982,ceteris_paribus,10,11
7983,changes_of,11,11
7984,characterized_as,11,11
7985,children_to,11,11
7986,choice_probabilities,9,11
7987,choice_set,9,11
7988,choice_sets,7,11
7989,climate_change,8,11
7990,coefficient_estimates,10,11
7991,coefficient_vector,7,11
7992,commitment_to,11,11
7993,competitive_firms,10,11
7994,competitive_industry,10,11
7995,conclusion_of,11,11
7996,conducted_in,11,11
7997,confirms_the,11,11
7998,conflict_and,10,11
7999,connection_with,11,11
8000,consistent_estimation,10,11
8001,constraints_are,10,11
8002,constraints_in,10,11
8003,constructed_in,11,11
8004,consumption_patterns,9,11
8005,control_and,10,11
8006,control_over,10,11
8007,controlled_by,8,11
8008,core_is,10,11
8009,correlated_across,10,11
8010,cost_benefit,8,11
8011,costs_associated,10,11
8012,costs_by,11,11
8013,covariance_matrices,11,11
8014,covering_the,11,11
8015,credit_constraints,9,11
8016,credit_markets,10,11
8017,crowding_out,10,11
8018,current_market,8,11
8019,current_price,9,11
8020,cycles_in,11,11
8021,decomposition_of,11,11
8022,decrease_the,11,11
8023,decreasing_absolute,9,11
8024,define_the,11,11
8025,demand_with,11,11
8026,demonstrates_the,11,11
8027,departure_from,10,11
8028,depend_not,11,11
8029,dependence_in,9,11
8030,derive_an,11,11
8031,derived_under,10,11
8032,develop_and,11,11
8033,difficulty_of,11,11
8034,directly_to,11,11
8035,discrimination_is,9,11
8036,distribution_functions,11,11
8037,disturbances_in,10,11
8038,dividends_and,9,11
8039,earlier_work,11,11
8040,earnings_in,10,11
8041,economics_in,10,11
8042,economy_has,11,11
8043,education_on,11,11
8044,education_we,9,11
8045,effect_for,10,11
8046,effects_is,11,11
8047,eg_the,10,11
8048,element_in,9,11
8049,eliminates_the,11,11
8050,empirical_likelihood,6,11
8051,entry_into,10,11
8052,environment_and,10,11
8053,environment_the,10,11
8054,equations_model,10,11
8055,equilibria_we,10,11
8056,equilibrium_path,10,11
8057,equilibrium_which,10,11
8058,equity_and,11,11
8059,error_learning,5,11
8060,essentially_the,11,11
8061,estimates_is,9,11
8062,estimates_to,11,11
8063,estimation_are,11,11
8064,estimation_procedures,10,11
8065,estimator_are,11,11
8066,estimator_the,10,11
8067,estimator_to,11,11
8068,ethnic_groups,10,11
8069,evidence_consistent,11,11
8070,example_in,11,11
8071,example_we,11,11
8072,examples_and,11,11
8073,examples_in,11,11
8074,excess_burden,6,11
8075,excise_taxes,8,11
8076,expansion_in,9,11
8077,expansions_of,11,11
8078,expenditures_are,11,11
8079,experimental_data,11,11
8080,experimental_results,11,11
8081,experiments_that,11,11
8082,experiments_we,11,11
8083,exploiting_the,11,11
8084,extension_to,11,11
8085,facts_of,10,11
8086,fear_of,11,11
8087,final_section,11,11
8088,find_support,11,11
8089,findings_in,11,11
8090,firm_has,10,11
8091,firms_from,11,11
8092,first_step,7,11
8093,fits_the,10,11
8094,fixed_and,11,11
8095,fixed_price,8,11
8096,flexibility_in,10,11
8097,for_assets,10,11
8098,for_consumer,11,11
8099,for_cross,11,11
8100,for_higher,9,11
8101,for_macroeconomic,11,11
8102,for_obtaining,11,11
8103,for_private,11,11
8104,for_short,10,11
8105,for_solving,11,11
8106,for_structural,11,11
8107,for_studying,11,11
8108,for_time,11,11
8109,for_understanding,9,11
8110,for_we,10,11
8111,forced_to,10,11
8112,forces_that,11,11
8113,foreign_investment,6,11
8114,formation_and,11,11
8115,formula_for,11,11
8116,formulated_as,11,11
8117,formulations_of,11,11
8118,from_capital,8,11
8119,from_our,11,11
8120,from_simple,11,11
8121,from_social,10,11
8122,functions_this,11,11
8123,future_prices,9,11
8124,futures_trading,7,11
8125,gains_are,11,11
8126,game_we,11,11
8127,games_that,11,11
8128,gap_is,10,11
8129,general_framework,11,11
8130,generate_the,11,11
8131,go_to,11,11
8132,goods_markets,10,11
8133,group_in,10,11
8134,growth_this,11,11
8135,growth_to,10,11
8136,had_the,11,11
8137,has_led,11,11
8138,has_significant,11,11
8139,has_some,11,11
8140,have_in,11,11
8141,have_led,11,11
8142,have_on,11,11
8143,have_zero,10,11
8144,here_it,11,11
8145,here_to,11,11
8146,here_we,11,11
8147,heterogeneous_firms,11,11
8148,high_probability,10,11
8149,high_wages,9,11
8150,higher_expected,9,11
8151,higher_for,11,11
8152,higher_income,10,11
8153,him_to,11,11
8154,household_level,11,11
8155,how_it,11,11
8156,hypotheses_are,10,11
8157,hypotheses_on,10,11
8158,identifiability_of,10,11
8159,if_each,11,11
8160,ii_and,11,11
8161,ill_posed,9,11
8162,imperfectly_competitive,11,11
8163,important_than,11,11
8164,impulse_response,10,11
8165,in_cities,9,11
8166,in_comparison,11,11
8167,in_excess,11,11
8168,in_family,9,11
8169,in_magnitude,11,11
8170,in_making,10,11
8171,in_mind,11,11
8172,in_national,11,11
8173,in_nominal,9,11
8174,in_policy,10,11
8175,in_quality,11,11
8176,in_view,10,11
8177,in_what,8,11
8178,income_by,11,11
8179,income_changes,9,11
8180,income_effects,10,11
8181,income_this,11,11
8182,incorporate_the,10,11
8183,independent_and,11,11
8184,industry_wage,5,11
8185,inferences_about,9,11
8186,infinitely_repeated,8,11
8187,instruments_and,11,11
8188,insurance_is,8,11
8189,intended_to,11,11
8190,introduce_new,10,11
8191,introduced_and,11,11
8192,introduced_into,11,11
8193,introduces_the,11,11
8194,investment_by,10,11
8195,investment_rates,7,11
8196,is_available,11,11
8197,is_close,11,11
8198,is_commonly,11,11
8199,is_constrained,11,11
8200,is_convex,10,11
8201,is_feasible,11,11
8202,is_identical,10,11
8203,is_identified,11,11
8204,is_it,11,11
8205,is_key,10,11
8206,is_largely,11,11
8207,is_maintained,11,11
8208,is_said,11,11
8209,is_so,11,11
8210,is_uncertain,11,11
8211,is_unlikely,11,11
8212,it_depends,11,11
8213,it_using,11,11
8214,its_asymptotic,11,11
8215,job_finding,7,11
8216,knowledge_about,11,11
8217,knowledge_and,11,11
8218,known_in,11,11
8219,large_as,11,11
8220,large_negative,11,11
8221,last_years,11,11
8222,learn_from,11,11
8223,level_this,11,11
8224,limited_to,11,11
8225,limits_on,10,11
8226,liquidity_and,8,11
8227,liquidity_trap,9,11
8228,literature_and,10,11
8229,literature_has,11,11
8230,literature_in,10,11
8231,little_or,11,11
8232,local_alternatives,10,11
8233,loss_from,11,11
8234,magnitudes_of,11,11
8235,main_findings,11,11
8236,marginal_rates,10,11
8237,market_as,10,11
8238,matched_to,11,11
8239,may_even,11,11
8240,may_help,11,11
8241,mean_variance,9,11
8242,measured_with,11,11
8243,measures_and,11,11
8244,mechanisms_in,11,11
8245,medium_of,10,11
8246,menu_of,10,11
8247,method_that,11,11
8248,model's_predictions,11,11
8249,model_an,11,11
8250,model_but,11,11
8251,money_balances,11,11
8252,money_holdings,9,11
8253,monitoring_and,10,11
8254,monopoly_price,10,11
8255,more_profitable,10,11
8256,more_responsive,11,11
8257,more_to,11,11
8258,much_to,11,11
8259,near_the,9,11
8260,neither_the,11,11
8261,net_benefits,9,11
8262,new_estimates,9,11
8263,new_measure,9,11
8264,new_technology,10,11
8265,new_tests,8,11
8266,nonlinear_regression,9,11
8267,nonparametric_identification,9,11
8268,nonparametric_models,8,11
8269,not_allow,10,11
8270,not_find,11,11
8271,not_necessary,11,11
8272,not_significantly,11,11
8273,observation_that,11,11
8274,observations_of,10,11
8275,observed_data,10,11
8276,obtained_under,11,11
8277,occurred_in,11,11
8278,of_allocations,11,11
8279,of_american,11,11
8280,of_binary,10,11
8281,of_cash,11,11
8282,of_commercial,8,11
8283,of_commitment,10,11
8284,of_cooperation,9,11
8285,of_corruption,9,11
8286,of_default,10,11
8287,of_differential,11,11
8288,of_distribution,11,11
8289,of_dividends,9,11
8290,of_federal,9,11
8291,of_financing,11,11
8292,of_firm's,11,11
8293,of_four,11,11
8294,of_having,11,11
8295,of_informational,11,11
8296,of_lifetime,8,11
8297,of_lower,11,11
8298,of_matching,10,11
8299,of_mean,10,11
8300,of_measurement,10,11
8301,of_multi,10,11
8302,of_open,9,11
8303,of_parametric,11,11
8304,of_parents,8,11
8305,of_payment,8,11
8306,of_per,11,11
8307,of_quasi,10,11
8308,of_reducing,11,11
8309,of_religious,7,11
8310,of_revenue,11,11
8311,of_risky,8,11
8312,of_series,11,11
8313,of_steady,10,11
8314,of_strategies,10,11
8315,of_theoretical,11,11
8316,of_theory,11,11
8317,of_transaction,11,11
8318,of_type,7,11
8319,of_unobserved,10,11
8320,of_values,10,11
8321,of_vector,8,11
8322,off_in,11,11
8323,on_crime,8,11
8324,on_factor,11,11
8325,on_foreign,9,11
8326,on_health,9,11
8327,on_information,11,11
8328,on_many,11,11
8329,on_money,7,11
8330,on_past,8,11
8331,ones_the,11,11
8332,optimal_pricing,9,11
8333,or_an,11,11
8334,or_its,11,11
8335,or_on,11,11
8336,other_aspects,11,11
8337,other_cases,11,11
8338,other_words,11,11
8339,others_the,11,11
8340,our_sample,11,11
8341,our_study,11,11
8342,our_tests,7,11
8343,over_which,11,11
8344,overcome_the,11,11
8345,owners_of,10,11
8346,paid_for,11,11
8347,paper_contains,11,11
8348,paper_finds,11,11
8349,parameter_in,10,11
8350,parameters_is,11,11
8351,pareto_improving,10,11
8352,pareto_optima,10,11
8353,pareto_optimum,10,11
8354,particular_attention,11,11
8355,parties_to,11,11
8356,parts_of,11,11
8357,path_is,10,11
8358,pattern_in,11,11
8359,payments_are,11,11
8360,plays_an,11,11
8361,point_identification,8,11
8362,policy_choices,9,11
8363,policy_instruments,10,11
8364,population_the,11,11
8365,portfolio_choice,11,11
8366,positions_in,10,11
8367,potential_to,10,11
8368,poverty_and,8,11
8369,practice_of,10,11
8370,prediction_is,10,11
8371,predictions_and,11,11
8372,predictions_in,11,11
8373,predictor_of,10,11
8374,preference_theory,9,11
8375,presented_which,11,11
8376,previous_literature,10,11
8377,price_competition,11,11
8378,price_elasticity,10,11
8379,price_movements,11,11
8380,price_vector,7,11
8381,prices_which,11,11
8382,pricing_behavior,9,11
8383,pricing_in,10,11
8384,primarily_by,11,11
8385,prisoner's_dilemma,11,11
8386,private_consumption,10,11
8387,private_good,9,11
8388,probabilities_and,11,11
8389,problems_which,11,11
8390,production_possibilities,11,11
8391,production_technology,11,11
8392,productivity_gains,11,11
8393,property_taxes,7,11
8394,property_the,11,11
8395,proposed_which,11,11
8396,proposes_an,11,11
8397,provide_strong,11,11
8398,public_housing,7,11
8399,public_interest,9,11
8400,purposes_of,11,11
8401,quantile_regression,7,11
8402,quarterly_data,9,11
8403,questions_about,11,11
8404,race_and,9,11
8405,raised_the,11,11
8406,ranging_from,10,11
8407,rank_dependent,6,11
8408,rate_changes,9,11
8409,rate_we,11,11
8410,rates_as,10,11
8411,rates_from,10,11
8412,rates_have,11,11
8413,rational_and,11,11
8414,rational_in,10,11
8415,ratios_of,11,11
8416,real_balances,9,11
8417,real_capital,7,11
8418,reason_is,11,11
8419,recent_studies,11,11
8420,recognized_that,10,11
8421,redistribution_of,10,11
8422,reduced_by,11,11
8423,refer_to,11,11
8424,reflecting_the,11,11
8425,regression_coefficient,8,11
8426,regression_of,11,11
8427,relations_are,10,11
8428,relationships_are,11,11
8429,rents_and,10,11
8430,require_the,10,11
8431,requires_the,11,11
8432,resource_stock,5,11
8433,result_to,11,11
8434,result_we,11,11
8435,results_do,11,11
8436,results_that,11,11
8437,return_and,9,11
8438,rich_and,10,11
8439,rich_countries,8,11
8440,rights_and,11,11
8441,risk_attitudes,9,11
8442,rule_and,11,11
8443,rule_of,11,11
8444,satisfied_in,11,11
8445,satisfies_the,11,11
8446,scarcity_of,10,11
8447,school_districts,8,11
8448,sealed_bid,7,11
8449,seasonally_adjusted,5,11
8450,second_moments,11,11
8451,section_iii,10,11
8452,sectional_data,11,11
8453,serves_as,11,11
8454,several_years,11,11
8455,sharing_and,10,11
8456,shock_to,10,11
8457,should_the,9,11
8458,shows_the,11,11
8459,significant_positive,11,11
8460,social_benefits,8,11
8461,social_norms,7,11
8462,solution_and,10,11
8463,solution_concepts,10,11
8464,specification_is,11,11
8465,spending_is,7,11
8466,spillover_effects,10,11
8467,squared_error,10,11
8468,squares_is,9,11
8469,stage_of,11,11
8470,standard_error,9,11
8471,standards_of,8,11
8472,state_equilibrium,10,11
8473,stationary_equilibria,8,11
8474,statistics_and,11,11
8475,still_be,11,11
8476,stochastic_general,11,11
8477,stocks_of,11,11
8478,strategic_substitutes,6,11
8479,strategy_in,10,11
8480,structural_equations,10,11
8481,students_who,8,11
8482,subjective_probability,10,11
8483,substitutability_between,11,11
8484,substitution_effect,10,11
8485,such_way,11,11
8486,suitable_for,11,11
8487,system_it,11,11
8488,system_this,11,11
8489,systems_in,11,11
8490,takes_into,11,11
8491,tastes_and,11,11
8492,tax_cut,5,11
8493,tax_evasion,5,11
8494,tax_policy,11,11
8495,tax_returns,9,11
8496,tax_subsidy,8,11
8497,taxes_in,11,11
8498,technology_of,11,11
8499,ten_years,11,11
8500,testable_implications,11,11
8501,than_with,11,11
8502,that_aggregate,11,11
8503,that_combines,11,11
8504,that_current,11,11
8505,that_expectations,10,11
8506,that_financial,10,11
8507,that_government,11,11
8508,that_income,11,11
8509,that_might,11,11
8510,that_occur,9,11
8511,that_on,10,11
8512,that_pay,8,11
8513,that_state,10,11
8514,that_takes,11,11
8515,that_uses,11,11
8516,the_actions,11,11
8517,the_bank,10,11
8518,the_bayesian,10,11
8519,the_capacity,11,11
8520,the_censored,7,11
8521,the_changing,10,11
8522,the_cobb,9,11
8523,the_cointegrating,6,11
8524,the_combined,10,11
8525,the_countries,11,11
8526,the_decentralized,9,11
8527,the_domain,10,11
8528,the_dramatic,11,11
8529,the_earlier,10,11
8530,the_elimination,11,11
8531,the_emphasis,11,11
8532,the_employer,11,11
8533,the_european,11,11
8534,the_experience,10,11
8535,the_experiments,10,11
8536,the_explanation,11,11
8537,the_field,10,11
8538,the_financing,10,11
8539,the_formal,11,11
8540,the_growing,10,11
8541,the_heterogeneity,11,11
8542,the_hypotheses,11,11
8543,the_independent,11,11
8544,the_instruments,10,11
8545,the_interests,11,11
8546,the_leading,11,11
8547,the_liml,6,11
8548,the_manager,7,11
8549,the_maximization,11,11
8550,the_measured,10,11
8551,the_mechanisms,11,11
8552,the_modern,11,11
8553,the_monte,8,11
8554,the_multivariate,10,11
8555,the_occurrence,11,11
8556,the_ols,11,11
8557,the_open,9,11
8558,the_payment,8,11
8559,the_payoffs,10,11
8560,the_peak,10,11
8561,the_plant,10,11
8562,the_poorest,8,11
8563,the_relationships,11,11
8564,the_requirement,11,11
8565,the_responses,11,11
8566,the_sale,11,11
8567,the_sets,10,11
8568,the_shock,10,11
8569,the_situation,10,11
8570,the_slutsky,8,11
8571,the_subjective,8,11
8572,the_substitution,10,11
8573,the_technique,10,11
8574,the_techniques,11,11
8575,the_temporary,8,11
8576,the_theorem,11,11
8577,the_theories,11,11
8578,the_von,11,11
8579,the_weight,10,11
8580,the_winner's,10,11
8581,the_worker,9,11
8582,the_worker's,10,11
8583,their_ability,10,11
8584,their_parents,9,11
8585,theoretical_work,11,11
8586,theory_can,10,11
8587,theory_this,11,11
8588,these_equilibria,11,11
8589,these_facts,11,11
8590,these_variables,11,11
8591,this_and,11,11
8592,this_game,10,11
8593,this_property,11,11
8594,this_rule,9,11
8595,though_it,11,11
8596,time_path,11,11
8597,to_attend,10,11
8598,to_borrow,10,11
8599,to_cash,10,11
8600,to_clarify,11,11
8601,to_compensate,10,11
8602,to_consumption,11,11
8603,to_credit,10,11
8604,to_dynamic,11,11
8605,to_earn,11,11
8606,to_employ,11,11
8607,to_encourage,11,11
8608,to_extract,11,11
8609,to_increases,11,11
8610,to_industry,10,11
8611,to_insure,11,11
8612,to_isolate,11,11
8613,to_justify,11,11
8614,to_motivate,11,11
8615,to_permit,11,11
8616,to_policy,11,11
8617,to_production,11,11
8618,to_receive,11,11
8619,to_remove,11,11
8620,to_specify,10,11
8621,to_them,11,11
8622,to_to,11,11
8623,too_high,9,11
8624,trade_costs,9,11
8625,tradeoff_between,11,11
8626,transfer_programs,9,11
8627,transfers_from,10,11
8628,transfers_of,10,11
8629,true_parameter,11,11
8630,turnover_and,10,11
8631,two_important,11,11
8632,two_or,11,11
8633,types_are,8,11
8634,uncertainty_we,11,11
8635,under_risk,11,11
8636,unemployment_spells,7,11
8637,units_of,10,11
8638,us_cities,9,11
8639,used_and,11,11
8640,useful_for,11,11
8641,uses_data,11,11
8642,using_detailed,11,11
8643,utility_maximizing,11,11
8644,valid_for,10,11
8645,variable_for,11,11
8646,variable_to,10,11
8647,variables_estimator,9,11
8648,variables_iv,11,11
8649,variables_such,11,11
8650,variables_this,10,11
8651,variables_to,11,11
8652,variances_of,11,11
8653,vice_versa,11,11
8654,views_of,11,11
8655,virtually_all,11,11
8656,voters_are,10,11
8657,wage_contracts,10,11
8658,wage_is,10,11
8659,walras'_law,7,11
8660,we_explain,11,11
8661,wealth_accumulation,9,11
8662,well_behaved,11,11
8663,well_documented,11,11
8664,were_made,11,11
8665,western_europe,8,11
8666,what_we,11,11
8667,which_consumers,11,11
8668,which_implies,11,11
8669,which_such,10,11
8670,which_these,11,11
8671,which_two,11,11
8672,while_this,11,11
8673,who_must,11,11
8674,will_reduce,11,11
8675,will_tend,11,11
8676,with_aggregate,11,11
8677,with_either,11,11
8678,with_good,10,11
8679,with_information,11,11
8680,with_or,11,11
8681,with_percent,11,11
8682,with_stochastic,10,11
8683,with_three,11,11
8684,with_uncertain,11,11
8685,work_hours,8,11
8686,workers_the,11,11
8687,world_in,11,11
8688,york_city,9,11
8689,zero_the,11,11
8690,accomplished_by,10,10
8691,actual_behavior,9,10
8692,addition_of,10,10
8693,advantage_and,9,10
8694,affecting_the,10,10
8695,affirmative_action,6,10
8696,after_an,10,10
8697,agency_costs,7,10
8698,agent_and,9,10
8699,aggregate_income,9,10
8700,aggregate_output,9,10
8701,aggregate_supply,10,10
8702,agreement_is,6,10
8703,aimed_at,9,10
8704,all_but,9,10
8705,allocated_to,10,10
8706,allowing_the,10,10
8707,allows_one,9,10
8708,also_analyze,10,10
8709,also_consider,10,10
8710,also_derived,10,10
8711,also_found,10,10
8712,also_in,10,10
8713,also_presented,10,10
8714,also_suggest,10,10
8715,alternative_hypothesis,10,10
8716,alternatives_in,10,10
8717,among_all,9,10
8718,among_countries,7,10
8719,an_agreement,7,10
8720,an_auction,9,10
8721,an_equal,10,10
8722,an_improvement,10,10
8723,an_objective,9,10
8724,an_underlying,10,10
8725,and_analyzes,10,10
8726,and_average,9,10
8727,and_bayesian,10,10
8728,and_beliefs,10,10
8729,and_borrowing,8,10
8730,and_choose,10,10
8731,and_computational,9,10
8732,and_constant,10,10
8733,and_current,10,10
8734,and_develop,10,10
8735,and_discusses,10,10
8736,and_do,10,10
8737,and_dynamic,10,10
8738,and_equilibrium,10,10
8739,and_export,9,10
8740,and_factors,9,10
8741,and_female,10,10
8742,and_finds,10,10
8743,and_give,10,10
8744,and_imperfect,10,10
8745,and_instrumental,10,10
8746,and_larger,10,10
8747,and_learning,10,10
8748,and_marginal,10,10
8749,and_nonlinear,10,10
8750,and_nonparametric,8,10
8751,and_past,8,10
8752,and_poor,9,10
8753,and_present,10,10
8754,and_relatively,10,10
8755,and_search,10,10
8756,and_taxes,9,10
8757,and_whites,8,10
8758,and_within,10,10
8759,applications_in,10,10
8760,apply_it,10,10
8761,approaches_the,10,10
8762,are_assigned,10,10
8763,are_common,9,10
8764,are_continuous,10,10
8765,are_essentially,10,10
8766,are_expected,9,10
8767,are_frequently,9,10
8768,are_incomplete,9,10
8769,are_interpreted,10,10
8770,are_observed,10,10
8771,are_potentially,10,10
8772,are_randomly,10,10
8773,are_usually,10,10
8774,are_valid,10,10
8775,as_basis,9,10
8776,as_with,10,10
8777,asset_is,10,10
8778,assets_the,10,10
8779,assets_with,7,10
8780,assumptions_in,10,10
8781,asymptotically_equivalent,10,10
8782,at_some,9,10
8783,at_that,10,10
8784,at_their,10,10
8785,attention_in,10,10
8786,attitudes_and,9,10
8787,attributes_of,10,10
8788,autoregressive_process,8,10
8789,available_data,10,10
8790,available_the,10,10
8791,avoid_the,10,10
8792,bank_lending,7,10
8793,bargaining_games,7,10
8794,be_as,10,10
8795,be_inconsistent,10,10
8796,be_lower,9,10
8797,be_observed,10,10
8798,be_positive,10,10
8799,be_rationalized,9,10
8800,be_true,10,10
8801,be_well,9,10
8802,been_analyzed,10,10
8803,been_developed,10,10
8804,begins_with,10,10
8805,behavior_but,10,10
8806,behavior_can,9,10
8807,benefits_the,10,10
8808,between_changes,10,10
8809,between_long,8,10
8810,between_risk,9,10
8811,bias_of,9,10
8812,billion_in,10,10
8813,blacks_and,8,10
8814,both_for,10,10
8815,bounded_rationality,8,10
8816,bounds_for,9,10
8817,briefly_discussed,10,10
8818,but_their,10,10
8819,but_to,10,10
8820,by_both,10,10
8821,by_constructing,10,10
8822,by_differences,10,10
8823,by_economic,10,10
8824,by_either,10,10
8825,by_extending,10,10
8826,by_government,10,10
8827,by_large,10,10
8828,by_others,10,10
8829,by_previous,10,10
8830,by_raising,10,10
8831,by_such,10,10
8832,by_those,9,10
8833,calculated_from,8,10
8834,calibrated_to,10,10
8835,can_take,9,10
8836,can_then,10,10
8837,cannot_explain,10,10
8838,capita_and,7,10
8839,capital_for,10,10
8840,capital_formation,9,10
8841,capital_investments,8,10
8842,capital_movements,5,10
8843,capital_which,9,10
8844,career_concerns,7,10
8845,cases_and,9,10
8846,cash_balances,9,10
8847,cent_of,5,10
8848,central_banks,7,10
8849,change_for,8,10
8850,characteristics_the,10,10
8851,checks_and,7,10
8852,child_mortality,7,10
8853,children_the,10,10
8854,circumstances_under,9,10
8855,claims_on,9,10
8856,clarify_the,10,10
8857,class_estimators,6,10
8858,come_to,10,10
8859,committed_to,9,10
8860,competition_is,10,10
8861,complete_characterization,10,10
8862,composition_and,8,10
8863,computed_by,10,10
8864,concentrate_on,10,10
8865,conclude_with,10,10
8866,conditional_mean,6,10
8867,conditioned_on,9,10
8868,conditioning_on,8,10
8869,confidence_interval,10,10
8870,confidence_set,7,10
8871,conjecture_that,10,10
8872,consequently_the,10,10
8873,consistency_with,9,10
8874,consistent_estimators,10,10
8875,constant_and,10,10
8876,constant_relative,9,10
8877,constraint_the,9,10
8878,constraints_we,10,10
8879,construct_an,10,10
8880,consumption_investment,8,10
8881,consumption_or,9,10
8882,consumption_to,10,10
8883,contains_the,10,10
8884,contingent_claims,8,10
8885,contingent_contracts,7,10
8886,contracts_to,10,10
8887,contracts_when,10,10
8888,contribution_is,10,10
8889,convergence_and,10,10
8890,convergence_rates,7,10
8891,cooperation_is,9,10
8892,core_allocations,7,10
8893,core_and,8,10
8894,correlated_equilibrium,7,10
8895,costs_or,10,10
8896,countries_of,9,10
8897,country_specific,8,10
8898,country_the,9,10
8899,covariance_of,8,10
8900,curve_the,9,10
8901,data_indicate,10,10
8902,data_of,10,10
8903,deal_of,9,10
8904,debt_is,9,10
8905,debt_management,5,10
8906,decisions_on,10,10
8907,degree_to,10,10
8908,demand_to,10,10
8909,demands_for,9,10
8910,dependence_is,9,10
8911,develop_the,9,10
8912,differences_and,10,10
8913,differentials_in,9,10
8914,discrete_and,10,10
8915,discrimination_against,10,10
8916,disposable_income,9,10
8917,distance_between,10,10
8918,distinguish_the,10,10
8919,distinguishing_between,10,10
8920,distribution_we,10,10
8921,distributions_the,10,10
8922,do_this,10,10
8923,door_to,8,10
8924,double_auction,8,10
8925,during_periods,10,10
8926,dynamic_behavior,10,10
8927,each_member,10,10
8928,each_type,9,10
8929,early_stages,10,10
8930,earnings_the,10,10
8931,economic_applications,10,10
8932,economies_we,10,10
8933,economies_where,10,10
8934,economy_as,10,10
8935,economy_can,10,10
8936,economy_to,10,10
8937,economy_will,9,10
8938,effect_we,9,10
8939,effects_as,10,10
8940,efficient_in,10,10
8941,efforts_to,9,10
8942,elasticities_and,10,10
8943,empirical_example,10,10
8944,empirical_research,10,10
8945,enables_us,10,10
8946,end_up,10,10
8947,engaged_in,10,10
8948,equals_the,10,10
8949,equation_is,9,10
8950,equilibria_may,9,10
8951,equilibrium_distribution,9,10
8952,equilibrium_paths,7,10
8953,equilibrium_strategies,7,10
8954,equilibrium_to,10,10
8955,equilibrium_where,8,10
8956,equity_value,5,10
8957,error_components,9,10
8958,errors_is,10,10
8959,errors_of,10,10
8960,established_by,10,10
8961,establishment_of,10,10
8962,estimate_an,10,10
8963,estimate_this,10,10
8964,estimator_when,10,10
8965,estimator_which,10,10
8966,estimators_based,10,10
8967,estimators_can,10,10
8968,estimators_have,10,10
8969,estimators_the,10,10
8970,examined_by,10,10
8971,excess_volatility,9,10
8972,existing_models,9,10
8973,exists_in,10,10
8974,exogenous_and,10,10
8975,expectations_models,10,10
8976,expenditure_and,10,10
8977,expenditure_system,6,10
8978,explain_these,10,10
8979,explained_in,10,10
8980,explanatory_power,10,10
8981,export_prices,7,10
8982,exports_and,9,10
8983,exposed_to,9,10
8984,expressed_as,9,10
8985,factor_proportions,9,10
8986,family_labor,8,10
8987,far_more,9,10
8988,feature_is,10,10
8989,federal_government,9,10
8990,female_labor,8,10
8991,final_good,6,10
8992,financed_by,10,10
8993,financial_and,10,10
8994,firms_use,10,10
8995,first_section,10,10
8996,first_show,10,10
8997,for_black,7,10
8998,for_computing,10,10
8999,for_economies,10,10
9000,for_games,10,10
9001,for_growth,10,10
9002,for_housing,8,10
9003,for_information,10,10
9004,for_sale,9,10
9005,for_simple,10,10
9006,force_behind,10,10
9007,force_the,10,10
9008,foreign_direct,9,10
9009,form_for,10,10
9010,formulas_for,10,10
9011,framework_and,10,10
9012,free_of,10,10
9013,free_to,10,10
9014,from_being,10,10
9015,from_large,10,10
9016,from_randomized,10,10
9017,from_standard,10,10
9018,from_such,10,10
9019,from_through,9,10
9020,from_time,10,10
9021,from_us,10,10
9022,full_time,9,10
9023,function_from,10,10
9024,function_or,10,10
9025,functions_as,10,10
9026,fund_raising,7,10
9027,furthermore_we,10,10
9028,gains_of,10,10
9029,gains_to,9,10
9030,game_can,9,10
9031,game_where,10,10
9032,games_are,8,10
9033,games_the,10,10
9034,gender_differences,7,10
9035,gender_gap,9,10
9036,generalizations_of,9,10
9037,given_any,10,10
9038,governing_the,10,10
9039,government_is,10,10
9040,government_policies,10,10
9041,great_deal,10,10
9042,group_members,8,10
9043,has_become,10,10
9044,has_had,9,10
9045,has_implications,10,10
9046,has_negative,9,10
9047,has_received,10,10
9048,has_recently,10,10
9049,has_strong,9,10
9050,have_occurred,9,10
9051,have_similar,9,10
9052,have_strong,10,10
9053,have_used,10,10
9054,high_unemployment,7,10
9055,higher_and,10,10
9056,holdings_and,8,10
9057,holdings_of,9,10
9058,holds_in,10,10
9059,horizon_and,10,10
9060,how_such,9,10
9061,hump_shaped,8,10
9062,identified_and,10,10
9063,idiosyncratic_risk,8,10
9064,if_both,10,10
9065,if_so,10,10
9066,illustrates_the,10,10
9067,implicit_contract,8,10
9068,import_demand,7,10
9069,imports_and,9,10
9070,imports_of,8,10
9071,impulse_responses,6,10
9072,in_absolute,10,10
9073,in_class,8,10
9074,in_closed,10,10
9075,in_connection,10,10
9076,in_corporate,10,10
9077,in_cost,10,10
9078,in_crime,10,10
9079,in_discrete,9,10
9080,in_domestic,8,10
9081,in_earlier,10,10
9082,in_early,9,10
9083,in_equity,8,10
9084,in_fixed,10,10
9085,in_industry,8,10
9086,in_investment,9,10
9087,in_japan,6,10
9088,in_laboratory,10,10
9089,in_land,9,10
9090,in_non,9,10
9091,in_nonlinear,10,10
9092,in_others,10,10
9093,in_producing,9,10
9094,in_returns,9,10
9095,in_series,10,10
9096,in_south,8,10
9097,in_special,10,10
9098,in_wealth,10,10
9099,incentive_effects,9,10
9100,incentive_problems,9,10
9101,incentives_we,10,10
9102,income_but,9,10
9103,income_effect,7,10
9104,income_model,7,10
9105,incomes_are,10,10
9106,incorporated_into,10,10
9107,increases_by,10,10
9108,independent_variables,10,10
9109,index_numbers,9,10
9110,indifference_curves,10,10
9111,individuals_the,10,10
9112,industry_level,10,10
9113,industry_structure,10,10
9114,infer_the,10,10
9115,inference_procedures,9,10
9116,inflation_on,9,10
9117,information_acquisition,7,10
9118,information_content,10,10
9119,information_matrix,9,10
9120,information_of,9,10
9121,information_set,9,10
9122,information_sets,5,10
9123,institutions_in,8,10
9124,insurance_we,10,10
9125,intensity_and,9,10
9126,interest_the,9,10
9127,intermediate_good,7,10
9128,international_capital,9,10
9129,intraindustry_trade,5,10
9130,introduce_the,10,10
9131,inversely_related,9,10
9132,involves_the,10,10
9133,is_conducted,10,10
9134,is_correlated,10,10
9135,is_evidence,10,10
9136,is_exogenous,9,10
9137,is_implemented,10,10
9138,is_indicated,10,10
9139,is_interpreted,10,10
9140,is_needed,10,10
9141,is_random,9,10
9142,is_rational,10,10
9143,is_represented,10,10
9144,is_still,10,10
9145,is_superior,9,10
9146,is_valid,9,10
9147,is_weak,10,10
9148,isolate_the,10,10
9149,it_and,10,10
9150,it_becomes,10,10
9151,it_difficult,10,10
9152,its_impact,10,10
9153,its_price,10,10
9154,jobs_in,10,10
9155,korean_war,5,10
9156,labor_the,10,10
9157,lags_and,10,10
9158,large_relative,10,10
9159,large_share,10,10
9160,less_productive,8,10
9161,let_be,7,10
9162,level_panel,10,10
9163,life_of,10,10
9164,limited_commitment,10,10
9165,limits_of,10,10
9166,linear_restrictions,7,10
9167,lines_of,10,10
9168,little_impact,10,10
9169,local_to,9,10
9170,logarithm_of,8,10
9171,lorenz_curve,6,10
9172,losses_and,9,10
9173,low_in,10,10
9174,low_inflation,7,10
9175,low_wage,8,10
9176,made_for,10,10
9177,magnitude_and,10,10
9178,making_under,10,10
9179,manufacturing_sector,9,10
9180,margin_requirements,5,10
9181,marginal_social,7,10
9182,market_can,9,10
9183,market_performance,8,10
9184,market_portfolio,8,10
9185,market_work,8,10
9186,matter_for,10,10
9187,maximizing_the,10,10
9188,may_reduce,10,10
9189,may_well,10,10
9190,model_allows,10,10
9191,model_presented,10,10
9192,model_provides,10,10
9193,model_selection,9,10
9194,model_suggests,10,10
9195,models_can,10,10
9196,monetary_aggregates,5,10
9197,monetary_base,6,10
9198,more_complex,10,10
9199,more_costly,8,10
9200,more_sensitive,10,10
9201,most_previous,10,10
9202,move_to,10,10
9203,much_higher,10,10
9204,must_make,10,10
9205,national_longitudinal,10,10
9206,nearly_all,10,10
9207,net_effect,10,10
9208,net_foreign,7,10
9209,new_technologies,10,10
9210,no_arbitrage,6,10
9211,noncooperative_game,8,10
9212,nonlinear_pricing,5,10
9213,not_driven,10,10
9214,not_use,9,10
9215,not_we,9,10
9216,null_hypotheses,6,10
9217,observable_variables,6,10
9218,observe_that,10,10
9219,obtain_the,9,10
9220,obtained_using,10,10
9221,occur_at,9,10
9222,occurs_when,10,10
9223,of_agents',10,10
9224,of_bidders,9,10
9225,of_characteristics,8,10
9226,of_collective,9,10
9227,of_communication,9,10
9228,of_confidence,10,10
9229,of_cooperative,10,10
9230,of_costly,10,10
9231,of_costs,9,10
9232,of_distributions,10,10
9233,of_environmental,10,10
9234,of_ethnic,5,10
9235,of_examples,10,10
9236,of_families,10,10
9237,of_firms',10,10
9238,of_flexible,9,10
9239,of_french,8,10
9240,of_global,9,10
9241,of_home,8,10
9242,of_implicit,9,10
9243,of_incentive,10,10
9244,of_incentives,10,10
9245,of_inference,9,10
9246,of_institutions,8,10
9247,of_intermediate,10,10
9248,of_internal,9,10
9249,of_japanese,8,10
9250,of_joint,9,10
9251,of_lagged,10,10
9252,of_legal,8,10
9253,of_limited,10,10
9254,of_negative,10,10
9255,of_neoclassical,10,10
9256,of_number,10,10
9257,of_or,10,10
9258,of_participants,9,10
9259,of_portfolio,8,10
9260,of_pricing,9,10
9261,of_problems,10,10
9262,of_professional,7,10
9263,of_quantity,10,10
9264,of_reduced,10,10
9265,of_regulatory,9,10
9266,of_rents,9,10
9267,of_repeated,10,10
9268,of_representative,9,10
9269,of_reputation,8,10
9270,of_security,9,10
9271,of_semiparametric,8,10
9272,of_slaves,5,10
9273,of_society,10,10
9274,of_strategy,9,10
9275,of_student,9,10
9276,of_tariff,9,10
9277,of_to,9,10
9278,of_used,6,10
9279,offset_the,10,10
9280,on_ex,7,10
9281,on_international,10,10
9282,on_more,10,10
9283,on_public,10,10
9284,on_risk,9,10
9285,on_what,9,10
9286,one_firm,9,10
9287,one_may,10,10
9288,only_few,9,10
9289,only_limited,10,10
9290,optimal_control,8,10
9291,optimal_growth,10,10
9292,optimal_strategy,10,10
9293,optimization_problems,10,10
9294,option_is,7,10
9295,or_as,10,10
9296,or_her,9,10
9297,or_two,10,10
9298,or_with,10,10
9299,or_without,10,10
9300,order_asymptotic,9,10
9301,other_models,10,10
9302,others_are,10,10
9303,otherwise_standard,10,10
9304,output_levels,9,10
9305,outside_option,7,10
9306,over_year,10,10
9307,paper_builds,10,10
9308,paper_documents,10,10
9309,parametric_model,8,10
9310,part_ii,10,10
9311,participation_is,10,10
9312,pattern_is,10,10
9313,payoff_vector,10,10
9314,payoffs_and,10,10
9315,payoffs_in,10,10
9316,people_who,8,10
9317,period_are,10,10
9318,plans_and,9,10
9319,play_of,10,10
9320,play_role,10,10
9321,players_the,10,10
9322,plus_the,10,10
9323,point_and,10,10
9324,point_is,9,10
9325,points_and,10,10
9326,points_are,10,10
9327,points_for,10,10
9328,policies_on,10,10
9329,policy_change,10,10
9330,policy_maker,8,10
9331,policy_we,10,10
9332,political_and,10,10
9333,political_institutions,10,10
9334,poor_and,10,10
9335,possible_in,10,10
9336,possible_that,10,10
9337,power_functions,8,10
9338,pre_and,10,10
9339,preference_reversal,5,10
9340,premium_is,9,10
9341,present_and,10,10
9342,presents_general,10,10
9343,prevalent_in,10,10
9344,prevent_the,10,10
9345,price_flexibility,8,10
9346,price_inflation,10,10
9347,price_path,7,10
9348,price_ratios,7,10
9349,price_stability,8,10
9350,price_uncertainty,8,10
9351,prices_from,10,10
9352,prices_may,10,10
9353,pricing_is,10,10
9354,private_insurance,6,10
9355,probability_to,9,10
9356,problem_which,9,10
9357,problems_with,10,10
9358,procedure_which,10,10
9359,procedures_we,10,10
9360,process_by,10,10
9361,processes_that,10,10
9362,production_cost,6,10
9363,productivity_by,10,10
9364,productivity_is,9,10
9365,products_are,9,10
9366,profitability_and,9,10
9367,profits_are,9,10
9368,progress_in,9,10
9369,proof_is,10,10
9370,provided_in,10,10
9371,public_health,7,10
9372,public_school,9,10
9373,quantiles_of,9,10
9374,question_we,10,10
9375,quite_general,10,10
9376,rapid_growth,10,10
9377,rate_as,10,10
9378,rate_regimes,5,10
9379,recent_developments,10,10
9380,redistribution_and,9,10
9381,reference_dependent,8,10
9382,reform_of,10,10
9383,regression_in,10,10
9384,regression_the,8,10
9385,regressions_with,7,10
9386,relate_the,10,10
9387,relate_to,10,10
9388,relationship_among,9,10
9389,relationship_of,9,10
9390,relationship_specific,8,10
9391,relative_wage,8,10
9392,reported_in,10,10
9393,represented_as,10,10
9394,requirements_of,9,10
9395,research_has,10,10
9396,resources_the,10,10
9397,response_functions,9,10
9398,restrictions_that,10,10
9399,results_can,10,10
9400,results_is,10,10
9401,results_with,10,10
9402,return_in,9,10
9403,return_is,8,10
9404,returns_for,10,10
9405,revealed_by,10,10
9406,risk_that,9,10
9407,risk_we,10,10
9408,root_consistent,8,10
9409,rule_can,10,10
9410,run_average,8,10
9411,run_demand,6,10
9412,rural_areas,9,10
9413,school_and,9,10
9414,schooling_in,9,10
9415,scope_for,9,10
9416,seasonal_fluctuations,5,10
9417,second_is,10,10
9418,second_stage,8,10
9419,secondary_market,6,10
9420,sectors_of,9,10
9421,seen_that,9,10
9422,series_are,6,10
9423,series_in,7,10
9424,service_sector,6,10
9425,services_in,10,10
9426,set_that,10,10
9427,several_other,10,10
9428,shares_and,9,10
9429,sheds_light,10,10
9430,shifted_to,9,10
9431,side_payments,8,10
9432,significant_fraction,10,10
9433,simulation_study,10,10
9434,situations_the,9,10
9435,small_country,7,10
9436,small_fraction,9,10
9437,social_learning,8,10
9438,social_networks,8,10
9439,social_value,9,10
9440,solutions_of,9,10
9441,solving_the,10,10
9442,some_general,10,10
9443,some_implications,10,10
9444,some_new,10,10
9445,some_recent,10,10
9446,specification_tests,8,10
9447,spending_on,8,10
9448,spot_prices,9,10
9449,stability_is,9,10
9450,standard_deviations,8,10
9451,state_in,10,10
9452,statement_of,10,10
9453,statics_results,10,10
9454,structures_of,8,10
9455,students_are,8,10
9456,studies_are,9,10
9457,studies_in,10,10
9458,study_two,10,10
9459,sub_saharan,9,10
9460,subjective_probabilities,8,10
9461,supply_function,7,10
9462,surplus_is,7,10
9463,surveys_of,10,10
9464,system_can,10,10
9465,taken_from,10,10
9466,taste_for,9,10
9467,tax_credit,10,10
9468,tax_or,6,10
9469,teacher_quality,5,10
9470,technologies_and,10,10
9471,tended_to,10,10
9472,terms_the,10,10
9473,test_score,10,10
9474,testable_restrictions,9,10
9475,tests_is,9,10
9476,than_any,10,10
9477,than_are,10,10
9478,than_its,8,10
9479,that_accounts,10,10
9480,that_countries,9,10
9481,that_he,9,10
9482,that_marginal,10,10
9483,that_must,10,10
9484,that_output,10,10
9485,that_political,9,10
9486,that_real,10,10
9487,that_small,10,10
9488,that_standard,10,10
9489,that_students,9,10
9490,that_workers,10,10
9491,the_1950s,9,10
9492,the_1960s,9,10
9493,the_absolute,10,10
9494,the_accuracy,8,10
9495,the_agreement,9,10
9496,the_aid,10,10
9497,the_and,10,10
9498,the_approximate,9,10
9499,the_binary,8,10
9500,the_buyers,7,10
9501,the_cases,10,10
9502,the_concepts,10,10
9503,the_confidence,10,10
9504,the_desire,9,10
9505,the_dimension,10,10
9506,the_election,8,10
9507,the_estimate,9,10
9508,the_features,10,10
9509,the_flow,9,10
9510,the_forces,9,10
9511,the_forecast,9,10
9512,the_forecasts,7,10
9513,the_friedman,7,10
9514,the_household's,7,10
9515,the_incomes,7,10
9516,the_indian,9,10
9517,the_indirect,10,10
9518,the_informational,10,10
9519,the_limitations,10,10
9520,the_micro,8,10
9521,the_military,7,10
9522,the_numbers,9,10
9523,the_per,9,10
9524,the_percentage,8,10
9525,the_perspective,10,10
9526,the_possibilities,10,10
9527,the_precision,9,10
9528,the_quarterly,10,10
9529,the_repeated,10,10
9530,the_residuals,9,10
9531,the_risky,9,10
9532,the_secondary,6,10
9533,the_service,7,10
9534,the_shift,9,10
9535,the_subjects,8,10
9536,the_uniform,10,10
9537,the_unobservable,6,10
9538,the_variable,9,10
9539,the_vote,10,10
9540,the_war,9,10
9541,the_widely,10,10
9542,the_working,9,10
9543,the_worst,8,10
9544,their_asymptotic,10,10
9545,theorem_of,10,10
9546,theorems_are,10,10
9547,these_difficulties,10,10
9548,these_empirical,10,10
9549,these_functions,10,10
9550,these_theories,10,10
9551,this_argument,10,10
9552,this_correlation,9,10
9553,this_has,10,10
9554,this_increase,10,10
9555,this_information,10,10
9556,this_kind,10,10
9557,this_measure,10,10
9558,this_sort,10,10
9559,this_test,9,10
9560,those_based,10,10
9561,those_found,10,10
9562,though_they,10,10
9563,three_main,10,10
9564,time_aggregation,6,10
9565,time_dimension,7,10
9566,time_inconsistent,6,10
9567,times_more,10,10
9568,to_act,10,10
9569,to_argue,10,10
9570,to_average,10,10
9571,to_coordinate,9,10
9572,to_demand,10,10
9573,to_either,10,10
9574,to_elicit,10,10
9575,to_entry,9,10
9576,to_equal,9,10
9577,to_equilibrium,10,10
9578,to_expand,10,10
9579,to_financial,10,10
9580,to_formulate,10,10
9581,to_further,10,10
9582,to_get,10,10
9583,to_guide,10,10
9584,to_handle,10,10
9585,to_it,10,10
9586,to_limit,10,10
9587,to_local,10,10
9588,to_manipulate,9,10
9589,to_many,10,10
9590,to_models,10,10
9591,to_number,10,10
9592,to_participate,10,10
9593,to_positive,10,10
9594,to_punish,9,10
9595,to_recent,10,10
9596,to_rule,10,10
9597,to_search,10,10
9598,to_simulate,10,10
9599,to_stabilize,10,10
9600,to_substitute,10,10
9601,to_variations,9,10
9602,to_when,9,10
9603,together_the,10,10
9604,took_place,10,10
9605,total_expenditure,10,10
9606,trade_for,10,10
9607,trade_restrictions,5,10
9608,trade_volume,7,10
9609,transfer_of,10,10
9610,transfers_to,9,10
9611,transition_from,10,10
9612,transmission_of,10,10
9613,treatment_is,10,10
9614,trying_to,10,10
9615,two_goods,10,10
9616,two_major,10,10
9617,two_parties,8,10
9618,uncorrelated_with,10,10
9619,under_consideration,9,10
9620,under_this,10,10
9621,under_various,10,10
9622,unemployed_workers,9,10
9623,up_with,9,10
9624,uses_an,10,10
9625,using_standard,10,10
9626,value_function,8,10
9627,variables_for,10,10
9628,vector_and,9,10
9629,vector_autoregression,10,10
9630,very_high,10,10
9631,very_important,10,10
9632,vote_for,9,10
9633,voter_turnout,9,10
9634,voting_behavior,9,10
9635,wage_differential,8,10
9636,wald_statistic,10,10
9637,was_found,9,10
9638,we_relate,10,10
9639,weak_instruments,9,10
9640,weight_on,9,10
9641,welfare_functions,9,10
9642,what_determines,10,10
9643,when_applied,10,10
9644,when_firms,8,10
9645,when_only,10,10
9646,where_some,10,10
9647,whether_there,10,10
9648,whether_these,10,10
9649,which_cannot,10,10
9650,which_case,10,10
9651,which_depends,10,10
9652,which_leads,10,10
9653,which_makes,10,10
9654,which_only,10,10
9655,which_takes,9,10
9656,which_yields,9,10
9657,white_collar,8,10
9658,will_lead,10,10
9659,will_occur,9,10
9660,with_increases,10,10
9661,with_multiple,10,10
9662,with_non,10,10
9663,with_observed,10,10
9664,with_production,10,10
9665,with_profit,7,10
9666,with_public,10,10
9667,with_similar,10,10
9668,worked_out,10,10
9669,world_where,10,10
