phrase_idx,phrase,n_docs,total_count,zeta,direction
5111,who_were,16,17,5.49029815273296,high_read
5484,use_data,16,16,5.48891462077351,high_read
4964,percent_more,17,17,5.48891462077093,high_read
3367,by_percentage,17,23,5.4885790646444,high_read
4249,house_prices,14,19,5.48772639748784,high_read
6879,percent_the,13,13,5.4877263974873,high_read
7649,significantly_more,12,12,5.4877263974859,high_read
6102,for_countries,13,14,5.48772639746871,high_read
5987,approximately_percent,14,14,5.48760686861201,high_read
5361,performance_and,15,16,5.48705777938575,high_read
6144,in_states,13,14,5.48660822473411,high_read
7502,negative_effects,12,12,5.48571671114739,high_read
7629,rise_of,11,12,5.48571671114411,high_read
6569,by_to,12,13,5.48571664274815,high_read
5682,is_percent,13,15,5.48571664274387,high_read
7576,percent_we,12,12,5.48571664274181,high_read
8248,model's_predictions,11,11,5.48571664272958,high_read
8069,evidence_consistent,11,11,5.48571664272706,high_read
8642,using_detailed,11,11,5.48568224706553,high_read
6621,detailed_data,12,13,5.48568224704765,high_read
6688,had_no,13,13,5.48563768638805,high_read
8326,on_health,9,11,5.4856227436082,high_read
9213,not_driven,10,10,5.48554842013333,high_read
6205,median_voter,10,14,5.48539975970385,high_read
9035,gender_gap,9,10,5.48539975969922,high_read
8597,to_attend,10,11,5.48539975969831,high_read
8495,tax_returns,9,11,5.48539975968739,high_read
7472,market_competition,10,12,5.48539975968495,high_read
7612,public_schools,11,12,5.485399758265,high_read
8091,firms_from,11,11,5.48526375710575,high_read
8739,and_export,9,10,5.48526313158684,high_read
8638,us_cities,9,11,5.48515876913285,high_read
9016,from_randomized,10,10,5.48515876912314,high_read
9078,in_crime,10,10,5.48515876912068,high_read
8290,of_federal,9,11,5.48477353949849,high_read
8215,job_finding,7,11,5.48477353301057,high_read
9034,gender_differences,7,10,5.48417230848464,high_read
8323,on_crime,8,11,5.48324610074427,high_read
5438,the_internet,9,16,5.48310597821967,high_read
7681,take_up,10,12,5.48310597821848,high_read
6729,infant_mortality,8,13,5.48271142603793,high_read
9633,voter_turnout,9,10,5.48271142602343,high_read
7896,and_had,10,11,5.48271142601294,high_read
9473,test_score,10,10,5.48209619015199,high_read
8512,that_pay,8,11,5.48209618611417,high_read
9042,group_members,8,10,5.48209618610227,high_read
8481,students_who,8,11,5.48162934434926,high_read
7981,ceo_pay,5,11,5.48122784634519,high_read
9054,high_unemployment,7,10,5.48122784629855,high_read
5562,child_care,6,15,5.48122784629354,high_read
9026,fund_raising,7,10,5.48122784629211,high_read
8851,checks_and,7,10,5.48122780340576,high_read
9371,public_health,7,10,5.4807470942554,high_read
6121,group_membership,6,14,5.47977466036754,high_read
8695,affirmative_action,6,10,5.47956870097761,high_read
1943,asymptotically_normal,32,36,-4.96320853713636,low_read
1321,asymptotic_distribution,42,48,-4.96317051985007,low_read
1226,endogenous_variables,41,51,-4.96286921444391,low_read
1675,linear_regression,39,41,-4.96225461095801,low_read
1101,unit_root,30,56,-4.96194042968409,low_read
1776,exogenous_variables,33,39,-4.96089862492274,low_read
1948,coefficients_of,30,36,-4.96043735368327,low_read
2242,dependent_variable,28,32,-4.95992122468983,low_read
1721,family_of,31,40,-4.95946817231966,low_read
2027,infinite_horizon,34,35,-4.95835924190904,low_read
2287,tests_and,23,32,-4.95835924190901,low_read
2425,estimator_and,26,30,-4.95835924190894,low_read
3177,and_asymptotically,23,24,-4.95835924190892,low_read
1876,von_neumann,32,38,-4.95835924187437,low_read
2689,regularity_conditions,26,28,-4.9583496839159,low_read
2175,equilibria_of,31,33,-4.95834348671839,low_read
2593,the_nonparametric,23,29,-4.9583434349237,low_read
1845,objective_function,26,38,-4.95834343492355,low_read
3189,asymptotic_theory,19,24,-4.95834343492345,low_read
3519,we_shall,17,23,-4.95831723147517,low_read
4801,consideration_of,17,17,-4.95831723147473,low_read
4019,inference_in,18,20,-4.95829305003978,low_read
2842,the_disturbances,23,27,-4.95827458472553,low_read
2516,critical_values,20,29,-4.95815914749543,low_read
2232,asymptotic_normality,27,32,-4.95815914749515,low_read
4101,the_regressors,20,20,-4.9580319222349,low_read
3958,asymptotic_distributions,20,20,-4.95803192223489,low_read
4293,of_nonparametric,17,19,-4.95803192223429,low_read
3092,of_finite,23,25,-4.95803192223427,low_read
5296,it_follows,16,16,-4.9580319222342,low_read
3788,idea_of,20,21,-4.9579104478583,low_read
3997,for_models,20,20,-4.95732946997531,low_read
2567,pure_strategy,28,29,-4.95732946997507,low_read
1773,discrete_time,22,39,-4.957329469975,low_read
3815,mean_of,19,21,-4.95732946997499,low_read
5483,unit_roots,12,16,-4.95732946997489,low_read
3554,consistency_and,21,22,-4.95732946997487,low_read
4153,are_asymptotically,17,19,-4.95717307838868,low_read
5371,procedures_are,15,16,-4.95717307838847,low_read
3183,approximations_to,22,24,-4.95717307838833,low_read
5278,inference_on,16,16,-4.95717307838831,low_read
4447,asymptotically_valid,16,18,-4.9571730783883,low_read
3190,asymptotically_efficient,21,24,-4.95717307838827,low_read
4961,parameter_space,14,17,-4.95659926658028,low_read
4289,of_estimators,18,19,-4.95659907253131,low_read
4164,asymptotic_variance,16,19,-4.95659907253121,low_read
5809,shown_in,15,15,-4.95659907253116,low_read
2805,of_simultaneous,25,27,-4.9565990725311,low_read
3809,linear_model,19,21,-4.95659907253109,low_read
3538,are_allowed,20,22,-4.95659907253102,low_read
3868,squares_and,21,21,-4.95659907253101,low_read
4642,statistic_for,16,18,-4.95659907253097,low_read
4819,distribution_theory,16,17,-4.9565990725308,low_read
3938,an_approximate,18,20,-4.95625082127113,low_read
3448,per_cent,13,23,-4.95625082127048,low_read
2648,factor_price,19,28,-4.95625082127021,low_read
2946,neumann_morgenstern,21,26,-4.95625082127008,low_read
5785,referred_to,15,15,-4.95562701932993,low_read
2903,confidence_sets,15,26,-4.95528156762824,low_read
5648,identically_distributed,15,15,-4.95528156762789,low_read
6233,of_assumptions,14,14,-4.95528156762782,low_read
8995,first_section,10,10,-4.95528156762734,low_read
3976,dependent_variables,18,20,-4.95524091267894,low_read
7577,perhaps_the,12,12,-4.95524091267825,low_read
3429,likelihood_function,14,23,-4.95524091267822,low_read
3463,pure_exchange,21,23,-4.95524091267822,low_read
5046,the_non,17,17,-4.9552409126781,low_read
4725,with_probability,15,18,-4.95524091267806,low_read
6936,sample_performance,13,13,-4.9552409126773,low_read
8251,money_balances,11,11,-4.95507826192461,low_read
6339,system_are,13,14,-4.95507826192454,low_read
5485,utility_in,15,16,-4.95507826192449,low_read
4876,in_regression,17,17,-4.95507826192444,low_read
2757,conditional_moment,18,27,-4.9550782619244,low_read
5072,to_approximate,16,17,-4.95507826192435,low_read
7240,carlo_study,12,12,-4.95507826192431,low_read
4550,likelihood_estimates,17,18,-4.95507826192427,low_read
4181,coefficients_in,18,19,-4.95494578708736,low_read
4923,nuisance_parameters,14,17,-4.95470548010084,low_read
6870,parameter_and,13,13,-4.9542445347911,low_read
3824,normally_distributed,19,21,-4.95424453479073,low_read
4357,the_approximation,17,19,-4.95424453479066,low_read
3202,competitive_equilibria,17,24,-4.95424453479055,low_read
4742,an_approximation,15,17,-4.95424453479034,low_read
5860,the_disturbance,13,15,-4.95424453479031,low_read
3808,limit_theory,11,21,-4.95424334155959,low_read
5443,the_posterior,14,16,-4.95424334155951,low_read
5455,the_walrasian,14,16,-4.95424334155943,low_read
8176,in_view,10,11,-4.95424334155941,low_read
3618,moving_average,19,22,-4.95400489711456,low_read
5212,equations_in,15,16,-4.9540048971144,low_read
6291,property_that,14,14,-4.95386997837941,low_read
6221,neighborhood_of,14,14,-4.95386997837936,low_read
7556,only_be,12,12,-4.95386997837928,low_read
8070,example_in,11,11,-4.95386997837921,low_read
4957,order_autoregressive,16,17,-4.95386997837917,low_read
6944,series_the,13,13,-4.95386997837837,low_read
6280,point_out,14,14,-4.95386997837829,low_read
3253,moment_restrictions,18,24,-4.95386997837824,low_read
4167,be_approximated,19,19,-4.95386997837815,low_read
4575,of_stationary,17,18,-4.95386997837813,low_read
6184,limit_distribution,12,14,-4.95386997837813,low_read
4671,the_moment,17,18,-4.95386997837813,low_read
5178,capital_asset,15,16,-4.95386997837812,low_read
4430,and_asymptotic,17,18,-4.9538699783781,low_read
4559,money_stock,13,18,-4.95386997837809,low_read
7707,the_constant,11,12,-4.95386997837792,low_read
3113,state_space,14,25,-4.95371767176598,low_read
5213,equilibria_the,14,16,-4.95371767176555,low_read
4217,exchange_economies,19,19,-4.95371395811115,low_read
5851,the_autoregressive,12,15,-4.95371395811094,low_read
6647,equations_and,12,13,-4.95371115730539,low_read
8790,available_the,10,10,-4.95371115730462,low_read
9053,have_used,10,10,-4.9536207103572,low_read
6959,space_is,12,13,-4.95362071035686,low_read
6061,demand_deposits,11,14,-4.9532794821684,low_read
5454,the_wald,14,16,-4.95327948216831,low_read
4932,of_generalized,16,17,-4.95310971527674,low_read
6201,matrix_is,13,14,-4.95310971527647,low_read
5098,uniqueness_of,15,17,-4.95310971527228,low_read
6100,for_class,14,14,-4.95310971527224,low_read
5633,function_are,15,15,-4.95310971527221,low_read
5706,mixed_strategies,13,15,-4.95310971527209,low_read
7535,of_regression,12,12,-4.953109715272,low_read
7045,the_vector,13,13,-4.95310971527121,low_read
9421,seen_that,9,10,-4.95309676167322,low_read
7739,the_variances,11,12,-4.95309676167298,low_read
5004,squares_estimators,16,17,-4.95309676167295,low_read
9384,regression_the,8,10,-4.95309676167293,low_read
5335,of_monte,15,16,-4.95309676167277,low_read
5081,to_prove,17,17,-4.95291236557303,low_read
7519,of_bayesian,10,12,-4.95280862644061,low_read
4368,the_parametric,12,19,-4.95250043782834,low_read
7358,function_it,12,12,-4.95250043782817,low_read
5262,implicit_in,13,16,-4.95250043782786,low_read
6097,finite_dimensional,12,14,-4.95248894609452,low_read
4295,of_revealed,15,19,-4.95248894609446,low_read
7319,equilibrium_this,12,12,-4.95248894609443,low_read
7518,of_asymptotic,11,12,-4.95248894609438,low_read
9628,vector_and,9,10,-4.95248894609434,low_read
7463,local_power,11,12,-4.95248894609419,low_read
7403,in_probability,12,12,-4.95244166732347,low_read
5064,these_estimators,16,17,-4.95244166732344,low_read
5019,that_satisfy,17,17,-4.95244166732342,low_read
5634,function_can,15,15,-4.9524416673234,low_read
4985,regression_with,15,17,-4.95244166732339,low_read
5647,idea_is,15,15,-4.95244166732337,low_read
5603,errors_the,15,15,-4.95244166732336,low_read
7640,sense_in,12,12,-4.9520299079217,low_read
6225,nonparametric_regression,12,14,-4.95202990792165,low_read
7207,assumed_in,12,12,-4.95202990792158,low_read
6410,theorem_and,14,14,-4.95202990792154,low_read
7744,their_respective,12,12,-4.95202769065944,low_read
9639,weak_instruments,9,10,-4.95167592457065,low_read
6456,very_general,14,14,-4.95167592457054,low_read
5201,differential_equations,16,16,-4.95167592457053,low_read
6047,constant_elasticity,13,14,-4.95167592457052,low_read
8349,parameter_in,10,11,-4.95167592457051,low_read
7304,embodied_in,10,12,-4.95167592457043,low_read
6239,of_estimates,13,14,-4.95167592457041,low_read
7275,defined_to,12,12,-4.9516759245704,low_read
7615,quasi_maximum,12,12,-4.9516759245704,low_read
8629,true_parameter,11,11,-4.95167592457027,low_read
7898,and_identically,11,11,-4.95167592457025,low_read
6800,nuisance_parameter,10,13,-4.95080509802642,low_read
6649,equilibria_that,13,13,-4.95080509802614,low_read
8183,independent_and,11,11,-4.95080509802576,low_read
7387,ignore_the,12,12,-4.95080509802574,low_read
8000,consistent_estimation,10,11,-4.9508050980257,low_read
8875,constant_and,10,10,-4.95080509802552,low_read
5406,spectral_density,11,16,-4.95080509802552,low_read
5712,morgenstern_utility,13,15,-4.95080509802538,low_read
5061,theorem_for,17,17,-4.95080509802522,low_read
7572,parameter_vector,9,12,-4.95080509559694,low_read
3992,extensive_form,14,20,-4.95080508824777,low_read
7949,be_written,11,11,-4.95080508824757,low_read
6196,marginal_rate,12,14,-4.95080508824755,low_read
8203,is_identified,11,11,-4.95080508824751,low_read
8781,asymptotically_equivalent,10,10,-4.95080508824749,low_read
8116,formulated_as,11,11,-4.95080508824749,low_read
7937,attention_has,11,11,-4.95080508824748,low_read
9009,form_for,10,10,-4.95080508824747,low_read
8715,alternative_hypothesis,10,10,-4.95080508824744,low_read
9505,the_dimension,10,10,-4.95080508824739,low_read
4283,normality_of,16,19,-4.95080508824739,low_read
8689,zero_the,11,11,-4.95080508824738,low_read
8966,estimators_based,10,10,-4.95080508824736,low_read
7326,estimation_in,11,12,-4.95080508824735,low_read
6119,generalizes_the,14,14,-4.950800218045,low_read
6304,regression_function,11,14,-4.95080021804495,low_read
7352,for_model,11,12,-4.95080021804495,low_read
9668,worked_out,10,10,-4.95080021804487,low_read
6203,mean_squared,11,14,-4.95079718827747,low_read
5978,and_inference,11,14,-4.95079718827746,low_read
9547,these_difficulties,10,10,-4.95079718827746,low_read
9024,function_or,10,10,-4.95079718827744,low_read
6168,is_bounded,12,14,-4.95079718827739,low_read
9084,in_fixed,10,10,-4.95079718827738,low_read
7260,considered_and,12,12,-4.95079718827737,low_read
9576,to_equal,9,10,-4.95079718827736,low_read
8769,are_interpreted,10,10,-4.95079718827736,low_read
5138,and_quantity,14,16,-4.95079718827734,low_read
7790,to_investment,9,12,-4.95079718827734,low_read
7499,multivariate_normal,10,12,-4.95079718827734,low_read
8578,the_von,11,11,-4.95079718827733,low_read
9423,series_in,7,10,-4.95079718827733,low_read
7355,frequency_domain,10,12,-4.95079718827732,low_read
3851,pareto_optimality,18,21,-4.95079718827731,low_read
8214,its_asymptotic,11,11,-4.95079718827731,low_read
8462,solution_and,10,11,-4.95079718827731,low_read
5704,minimum_distance,11,15,-4.9507971882773,low_read
8543,the_independent,11,11,-4.9507971882773,low_read
5869,the_identified,9,15,-4.95079718827728,low_read
5819,stage_game,13,15,-4.95079718827728,low_read
5370,price_equalization,12,16,-4.95079718827727,low_read
8485,such_way,11,11,-4.95079718827726,low_read
8232,local_alternatives,10,11,-4.95079718827721,low_read
6758,lagged_dependent,11,13,-4.95079718827644,low_read
7293,distributions_and,12,12,-4.95079718825625,low_read
9441,solving_the,10,10,-4.95079718825618,low_read
5327,of_feasible,12,16,-4.95079718825614,low_read
8968,estimators_have,10,10,-4.95079718825614,low_read
7385,if_in,12,12,-4.95079718825612,low_read
8969,estimators_the,10,10,-4.95079718825609,low_read
5512,and_confidence,10,15,-4.95079718825607,low_read
8426,regression_of,11,11,-4.95079718825607,low_read
8861,complete_characterization,10,10,-4.95079718825606,low_read
6405,the_spot,11,14,-4.95079718825605,low_read
7315,equations_is,12,12,-4.95079718825604,low_read
9493,the_absolute,10,10,-4.95079718825601,low_read
6065,derives_the,14,14,-4.95079718825595,low_read
6209,mixed_strategy,11,14,-4.95079718825594,low_read
8066,estimator_the,10,11,-4.95079718825591,low_read
6862,overidentifying_restrictions,11,13,-4.95079718825587,low_read
7321,error_terms,11,12,-4.9507892334208,low_read
7597,processes_and,11,12,-4.95078923342079,low_read
8874,consistent_estimators,10,10,-4.95078923342079,low_read
7885,and_certain,11,11,-4.95078923342078,low_read
7302,either_of,11,12,-4.95078923342076,low_read
7362,general_linear,12,12,-4.95078923342069,low_read
8303,of_parametric,11,11,-4.95078923342057,low_read
8425,regression_coefficient,8,11,-4.9507838821321,low_read
5006,stochastic_dominance,13,17,-4.95078388213202,low_read
7979,case_with,10,11,-4.95078388213202,low_read
7935,asymptotic_expansions,10,11,-4.950783882132,low_read
5875,the_maximal,11,15,-4.95078388213196,low_read
7970,calculation_of,11,11,-4.95078388213195,low_read
6365,the_boundary,10,14,-4.95078388213195,low_read
8036,distribution_functions,11,11,-4.95078388213194,low_read
9066,illustrates_the,10,10,-4.95078388213194,low_read
8967,estimators_can,10,10,-4.95078388213194,low_read
9359,procedures_we,10,10,-4.95078388213191,low_read
5821,state_variables,9,15,-4.95078388213188,low_read
9300,order_asymptotic,9,10,-4.95078388213184,low_read
9115,inference_procedures,9,10,-4.95078388213184,low_read
5733,of_leisure,11,15,-4.95078388213178,low_read
6582,commodity_space,11,13,-4.95078388213111,low_read
6665,finitely_many,12,13,-4.95078388213105,low_read
7036,the_sequence,10,13,-4.95078388213104,low_read
8055,equilibria_we,10,11,-4.95078386473977,low_read
5090,transferable_utility,15,17,-4.95078386473975,low_read
5196,criterion_function,10,16,-4.95078386473975,low_read
8881,consumption_or,9,10,-4.95078386473969,low_read
8321,of_vector,8,11,-4.95078386473967,low_read
9636,wald_statistic,10,10,-4.95078386473966,low_read
5505,allocations_that,13,15,-4.95078386473964,low_read
8949,equation_is,9,10,-4.95078386473962,low_read
9267,of_repeated,10,10,-4.95078386473954,low_read
9184,market_portfolio,8,10,-4.95074455979245,low_read
6620,derivatives_of,9,13,-4.95074455979145,low_read
8065,estimator_are,11,11,-4.95073085359638,low_read
9580,to_formulate,10,10,-4.95073085359604,low_read
6963,squares_regression,12,13,-4.95071426458428,low_read
8191,introduced_and,11,11,-4.95071426458349,low_read
8278,of_allocations,11,11,-4.9507142645833,low_read
6902,prior_distribution,6,13,-4.95070057528825,low_read
6923,regressors_and,10,13,-4.950700575288,low_read
8266,nonlinear_regression,9,11,-4.95070057528753,low_read
8554,the_multivariate,10,11,-4.9507005752874,low_read
9274,of_strategy,9,10,-4.95070057528737,low_read
4605,probability_measure,14,18,-4.95070057527225,low_read
8013,covariance_matrices,11,11,-4.95070057527224,low_read
7752,these_axioms,10,12,-4.95070057527223,low_read
8324,on_factor,11,11,-4.95070057527222,low_read
8556,the_ols,11,11,-4.95070057527221,low_read
9385,regressions_with,7,10,-4.95070057527218,low_read
4670,the_matrix,12,18,-4.95070057527218,low_read
8964,estimator_when,10,10,-4.95070057527216,low_read
6326,solution_concept,11,14,-4.95070057527216,low_read
9499,the_binary,8,10,-4.95070057527211,low_read
5995,are_established,13,14,-4.95070057527211,low_read
9474,testable_restrictions,9,10,-4.95070057527208,low_read
6608,criterion_is,12,13,-4.95070057527171,low_read
8974,exogenous_and,10,10,-4.95065514905546,low_read
7682,taking_the,11,12,-4.95065514905541,low_read
7814,under_very,12,12,-4.95065514905539,low_read
7822,vector_autoregressive,11,12,-4.95065514905515,low_read
8056,equilibrium_path,10,11,-4.95065514905505,low_read
8662,well_behaved,11,11,-4.95063263484597,low_read
8523,the_cointegrating,6,11,-4.95063263484591,low_read
8553,the_monte,8,11,-4.95063263484591,low_read
7738,the_unobserved,10,12,-4.95063263484581,low_read
7228,boundary_of,9,12,-4.95063263484581,low_read
7680,symmetric_and,11,12,-4.95063263484579,low_read
5284,irrelevant_alternatives,11,16,-4.95063263484564,low_read
6720,in_variables,12,13,-4.95063263484486,low_read
6947,shadow_prices,11,13,-4.95056578289911,low_read
8031,derived_under,10,11,-4.95024583872566,low_read
9119,information_matrix,9,10,-4.95024583872565,low_read
9498,the_approximate,9,10,-4.95024583872564,low_read
7245,chi_square,9,12,-4.95024583872557,low_read
9169,local_to,9,10,-4.95024583872557,low_read
8063,estimation_are,11,11,-4.95024583872552,low_read
6711,in_expectations,10,13,-4.95024583872474,low_read
6667,folk_theorem,13,13,-4.94974277473597,low_read
6742,is_generalized,13,13,-4.9497427747359,low_read
9590,to_models,10,10,-4.94974277473518,low_read
8161,ill_posed,9,11,-4.94974277473513,low_read
9410,run_average,8,10,-4.94963732481437,low_read
7384,if_agents,11,12,-4.94938387995804,low_read
7329,exact_finite,12,12,-4.94938387995793,low_read
7767,those_which,12,12,-4.94938387995784,low_read
8840,capital_formation,9,10,-4.94938387995774,low_read
8236,marginal_rates,10,11,-4.94938387995774,low_read
5649,identified_set,9,15,-4.94890381967767,low_read
8267,nonparametric_identification,9,11,-4.94890381967714,low_read
6330,stationary_equilibrium,11,14,-4.94890381967706,low_read
3488,the_bootstrap,9,23,-4.94890349486467,low_read
9243,of_incentive,10,10,-4.94890349486452,low_read
7712,the_edgeworth,9,12,-4.94890349486447,low_read
8899,covariance_of,8,10,-4.9489034948644,low_read
9103,income_effect,7,10,-4.9489034948644,low_read
9544,their_asymptotic,10,10,-4.94890349486436,low_read
9355,probability_to,9,10,-4.94877357742454,low_read
7533,of_pareto,12,12,-4.94877357737506,low_read
9565,time_dimension,7,10,-4.94877357737486,low_read
6382,the_leontief,10,14,-4.94864924003451,low_read
7858,additively_separable,10,11,-4.94864924003441,low_read
7986,choice_probabilities,9,11,-4.94864923996405,low_read
6243,of_irrelevant,11,14,-4.94864923996362,low_read
8699,aggregate_income,9,10,-4.94842363249558,low_read
7683,technique_is,11,12,-4.94842363249552,low_read
5669,inference_about,9,15,-4.9484236324955,low_read
8522,the_cobb,9,11,-4.9484236324955,low_read
8959,errors_of,10,10,-4.9484236324955,low_read
8468,squares_is,9,11,-4.94842363249549,low_read
9641,welfare_functions,9,10,-4.94842363249546,low_read
9033,games_the,10,10,-4.94842363249546,low_read
8361,point_identification,8,11,-4.94842363249544,low_read
8057,equilibrium_which,10,11,-4.94842363249543,low_read
8975,expectations_models,10,10,-4.94842363249542,low_read
9475,tests_is,9,10,-4.94842363249541,low_read
8449,seasonally_adjusted,5,11,-4.94842363249541,low_read
4678,the_statistic,7,18,-4.94842363249536,low_read
8463,solution_concepts,10,11,-4.94838337148735,low_read
8633,types_are,8,11,-4.94838337148727,low_read
7909,and_value,9,11,-4.94827030831514,low_read
7868,alternatives_the,10,11,-4.94827030831513,low_read
5618,finite_horizon,11,15,-4.9482703083151,low_read
9446,specification_tests,8,10,-4.94827030831496,low_read
9036,generalizations_of,9,10,-4.94809786455061,low_read
8352,pareto_optima,10,11,-4.94809786455056,low_read
7192,arbitrary_number,10,12,-4.9480978645505,low_read
7191,approximation_is,10,12,-4.94809786455049,low_read
7489,monotonicity_and,9,12,-4.94809786455044,low_read
8588,these_equilibria,11,11,-4.94809786455042,low_read
7349,for_dynamic,12,12,-4.94809786455042,low_read
9369,proof_is,10,10,-4.9480978645504,low_read
8940,efficient_in,10,10,-4.94809786455031,low_read
9462,surplus_is,7,10,-4.94809786455028,low_read
9271,of_semiparametric,8,10,-4.94809786455027,low_read
9170,logarithm_of,8,10,-4.94809786455023,low_read
8520,the_censored,7,11,-4.94808887536291,low_read
8054,equations_model,10,11,-4.94808887536285,low_read
5297,joint_production,9,16,-4.94808887536277,low_read
7274,decision_maker's,9,12,-4.94790372303295,low_read
8557,the_open,9,11,-4.94788953180953,low_read
8059,error_learning,5,11,-4.94788953180947,low_read
7991,coefficient_vector,7,11,-4.94788953180943,low_read
6625,differential_equation,9,13,-4.94787563597328,low_read
8048,element_in,9,11,-4.94787563597279,low_read
9287,one_may,10,10,-4.94787563597276,low_read
9408,root_consistent,8,10,-4.94787563597273,low_read
7871,an_asymptotically,11,11,-4.94787563597273,low_read
8380,price_vector,7,11,-4.94787563597259,low_read
6794,non_nested,9,13,-4.94787563597201,low_read
9091,in_nonlinear,10,10,-4.94761981878919,low_read
9324,point_is,9,10,-4.94761981878913,low_read
8473,stationary_equilibria,8,11,-4.94761981878907,low_read
5396,sequential_equilibria,10,16,-4.94761981878901,low_read
8427,relations_are,10,11,-4.94761981878886,low_read
8061,estimates_is,9,11,-4.94759426152213,low_read
4777,bargaining_solution,9,17,-4.94734862852695,low_read
6700,hypothesis_testing,9,13,-4.94734862852612,low_read
6705,implementable_in,8,13,-4.94732642427194,low_read
9546,theorems_are,10,10,-4.94732642427125,low_read
8357,path_is,10,11,-4.94732642427119,low_read
9313,payoff_vector,10,10,-4.94732642427111,low_read
8416,real_balances,9,11,-4.94732642427111,low_read
8894,correlated_equilibrium,7,10,-4.94732642427111,low_read
9000,for_games,10,10,-4.94732642427103,low_read
9422,series_are,6,10,-4.94732642427097,low_read
8884,contingent_claims,8,10,-4.94723788952975,low_read
9197,monetary_base,6,10,-4.94723738353678,low_read
7667,strategy_profile,6,12,-4.94723738353677,low_read
8659,walras'_law,7,11,-4.94723738353661,low_read
8064,estimation_procedures,10,11,-4.9470850814365,low_read
7361,game_of,11,12,-4.94708508143649,low_read
8847,cent_of,5,10,-4.94676553375405,low_read
8307,of_quasi,10,11,-4.94597520593176,low_read
9025,functions_as,10,10,-4.94597520593167,low_read
8977,expenditure_system,6,10,-4.94590253698307,low_read
5433,the_futures,7,16,-4.94590253698304,low_read
8158,identifiability_of,10,11,-4.94590253698291,low_read
7459,liquidity_preference,8,12,-4.9459025369829,low_read
8788,autoregressive_process,8,10,-4.94590253698286,low_read
9211,noncooperative_game,8,10,-4.94590253698284,low_read
9530,the_residuals,9,10,-4.94590253698282,low_read
9347,price_path,7,10,-4.94590253698281,low_read
8647,variables_estimator,9,11,-4.94590253698281,low_read
9166,linear_restrictions,7,10,-4.94590253698278,low_read
7386,if_is,9,12,-4.94590253698273,low_read
8387,private_good,9,11,-4.94590253698265,low_read
8023,decreasing_absolute,9,11,-4.94590253698264,low_read
9291,optimal_growth,10,10,-4.94590253698261,low_read
7037,the_shapley,10,13,-4.94590253698229,low_read
6553,average_treatment,7,13,-4.94590253698179,low_read
6637,effective_protection,5,13,-4.94557036419886,low_read
8050,empirical_likelihood,6,11,-4.94509062534822,low_read
7664,strategies_and,9,12,-4.94509062534812,low_read
7644,shapley_value,9,12,-4.94466011699991,low_read
9161,let_be,7,10,-4.94465676077881,low_read
7657,specification_test,7,12,-4.9443243407491,low_read
8241,mean_variance,9,11,-4.94432434074893,low_read
9217,observable_variables,6,10,-4.94432434074886,low_read
9290,optimal_control,8,10,-4.94432434074884,low_read
9127,intermediate_good,7,10,-4.94432434074883,low_read
7864,allocation_rule,6,11,-4.9440222399372,low_read
8866,conditional_mean,6,10,-4.94330810047266,low_read
7830,wealth_effect,6,12,-4.94302766337091,low_read
9122,information_sets,5,10,-4.94302616443314,low_read
8008,core_is,10,11,-4.94302616443312,low_read
8432,resource_stock,5,11,-4.94231841267661,low_read
8857,class_estimators,6,10,-4.94231841267627,low_read
8842,capital_movements,5,10,-4.94231582056418,low_read
8892,core_allocations,7,10,-4.94231582056417,low_read
8547,the_liml,6,11,-4.94231582056413,low_read
8952,equilibrium_paths,7,10,-4.94231427665264,low_read
6918,quadratic_programming,6,13,-4.94228579618792,low_read
9339,preference_reversal,5,10,-4.93972559582238,low_read
1959,field_experiment,35,36,3.84784150631959,high_read
2050,percent_in,25,35,3.82356345213943,high_read
711,percentage_points,63,76,3.54500221840957,high_read
3157,unique_data,25,25,3.53217749061925,high_read
3053,experiment_in,24,25,3.53217567911708,high_read
3100,percentage_point,21,25,3.53217567911697,high_read
753,by_percent,60,73,3.50874669437054,high_read
3304,states_we,23,24,3.49544360329714,high_read
3211,declines_in,19,24,3.49544360323042,high_read
3681,these_changes,22,22,3.41667116149778,high_read
1554,find_no,41,43,3.39581692411813,high_read
1627,test_scores,30,42,3.37417264028111,high_read
4092,the_1980s,20,20,3.32910951947265,high_read
3961,birth_weight,11,20,3.32909641675565,high_read
4343,social_capital,10,19,3.28108418286209,high_read
1135,estimators_of,48,54,-3.26931641766214,low_read
4514,health_outcomes,16,18,3.22762319993538,high_read
4708,using_unique,18,18,3.22762319993531,high_read
1289,matrix_of,43,49,-3.18623303007903,low_read
4907,living_in,12,17,3.17548715186946,high_read
4924,oecd_countries,15,17,3.17481041337518,high_read
5086,to_we,16,17,3.17481041337371,high_read
5007,students_in,15,17,3.17481041335575,high_read
4991,school_choice,11,17,3.17291591346241,high_read
291,the_asymptotic,104,138,-3.13371125117,low_read
5156,at_age,9,16,3.11649689763445,high_read
5220,experiment_we,15,16,3.11496285937514,high_read
5419,that_percent,16,16,3.11496262549927,high_read
5193,control_group,15,16,3.11496262549654,high_read
1481,where_is,41,45,-3.11348009183938,low_read
1473,the_estimators,35,45,-3.11289364977111,low_read
1467,simultaneous_equations,43,45,-3.1128936497711,low_read
5936,we_evaluate,15,15,3.05401342196372,high_read
5591,discrimination_in,14,15,3.05401342196355,high_read
5802,school_attendance,12,15,3.05401342196351,high_read
5609,experiment_that,14,15,3.05401342196343,high_read
2423,educational_attainment,22,30,3.05254971936699,high_read
5829,student_achievement,12,15,3.0519344238427,high_read
5721,of_cities,12,15,3.05193442384208,high_read
5566,class_size,7,15,3.05193440510717,high_read
1672,is_introduced,40,41,-3.03308773638659,low_read
1689,represented_by,39,41,-3.03238198532458,low_read
1810,the_finite,36,39,-2.98914784064004,low_read
2646,estimates_suggest,28,28,2.98640395168568,high_read
6285,price_increases,10,14,2.98617033962595,high_read
6444,trust_and,12,14,2.98617033962583,high_read
6300,real_estate,7,14,2.98617033962536,high_read
6079,empirical_model,14,14,2.9844843397145,high_read
6124,help_explain,14,14,2.98448433971434,high_read
6274,over_this,13,14,2.98448433971395,high_read
6114,from_percent,14,14,2.98448433971382,high_read
6324,small_firms,13,14,2.98448433144723,high_read
5951,age_of,13,14,2.98448433144681,high_read
6277,percent_to,13,14,2.98448433144672,high_read
6207,metropolitan_areas,14,14,2.98448433144597,high_read
1862,test_statistics,33,38,-2.96594243482541,low_read
1982,small_sample,32,36,-2.91805483326111,low_read
1217,we_document,49,52,2.91284747874606,high_read
6759,larger_for,13,13,2.91266196483196,high_read
6696,households_the,13,13,2.91266196483191,high_read
6880,performance_we,13,13,2.91266196483175,high_read
6678,gap_in,13,13,2.91266196483165,high_read
6497,air_quality,9,13,2.91260407868784,high_read
2969,randomly_assigned,23,26,2.91108781289914,high_read
6664,find_large,13,13,2.91094673890819,high_read
7070,to_free,12,13,2.91094673803045,high_read
6823,of_manufacturing,11,13,2.91094673803026,high_read
6690,have_implications,13,13,2.91094673803009,high_read
6938,schools_in,11,13,2.91094673802986,high_read
844,finite_sample,56,68,-2.86709833166024,low_read
2150,to_exist,32,34,-2.86650871462572,low_read
479,monte_carlo,92,101,-2.85825537602382,low_read
2195,of_nature,25,33,-2.83885678780012,low_read
2209,the_limiting,27,33,-2.8381050684772,low_read
2178,factor_prices,26,33,-2.83810506847716,low_read
7366,has_increased,12,12,2.83212632076745,high_read
7717,the_gender,10,12,2.83212632076714,high_read
7832,were_randomly,9,12,2.83212632076671,high_read
7818,use_their,11,12,2.8321263207665,high_read
7844,with_significant,11,12,2.8321263207665,high_read
7133,after_controlling,12,12,2.83212632076648,high_read
7506,no_significant,12,12,2.83212632076639,high_read
7820,using_model,12,12,2.83212632076629,high_read
7525,of_highly,12,12,2.8321263207659,high_read
3263,of_child,18,24,2.83060413688112,high_read
7756,third_party,8,12,2.8305745576384,high_read
7652,social_interactions,8,12,2.83057455763837,high_read
7394,in_california,10,12,2.83057455763804,high_read
7249,city_size,9,12,2.83057455763789,high_read
7529,of_law,8,12,2.83057455763775,high_read
7456,less_skilled,9,12,2.83056750096759,high_read
897,estimators_are,44,65,-2.82590355015491,low_read
914,covariance_matrix,48,64,-2.81186322107451,low_read
2283,sequential_equilibrium,19,32,-2.81095493197241,low_read
3524,women_in,21,23,2.78886438290276,high_read
3410,in_china,16,23,2.78886438288835,high_read
2378,squares_estimator,24,31,-2.77940423221835,low_read
2392,theorem_is,28,31,-2.77940423221834,low_read
982,the_limit,48,61,-2.76528493110177,low_read
2412,approximated_by,30,30,-2.75147134632458,low_read
2416,cobb_douglas,25,30,-2.74881650651562,low_read
8493,tax_evasion,5,11,2.74296422493374,high_read
8465,spending_is,7,11,2.74296422493369,high_read
8309,of_religious,7,11,2.74296422493368,high_read
8285,of_corruption,9,11,2.74296422493367,high_read
8332,optimal_pricing,9,11,2.74296422493353,high_read
1503,is_associated,43,44,2.74194385957993,high_read
3575,experiment_to,22,22,2.7419252158965,high_read
8392,productivity_gains,11,11,2.74090956938568,high_read
7939,average_price,8,11,2.74090956938541,high_read
8205,is_key,10,11,2.74090956938526,high_read
8220,large_negative,11,11,2.74090956938498,high_read
8534,the_experience,10,11,2.74090956938296,high_read
7933,assesses_the,11,11,2.74090956938295,high_read
8009,correlated_across,10,11,2.74090956938283,high_read
7877,an_opportunity,11,11,2.74090956938281,high_read
8128,gap_is,10,11,2.74090956938276,high_read
8262,new_estimates,9,11,2.7409095693826,high_read
8213,it_using,11,11,2.7409066848563,high_read
2504,approximation_to,25,29,-2.72006721710814,low_read
2537,identification_and,28,29,-2.72006549692141,low_read
2517,defined_by,29,29,-2.72006549692135,low_read
2564,parameters_in,26,29,-2.72006549692127,low_read
2533,given_for,27,29,-2.7196407308485,low_read
2240,countries_we,30,32,2.71023567082102,high_read
1600,estimate_that,40,42,2.69527916059109,high_read
3782,have_lower,18,21,2.69301028554188,high_read
2688,regression_models,28,28,-2.68773768327008,low_read
630,to_percent,72,83,2.68155171122428,high_read
2397,using_panel,30,31,2.67736047853567,high_read
2366,percent_increase,28,31,2.67736047853528,high_read
624,demand_functions,65,83,-2.67520464591743,low_read
1114,pareto_optimal,40,55,-2.66870267052839,low_read
1238,no_evidence,49,51,2.6651356376062,high_read
2738,analyzed_in,26,27,-2.65353427936842,low_read
2796,monetary_expansion,16,27,-2.65353380775037,low_read
2783,individually_rational,23,27,-2.65353351978361,low_read
2749,assumptions_on,25,27,-2.65171911258135,low_read
9604,took_place,10,10,2.64417696422838,high_read
9333,political_institutions,10,10,2.64301211566181,high_read
8772,are_randomly,10,10,2.6430121156618,high_read
9183,market_performance,8,10,2.64301211566179,high_read
8923,door_to,8,10,2.64301211566174,high_read
9252,of_legal,8,10,2.64301211566173,high_read
9450,standard_deviations,8,10,2.64301211566155,high_read
9308,paper_documents,10,10,2.64301211566139,high_read
9480,that_countries,9,10,2.64301211566126,high_read
8813,blacks_and,8,10,2.64301211566121,high_read
9485,that_political,9,10,2.64301211566084,high_read
9424,service_sector,6,10,2.64301211566069,high_read
9491,the_1950s,9,10,2.64301211565988,high_read
8757,and_whites,8,10,2.64301211565987,high_read
9610,transfers_to,9,10,2.64301211565983,high_read
9148,isolate_the,10,10,2.64301182321933,high_read
8989,federal_government,9,10,2.64301182321915,high_read
9554,this_increase,10,10,2.64301182321896,high_read
9467,tax_credit,10,10,2.64301182321891,high_read
8994,firms_use,10,10,2.64301182321889,high_read
9021,from_us,10,10,2.64301182321888,high_read
9004,for_sale,9,10,2.64301182321871,high_read
8925,during_periods,10,10,2.64301182321863,high_read
9088,in_laboratory,10,10,2.64301182321859,high_read
9413,school_and,9,10,2.64301182321857,high_read
9539,the_vote,10,10,2.64301182321855,high_read
9579,to_financial,10,10,2.64301182321848,high_read
9630,very_high,10,10,2.64301182321843,high_read
9015,from_large,10,10,2.64301182321829,high_read
9107,increases_by,10,10,2.64301182321824,high_read
9123,institutions_in,8,10,2.64219872812061,high_read
8844,career_concerns,7,10,2.6421987281205,high_read
2920,functions_in,25,26,-2.61838523037688,low_read
2917,for_general,26,26,-2.6183852303767,low_read
2952,of_conditional,23,26,-2.61624754848157,low_read
2990,the_preference,21,26,-2.61624754846771,low_read
2906,distribution_function,21,26,-2.61624738310474,low_read
2609,we_measure,28,29,2.60861976408485,high_read
482,social_choice,47,101,-2.59097528409147,low_read
4303,one_year,18,19,2.59029233946823,high_read
4376,this_pattern,19,19,2.58919573079193,high_read
4174,by_increasing,18,19,2.58919573079144,high_read
3051,expectations_equilibrium,21,25,-2.58144630086602,low_read
3158,unique_equilibrium,24,25,-2.58144630086597,low_read
3049,equilibrium_for,21,25,-2.58144630086597,low_read
3089,of_continuous,24,25,-2.58144630086594,low_read
3011,absolute_risk,20,25,-2.58144624219192,low_read
3071,incentive_compatibility,18,25,-2.58144624219052,low_read
3032,comparative_static,24,25,-2.57958426331568,low_read
3130,the_consistency,21,25,-2.5795842633123,low_read
1112,less_likely,51,55,2.55080270307241,high_read
1340,sample_size,45,48,-2.54312471254277,low_read
3292,property_of,24,24,-2.54296685437632,low_read
3320,the_normal,24,24,-2.54296685437568,low_read
3329,to_characterize,24,24,-2.54296685437557,low_read
3184,are_described,24,24,-2.54296685437554,low_read
1345,the_regression,41,48,-2.54117537994383,low_read
3314,the_covariance,19,24,-2.54104578352088,low_read
4492,estimates_indicate,18,18,2.53122160959116,high_read
2817,percent_for,20,27,2.53122160959109,high_read
2831,skilled_workers,19,27,2.53122160959103,high_read
4684,these_patterns,18,18,2.53122160959095,high_read
4645,study_how,18,18,2.53122160959062,high_read
4473,credit_card,9,18,2.53076682238964,high_read
4496,financial_crises,10,18,2.53076682238959,high_read
1383,single_equation,35,47,-2.52302420501639,low_read
1421,likelihood_estimator,41,46,-2.50258488826469,low_read
3373,conditions_which,22,23,-2.50075504529124,low_read
3466,regression_coefficients,18,23,-2.50075504529112,low_read
3516,variance_covariance,17,23,-2.50075504529104,low_read
3436,necessary_conditions,22,23,-2.50075504529101,low_read
3380,demand_equations,16,23,-2.500755045291,low_read
3404,higher_education,10,23,-2.49924904209587,low_read
2930,increased_by,23,26,2.49092384633237,high_read
2962,one_half,26,26,2.49092384633198,high_read
2945,natural_experiment,24,26,2.49092384633195,high_read
3009,well_being,19,26,2.49050538876262,high_read
1470,sufficient_condition,42,45,-2.48162614428021,low_read
569,of_substitution,69,90,-2.47994348419101,low_read
4963,percent_higher,17,17,2.46967415267847,high_read
4754,and_increased,17,17,2.46967415267834,high_read
5115,women_are,16,17,2.46967415267831,high_read
4737,administrative_data,16,17,2.46967415267818,high_read
4918,mortality_rates,13,17,2.46941580401959,high_read
5026,the_census,13,17,2.46941580401917,high_read
885,the_conditional,50,66,-2.46012363450665,low_read
3650,quantity_theory,12,22,-2.45937396940985,low_read
3674,the_lag,13,22,-2.45937396940984,low_read
1519,serial_correlation,32,44,-2.45838519381128,low_read
3668,the_dependent,21,22,-2.45838519381125,low_read
1635,the_program,28,42,2.45732908855988,high_read
3623,normal_distribution,19,22,-2.45696860883588,low_read
3552,condition_that,20,22,-2.45696860883587,low_read
3612,limiting_distribution,18,22,-2.45696860883587,low_read
3599,infinite_dimensional,18,22,-2.45696860883586,low_read
3636,optimal_consumption,15,22,-2.45696860883585,low_read
3628,of_economies,18,22,-2.45696860883583,low_read
3568,equilibria_with,22,22,-2.45696860883582,low_read
1548,common_knowledge,29,43,-2.43498654458808,low_read
3770,first_and,21,21,-2.41470622692413,low_read
3858,real_money,14,21,-2.41470622692403,low_read
3839,of_order,19,21,-2.414706226924,low_read
3834,of_games,19,21,-2.41470622692398,low_read
3899,this_condition,21,21,-2.41470622692398,low_read
3748,defined_on,19,21,-2.41470622595446,low_read
269,maximum_likelihood,123,147,-2.41381084304823,low_read
3823,normal_form,15,21,-2.41319268090608,low_read
3726,axiom_of,17,21,-2.41319268090597,low_read
3729,be_shown,20,21,-2.41240646343068,low_read
3882,the_formulation,21,21,-2.4124064612476,low_read
3728,be_represented,21,21,-2.41240646124758,low_read
453,first_order,90,104,-2.40613846449465,low_read
3311,the_1990s,22,24,2.40411877549674,high_read
5492,we_assess,15,16,2.40390175719329,high_read
5237,for_percent,15,16,2.40390175719325,high_read
5463,three_times,15,16,2.40390175719323,high_read
5355,over_percent,16,16,2.40390175719321,high_read
5460,theoretical_models,16,16,2.40390175719317,high_read
5381,reduced_the,15,16,2.40390175719309,high_read
5479,to_vote,14,16,2.40390175719288,high_read
5301,large_effects,16,16,2.40390175719266,high_read
5360,peer_effects,9,16,2.40376647129034,high_read
1656,choice_function,26,41,-2.39144411989948,low_read
1650,an_arbitrary,35,41,-2.38919816754468,low_read
971,estimator_of,48,61,-2.38258486717835,low_read
1741,the_coefficients,33,40,-2.36752056477296,low_read
1755,vector_of,34,40,-2.36752056477292,low_read
3986,estimators_in,20,20,-2.36752056429023,low_read
3939,an_asymptotic,20,20,-2.36752056429019,low_read
4043,of_nash,20,20,-2.36609010871124,low_read
4008,if_we,18,20,-2.36609010871123,low_read
3968,carlo_experiments,19,20,-2.36609010871119,low_read
4053,pair_of,18,20,-2.36609010835829,low_read
4105,the_strategy,15,20,-2.36609010835826,low_read
4011,in_economies,16,20,-2.36609010835817,low_read
1712,case_where,38,40,-2.36532911981209,low_read
1007,regression_model,57,60,-2.36532911981193,low_read
3980,dominant_strategy,15,20,-2.36495146056463,low_read
4036,nash_bargaining,10,20,-2.3649514605645,low_read
3369,causal_effect,22,23,2.35742506244536,high_read
1162,controlling_for,53,53,2.34418350687215,high_read
1451,health_insurance,28,45,2.3332623030641,high_read
5641,groups_we,15,15,2.33315536670855,high_read
5811,significant_effect,15,15,2.3331553667085,high_read
5662,in_school,13,15,2.33315536670836,high_read
5849,the_annual,14,15,2.33315536670821,high_read
5787,relative_wages,12,15,2.33315536670794,high_read
5645,home_production,11,15,2.33309127319817,high_read
5703,market_shares,11,15,2.33309127319816,high_read
5574,control_problems,8,15,2.33305292038006,high_read
166,percent_of,166,193,2.32363771916954,high_read
1840,incentive_compatible,32,38,-2.31619814785873,low_read
1866,the_factor,26,38,-2.31619814785861,low_read
4314,points_of,19,19,-2.3161981478584,low_read
4196,derived_in,19,19,-2.3161981478584,low_read
4269,is_therefore,18,19,-2.31514004168225,low_read
4162,asset_returns,17,19,-2.31514004168225,low_read
4274,likelihood_estimation,18,19,-2.31514004168225,low_read
4273,level_is,19,19,-2.31514004168223,low_read
4353,that_arise,19,19,-2.31514004168216,low_read
4337,satisfying_the,17,19,-2.31514004156714,low_read
4323,prove_the,18,19,-2.31514004156711,low_read
4321,proposed_for,19,19,-2.31514004156707,low_read
4202,economic_agents,18,19,-2.31514004156704,low_read
4229,fixed_point,13,19,-2.3143103375896,low_read
3614,market_outcomes,18,22,2.30834262537504,high_read
3565,effects_we,20,22,2.30834262537481,high_read
3601,instrument_for,22,22,2.30834262537465,high_read
3659,states_with,19,22,2.30834262537464,high_read
2560,one_third,27,29,2.29577210921242,high_read
2569,quantify_the,26,29,2.2957721092124,high_read
1891,formulation_of,36,37,-2.29141494259167,low_read
1902,of_alternatives,29,37,-2.28909095661853,low_read
1961,findings_suggest,36,36,2.28808575179964,high_read
4469,consumption_function,15,18,-2.26402719755499,low_read
1147,stage_least,40,54,-2.26319903117378,low_read
1949,consistent_and,33,36,-2.2631990311737,low_read
4443,are_introduced,17,18,-2.26222105713358,low_read
4506,general_case,17,18,-2.26222105713353,low_read
4425,also_given,18,18,-2.26146577374665,low_read
4558,moment_conditions,12,18,-2.26146577371354,low_read
4591,perfect_information,17,18,-2.26146577371354,low_read
4702,true_value,15,18,-2.2614657737135,low_read
4475,defined_in,14,18,-2.26146577371348,low_read
4662,the_errors,16,18,-2.26146577371346,low_read
4457,cases_where,17,18,-2.26146577371346,low_read
4504,functions_which,18,18,-2.26146577371344,low_read
4669,the_limited,17,18,-2.26146577371341,low_read
2037,new_data,34,35,2.25659665963096,high_read
2627,are_higher,28,28,2.25659665963094,high_read
3890,the_proportion,20,21,2.2565966596302,high_read
6448,two_thirds,14,14,2.25654987122224,high_read
6132,important_source,14,14,2.25654987122178,high_read
6309,right_to,14,14,2.25654987122175,high_read
3922,were_more,20,21,2.25654987122167,high_read
6435,to_substantial,14,14,2.25654987122166,high_read
6431,to_help,14,14,2.25654987122164,high_read
6056,data_show,14,14,2.2565498712216,high_read
6317,school_quality,11,14,2.25652308249616,high_read
6260,on_student,10,14,2.25652308249604,high_read
6484,within_firm,11,14,2.25652308249594,high_read
6128,how_they,13,14,2.25652308249581,high_read
141,the_set,156,212,-2.24512032318411,low_read
2044,of_factor,27,35,-2.23448152262139,low_read
131,least_squares,166,227,-2.23357524060659,low_read
1692,survey_data,40,41,2.22958433834417,high_read
1213,the_parameter,43,52,-2.22595748229704,low_read
4773,as_one,16,17,-2.20753235707603,low_read
4796,coincides_with,17,17,-2.20753235707602,low_read
4871,in_estimating,17,17,-2.20753235707602,low_read
4776,attempt_is,17,17,-2.20753235707598,low_read
5084,to_simple,16,17,-2.20753235707598,low_read
5030,the_criterion,14,17,-2.20644032888453,low_read
4855,futures_market,11,17,-2.20644032888448,low_read
5032,the_discrete,15,17,-2.20644032888446,low_read
4802,consistent_estimator,13,17,-2.2064403288844,low_read
2130,perfect_foresight,30,34,-2.20513711435796,low_read
2092,consistency_of,25,34,-2.20513711435795,low_read
2136,sample_properties,30,34,-2.20513711435794,low_read
4945,of_unknown,16,17,-2.20462014849158,low_read
4938,of_parameter,17,17,-2.20462014849155,low_read
4873,in_finite,17,17,-2.20462014849155,low_read
4834,estimator_in,17,17,-2.20462014849153,low_read
4979,provided_for,17,17,-2.20462014849153,low_read
5047,the_nonlinear,16,17,-2.20462014849153,low_read
4829,equilibria_for,17,17,-2.20462014849151,low_read
4872,in_factor,14,17,-2.20462014849149,low_read
4861,has_unique,16,17,-2.20462014849148,low_read
5015,tests_based,16,17,-2.20462014848815,low_read
3947,and_firm,16,20,2.20169676341966,high_read
3991,explains_why,20,20,2.20169676341936,high_read
1031,we_test,59,59,2.18289123922771,high_read
2961,of_women,25,26,2.17305551109008,high_read
2923,higher_in,26,26,2.17302459444403,high_read
7028,the_regulation,12,13,2.17302380809686,high_read
7059,three_years,13,13,2.17302380809662,high_read
6669,for_health,12,13,2.1730070041418,high_read
6917,public_policies,10,13,2.1729974628599,high_read
6604,country_differences,11,13,2.17299746285976,high_read
6919,random_assignment,11,13,2.17299746285975,high_read
6540,are_substantially,13,13,2.17299746285974,high_read
7086,treatment_and,13,13,2.17299746285974,high_read
6732,intellectual_property,10,13,2.17299746285964,high_read
7027,the_reform,11,13,2.17299746285959,high_read
6614,decreases_with,12,13,2.17299746285954,high_read
6924,regulation_is,12,13,2.17299746285952,high_read
6809,of_college,11,13,2.17299746285937,high_read
6845,one_quarter,11,13,2.17299746285934,high_read
6773,market_size,11,13,2.17299746285907,high_read
6575,children_we,12,13,2.17299229646556,high_read
6931,reveal_that,13,13,2.17299229646552,high_read
6789,more_effective,13,13,2.17299229646551,high_read
6656,evidence_supports,13,13,2.17299229646545,high_read
7085,transfers_and,13,13,2.1729922964652,high_read
6603,countries_over,13,13,2.17299229646507,high_read
7125,workers_we,13,13,2.17299229646497,high_read
1474,the_great,41,45,2.16044934013653,high_read
2306,unemployment_insurance,22,32,2.1553549073116,high_read
5429,the_desired,14,16,-2.14692969027782,low_read
5487,variables_as,16,16,-2.14692969027766,low_read
2235,choice_functions,21,32,-2.14692969027758,low_read
5299,lagrange_multiplier,16,16,-2.14692969027755,low_read
5123,an_appropriate,16,16,-2.14692969027755,low_read
5345,on_and,15,16,-2.14608081928006,low_read
5425,the_characterization,15,16,-2.14595373730967,low_read
5459,theorem_on,15,16,-2.1459537373093,low_read
5466,time_horizon,13,16,-2.14532008112573,low_read
5246,generalized_to,16,16,-2.14532008112573,low_read
5380,real_variables,13,16,-2.14532008112573,low_read
5186,conditions_is,14,16,-2.14532008112569,low_read
5398,sets_are,15,16,-2.14531997497653,low_read
5388,returns_the,15,16,-2.14531997497652,low_read
5373,process_that,16,16,-2.14531997497651,low_read
5125,an_intertemporal,15,16,-2.14531997497651,low_read
5374,process_with,16,16,-2.1453199749764,low_read
1343,the_error,40,48,-2.14487618118802,low_read
2289,that_no,32,32,-2.14442285111886,low_read
2225,and_estimation,31,32,-2.14442285111883,low_read
5185,conclusion_that,16,16,-2.14442285111792,low_read
5164,be_relatively,14,16,-2.14408627334599,low_read
5211,equation_system,14,16,-2.14408627334597,low_read
5187,conditions_we,16,16,-2.14408627334596,low_read
5486,variable_and,15,16,-2.14408627334595,low_read
5264,in_econometrics,16,16,-2.14408627334594,low_read
5375,processes_in,16,16,-2.14408627334593,low_read
5216,expectation_of,15,16,-2.14408627334585,low_read
5239,form_is,14,16,-2.1438367161707,low_read
4225,find_little,19,19,2.14341114994161,high_read
4197,desire_to,18,19,2.1434111499412,high_read
4173,by_exploiting,19,19,2.14341114994109,high_read
4228,firms_we,18,19,2.14339672353206,high_read
4311,performance_in,19,19,2.14339672353187,high_read
4236,for_women,18,19,2.1433967235318,high_read
4356,the_1930s,16,19,2.14338448313953,high_read
939,null_hypothesis,57,63,-2.12913505989367,low_read
942,the_core,49,63,-2.12869779759149,low_read
1386,test_is,39,47,-2.12339245666004,low_read
1389,the_estimator,37,47,-2.12339245665999,low_read
679,estimator_is,66,78,-2.12013459342161,low_read
2365,participation_in,27,31,2.11900674941755,high_read
2368,proposed_by,29,31,-2.1150901589732,low_read
2352,limited_information,28,31,-2.1150901589731,low_read
2323,asymptotic_properties,31,31,-2.11426022213456,low_read
2357,nash_equilibria,27,31,-2.11353425875012,low_read
959,of_linear,55,62,-2.1131064146848,low_read
1889,find_strong,37,37,2.11284387064571,high_read
2372,restrictions_are,29,31,-2.11268411472475,low_read
1427,production_functions,38,46,-2.10184305851124,low_read
289,more_likely,124,138,2.0813254678471,high_read
618,on_average,80,84,2.08124685563045,high_read
1960,find_evidence,36,36,2.08118608231276,high_read
4730,years_after,17,18,2.0811756003924,high_read
4491,estimates_imply,18,18,2.08117560039213,high_read
4724,with_less,18,18,2.08117560039206,high_read
4576,of_taxes,17,18,2.08117560039169,high_read
4690,to_firms,18,18,2.08117560039168,high_read
4631,set_on,17,18,2.08117560039124,high_read
3227,great_depression,22,24,2.0811756003912,high_read
7668,strongly_to,12,12,2.08117026262362,high_read
7164,analyze_how,12,12,2.08117026262341,high_read
4554,medical_care,12,18,2.0811702626232,high_read
7568,paper_empirically,12,12,2.08117026262307,high_read
7795,to_public,12,12,2.08117026262301,high_read
7312,enforcement_in,12,12,2.08117026262298,high_read
7847,with_substantial,12,12,2.08117026262295,high_read
7765,this_view,12,12,2.08117026262268,high_read
7636,selection_bias,10,12,2.08117026262264,high_read
3236,investigate_whether,23,24,2.0811675932162,high_read
2485,this_period,26,30,2.08116759321556,high_read
4701,trade_liberalization,14,18,2.08116759321501,high_read
4522,in_health,14,18,2.0811675932148,high_read
7673,substantially_higher,11,12,2.08116759321479,high_read
7794,to_percentage,12,12,2.08116759321436,high_read
7618,rates_we,12,12,2.08116759321428,high_read
7757,thirds_of,12,12,2.08116759321427,high_read
7264,contributed_to,12,12,2.08116759321419,high_read
4566,of_electoral,16,18,2.08116619429003,high_read
7501,national_saving,7,12,2.08116619428976,high_read
7791,to_less,12,12,2.08116619428969,high_read
7416,income_households,7,12,2.08116619428928,high_read
7392,imported_inputs,8,12,2.08116619428926,high_read
7266,cooperation_and,10,12,2.08116548583729,high_read
7301,efficiency_gains,11,12,2.08116548583658,high_read
7454,least_percent,10,12,2.0811654858364,high_read
7500,mutual_fund,10,12,2.08116548583638,high_read
7700,the_1920s,11,12,2.08116513879,high_read
7526,of_immigrants,9,12,2.08116513878992,high_read
7340,firm_performance,8,12,2.08116513878966,high_read
7252,cognitive_ability,6,12,2.08116512776848,high_read
7140,air_pollution,8,12,2.08116495266792,high_read
2467,repeated_games,26,30,-2.08114402215287,low_read
5664,in_very,14,15,-2.08114402215264,low_read
2428,finite_number,25,30,-2.08055297960913,low_read
5885,the_quasi,13,15,-2.08048036118878,low_read
5800,sample_distribution,13,15,-2.08048036118878,low_read
5832,substitution_and,14,15,-2.08048036118877,low_read
5920,two_agents,15,15,-2.08048036118876,low_read
5863,the_feasible,12,15,-2.08048036118876,low_read
5753,optimal_and,15,15,-2.08048036118876,low_read
5817,slope_of,13,15,-2.08048036118874,low_read
5637,games_is,15,15,-2.08048036118874,low_read
5825,stochastic_processes,15,15,-2.08048036118871,low_read
5508,an_expected,13,15,-2.08048036118867,low_read
5710,more_accurate,14,15,-2.08004958110517,low_read
5503,adjustment_process,12,15,-2.08004958110515,low_read
5874,the_mathematical,14,15,-2.08004954333868,low_read
5564,choice_models,13,15,-2.08004954333867,low_read
5858,the_conclusions,14,15,-2.08004954333866,low_read
5561,character_of,15,15,-2.08004954333866,low_read
5822,statistic_is,13,15,-2.08004954333859,low_read
5794,results_obtained,15,15,-2.08004954333859,low_read
5531,are_sufficient,15,15,-2.08004954333857,low_read
5635,function_with,15,15,-2.08004954333857,low_read
5598,equation_for,13,15,-2.08004954333856,low_read
5599,equations_the,14,15,-2.08004954333856,low_read
5720,of_anticipated,14,15,-2.08004954333853,low_read
5702,market_operations,9,15,-2.07999714082569,low_read
997,games_with,52,60,-2.07975032160288,low_read
5782,random_utility,11,15,-2.07968352950353,low_read
2476,the_continuous,25,30,-2.07946582616045,low_read
2420,derived_and,28,30,-2.07946582616039,low_read
5945,with_regard,13,15,-2.07925954200012,low_read
5744,of_testing,15,15,-2.07925954200011,low_read
5893,the_series,12,15,-2.07925954200002,low_read
5619,finite_set,14,15,-2.079259542,low_read
5543,assumptions_the,15,15,-2.07925954199998,low_read
5677,is_devoted,15,15,-2.07925954199998,low_read
5652,in_applications,15,15,-2.07925954199998,low_read
5820,state_contingent,14,15,-2.07911016909466,low_read
5789,representations_of,14,15,-2.07911016909465,low_read
5806,sets_and,12,15,-2.07911016909463,low_read
5628,form_games,14,15,-2.07911016909462,low_read
5770,preference_orderings,13,15,-2.07911016909457,low_read
5718,of_ambiguity,10,15,-2.07900215589862,low_read
580,the_concept,73,88,-2.05945166153127,low_read
2540,is_asymptotically,27,29,-2.0468582817924,low_read
2555,of_stochastic,26,29,-2.04581739606099,low_read
2535,higher_order,24,29,-2.04581739606098,low_read
2515,convergence_of,26,29,-2.04581739606086,low_read
585,characterization_of,82,87,-2.0455346990494,low_read
2525,estimator_for,27,29,-2.04508939522628,low_read
1572,subgame_perfect,28,43,-2.03339780795572,low_read
1413,firms_that,38,46,2.03161067662266,high_read
3393,exogenous_variation,23,23,2.03160973865906,high_read
3385,document_that,21,23,2.03160973865869,high_read
1056,demand_function,43,57,-2.02766938357201,low_read
926,also_find,62,63,2.02697221798821,high_read
809,the_class,64,71,-2.02648886729426,low_read
2102,finds_that,33,34,2.0144878700819,high_read
5116,years_in,17,17,2.01448786063535,high_read
5005,state_level,17,17,2.01448786063534,high_read
4761,and_women,17,17,2.01448786063511,high_read
4850,for_men,16,17,2.01448786063511,high_read
4962,pay_and,16,17,2.01448767678189,high_read
4986,regulation_of,13,17,2.01448758405178,high_read
4934,of_insurance,14,17,2.01448758405137,high_read
1592,case_in,38,42,-2.01119349199365,low_read
2690,representation_of,28,28,-2.01059391410965,low_read
168,evidence_that,181,192,2.010531143614,high_read
2652,generalized_method,28,28,-2.01020664389203,low_read
6086,equilibrium_concept,13,14,-2.01016853065221,low_read
6383,the_light,14,14,-2.01016853065216,low_read
6029,by_simple,14,14,-2.01016853065212,low_read
6084,equation_and,14,14,-2.01016853065212,low_read
6457,very_simple,13,14,-2.0101685306521,low_read
6012,be_taken,14,14,-2.01016853065207,low_read
6340,system_with,14,14,-2.01016853065205,low_read
2638,consumption_goods,14,28,-2.01016853065195,low_read
6099,follows_that,14,14,-2.00989388764205,low_read
5975,and_generalized,13,14,-2.00986710873102,low_read
6087,equilibrium_outcomes,11,14,-2.00986710873098,low_read
5971,and_any,13,14,-2.00986710873094,low_read
6071,domain_of,13,14,-2.0096725750367,low_read
6442,transformations_of,11,14,-2.00967257503669,low_read
6323,simple_two,14,14,-2.00967257503669,low_read
6249,of_temporary,13,14,-2.00967257503669,low_read
6361,the_agents',12,14,-2.00967257503664,low_read
6057,decision_problem,10,14,-2.00951616874802,low_read
2649,functions_that,26,28,-2.00942208582682,low_read
2637,concepts_of,26,28,-2.00942208582673,low_read
2656,in_linear,26,28,-2.00942208582672,low_read
6342,taken_as,14,14,-2.0094220858267,low_read
2677,of_parameters,25,28,-2.00942208582661,low_read
6083,equal_the,13,14,-2.00933935214836,low_read
6034,case_is,14,14,-2.00933935214831,low_read
6145,in_stochastic,14,14,-2.00933935214831,low_read
5963,an_endogenous,14,14,-2.00933935214831,low_read
6240,of_imperfect,13,14,-2.0093393521483,low_read
6381,the_keynesian,12,14,-2.0093393521483,low_read
6454,variables_of,12,14,-2.00933935214829,low_read
5999,are_pareto,14,14,-2.00933935214829,low_read
6425,time_model,12,14,-2.00933935214828,low_read
6075,economic_time,12,14,-2.00933935214828,low_read
6211,models_where,12,14,-2.00933935214828,low_read
6244,of_partial,11,14,-2.00933935214828,low_read
6480,with_single,13,14,-2.00933935214828,low_read
6238,of_econometric,14,14,-2.00933935214827,low_read
6182,lies_in,14,14,-2.00933935214826,low_read
6417,these_methods,13,14,-2.00933935214826,low_read
6169,is_fixed,14,14,-2.00933935214826,low_read
6402,the_semiparametric,14,14,-2.00933935214825,low_read
5991,are_briefly,14,14,-2.00933935214825,low_read
6103,for_finite,14,14,-2.00933935214824,low_read
6349,testing_of,14,14,-2.00933935214822,low_read
6289,production_possibility,6,14,-2.00928113105038,low_read
6093,expectations_equilibria,12,14,-2.00928113105032,low_read
6298,random_effects,9,14,-2.00928113105031,low_read
976,level_data,59,61,1.98901112910361,high_read
1705,the_stochastic,39,41,-1.98601997246639,low_read
1662,estimation_procedure,35,41,-1.98601997246637,low_read
1657,condition_is,38,41,-1.98601997246631,low_read
1654,be_interpreted,40,41,-1.98502029148142,low_read
1538,we_exploit,44,44,1.97927624815561,high_read
1532,those_with,38,44,1.97927564661601,high_read
8521,the_changing,10,11,1.97927523301249,high_read
8270,not_find,11,11,1.97927523301248,high_read
8022,decrease_the,11,11,1.97927523301246,high_read
8062,estimates_to,11,11,1.97927523301244,high_read
8660,we_explain,11,11,1.97927523301243,high_read
8040,earnings_in,10,11,1.97927523301231,high_read
7882,analyze_this,11,11,1.9792752330123,high_read
7928,areas_with,11,11,1.9792752330123,high_read
8340,our_sample,11,11,1.97927523301226,high_read
8499,ten_years,11,11,1.97927523301226,high_read
8366,positions_in,10,11,1.97927523301225,high_read
8083,exploiting_the,11,11,1.97927523301223,high_read
8612,to_isolate,11,11,1.97927523301219,high_read
8138,has_significant,11,11,1.97927523301219,high_read
8255,more_profitable,10,11,1.97927523301216,high_read
8141,have_led,11,11,1.97927523301216,high_read
8045,effect_for,10,11,1.97927523301213,high_read
8221,last_years,11,11,1.97927523301211,high_read
8446,scarcity_of,10,11,1.97927523301209,high_read
8528,the_dramatic,11,11,1.97927523301209,high_read
8174,in_policy,10,11,1.97927523301209,high_read
8453,serves_as,11,11,1.97927523301204,high_read
8603,to_credit,10,11,1.97927523301202,high_read
8168,in_family,9,11,1.97927523301201,high_read
8348,paper_finds,11,11,1.979275233012,high_read
7985,children_to,11,11,1.97927523301196,high_read
8256,more_responsive,11,11,1.97927523301195,high_read
8618,to_receive,11,11,1.97927523301194,high_read
8404,race_and,9,11,1.97927523301191,high_read
8429,rents_and,10,11,1.97927523301183,high_read
8537,the_field,10,11,1.97927523301181,high_read
8341,our_study,11,11,1.97927523301136,high_read
8533,the_european,11,11,1.9792752330111,high_read
8010,cost_benefit,8,11,1.97927517152521,high_read
7888,and_destruction,9,11,1.9792751715246,high_read
7989,climate_change,8,11,1.97927517152387,high_read
8448,sealed_bid,7,11,1.97927517152363,high_read
8685,work_hours,8,11,1.97927514347612,high_read
8261,net_benefits,9,11,1.97927514347608,high_read
8165,in_cities,9,11,1.97927514347588,high_read
8113,foreign_investment,6,11,1.97927514289573,high_read
2844,the_exogenous,23,27,-1.97307769039409,low_read
2780,given_by,27,27,-1.97282271281916,low_read
2777,full_employment,20,27,-1.97282271281913,low_read
2860,three_stage,17,27,-1.97280059656179,low_read
2778,game_is,26,27,-1.97232783240676,low_read
1132,develop_model,54,54,1.9574956513696,high_read
2774,for_those,23,27,1.95749492635824,high_read
537,continuous_time,63,93,-1.95614394102185,low_read
2299,the_top,30,32,1.94268881867647,high_read
2252,have_higher,30,32,1.94268881867606,high_read
5490,wages_for,15,16,1.94268872901147,high_read
5188,consumer_welfare,16,16,1.9426887290113,high_read
5137,and_job,13,16,1.94268872901129,high_read
5349,on_productivity,16,16,1.94268872901129,high_read
5366,predict_that,16,16,1.94268872901066,high_read
5353,outcomes_we,16,16,1.94268868912892,high_read
1785,moments_of,35,39,-1.93437911536382,low_read
1768,assumed_that,36,39,-1.93414386406876,low_read
2951,of_complete,25,26,-1.93412586570998,low_read
6628,distribution_with,13,13,-1.93395199097758,low_read
6801,objectives_of,11,13,-1.93395199097754,low_read
6591,considered_as,13,13,-1.93395199097753,low_read
6908,processes_of,13,13,-1.93395199097751,low_read
6549,at_every,12,13,-1.93395199097745,low_read
7010,the_elements,12,13,-1.93384108435406,low_read
6848,optimal_allocations,10,13,-1.93383275992251,low_read
6646,equation_models,12,13,-1.93383275992241,low_read
6962,spot_price,8,13,-1.9338327599224,low_read
1199,is_defined,48,52,-1.93376682500641,low_read
1195,functions_and,46,52,-1.93376682500641,low_read
1200,likelihood_ratio,44,52,-1.93376682500639,low_read
6835,of_sequential,11,13,-1.9337567498591,low_read
6903,prior_information,10,13,-1.93375674985899,low_read
1775,exchange_economy,36,39,-1.93370589198818,low_read
6872,parameters_which,13,13,-1.93366430371935,low_read
6788,money_the,13,13,-1.93366430371933,low_read
6679,generalizing_the,13,13,-1.93366430371932,low_read
7075,to_point,13,13,-1.93366430371929,low_read
6589,conditional_expectation,12,13,-1.93366430371929,low_read
2897,capital_labor,18,26,-1.93366429714343,low_read
2992,the_reduced,21,26,-1.93366429714342,low_read
2902,complete_information,24,26,-1.93366429714339,low_read
2954,of_effective,15,26,-1.93366429714337,low_read
6869,paper_will,12,13,-1.93366429714335,low_read
2911,estimators_and,24,26,-1.93366429714334,low_read
2973,relative_risk,22,26,-1.93366429714332,low_read
7114,which_will,13,13,-1.93366429714303,low_read
6939,section_and,11,13,-1.93363594082653,low_read
6636,economy_are,13,13,-1.93363594082649,low_read
6763,limit_of,12,13,-1.93363594082649,low_read
6671,for_linear,13,13,-1.93363594082647,low_read
6547,asserts_that,11,13,-1.93363594082642,low_read
7071,to_guarantee,12,13,-1.93363594082642,low_read
6726,indirect_utility,10,13,-1.93363594082641,low_read
6746,is_satisfied,12,13,-1.9336359408264,low_read
6806,of_bonds,10,13,-1.9336359408264,low_read
6875,payoff_functions,10,13,-1.93363594082639,low_read
6795,normal_and,11,13,-1.93363594082636,low_read
6928,require_that,12,13,-1.93363594082635,low_read
7011,the_equilibria,11,13,-1.93363594082635,low_read
6994,the_action,10,13,-1.93363594082626,low_read
6588,conditional_distribution,10,13,-1.93363593649324,low_read
6819,of_instrumental,13,13,-1.93363593649323,low_read
7092,used_the,13,13,-1.9336359364932,low_read
7112,which_includes,13,13,-1.93363593649316,low_read
6619,deposits_and,9,13,-1.93363593649315,low_read
6520,and_optimal,13,13,-1.93363593649311,low_read
6683,government_bonds,10,13,-1.93363593649311,low_read
6950,shown_how,12,13,-1.9336359364931,low_read
6818,of_identification,12,13,-1.9336359364931,low_read
6779,may_fail,13,13,-1.93363593649309,low_read
6590,conform_to,12,13,-1.93363593649309,low_read
6701,identified_by,12,13,-1.93363593649309,low_read
6583,computation_of,12,13,-1.93363593649307,low_read
7005,the_computation,13,13,-1.93363593649307,low_read
6645,equation_in,13,13,-1.93363593649306,low_read
6503,ambiguity_aversion,9,13,-1.93361662793874,low_read
6997,the_algorithm,7,13,-1.93361662793851,low_read
1910,percent_and,31,37,1.93196841874379,high_read
1377,of_percent,44,47,1.9174820410905,high_read
1230,function_for,45,51,-1.91380508604103,low_read
2928,in_state,23,26,1.91235848996475,high_read
2879,and_increases,26,26,1.91235848996466,high_read
2977,size_distribution,22,26,1.91235842552927,high_read
2998,this_prediction,25,26,1.91235842552906,high_read
1060,high_school,37,57,1.90814579824824,high_read
1829,derived_for,36,38,-1.90699660014864,low_read
3160,variables_is,25,25,-1.89355147262716,low_read
3122,test_statistic,21,25,-1.89355147262688,low_read
3090,of_discrete,24,25,-1.89330263149043,low_read
3139,the_property,22,25,-1.89330263149041,low_read
3120,technical_progress,18,25,-1.89327952674462,low_read
3106,random_variables,19,25,-1.89327952674459,low_read
963,the_classical,58,62,-1.88509000425281,low_read
955,economies_with,51,62,-1.88504046139151,low_read
967,to_zero,56,62,-1.88504045608188,low_read
751,the_maximum,66,74,-1.87951485399345,low_read
1903,of_certain,35,37,-1.87946649587512,low_read
1920,space_of,33,37,-1.87943422963048,low_read
595,data_set,83,86,1.87914333004921,high_read
360,utility_function,98,123,-1.87671426453497,low_read
303,using_data,135,135,1.86495145088332,high_read
4097,the_link,20,20,1.86495062418429,high_read
4079,returns_are,20,20,1.86495062418412,high_read
2442,micro_data,28,30,1.86495062418395,high_read
3017,and_financial,23,25,1.8649506241838,high_read
5886,the_rapid,15,15,1.86495060826917,high_read
5579,countries_this,15,15,1.86495060826901,high_read
9135,is_evidence,10,10,1.86495060826896,high_read
5756,our_data,15,15,1.86495060826889,high_read
5830,substantially_more,14,15,1.86495060826875,high_read
5739,of_selection,13,15,1.86495060826865,high_read
9432,significant_fraction,10,10,1.86495060826861,high_read
5617,find_significant,15,15,1.86495060826858,high_read
5749,on_firm,14,15,1.86495060826858,high_read
5690,laboratory_experiment,15,15,1.86495060826855,high_read
5810,significant_and,15,15,1.86495060826841,high_read
9548,these_empirical,10,10,1.8649506082682,high_read
8993,financial_and,10,10,1.86495060155245,high_read
9200,more_sensitive,10,10,1.86495060155243,high_read
9594,to_punish,9,10,1.86495060155242,high_read
9372,public_school,9,10,1.86495060155241,high_read
9489,that_students,9,10,1.86495060155238,high_read
9043,has_become,10,10,1.86495060155237,high_read
8946,end_up,10,10,1.86495060155235,high_read
9052,have_strong,10,10,1.86495060155234,high_read
9239,of_french,8,10,1.86495060155233,high_read
9113,industry_structure,10,10,1.86495060155231,high_read
8981,export_prices,7,10,1.8649506015523,high_read
9312,pattern_is,10,10,1.86495060155229,high_read
9327,points_for,10,10,1.86495060155228,high_read
9463,surveys_of,10,10,1.86495060155227,high_read
9306,over_year,10,10,1.86495060155225,high_read
9134,is_correlated,10,10,1.86495060155222,high_read
9459,sub_saharan,9,10,1.86495060155221,high_read
9567,times_more,10,10,1.8649506015522,high_read
9280,on_ex,7,10,1.86495060155219,high_read
9438,social_networks,8,10,1.86495060155214,high_read
9269,of_reputation,8,10,1.8649506015521,high_read
8830,by_raising,10,10,1.8649506015521,high_read
9363,productivity_by,10,10,1.8649506015521,high_read
9490,that_workers,10,10,1.86495060155206,high_read
9152,its_impact,10,10,1.86495060155198,high_read
9246,of_institutions,8,10,1.86495060155198,high_read
9019,from_through,9,10,1.86495060155197,high_read
9602,to_when,9,10,1.86495060155195,high_read
9632,vote_for,9,10,1.8649506015519,high_read
9642,what_determines,10,10,1.8649506015519,high_read
8726,and_average,9,10,1.86495060155189,high_read
9101,incentives_we,10,10,1.86495060155187,high_read
9635,wage_differential,8,10,1.86495060155183,high_read
9525,the_perspective,10,10,1.86495060155178,high_read
8852,child_mortality,7,10,1.8649506015516,high_read
9171,lorenz_curve,6,10,1.86495059872394,high_read
9354,private_insurance,6,10,1.86495059872372,high_read
9234,of_ethnic,5,10,1.86495059872367,high_read
8956,equity_value,5,10,1.86495059872348,high_read
8812,billion_in,10,10,1.86495059755008,high_read
9407,risk_we,10,10,1.86495059754989,high_read
3188,assumptions_are,22,24,-1.8511605163472,low_read
7350,for_estimation,11,12,-1.85110053638242,low_read
7654,some_other,12,12,-1.85110053638236,low_read
7294,douglas_production,12,12,-1.85110053638235,low_read
7655,space_the,12,12,-1.85110053638231,low_read
991,case_the,55,60,-1.85106679726634,low_read
7835,when_is,12,12,-1.85106304102303,low_read
1316,an_infinite,43,48,-1.85103868576619,low_read
1968,is_obtained,36,36,-1.85103868576615,low_read
1992,theory_for,34,36,-1.8510386857661,low_read
7656,specification_error,9,12,-1.85103623382071,low_read
7422,index_number,6,12,-1.85103487458799,low_read
3225,function_in,24,24,-1.85102019223148,low_read
3193,be_derived,22,24,-1.85102019223147,low_read
3264,of_estimation,23,24,-1.85102019223144,low_read
3321,the_optimum,22,24,-1.85102019223144,low_read
7251,coefficients_are,12,12,-1.85100804448817,low_read
7639,sense_and,11,12,-1.85100804448809,low_read
7412,in_system,12,12,-1.85100804448808,low_read
7161,an_interesting,12,12,-1.85100804362426,low_read
3284,phillips_curve,17,24,-1.85100804362423,low_read
7703,the_analytical,12,12,-1.85100804362417,low_read
7279,describing_the,12,12,-1.85100804362416,low_read
7726,the_necessary,12,12,-1.85100804362413,low_read
7190,approach_the,12,12,-1.85100804362412,low_read
7729,the_practical,12,12,-1.85100804362412,low_read
7338,fairly_general,12,12,-1.8510080436241,low_read
7214,be_given,12,12,-1.8510080436241,low_read
7486,methods_and,12,12,-1.85100804362409,low_read
7771,time_it,12,12,-1.85100804362409,low_read
7691,that_by,12,12,-1.85100804362408,low_read
7755,these_studies,10,12,-1.85100804362402,low_read
7583,precisely_the,12,12,-1.85100804362401,low_read
7676,suggested_and,11,12,-1.85100007568679,low_read
7559,order_conditions,10,12,-1.85100007514162,low_read
7554,one_with,9,12,-1.85100007514159,low_read
7723,the_macroeconomic,11,12,-1.85100007514154,low_read
7172,and_linear,12,12,-1.85100007514152,low_read
7812,under_an,12,12,-1.85100007514152,low_read
7378,hold_in,11,12,-1.85100007514151,low_read
7244,characterized_in,12,12,-1.85100007514151,low_read
7265,convex_and,11,12,-1.85100007514151,low_read
7746,then_there,12,12,-1.8510000751415,low_read
7702,the_aggregation,10,12,-1.85100007514149,low_read
7146,also_that,11,12,-1.85100007514149,low_read
7188,ante_and,10,12,-1.85100007514149,low_read
7154,an_assumption,10,12,-1.85100007514149,low_read
7564,outcome_and,12,12,-1.85100007514148,low_read
7793,to_long,11,12,-1.85100007514148,low_read
7151,an_action,9,12,-1.85100007514148,low_read
7261,constant_absolute,11,12,-1.85100007514146,low_read
7821,utilized_to,11,12,-1.85100007514146,low_read
7320,error_of,11,12,-1.85100007514146,low_read
7549,one_dimensional,11,12,-1.85100007514146,low_read
7130,accuracy_of,10,12,-1.85100007514145,low_read
7432,investment_decision,11,12,-1.85100007514145,low_read
7800,to_stochastic,11,12,-1.85100007514145,low_read
7480,markov_chain,12,12,-1.85100007514145,low_read
7436,is_either,12,12,-1.85100007514145,low_read
7816,uniqueness_and,12,12,-1.85100007514144,low_read
7420,independence_axiom,11,12,-1.85100007514143,low_read
7539,of_stability,12,12,-1.85100007514143,low_read
7606,properties_and,12,12,-1.85100007514142,low_read
7557,optimal_contracts,11,12,-1.85100007514142,low_read
7808,two_players,12,12,-1.85100007514139,low_read
7553,one_way,8,12,-1.85099485673923,low_read
7706,the_conjecture,7,12,-1.8509948567392,low_read
7520,of_causality,6,12,-1.85099485673918,low_read
842,are_less,64,68,1.82956997661635,high_read
2605,to_sell,27,29,1.82354245415173,high_read
2572,responsive_to,29,29,1.82354244882921,high_read
2573,risk_of,28,29,1.82354244882884,high_read
15,we_find,740,831,1.82309867495575,high_read
2073,this_class,30,35,-1.82170415584202,low_read
2065,the_generalized,33,35,-1.82170415584201,low_read
2066,the_identification,29,35,-1.82170415584197,low_read
1049,variables_and,56,58,-1.81574035398499,low_read
3170,across_firms,19,24,1.81503904957849,high_read
1411,excess_demand,32,46,-1.80667247260142,low_read
3391,estimators_for,21,23,-1.80667247260129,low_read
3464,ratio_test,21,23,-1.80667247260121,low_read
3362,be_regarded,22,23,-1.80667247260115,low_read
3500,the_static,20,23,-1.80667247260114,low_read
3374,constant_returns,23,23,-1.80667247260088,low_read
3475,stochastic_process,22,23,-1.80667247260084,low_read
3471,run_equilibrium,21,23,-1.80667247260073,low_read
3419,information_structure,19,23,-1.80666646960325,low_read
3361,average_cost,15,23,-1.80666646960325,low_read
3467,representative_agent,20,23,-1.80666646960319,low_read
3449,perfect_equilibria,18,23,-1.80666646960318,low_read
3493,the_explanatory,19,23,-1.80666646960317,low_read
4352,than_percent,18,19,1.80213924023451,high_read
4286,of_advertising,16,19,1.80213924023444,high_read
4319,price_index,18,19,1.80213923868677,high_read
4247,have_large,19,19,1.80213923868676,high_read
4270,large_firms,19,19,1.80213923868667,high_read
4221,explain_this,19,19,1.80213923868665,high_read
21,find_that,661,721,1.80044614971222,high_read
1205,our_estimates,48,52,1.79621720958735,high_read
1206,our_findings,52,52,1.79621720958668,high_read
2183,in_high,32,33,1.79281653257809,high_read
843,competitive_equilibrium,61,68,-1.79140629403302,low_read
2091,confidence_intervals,23,34,-1.79139778159666,low_read
1397,we_compare,47,47,1.78906166949536,high_read
1446,balance_of,27,45,-1.78366293071151,low_read
815,accounts_for,68,70,1.78024215919775,high_read
1097,suggesting_that,55,56,1.78024214577824,high_read
403,from_to,100,112,1.78024214058754,high_read
6191,lower_prices,13,14,1.78024213771762,high_read
6438,to_workers,12,14,1.78024213771724,high_read
6235,of_benefits,11,14,1.78024213771707,high_read
2683,patterns_in,27,28,1.78024213741364,high_read
5949,about_one,13,14,1.78024213729459,high_read
6127,housing_prices,11,14,1.78024213729447,high_read
6275,patterns_are,13,14,1.78024213729435,high_read
6267,option_to,12,14,1.78024213729425,high_read
6016,behind_the,14,14,1.78024213729412,high_read
6022,by_analyzing,14,14,1.78024213729409,high_read
6096,explore_how,14,14,1.78024213729404,high_read
6003,as_their,14,14,1.780242137294,high_read
6466,where_they,11,14,1.78024213729398,high_read
6296,public_sector,12,14,1.78024213729396,high_read
6149,income_countries,11,14,1.78024213729386,high_read
6346,technology_adoption,12,14,1.78024213729374,high_read
5998,are_most,14,14,1.78024213729368,high_read
6021,but_little,13,14,1.78024213729368,high_read
5972,and_apply,14,14,1.78024213729353,high_read
6146,in_technology,13,14,1.78024213729349,high_read
6215,more_volatile,12,14,1.78024213729324,high_read
6449,two_years,13,14,1.78024213729304,high_read
6213,monetary_incentives,12,14,1.78024213724762,high_read
6378,the_incumbent,11,14,1.78024213724761,high_read
6069,disability_insurance,9,14,1.78024213724752,high_read
6040,collective_bargaining,11,14,1.78024213724729,high_read
6039,civil_war,10,14,1.78024213724715,high_read
865,for_any,63,67,-1.77588160174843,low_read
830,data_we,69,69,1.76235368992183,high_read
3411,in_countries,21,23,1.76235368990993,high_read
3481,test_this,23,23,1.76235368909055,high_read
3403,have_more,22,23,1.7623536890905,high_read
1540,which_can,43,44,-1.76006254849188,low_read
1490,considered_in,42,44,-1.76006254849182,low_read
1110,interpreted_as,54,55,-1.76006254849179,low_read
889,we_prove,61,66,-1.76006254849171,low_read
2177,estimation_and,32,33,-1.76005554213247,low_read
3676,the_ordinary,19,22,-1.76005114028708,low_read
3652,requires_that,20,22,-1.76005114028705,low_read
2185,information_maximum,29,33,-1.76005114028702,low_read
3691,to_infinity,20,22,-1.76005114028701,low_read
2190,is_proved,31,33,-1.76005114028699,low_read
3550,compatible_with,22,22,-1.76005114028695,low_read
8087,final_section,11,11,-1.76005114028693,low_read
8445,satisfies_the,11,11,-1.7600483790464,low_read
8600,to_clarify,11,11,-1.7600483790464,low_read
8164,impulse_response,10,11,-1.76004837904639,low_read
7860,aggregate_economic,10,11,-1.76004837904638,low_read
8564,the_requirement,11,11,-1.76004837904638,low_read
8474,statistics_and,11,11,-1.76004837904638,low_read
8377,price_competition,11,11,-1.76004837904638,low_read
8488,system_this,11,11,-1.76004837904638,low_read
8034,directly_to,11,11,-1.76004837904637,low_read
7874,an_exact,11,11,-1.76004837904636,low_read
8024,define_the,11,11,-1.76004837904636,low_read
8275,observed_data,10,11,-1.76004837904636,low_read
8476,stochastic_general,11,11,-1.76004837904636,low_read
8287,of_differential,11,11,-1.76004837904636,low_read
8648,variables_iv,11,11,-1.76004837904636,low_read
8313,of_steady,10,11,-1.76004837904636,low_read
7975,capital_intensity,9,11,-1.76004837904635,low_read
8643,utility_maximizing,11,11,-1.76004837904635,low_read
7948,be_very,11,11,-1.76004837904635,low_read
8037,disturbances_in,10,11,-1.76004837904635,low_read
8400,purposes_of,11,11,-1.76004837904634,low_read
3646,private_values,18,22,-1.76004837904634,low_read
8381,prices_which,11,11,-1.76004837904634,low_read
8157,hypotheses_on,10,11,-1.76004837904634,low_read
8430,require_the,10,11,-1.76004837904634,low_read
8202,is_identical,10,11,-1.76004837904633,low_read
8276,obtained_under,11,11,-1.76004837904633,low_read
8187,instruments_and,11,11,-1.76004837904633,low_read
8544,the_instruments,10,11,-1.76004837904632,low_read
8389,problems_which,11,11,-1.76004837904632,low_read
7918,appropriate_for,11,11,-1.76004837904632,low_read
8338,other_words,11,11,-1.76004837904632,low_read
8300,of_measurement,10,11,-1.76004837904632,low_read
8484,substitution_effect,10,11,-1.76004837904632,low_read
7922,are_fixed,11,11,-1.76004837904631,low_read
7906,and_technological,11,11,-1.76004837904631,low_read
8271,not_necessary,11,11,-1.76004837904631,low_read
8143,have_zero,10,11,-1.7600483790463,low_read
7977,carlo_simulations,11,11,-1.7600483790463,low_read
8574,the_techniques,11,11,-1.76004837904629,low_read
8208,is_said,11,11,-1.76004837904629,low_read
8652,variances_of,11,11,-1.76004837904628,low_read
8084,extension_to,11,11,-1.76004837904627,low_read
8129,general_framework,11,11,-1.76004837904626,low_read
8067,estimator_to,11,11,-1.76004837904626,low_read
8542,the_hypotheses,11,11,-1.76004837904623,low_read
8450,second_moments,11,11,-1.76004837904622,low_read
8526,the_decentralized,9,11,-1.76004664974976,low_read
8567,the_sets,10,11,-1.76004664974975,low_read
8353,pareto_optimum,10,11,-1.76004664974975,low_read
8470,standard_error,9,11,-1.76004664974975,low_read
8464,specification_is,11,11,-1.76004664974975,low_read
8200,is_convex,10,11,-1.76004664974975,low_read
8395,proposed_which,11,11,-1.76004664974974,low_read
8072,examples_and,11,11,-1.76004664974974,low_read
8118,from_capital,8,11,-1.76004664974974,low_read
8407,rank_dependent,6,11,-1.76004664974974,low_read
8127,games_that,11,11,-1.76004664974973,low_read
7862,aggregate_production,9,11,-1.76004664974973,low_read
7889,and_discussed,11,11,-1.76004664974973,low_read
8002,constraints_in,10,11,-1.76004664974973,low_read
8374,preference_theory,9,11,-1.76004664974973,low_read
7872,an_autoregressive,10,11,-1.76004664974972,low_read
8483,substitutability_between,11,11,-1.76004664974972,low_read
8391,production_technology,11,11,-1.76004664974972,low_read
8301,of_multi,10,11,-1.76004664974972,low_read
8480,structural_equations,10,11,-1.76004664974972,low_read
8342,our_tests,7,11,-1.76004664974971,low_read
8575,the_temporary,8,11,-1.7600466497497,low_read
8144,here_it,11,11,-1.7600466497497,low_read
8351,pareto_improving,10,11,-1.7600466497497,low_read
8363,policy_instruments,10,11,-1.7600466497497,low_read
8120,from_simple,11,11,-1.76004664974969,low_read
7859,agent_can,11,11,-1.76004664974969,low_read
7972,can_achieve,10,11,-1.76004664974969,low_read
8350,parameters_is,11,11,-1.76004664974969,low_read
8074,excess_burden,6,11,-1.76004664974968,low_read
8682,with_stochastic,10,11,-1.76004664974967,low_read
7916,approach_of,10,11,-1.76004664974966,low_read
8570,the_slutsky,8,11,-1.76004664974965,low_read
8478,strategic_substitutes,6,11,-1.76004556857071,low_read
223,we_estimate,153,165,1.75782850510442,high_read
2274,panel_of,31,32,1.75458299189738,high_read
418,concept_of,92,109,-1.75045564235298,low_read
499,of_equilibrium,81,98,-1.74937022315063,low_read
1134,equilibrium_with,48,54,-1.74071902461311,low_read
1546,as_special,43,43,-1.73582019703919,low_read
381,evidence_of,107,117,1.73487408250296,high_read
2748,are_significantly,27,27,1.73487408093949,high_read
4658,the_bottom,16,18,1.7348740808872,high_read
2871,workers_who,23,27,1.73487408088683,high_read
4613,quarter_of,18,18,1.7348740808863,high_read
4636,significantly_lower,17,18,1.73487408088626,high_read
4644,study_examines,18,18,1.73487408088623,high_read
4517,households_with,16,18,1.73487408088616,high_read
4433,and_increase,18,18,1.73487408088614,high_read
4713,wage_growth,12,18,1.73487408086785,high_read
4511,hard_to,15,18,1.73487408086776,high_read
4520,impacts_on,15,18,1.7348740808677,high_read
4515,higher_prices,15,18,1.73487408086769,high_read
2233,at_any,31,32,-1.72759314719833,low_read
2276,parameters_are,29,32,-1.72759314719828,low_read
2228,are_proposed,32,32,-1.72759314719824,low_read
1172,model_which,50,53,-1.72096417567796,low_read
523,utility_functions,74,95,-1.71652095393606,low_read
2349,is_positively,31,31,1.71474879661586,high_read
2387,the_findings,31,31,1.71474879661567,high_read
2364,paper_tests,31,31,1.71474879658033,high_read
2339,firm_level,27,31,1.71474879658027,high_read
2363,paper_estimates,31,31,1.71474879658003,high_read
1610,in_models,41,42,-1.7109213156271,low_read
1594,conditions_on,42,42,-1.71092131562709,low_read
1620,ordinary_least,38,42,-1.71092131562707,low_read
3752,devoted_to,20,21,-1.71091940178276,low_read
3797,independence_of,18,21,-1.71091940178273,low_read
3751,derivation_of,21,21,-1.71091940178272,low_read
3761,equilibrium_analysis,18,21,-1.71091940178272,low_read
3841,of_tests,20,21,-1.71091940178271,low_read
3881,the_familiar,21,21,-1.71091940178269,low_read
3773,for_identification,18,21,-1.71091940178266,low_read
3903,time_periods,16,21,-1.71091940178262,low_read
3732,brownian_motion,18,21,-1.71091940178261,low_read
3763,estimation_is,20,21,-1.71091940178257,low_read
3800,is_described,20,21,-1.7109182327802,low_read
3760,equation_model,20,21,-1.71091823278019,low_read
3889,the_prior,13,21,-1.71091823278012,low_read
3842,of_traders,19,21,-1.71091823278009,low_read
111,data_from,239,247,1.70965039507646,high_read
1498,evidence_suggests,44,44,1.7065782183565,high_read
3683,third_of,22,22,1.7065782183269,high_read
3622,new_evidence,22,22,1.70657821832671,high_read
3534,and_health,21,22,1.70657821832631,high_read
3530,an_instrument,22,22,1.70657821832618,high_read
3596,incentives_and,22,22,1.70657821832614,high_read
3700,twentieth_century,22,22,1.70657821832611,high_read
2016,findings_are,34,35,1.69937111097739,high_read
2009,can_account,35,35,1.69937111097617,high_read
2006,benefit_from,34,35,1.69937111095085,high_read
2072,the_variation,27,35,1.69937111095053,high_read
626,the_null,63,83,-1.69821807206366,low_read
518,decline_in,82,96,1.69607707539457,high_read
2369,provided_that,31,31,-1.69394042168432,low_read
2337,equilibria_and,29,31,-1.6939387422262,low_read
1803,strong_evidence,38,39,1.68723700928393,high_read
6958,social_insurance,12,13,1.68723700926295,high_read
2896,by_comparing,26,26,1.68723700926288,high_read
7025,the_old,13,13,1.68723700926288,high_read
2964,positively_correlated,25,26,1.68723700926278,high_read
6812,of_early,12,13,1.6872370092625,high_read
1806,that_were,35,39,1.68723700926244,high_read
6982,than_previously,13,13,1.68723700926241,high_read
7015,the_impacts,13,13,1.68723700926234,high_read
6777,match_the,12,13,1.68723700925589,high_read
7093,using_large,13,13,1.68723700925587,high_read
6909,profits_by,13,13,1.68723700925578,high_read
7021,the_legal,13,13,1.68723700925576,high_read
6894,presents_evidence,13,13,1.68723700925568,high_read
7058,three_types,13,13,1.68723700925559,high_read
6874,past_years,13,13,1.68723700925551,high_read
6544,article_examines,13,13,1.68723700925542,high_read
6552,average_productivity,10,13,1.68723700925542,high_read
6852,or_no,13,13,1.6872370092554,high_read
2916,family_size,13,26,1.68723700925515,high_read
6900,prices_than,12,13,1.68723700925341,high_read
6925,reliance_on,11,13,1.6872370092534,high_read
6748,is_socially,12,13,1.68723700925338,high_read
6684,government_to,11,13,1.6872370092532,high_read
6573,case_study,12,13,1.68723700925318,high_read
6770,lower_income,11,13,1.68723700925314,high_read
6977,tax_reform,10,13,1.68723700925291,high_read
6632,during_recessions,9,13,1.68723700925275,high_read
6990,that_money,11,13,1.68723700925245,high_read
7062,to_create,12,13,1.68723700925209,high_read
1678,of_moments,39,41,-1.68533063747814,low_read
1698,the_linear,34,41,-1.68533063747814,low_read
1221,capital_goods,32,51,-1.68012575679309,low_read
1235,is_considered,51,51,-1.68012575679304,low_read
1544,and_percent,38,43,1.67741749205393,high_read
1000,half_of,58,60,1.67317803751278,high_read
2408,and_after,30,30,1.67317803731987,high_read
2478,the_median,23,30,1.67317803731311,high_read
4910,market_share,15,17,1.66249640359759,high_read
2119,low_income,31,34,1.66249640359713,high_read
5113,with_larger,16,17,1.66249640359387,high_read
4886,investigates_whether,17,17,1.66249640359355,high_read
4731,about_half,17,17,1.66249640359354,high_read
4863,higher_levels,17,17,1.66249640359349,high_read
4966,period_we,17,17,1.66249640359278,high_read
1275,variables_are,45,50,-1.65900652276841,low_read
2407,also_shown,30,30,-1.6590052476123,low_read
4035,namely_the,20,20,-1.65900524761211,low_read
3970,conjunction_with,20,20,-1.65900449012554,low_read
4010,in_conjunction,20,20,-1.65900449012554,low_read
9517,the_indirect,10,10,-1.65900449012553,low_read
4045,of_observations,19,20,-1.65900449012543,low_read
4075,regard_to,18,20,-1.65900449012538,low_read
4115,to_define,20,20,-1.65900449012538,low_read
4102,the_residual,15,20,-1.65900449012535,low_read
4020,is_fully,18,20,-1.65900449012535,low_read
4070,properties_are,19,20,-1.65900449012533,low_read
4099,the_proof,20,20,-1.6590044901253,low_read
8876,constant_relative,9,10,-1.65900404089899,low_read
9549,these_functions,10,10,-1.65900404089898,low_read
8943,empirical_example,10,10,-1.65900404089898,low_read
8731,and_computational,9,10,-1.65900404089897,low_read
8732,and_constant,10,10,-1.65900404089897,low_read
8738,and_equilibrium,10,10,-1.65900404089897,low_read
9007,force_the,10,10,-1.65900404089897,low_read
8799,be_rationalized,9,10,-1.65900404089896,low_read
8724,an_underlying,10,10,-1.65900404089895,low_read
8985,factor_proportions,9,10,-1.65900404089895,low_read
8803,been_developed,10,10,-1.65900404089895,low_read
9577,to_equilibrium,10,10,-1.65900404089894,low_read
8809,between_long,8,10,-1.65900404089893,low_read
8750,and_nonparametric,8,10,-1.65900404089893,low_read
9649,which_cannot,10,10,-1.65900404089893,low_read
9645,when_only,10,10,-1.65900404089892,low_read
8900,curve_the,9,10,-1.65900404089892,low_read
8709,also_consider,10,10,-1.65900404089891,low_read
8691,actual_behavior,9,10,-1.65900404089891,low_read
9330,policy_maker,8,10,-1.65900404089891,low_read
9263,of_quantity,10,10,-1.65900404089891,low_read
9064,if_both,10,10,-1.65900404089891,low_read
9058,holds_in,10,10,-1.6590040408989,low_read
8802,been_analyzed,10,10,-1.6590040408989,low_read
8889,convergence_and,10,10,-1.6590040408989,low_read
8774,are_valid,10,10,-1.6590040408989,low_read
8914,discrete_and,10,10,-1.6590040408989,low_read
9655,which_takes,9,10,-1.65900404089889,low_read
8921,distributions_the,10,10,-1.65900404089889,low_read
9627,variables_for,10,10,-1.65900404089889,low_read
9010,formulas_for,10,10,-1.65900404089889,low_read
8795,be_inconsistent,10,10,-1.65900404089889,low_read
9023,function_from,10,10,-1.65900404089889,low_read
8794,be_as,10,10,-1.65900404089889,low_read
9132,involves_the,10,10,-1.65900404089888,low_read
9165,limits_of,10,10,-1.65900404089888,low_read
9193,model_selection,9,10,-1.65900404089888,low_read
9317,period_are,10,10,-1.65900404089888,low_read
9342,presents_general,10,10,-1.65900404089888,low_read
9310,part_ii,10,10,-1.65900404089888,low_read
9097,in_special,10,10,-1.65900404089887,low_read
8824,by_either,10,10,-1.65900404089887,low_read
9373,quantiles_of,9,10,-1.65900404089887,low_read
9245,of_inference,9,10,-1.65900404089887,low_read
9176,made_for,10,10,-1.65900404089887,low_read
8926,dynamic_behavior,10,10,-1.65900404089886,low_read
9646,where_some,10,10,-1.65900404089886,low_read
9189,may_well,10,10,-1.65900404089886,low_read
9251,of_lagged,10,10,-1.65900404089886,low_read
8825,by_extending,10,10,-1.65900404089885,low_read
8780,assumptions_in,10,10,-1.65900404089885,low_read
9556,this_kind,10,10,-1.65900404089885,low_read
9453,statics_results,10,10,-1.65900404089885,low_read
9358,procedure_which,10,10,-1.65900404089885,low_read
9146,is_valid,9,10,-1.65900404089884,low_read
9126,interest_the,9,10,-1.65900404089884,low_read
9452,statement_of,10,10,-1.65900404089884,low_read
8846,cash_balances,9,10,-1.65900404089884,low_read
9299,or_without,10,10,-1.65900404089884,low_read
9409,rule_can,10,10,-1.65900404089883,low_read
9629,vector_autoregression,10,10,-1.65900404089883,low_read
9664,with_production,10,10,-1.65900404089883,low_read
9349,price_stability,8,10,-1.65900404089883,low_read
9350,price_uncertainty,8,10,-1.65900404089883,low_read
8863,computed_by,10,10,-1.65900404089883,low_read
9079,in_discrete,9,10,-1.65900404089883,low_read
9375,quite_general,10,10,-1.65900404089883,low_read
8954,equilibrium_to,10,10,-1.65900404089883,low_read
9059,horizon_and,10,10,-1.65900404089882,low_read
9461,supply_function,7,10,-1.65900404089882,low_read
9232,of_distributions,10,10,-1.65900404089882,low_read
9293,optimization_problems,10,10,-1.65900404089882,low_read
8877,constraint_the,9,10,-1.65900404089881,low_read
9386,relate_the,10,10,-1.6590040408988,low_read
9398,restrictions_that,10,10,-1.65900404089879,low_read
9433,simulation_study,10,10,-1.65900404089879,low_read
8960,established_by,10,10,-1.65900404089879,low_read
8870,confidence_set,7,10,-1.65900404089879,low_read
9656,which_yields,9,10,-1.65900404089878,low_read
8743,and_give,10,10,-1.65900404089876,low_read
9454,structures_of,8,10,-1.65900377494892,low_read
9536,the_uniform,10,10,-1.65900377494891,low_read
8933,economies_where,10,10,-1.6590037749489,low_read
9138,is_indicated,10,10,-1.6590037749489,low_read
8905,debt_management,5,10,-1.65900377494886,low_read
9564,time_aggregation,6,10,-1.65900377494886,low_read
9513,the_friedman,7,10,-1.65900377494886,low_read
9304,output_levels,9,10,-1.65900377494885,low_read
8817,briefly_discussed,10,10,-1.65900377494885,low_read
9626,value_function,8,10,-1.65900377494884,low_read
8953,equilibrium_strategies,7,10,-1.65900377494884,low_read
9071,impulse_responses,6,10,-1.65900377494883,low_read
8893,core_and,8,10,-1.65900377494882,low_read
9389,relationship_of,9,10,-1.65900377494881,low_read
9494,the_accuracy,8,10,-1.65900377494881,low_read
8885,contingent_contracts,7,10,-1.65900377494881,low_read
9514,the_household's,7,10,-1.6590037749488,low_read
9545,theorem_of,10,10,-1.65900377494879,low_read
9005,for_simple,10,10,-1.65900377494877,low_read
9502,the_concepts,10,10,-1.65900377494877,low_read
8806,behavior_can,9,10,-1.65900377494877,low_read
9362,production_cost,6,10,-1.65900377494875,low_read
8752,and_poor,9,10,-1.65900377494875,low_read
8793,bargaining_games,7,10,-1.65900377494873,low_read
8924,double_auction,8,10,-1.65900377494873,low_read
9501,the_cases,10,10,-1.65900377494873,low_read
9449,stability_is,9,10,-1.65900377494873,low_read
9032,games_are,8,10,-1.65900377494872,low_read
9196,monetary_aggregates,5,10,-1.65900352509255,low_read
369,nash_equilibrium,82,119,-1.65006382935069,low_read
946,these_findings,61,63,1.64733880945205,high_read
3877,the_division,18,21,1.64733880944272,high_read
3821,nineteenth_century,19,21,1.64733880944263,high_read
3737,can_increase,21,21,1.64733880944008,high_read
3918,we_observe,21,21,1.64733880944006,high_read
3931,year_of,20,21,1.64733880944004,high_read
3887,the_mid,20,21,1.64733880943974,high_read
3885,the_historical,20,21,1.64733880943961,high_read
3869,than_they,16,21,1.64733880943885,high_read
833,if_and,61,69,-1.64361919419528,low_read
1022,second_order,44,59,-1.64102838551255,low_read
1026,the_utility,49,59,-1.64102838551255,low_read
1284,equilibria_are,48,49,-1.63739057532162,low_read
1253,across_countries,38,50,1.63709869970579,high_read
3129,the_american,22,25,1.63709869970573,high_read
3063,health_care,18,25,1.63709869970562,high_read
3156,trends_in,23,25,1.63709869970328,high_read
3102,price_dispersion,16,25,1.63709869970243,high_read
335,of_money,90,127,-1.63402263864105,low_read
243,estimation_of,132,156,-1.63191258062015,low_read
682,sequence_of,67,78,-1.63190785896448,low_read
1032,about_percent,51,58,1.62971669808472,high_read
2584,the_causal,29,29,1.62971669806547,high_read
2558,on_us,29,29,1.62971669806547,high_read
429,equilibrium_in,99,107,-1.62940613552722,low_read
846,functions_of,65,68,-1.62797083518624,low_read
2205,the_decline,31,33,1.62414261930677,high_read
2212,the_rise,31,33,1.6241426193012,high_read
2164,by_examining,32,33,1.62414261929909,high_read
1045,special_case,56,58,-1.62269523678614,low_read
2548,not_require,29,29,-1.62269428840945,low_read
2553,of_nonlinear,23,29,-1.62269373642117,low_read
2583,the_balance,19,29,-1.62269373642116,low_read
2581,systems_of,27,29,-1.62269373642115,low_read
2523,each_player,21,29,-1.62269341567369,low_read
1888,exposure_to,31,37,1.61978469282772,high_read
1329,incomplete_information,41,48,-1.61525755855344,low_read
869,is_given,65,67,-1.61205285888899,low_read
4358,the_budget,19,19,-1.60398868559504,low_read
4250,if_an,19,19,-1.60398841720122,low_read
4142,an_aggregate,17,19,-1.6039884172012,low_read
4208,equilibrium_if,18,19,-1.6039884172012,low_read
4266,is_finite,19,19,-1.6039884172012,low_read
4336,said_to,18,19,-1.60398841720119,low_read
4396,under_weak,19,19,-1.60398841720117,low_read
4239,function_which,19,19,-1.60398841720116,low_read
4223,expressed_in,17,19,-1.60398841720115,low_read
4261,independently_of,19,19,-1.60398841720113,low_read
4263,inverse_of,16,19,-1.60398841720106,low_read
4348,take_into,18,19,-1.60398841720105,low_read
4201,dynamic_models,15,19,-1.60398826318639,low_read
614,the_usual,76,85,-1.59766992023404,low_read
883,problem_is,61,66,-1.59585624611838,low_read
879,is_assumed,57,66,-1.59585624611831,low_read
1384,special_cases,44,47,-1.59258192526994,low_read
733,the_basic,69,75,-1.58970876066805,low_read
2636,case_and,25,28,-1.5848979626717,low_read
2684,point_in,27,28,-1.58489796267166,low_read
2669,marginal_utility,25,28,-1.5848977396629,low_read
2660,individual_preferences,23,28,-1.58489773966288,low_read
2702,the_commodity,22,28,-1.58489773966288,low_read
2700,the_adjustment,22,28,-1.58489773966287,low_read
2651,game_with,25,28,-1.58489773966286,low_read
542,after_the,86,92,1.58418928439321,high_read
2626,are_associated,28,28,1.58418928438403,high_read
3259,negative_effect,23,24,1.58418928438393,high_read
1946,by_about,30,36,1.58418928438334,high_read
5347,on_investment,15,16,1.58418928438317,high_read
1950,countries_with,32,36,1.58418928438315,high_read
4110,these_differences,19,20,1.58418928438279,high_read
7209,auctions_are,10,12,1.58418928438277,high_read
5226,financial_incentives,12,16,1.58418928438275,high_read
7648,significant_effects,11,12,1.58418928438268,high_read
7371,have_greater,10,12,1.58418928438264,high_read
7298,easier_to,12,12,1.58418928438261,high_read
5364,policy_changes,14,16,1.5841892843826,high_read
2668,labor_productivity,19,28,1.58418928438259,high_read
7697,that_explains,12,12,1.58418928438259,high_read
2261,model_predicts,31,32,1.58418928438256,high_read
5274,income_per,12,16,1.58418928438255,high_read
5252,half_the,15,16,1.58418928438254,high_read
7333,exogenous_changes,12,12,1.58418928438254,high_read
7829,we_combine,12,12,1.58418928438254,high_read
7646,shocks_on,12,12,1.58418928438253,high_read
7679,supply_shocks,9,12,1.58418928438252,high_read
7461,little_effect,12,12,1.58418928438249,high_read
7660,states_from,12,12,1.58418928438249,high_read
7423,indicating_that,11,12,1.58418928438248,high_read
7330,examine_this,12,12,1.58418928438248,high_read
7736,the_twentieth,12,12,1.58418928438247,high_read
7398,in_female,9,12,1.58418928438244,high_read
5182,competition_between,14,16,1.58418928438243,high_read
7323,estate_tax,7,12,1.58418928438242,high_read
5203,discontinuity_design,16,16,1.58418928438242,high_read
7314,environment_we,12,12,1.58418928438241,high_read
3336,was_not,24,24,1.58418928438241,high_read
7434,is_about,12,12,1.58418928438241,high_read
5234,for_low,14,16,1.58418928438241,high_read
3247,life_expectancy,13,24,1.58418928438239,high_read
7838,why_do,12,12,1.58418928438238,high_read
7825,wage_distribution,6,12,1.58418928438237,high_read
3290,prices_we,24,24,1.58418928438237,high_read
7747,then_use,12,12,1.58418928438237,high_read
7243,changes_on,12,12,1.58418928438235,high_read
7399,in_higher,11,12,1.58418928438231,high_read
7490,more_for,11,12,1.58418928438231,high_read
7129,about_its,12,12,1.58418928438231,high_read
7600,product_quality,9,12,1.5841892843823,high_read
5315,more_often,15,16,1.5841892843823,high_read
7380,housing_market,11,12,1.58418928438226,high_read
7223,benefits_to,12,12,1.58418928438226,high_read
7762,this_policy,11,12,1.58418928438224,high_read
7538,of_significant,12,12,1.58418928438222,high_read
7258,confirm_that,12,12,1.58418928438221,high_read
4018,individual_level,20,20,1.5841892843822,high_read
7720,the_japanese,10,12,1.58418928438215,high_read
7438,is_far,12,12,1.58418928438214,high_read
7828,we_calculate,12,12,1.58418928438213,high_read
7180,and_profits,12,12,1.58418928438211,high_read
7226,black_white,9,12,1.58418928438209,high_read
4072,raising_the,20,20,1.58418928438197,high_read
4017,increased_the,20,20,1.58418928438159,high_read
892,by_means,64,65,-1.57937085873341,low_read
1895,input_output,29,37,-1.57520296203713,low_read
1424,of_equilibria,37,46,-1.56933731127714,low_read
1410,distributed_lag,37,46,-1.56933712001407,low_read
913,condition_for,61,64,-1.56258812524977,low_read
334,models_with,118,127,-1.55408223586276,low_read
1558,income_inequality,30,43,1.55405074534172,high_read
2033,market_power,30,35,1.54722295059973,high_read
934,equivalent_to,59,63,-1.5454972486048,low_read
948,two_stage,52,63,-1.54549651431075,low_read
1133,economy_is,50,54,-1.54549651431074,low_read
4711,variant_of,17,18,-1.54549650681241,low_read
2787,is_equivalent,25,27,-1.54549636383717,low_read
2756,closed_form,27,27,-1.54549636383716,low_read
2810,one_or,26,27,-1.54549636383716,low_read
2737,analogous_to,27,27,-1.54549636383716,low_read
2790,known_that,26,27,-1.54549636383699,low_read
1969,methods_for,34,36,-1.54549636383693,low_read
2798,of_equations,24,27,-1.54549636383689,low_read
1980,satisfy_the,35,36,-1.54549636383686,low_read
4628,sequences_of,15,18,-1.54549635971937,low_read
4683,theory_are,18,18,-1.54549628047673,low_read
4421,allocation_in,17,18,-1.54549628047671,low_read
4677,the_space,17,18,-1.54549628047668,low_read
4622,results_apply,18,18,-1.54549628047666,low_read
4503,function_to,16,18,-1.54549628047665,low_read
4704,unobserved_heterogeneity,13,18,-1.54549628047664,low_read
2825,proof_of,26,27,-1.54549628047657,low_read
4448,aversion_is,17,18,-1.54549628047656,low_read
4540,is_equal,17,18,-1.54549628047654,low_read
4499,for_capital,17,18,-1.54549628047648,low_read
4509,generalized_least,16,18,-1.54549628047647,low_read
4640,stabilization_policy,14,18,-1.54549623437789,low_read
4625,risk_free,15,18,-1.54549623437786,low_read
4444,arrow_debreu,11,18,-1.54549623437781,low_read
137,we_use,215,220,1.53725394754299,high_read
2856,the_year,25,27,1.53639463410826,high_read
2804,of_school,27,27,1.53639463410812,high_read
1131,can_explain,53,54,1.53639463410805,high_read
689,access_to,71,77,1.53394137119721,high_read
257,increases_in,129,150,1.53261778768769,high_read
201,we_examine,170,173,1.53202894338027,high_read
3406,impacts_of,21,23,1.52819264627443,high_read
3485,the_age,21,23,1.52819264627438,high_read
3344,an_experiment,23,23,1.52819264627426,high_read
3387,during_this,23,23,1.52819264627422,high_read
3351,and_significant,22,23,1.52819264627399,high_read
3515,using_new,23,23,1.52819264627394,high_read
3458,product_market,21,23,1.52819264627393,high_read
3470,risk_preferences,14,23,1.5281926462739,high_read
3418,inequality_in,20,23,1.5281926462735,high_read
304,between_and,119,134,1.52654382547757,high_read
444,the_system,76,106,-1.52515204249486,low_read
434,equilibrium_is,96,106,-1.52515204249485,low_read
1171,is_made,52,53,-1.52515181969142,low_read
1499,explanatory_variables,36,44,-1.52102892733473,low_read
1517,revealed_preference,27,44,-1.52102886353822,low_read
985,with_high,60,61,1.52095810792367,high_read
4271,learning_and,19,19,1.5165911405791,high_read
4334,results_support,19,19,1.51659114057905,high_read
4377,this_phenomenon,19,19,1.51659114057892,high_read
4375,these_data,19,19,1.51659114057888,high_read
4394,twice_as,19,19,1.51659114057883,high_read
4312,plants_in,16,19,1.51659114057882,high_read
4256,in_rural,18,19,1.51659114057881,high_read
4310,particularly_in,18,19,1.51659114057871,high_read
4372,their_children,17,19,1.51659114057871,high_read
4267,is_inconsistent,19,19,1.51659114057866,high_read
4222,explanation_is,17,19,1.51659114057859,high_read
2058,simultaneous_equation,28,35,-1.51481034680818,low_read
2112,in_new,30,34,1.50877839816755,high_read
2131,present_model,33,34,1.50877839816729,high_read
2889,be_considered,26,26,-1.50435334034053,low_read
2909,economy_and,26,26,-1.50435319351736,low_read
2957,of_possible,25,26,-1.50435319351736,low_read
2968,random_walk,21,26,-1.50435314963595,low_read
2989,the_natural,21,26,-1.50435314963585,low_read
98,likely_to,222,263,1.50146651711642,high_read
5654,in_europe,12,15,1.49892249513774,high_read
5903,this_evidence,15,15,1.49892249513768,high_read
2456,per_year,28,30,1.49892249513762,high_read
5589,differences_across,14,15,1.49892249513759,high_read
5807,shares_of,13,15,1.49892249513756,high_read
5935,we_conduct,15,15,1.49892249513755,high_read
5611,experimental_design,13,15,1.4989224951375,high_read
5699,low_quality,11,15,1.4989224951375,high_read
5644,highly_correlated,13,15,1.49892249513748,high_read
5867,the_health,14,15,1.49892249513745,high_read
5857,the_collective,12,15,1.49892249513743,high_read
5643,high_levels,15,15,1.4989224951374,high_read
5839,than_by,15,15,1.4989224951374,high_read
5549,between_income,12,15,1.49892249513738,high_read
5522,and_reduce,15,15,1.49892249513735,high_read
2441,little_evidence,28,30,1.49892249513731,high_read
5808,shocks_that,15,15,1.49892249513718,high_read
5761,participate_in,14,15,1.49892249513709,high_read
404,function_is,101,112,-1.4978596522317,low_read
1557,functions_for,41,43,-1.49590240153563,low_read
1100,the_increase,48,56,1.49296019124102,high_read
998,generalization_of,55,60,-1.49225708836094,low_read
1006,reduced_form,51,60,-1.49225708836086,low_read
867,incentives_to,58,67,1.48896472946618,high_read
2936,local_public,23,26,1.48610065397324,high_read
2921,health_and,22,26,1.48610065397309,high_read
1219,who_are,46,52,1.48610065397306,high_read
607,are_given,80,85,-1.48308122963357,low_read
1227,equilibrium_the,49,51,-1.48308115149983,low_read
2142,the_intertemporal,30,34,-1.48308110991426,low_read
2115,is_constructed,33,34,-1.48308110991408,low_read
5112,wide_class,16,17,-1.48308110903277,low_read
4827,endogenous_growth,15,17,-1.48308110903274,low_read
4822,each_case,15,17,-1.48308110903267,low_read
5063,these_assumptions,14,17,-1.48308108781939,low_read
5058,the_stationary,16,17,-1.48308108781937,low_read
4933,of_independent,17,17,-1.48308108781936,low_read
5062,there_will,16,17,-1.48308108781936,low_read
4831,equilibrium_allocations,17,17,-1.48308108781932,low_read
4810,curve_and,16,17,-1.48308108781921,low_read
4983,random_variable,15,17,-1.4830810878192,low_read
4885,into_two,17,17,-1.4830810878192,low_read
4927,of_classical,14,17,-1.48308107610192,low_read
4778,be_extended,17,17,-1.48308107610189,low_read
5043,the_measure,14,17,-1.48308106989966,low_read
5096,two_player,16,17,-1.48308106989963,low_read
4752,and_general,16,17,-1.48308106989962,low_read
4830,equilibria_is,16,17,-1.48308106989953,low_read
4902,labor_ratio,10,17,-1.48308106989953,low_read
4970,presented_for,17,17,-1.48308106989952,low_read
1326,evidence_from,47,48,1.47812467198237,high_read
1606,function_the,40,42,-1.47008185211309,low_read
8325,on_foreign,9,11,1.46873520724404,high_read
8016,credit_markets,10,11,1.46873520724397,high_read
8589,these_facts,11,11,1.46873520724392,high_read
7911,and_worker,11,11,1.46873520724388,high_read
3616,measuring_the,22,22,1.46873520724382,high_read
8550,the_measured,10,11,1.46873520724381,high_read
8235,main_findings,11,11,1.46873520724378,high_read
8610,to_industry,10,11,1.46873520724378,high_read
8641,uses_data,11,11,1.46873520724378,high_read
7861,aggregate_investment,8,11,1.46873520724377,high_read
8656,voters_are,10,11,1.46873520724377,high_read
8089,findings_in,11,11,1.46873520724376,high_read
8508,that_income,11,11,1.46873520724375,high_read
8068,ethnic_groups,10,11,1.46873520724369,high_read
8681,with_percent,11,11,1.46873520724368,high_read
8132,goods_markets,10,11,1.46873520724367,high_read
8397,provide_strong,11,11,1.46873520724367,high_read
8257,more_to,11,11,1.46873520724366,high_read
8455,sharing_and,10,11,1.46873520724365,high_read
8152,higher_income,10,11,1.46873520724364,high_read
8494,tax_policy,11,11,1.46873520724363,high_read
8291,of_financing,11,11,1.46873520724361,high_read
8044,education_we,9,11,1.4687352072436,high_read
8565,the_responses,11,11,1.46873520724358,high_read
7958,buffer_stock,6,11,1.46873520724358,high_read
8661,wealth_accumulation,9,11,1.46873520724356,high_read
7900,and_natural,11,11,1.46873520724355,high_read
8206,is_largely,11,11,1.46873520724355,high_read
8093,fits_the,10,11,1.46873520724354,high_read
8149,high_wages,9,11,1.46873520724353,high_read
8622,to_to,11,11,1.46873520724352,high_read
8447,school_districts,8,11,1.46873520724352,high_read
8658,wage_is,10,11,1.46873520724351,high_read
8133,group_in,10,11,1.4687352072435,high_read
8088,find_support,11,11,1.4687352072435,high_read
8259,near_the,9,11,1.46873520724346,high_read
7879,an_understanding,9,11,1.46873520724346,high_read
8665,western_europe,8,11,1.46873520724346,high_read
8532,the_employer,11,11,1.46873520724345,high_read
7998,conflict_and,10,11,1.46873520724344,high_read
7924,are_on,10,11,1.46873520724344,high_read
8406,ranging_from,10,11,1.46873520724342,high_read
8435,results_do,11,11,1.46873520724339,high_read
8362,policy_choices,9,11,1.46873520724338,high_read
8492,tax_cut,5,11,1.46873520724338,high_read
8253,monitoring_and,10,11,1.46873520724333,high_read
8663,well_documented,11,11,1.4687352072433,high_read
3592,in_india,20,22,1.46873520724327,high_read
3664,than_other,21,22,1.46873520724327,high_read
1531,this_finding,44,44,1.46873520724321,high_read
2163,before_and,31,33,1.4687352072432,high_read
8471,standards_of,8,11,1.46873520724319,high_read
3587,households_in,22,22,1.46873520724317,high_read
3617,men_and,22,22,1.46873520724312,high_read
1261,is_suggested,47,50,-1.46131418384023,low_read
3115,statistics_are,19,25,-1.46131418321419,low_read
3159,utility_and,25,25,-1.46131418321394,low_read
3061,goes_to,23,25,-1.46131416693133,low_read
3118,studied_in,25,25,-1.46131416693125,low_read
3165,with_perfect,24,25,-1.46131416693118,low_read
3088,not_depend,24,25,-1.46131415809384,low_read
3099,out_that,24,25,-1.46131415809369,low_read
3145,the_weak,20,25,-1.46131415348369,low_read
314,sufficient_conditions,122,133,-1.4585578262844,low_read
629,there_exists,77,83,-1.45689964794457,low_read
87,data_on,263,276,1.45573655467817,high_read
2571,regression_discontinuity,29,29,1.45327969416066,high_read
2566,provide_evidence,28,29,1.45327969416056,high_read
2213,the_tests,30,33,-1.45023816264755,low_read
2188,is_necessary,32,33,-1.45023813533335,low_read
2170,demonstrated_that,32,33,-1.45023812060978,low_read
2181,game_in,32,33,-1.45023812060975,low_read
1365,higher_than,47,47,1.44967761187637,high_read
4651,that_increases,18,18,1.44388617877283,high_read
4614,rationale_for,17,18,1.44388617877235,high_read
4722,with_age,16,18,1.44388617877235,high_read
1939,adoption_of,31,36,1.44388617877233,high_read
4688,to_adopt,18,18,1.44388617877225,high_read
4482,economic_performance,16,18,1.44388617877215,high_read
4653,that_large,16,18,1.44388617877214,high_read
1679,of_payments,24,41,-1.4435291700129,low_read
1282,conditions_of,44,49,-1.4390297585046,low_read
1298,quantity_of,41,49,-1.43902975850456,low_read
1291,obtained_by,48,49,-1.43902975850454,low_read
1304,the_players,39,49,-1.43902973914778,low_read
455,share_of,91,104,1.43866416224417,high_read
752,and_only,66,73,-1.43148253876466,low_read
756,equilibria_in,62,73,-1.43148246199336,low_read
1063,in_us,53,57,1.42962232357193,high_read
2258,is_costly,32,32,1.42695759883863,high_read
2286,statistically_significant,31,32,1.4269575988377,high_read
2293,the_employment,27,32,1.42695759883727,high_read
2305,to_new,31,32,1.42695759883726,high_read
355,we_investigate,124,124,1.42206587305177,high_read
435,impact_on,103,106,1.41838076053869,high_read
1346,the_structural,44,48,-1.41620359730866,low_read
1084,definition_of,50,56,-1.41620357912872,low_read
918,notion_of,61,64,-1.41620357912856,low_read
2297,the_methods,29,32,-1.41620356959955,low_read
1746,the_objective,34,40,-1.41620356959935,low_read
3281,parameters_and,23,24,-1.41620356959926,low_read
5202,dimension_of,15,16,-1.41620356944876,low_read
5120,also_on,16,16,-1.41620356944872,low_read
5208,empirical_application,16,16,-1.41620356944867,low_read
5289,is_stable,15,16,-1.41620356944867,low_read
5248,gives_the,16,16,-1.41620356944861,low_read
3278,one_period,21,24,-1.4162035694486,low_read
1713,consists_of,40,40,-1.41620356477296,low_read
1720,examples_of,40,40,-1.41620356477294,low_read
3251,model_it,23,24,-1.41620356477279,low_read
3178,and_compared,23,24,-1.4162035647727,low_read
3246,least_as,23,24,-1.41620356477268,low_read
5122,alternatives_and,15,16,-1.41620356469766,low_read
5331,of_initial,14,16,-1.41620356469763,low_read
5450,the_stable,12,16,-1.41620356469761,low_read
5444,the_rank,12,16,-1.41620356469761,low_read
5225,fiat_money,13,16,-1.41620356469757,low_read
5251,growth_path,13,16,-1.41620356469752,low_read
5377,proposed_and,16,16,-1.41620356233281,low_read
5329,of_freedom,13,16,-1.41620356233278,low_read
5265,in_exchange,15,16,-1.41620356233269,low_read
5146,are_extended,16,16,-1.41620356233267,low_read
3325,therefore_the,24,24,-1.41620356233267,low_read
5400,setting_the,16,16,-1.41620356233263,low_read
3333,two_period,24,24,-1.41620356233252,low_read
3282,pareto_efficient,21,24,-1.41620356233244,low_read
5383,relations_between,16,16,-1.41620356110145,low_read
5144,approximation_of,15,16,-1.41620356110144,low_read
5131,and_factor,15,16,-1.41620356110141,low_read
5163,be_necessary,15,16,-1.4162035611014,low_read
5155,as_that,15,16,-1.41620356110139,low_read
5372,procedures_for,16,16,-1.41620356110137,low_read
5481,under_some,16,16,-1.41620356110136,low_read
5442,the_perfect,15,16,-1.41620356110133,low_read
5214,equilibrium_conditions,16,16,-1.41620356110132,low_read
5411,studied_by,15,16,-1.4162035611013,low_read
5195,correspond_to,16,16,-1.41620356110128,low_read
5314,model_when,16,16,-1.41620356110124,low_read
5303,likelihood_and,15,16,-1.41620356110123,low_read
5332,of_instruments,15,16,-1.41620356050033,low_read
5230,flexible_exchange,10,16,-1.41620356017941,low_read
3855,present_evidence,20,21,1.40537109819544,high_read
3901,through_which,21,21,1.40537109819543,high_read
3785,high_quality,16,21,1.4053710981952,high_read
3810,loss_aversion,15,21,1.40537109819502,high_read
6137,in_education,12,14,1.40537109819501,high_read
6059,decisions_to,14,14,1.405371098195,high_read
6126,households_are,13,14,1.40537109819488,high_read
3870,that_higher,21,21,1.40537109819488,high_read
6283,present_new,14,14,1.40537109819485,high_read
6188,local_governments,13,14,1.40537109819484,high_read
2625,and_state,27,28,1.40537109819481,high_read
6460,we_offer,14,14,1.40537109819478,high_read
6092,examines_whether,14,14,1.40537109819476,high_read
2024,improvements_in,34,35,1.40537109819474,high_read
5959,alternative_explanations,14,14,1.40537109819471,high_read
1306,these_effects,47,49,1.40537109819469,high_read
2719,to_raise,27,28,1.40537109819468,high_read
173,variation_in,165,189,1.40537109819467,high_read
5990,are_biased,12,14,1.40537109819465,high_read
6269,organization_of,13,14,1.40537109819464,high_read
6357,that_increase,14,14,1.40537109819455,high_read
6216,moreover_we,14,14,1.40537109819455,high_read
6459,we_ask,14,14,1.40537109819453,high_read
6297,question_in,14,14,1.40537109819447,high_read
6150,income_dynamics,14,14,1.40537109819445,high_read
6264,on_wages,13,14,1.40537109819442,high_read
2036,model_using,35,35,1.40537109819441,high_read
6070,discrimination_and,13,14,1.40537109819441,high_read
6161,insider_trading,9,14,1.40537109819437,high_read
6487,year_period,14,14,1.40537109819436,high_read
6166,investigate_how,14,14,1.40537109819428,high_read
5948,about_how,14,14,1.40537109819424,high_read
6353,that_competition,13,14,1.4053710981942,high_read
6152,income_we,13,14,1.405371098194,high_read
343,results_suggest,125,126,1.40537109819375,high_read
673,the_sense,79,79,-1.40223713491307,low_read
1028,timing_of,57,59,1.39374480694616,high_read
1804,that_any,39,39,-1.38806028625099,low_read
1809,the_endogenous,35,39,-1.38806028547389,low_read
1858,reductions_in,37,38,1.38734380144959,high_read
475,and_sufficient,89,101,-1.38365493968126,low_read
2344,implementation_of,31,31,-1.38089110434793,low_read
2316,are_applied,28,31,-1.38089110002943,low_read
2347,is_established,29,31,-1.38089109931503,low_read
2346,introduced_by,30,31,-1.38089109931498,low_read
2331,cost_function,24,31,-1.38089109931492,low_read
1122,those_who,40,55,1.38049601664588,high_read
3322,the_option,16,24,1.37688965209952,high_read
3330,to_understand,24,24,1.37688965209937,high_read
3206,cost_to,23,24,1.37688965209929,high_read
3288,positively_related,23,24,1.37688965209928,high_read
3283,pass_through,13,24,1.37688965209912,high_read
781,led_to,66,72,1.37688965209889,high_read
784,of_us,70,72,1.37688965209871,high_read
1141,method_is,47,54,-1.37573667229547,low_read
700,the_corresponding,74,77,-1.37366699326443,low_read
25,is_shown,523,575,-1.36882140088679,low_read
1417,in_section,27,46,-1.36881999780186,low_read
3494,the_function,21,23,-1.36881999721228,low_read
3405,illustrated_by,23,23,-1.36881999721223,low_read
3439,of_incomplete,22,23,-1.36881999721223,low_read
3352,and_where,22,23,-1.36881999721223,low_read
3478,supply_functions,16,23,-1.36881999692505,low_read
3491,the_dual,18,23,-1.36881999678926,low_read
3456,probability_distributions,20,23,-1.36881999678925,low_read
432,production_function,76,107,-1.36534255696426,low_read
207,are_more,158,170,1.36525816933144,high_read
4937,of_ownership,16,17,1.36525816933114,high_read
5054,the_severity,17,17,1.3652581693311,high_read
5023,the_auction,14,17,1.3652581693309,high_read
5082,to_quantify,16,17,1.36525816933081,high_read
5044,the_middle,16,17,1.36525816933017,high_read
5114,with_standard,16,17,1.36525816933016,high_read
4756,and_over,17,17,1.36525816933002,high_read
4909,market_experience,10,17,1.36525816932995,high_read
4736,address_this,17,17,1.36525816932994,high_read
5027,the_college,14,17,1.36525816932992,high_read
5003,spending_and,17,17,1.3652581693298,high_read
4811,data_suggest,17,17,1.3652581693298,high_read
5074,to_decrease,16,17,1.36525816932968,high_read
4759,and_statistically,16,17,1.36525816932965,high_read
4905,life_insurance,14,17,1.36525816932965,high_read
4919,most_likely,16,17,1.36525816932958,high_read
4920,natural_resource,13,17,1.36525816932956,high_read
4789,care_about,17,17,1.36525816932948,high_read
4836,evidence_indicates,17,17,1.36525816932948,high_read
4921,negatively_correlated,16,17,1.36525816932945,high_read
275,the_parameters,122,145,-1.36369087248516,low_read
704,assumption_of,67,76,-1.35905069775243,low_read
1868,the_proposed,35,38,-1.35905069670869,low_read
1851,of_view,35,38,-1.35905069670868,low_read
1821,be_made,36,38,-1.35905069670865,low_read
1826,change_of,27,38,-1.35905069670862,low_read
1527,the_largest,43,44,1.35893670900074,high_read
2745,and_tax,25,27,1.35496474295242,high_read
2742,and_productivity,26,27,1.35496474295228,high_read
2838,that_people,24,27,1.35496474295199,high_read
2861,to_higher,26,27,1.3549647429518,high_read
1081,with_higher,52,57,1.34579058133118,high_read
2439,is_sufficient,30,30,-1.34420462399232,low_read
2417,consisting_of,29,30,-1.3442046239923,low_read
2461,pricing_model,29,30,-1.34420462399229,low_read
1468,states_of,42,45,-1.34420462380748,low_read
5921,two_approaches,15,15,-1.34420462380286,low_read
2466,repeated_game,21,30,-1.34420462380281,low_read
5931,variable_the,15,15,-1.3442046238028,low_read
5639,goods_is,13,15,-1.34420462380277,low_read
5675,is_carried,15,15,-1.34420462380277,low_read
5534,are_treated,15,15,-1.34420462380273,low_read
5582,data_generating,15,15,-1.34420462380272,low_read
5676,is_constant,15,15,-1.34420462380268,low_read
5504,all_possible,15,15,-1.34420462380268,low_read
5678,is_free,14,15,-1.34420462380267,low_read
5513,and_consistent,15,15,-1.34420462380266,low_read
5861,the_essential,15,15,-1.34420462380266,low_read
5539,as_its,14,15,-1.34420462380265,low_read
5546,be_expected,14,15,-1.34420462380261,low_read
5557,capital_mobility,14,15,-1.34420462380261,low_read
5793,restrictions_and,15,15,-1.34420462380248,low_read
2413,are_characterized,29,30,-1.34420462371436,low_read
5882,the_players',11,15,-1.34420462371223,low_read
5741,of_solutions,12,15,-1.34420462371215,low_read
5621,for_aggregate,12,15,-1.34420462371215,low_read
5691,lag_model,12,15,-1.34420462371214,low_read
5862,the_export,10,15,-1.34420462371208,low_read
5934,walrasian_equilibrium,12,15,-1.34420462371206,low_read
5941,whereby_the,14,15,-1.34420462371206,low_read
5601,equilibrium_exists,14,15,-1.34420462371187,low_read
5932,via_the,15,15,-1.3442046236715,low_read
5895,the_sign,12,15,-1.34420462367145,low_read
5777,problem_with,15,15,-1.34420462367106,low_read
5878,the_numerical,13,15,-1.34420462367094,low_read
5602,equilibrium_payoffs,11,15,-1.34420462364973,low_read
9316,people_who,8,10,1.33756221314273,high_read
3987,even_after,20,20,1.33756221314265,high_read
8829,by_previous,10,10,1.33756221314261,high_read
4029,lower_in,20,20,1.33756221314249,high_read
4006,groups_and,19,20,1.33756221314242,high_read
9120,information_of,9,10,1.3375622131424,high_read
8792,bank_lending,7,10,1.33756221314239,high_read
9660,with_increases,10,10,1.33756221314237,high_read
9331,policy_we,10,10,1.33756221314235,high_read
8771,are_potentially,10,10,1.33756221314233,high_read
9096,in_south,8,10,1.33756221314231,high_read
9068,import_demand,7,10,1.33756221314227,high_read
9634,voting_behavior,9,10,1.33756221314227,high_read
8938,effect_we,9,10,1.33756221314225,high_read
9102,income_but,9,10,1.33756221314225,high_read
9429,sheds_light,10,10,1.33756221314224,high_read
9521,the_military,7,10,1.33756221314223,high_read
9506,the_election,8,10,1.33756221314223,high_read
9524,the_percentage,8,10,1.33756221314222,high_read
8891,cooperation_is,9,10,1.33756221314222,high_read
8730,and_choose,10,10,1.33756221314222,high_read
9028,gains_of,10,10,1.33756221314222,high_read
9294,option_is,7,10,1.33756221314219,high_read
8728,and_beliefs,10,10,1.33756221314219,high_read
9455,students_are,8,10,1.33756221314219,high_read
987,and_find,60,60,1.33756221314219,high_read
9029,gains_to,9,10,1.33756221314219,high_read
9343,prevalent_in,10,10,1.33756221314218,high_read
8897,country_specific,8,10,1.33756221314218,high_read
8915,discrimination_against,10,10,1.33756221314217,high_read
9203,much_higher,10,10,1.33756221314215,high_read
8962,estimate_an,10,10,1.33756221314212,high_read
9395,research_has,10,10,1.33756221314211,high_read
8818,but_their,10,10,1.33756221314211,high_read
9265,of_regulatory,9,10,1.33756221314211,high_read
9414,schooling_in,9,10,1.3375622131421,high_read
9277,of_to,9,10,1.33756221314209,high_read
8700,aggregate_output,9,10,1.33756221314209,high_read
9162,level_panel,10,10,1.33756221314208,high_read
9533,the_service,7,10,1.33756221314206,high_read
9236,of_families,10,10,1.33756221314206,high_read
9325,points_and,10,10,1.33756221314205,high_read
9592,to_participate,10,10,1.33756221314205,high_read
9447,spending_on,8,10,1.33756221314204,high_read
9516,the_indian,9,10,1.33756221314203,high_read
9296,or_her,9,10,1.33756221314203,high_read
9495,the_agreement,9,10,1.33756221314203,high_read
9254,of_negative,10,10,1.33756221314201,high_read
9318,plans_and,9,10,1.33756221314201,high_read
8717,among_all,9,10,1.33756221314201,high_read
9207,net_effect,10,10,1.337562213142,high_read
9175,low_wage,8,10,1.337562213142,high_read
9663,with_observed,10,10,1.337562213142,high_read
9657,white_collar,8,10,1.337562213142,high_read
9114,infer_the,10,10,1.33756221314198,high_read
8997,for_black,7,10,1.33756221314197,high_read
8986,family_labor,8,10,1.33756221314196,high_read
9045,has_implications,10,10,1.33756221314196,high_read
8697,agency_costs,7,10,1.33756221314195,high_read
8705,allocated_to,10,10,1.33756221314195,high_read
9598,to_simulate,10,10,1.33756221314193,high_read
9076,in_corporate,10,10,1.33756221314193,high_read
9437,social_learning,8,10,1.33756221314191,high_read
9209,new_technologies,10,10,1.33756221314189,high_read
9492,the_1960s,9,10,1.33756221314186,high_read
9329,policy_change,10,10,1.33756221314185,high_read
1740,survey_of,39,40,1.33756221314184,high_read
9380,redistribution_and,9,10,1.33756221314183,high_read
9578,to_expand,10,10,1.33756221314183,high_read
4034,money_illusion,10,20,1.33756221314183,high_read
9644,when_firms,8,10,1.33756221314182,high_read
9241,of_home,8,10,1.3375622131418,high_read
9185,market_work,8,10,1.33756221314179,high_read
9366,profitability_and,9,10,1.33756221314177,high_read
9651,which_depends,10,10,1.33756221314171,high_read
9159,large_share,10,10,1.3375622131417,high_read
9168,little_impact,10,10,1.33756221314166,high_read
9412,rural_areas,9,10,1.33756221314165,high_read
9264,of_reduced,10,10,1.33756221314164,high_read
9129,intraindustry_trade,5,10,1.33756221314164,high_read
2454,outcomes_of,28,30,1.33756221314156,high_read
9275,of_student,9,10,1.33756221314155,high_read
2453,our_empirical,29,30,1.33756221314134,high_read
9147,is_weak,10,10,1.33756221314131,high_read
644,upon_the,75,82,-1.33737854141943,low_read
39,shown_that,404,438,-1.33272255674476,low_read
1880,an_extension,36,37,-1.32912167270354,low_read
1571,property_rights,34,43,1.32669556210944,high_read
89,properties_of,246,272,-1.32169616623174,low_read
671,support_for,77,79,1.3198415402549,high_read
250,case_of,146,154,-1.3189311163086,low_read
876,are_obtained,64,66,-1.3189311157256,low_read
1525,the_exact,40,44,-1.31893111546399,low_read
3551,condition_on,21,22,-1.31893111534266,low_read
3591,in_continuous,21,22,-1.31893111534258,low_read
3667,the_definition,20,22,-1.31893111534258,low_read
3629,of_given,21,22,-1.31893111534252,low_read
3661,system_the,22,22,-1.31893111534248,low_read
3543,be_of,22,22,-1.31893111534239,low_read
3537,applies_to,21,22,-1.31893111534236,low_read
3602,intertemporal_substitution,21,22,-1.31893111534226,low_read
3531,analysis_in,20,22,-1.31893111534205,low_read
3709,weighted_average,17,22,-1.31893111528442,low_read
3604,is_formulated,21,22,-1.31893111525858,low_read
3570,example_is,21,22,-1.31893111525857,low_read
3582,form_and,21,22,-1.31893111525849,low_read
3394,explanations_for,23,23,1.317283373428,high_read
3417,inequality_and,20,23,1.31728337342796,high_read
3454,prevalence_of,23,23,1.31728337342781,high_read
3504,the_voting,18,23,1.31728337342773,high_read
3386,drop_in,19,23,1.3172833734277,high_read
3469,reveals_that,23,23,1.31728337342758,high_read
3484,the_adoption,22,23,1.31728337342743,high_read
633,correlated_with,76,82,1.31482116980573,high_read
2001,workers_in,28,36,1.31167839066841,high_read
1243,perfect_equilibrium,34,51,-1.31158440489812,low_read
106,class_of,228,254,-1.30714887657117,low_read
2591,the_input,22,29,-1.30603673774696,low_read
2550,of_estimating,27,29,-1.3060367377469,low_read
2542,kind_of,26,29,-1.3060367377469,low_read
578,evidence_on,84,88,1.30583141015379,high_read
6563,born_in,12,13,1.30179107612875,high_read
6933,rule_the,13,13,1.30179107612851,high_read
6810,of_conflict,12,13,1.30179107612849,high_read
6966,sticky_price,10,13,1.30179107612841,high_read
6545,as_source,13,13,1.3017910761284,high_read
6972,subjects_are,10,13,1.30179107612835,high_read
6867,paper_then,13,13,1.30179107612831,high_read
7020,the_laboratory,13,13,1.30179107612825,high_read
6668,for_firm,12,13,1.30179107612825,high_read
6570,can_help,12,13,1.30179107612824,high_read
2908,economists_have,25,26,1.3017910761282,high_read
6756,labor_input,11,13,1.30179107612818,high_read
6863,paid_by,11,13,1.30179107612818,high_read
6612,decisions_we,13,13,1.30179107612816,high_read
6969,strong_positive,12,13,1.30179107612815,high_read
7105,were_less,12,13,1.30179107612815,high_read
6730,information_from,13,13,1.30179107612814,high_read
6521,and_out,12,13,1.30179107612813,high_read
7049,there_was,13,13,1.30179107612813,high_read
6532,and_why,13,13,1.30179107612812,high_read
6506,an_event,12,13,1.30179107612809,high_read
6586,concerns_about,12,13,1.30179107612808,high_read
6981,tendency_to,13,13,1.30179107612808,high_read
6915,proxy_for,13,13,1.30179107612807,high_read
7051,these_predictions,13,13,1.30179107612807,high_read
6536,are_larger,13,13,1.30179107612803,high_read
6498,all_firms,12,13,1.30179107612803,high_read
6766,local_government,7,13,1.30179107612802,high_read
7004,the_community,11,13,1.30179107612801,high_read
6813,of_economics,13,13,1.301791076128,high_read
6895,price_data,13,13,1.30179107612797,high_read
6767,located_in,13,13,1.30179107612794,high_read
2895,by_changes,25,26,1.30179107612784,high_read
776,distributions_of,62,72,-1.29821503888281,low_read
1990,the_power,31,36,-1.29821503861406,low_read
1963,framework_of,35,36,-1.29821503861389,low_read
1971,money_is,32,36,-1.29821503857569,low_read
1974,of_perfect,32,36,-1.29821503857559,low_read
1547,be_estimated,40,43,-1.29296449162056,low_read
1550,deals_with,41,43,-1.2929644916193,low_read
1561,is_demonstrated,42,43,-1.29296449150751,low_read
489,necessary_and,90,100,-1.2891962244125,low_read
1265,prove_that,44,50,-1.28919622425503,low_read
683,such_that,72,78,-1.28092222762982,low_read
2243,design_of,30,32,1.27967782712781,high_read
5423,the_black,14,16,1.27967782712754,high_read
5124,an_experimental,15,16,1.27967782712751,high_read
5157,at_most,15,16,1.2796778271275,high_read
5357,pay_for,16,16,1.27967782712748,high_read
5468,to_better,16,16,1.27967782712746,high_read
5395,selection_in,15,16,1.27967782712742,high_read
5306,manufacturing_firms,15,16,1.27967782712742,high_read
5341,of_sales,15,16,1.2796778271274,high_read
5224,family_income,14,16,1.27967782712736,high_read
5254,have_little,15,16,1.27967782712732,high_read
5348,on_private,15,16,1.27967782712731,high_read
5290,is_strong,15,16,1.27967782712729,high_read
5255,have_long,16,16,1.27967782712718,high_read
2295,the_gains,27,32,1.27967782712716,high_read
2026,individuals_who,31,35,1.27151013481867,high_read
2067,the_late,32,35,1.27151013481854,high_read
1150,the_early,51,54,1.26909474419208,high_read
1095,solution_to,54,56,-1.26626689968286,low_read
1098,sum_of,51,56,-1.2662668996828,low_read
823,the_money,49,70,-1.26626689968274,low_read
1088,is_proposed,55,56,-1.26626689968265,low_read
941,point_of,58,63,-1.26626689968264,low_read
930,basis_for,56,63,-1.26626689968259,low_read
1305,the_relevant,46,49,-1.26626689968247,low_read
3831,of_course,21,21,-1.26626689963532,low_read
2667,it_would,28,28,-1.26626689963527,low_read
1613,is_studied,42,42,-1.26626689963524,low_read
2079,which_may,35,35,-1.26626689963522,low_read
2011,different_from,34,35,-1.26626689963516,low_read
2654,here_is,28,28,-1.26626689963515,low_read
1287,goods_are,42,49,-1.26626689963514,low_read
2628,at_all,28,28,-1.26626689963513,low_read
2031,made_to,35,35,-1.26626689963511,low_read
2078,which_in,34,35,-1.2662668996351,low_read
3928,with_that,20,21,-1.26626689961426,low_read
3852,partial_equilibrium,18,21,-1.26626689961422,low_read
3880,the_equation,19,21,-1.26626689961421,low_read
3844,of_value,18,21,-1.2662668996142,low_read
2697,substitution_between,25,28,-1.2662668996142,low_read
3896,then_applied,21,21,-1.2662668996142,low_read
3915,useful_in,21,21,-1.26626689961418,low_read
3780,given_in,20,21,-1.26626689961418,low_read
3762,establish_the,20,21,-1.26626689961418,low_read
3741,commodity_prices,17,21,-1.26626689961417,low_read
3719,and_interest,21,21,-1.26626689961417,low_read
3750,depends_upon,21,21,-1.26626689961416,low_read
3838,of_multiple,20,21,-1.26626689961416,low_read
3926,with_constant,21,21,-1.26626689961415,low_read
3912,under_conditions,20,21,-1.26626689961412,low_read
6409,then_be,14,14,-1.26626689961404,low_read
6006,attempted_to,14,14,-1.26626689961398,low_read
3876,the_corporate,14,21,-1.266266899605,low_read
6358,that_its,14,14,-1.26626689960486,low_read
6045,complete_markets,14,14,-1.26626689960481,low_read
6474,with_complete,14,14,-1.26626689960476,low_read
6094,expectations_the,13,14,-1.26626689960475,low_read
5960,alternative_models,13,14,-1.26626689960473,low_read
6248,of_tariffs,12,14,-1.26626689960472,low_read
6335,sufficiently_patient,14,14,-1.26626689960471,low_read
6389,the_portfolio,13,14,-1.2662668996047,low_read
6116,functions_is,14,14,-1.26626689960468,low_read
5988,are_all,14,14,-1.26626689960467,low_read
6160,innovations_in,14,14,-1.26626689960465,low_read
6441,traded_goods,9,14,-1.26626689960465,low_read
6095,expected_rate,12,14,-1.26626689960464,low_read
6266,only_with,14,14,-1.26626689960463,low_read
6422,this_procedure,14,14,-1.26626689960463,low_read
6194,many_cases,14,14,-1.26626689960462,low_read
6130,ie_the,13,14,-1.26626689960461,low_read
6348,testing_for,12,14,-1.2662668996046,low_read
6085,equilibrium_are,14,14,-1.26626689960459,low_read
5993,are_either,13,14,-1.26626689960459,low_read
6115,functional_forms,14,14,-1.26626689960459,low_read
6482,with_zero,14,14,-1.26626689960457,low_read
6320,set_for,13,14,-1.26626689960456,low_read
6064,derived_by,14,14,-1.26626689960456,low_read
6421,this_essay,12,14,-1.26626689960456,low_read
6110,formulated_in,13,14,-1.26626689960456,low_read
6133,in_applied,12,14,-1.26626689960455,low_read
6385,the_observable,10,14,-1.26626689960455,low_read
6038,characterizations_of,14,14,-1.26626689960455,low_read
5955,allocations_and,12,14,-1.26626689960455,low_read
6187,linear_models,14,14,-1.26626689960454,low_read
6328,state_variable,14,14,-1.26626689960453,low_read
6305,rejection_of,14,14,-1.26626689960453,low_read
6394,the_pure,13,14,-1.26626689960453,low_read
6023,by_any,14,14,-1.26626689960451,low_read
6331,stock_in,10,14,-1.2662668996045,low_read
6327,sort_of,14,14,-1.2662668996045,low_read
6001,as_given,14,14,-1.2662668996045,low_read
6384,the_moments,13,14,-1.26626689960449,low_read
6371,the_equations,14,14,-1.26626689960448,low_read
6427,to_accommodate,13,14,-1.26626689960446,low_read
6088,equilibrium_under,12,14,-1.26626689960065,low_read
6018,best_response,12,14,-1.26626689960047,low_read
6306,representing_the,11,14,-1.26626689960047,low_read
6074,economic_system,11,14,-1.26626689960047,low_read
6136,in_conventional,11,14,-1.26626689960045,low_read
6443,treatment_effect,11,14,-1.26626689960045,low_read
4409,we_build,19,19,1.26465087126679,high_read
4157,are_large,19,19,1.26465087126656,high_read
4237,free_riding,16,19,1.26465087126656,high_read
4380,times_the,19,19,1.26465087126634,high_read
716,the_evidence,76,76,1.26465087126629,high_read
4407,want_to,19,19,1.26465087126629,high_read
4192,created_by,19,19,1.26465087126627,high_read
4145,and_efficiency,19,19,1.2646508712662,high_read
4386,to_greater,19,19,1.26465087126619,high_read
4288,of_black,13,19,1.26465087126617,high_read
4185,consumer_expenditure,19,19,1.26465087126617,high_read
4355,that_increased,17,19,1.26465087126616,high_read
4299,on_income,15,19,1.26465087126615,high_read
4315,population_survey,18,19,1.26465087126613,high_read
4187,contrast_the,19,19,1.26465087126607,high_read
4290,of_female,18,19,1.26465087126606,high_read
4240,gain_from,17,19,1.26465087126606,high_read
4176,can_reduce,19,19,1.26465087126602,high_read
232,problem_of,147,160,-1.25917708567966,low_read
1496,evidence_for,44,44,1.25377323731146,high_read
1506,link_between,41,44,1.25377323731146,high_read
3630,of_group,21,22,1.25377323731135,high_read
3608,is_significantly,21,22,1.25377323731133,high_read
3594,in_productivity,21,22,1.25377323731128,high_read
3526,accounted_for,22,22,1.25377323731125,high_read
721,we_have,57,76,-1.25138194291603,low_read
528,empirical_evidence,91,94,1.24938786595278,high_read
957,functions_are,57,62,-1.24804228288519,low_read
3161,welfare_gains,23,25,1.24553437033184,high_read
3058,for_firms,24,25,1.24553437033161,high_read
253,purpose_of,142,151,-1.24385114906029,low_read
1331,is_discussed,48,48,-1.24277043668182,low_read
1163,cross_country,45,53,1.24212149675799,high_read
194,conditions_for,158,178,-1.24093873868144,low_read
572,assumed_to,77,89,-1.24093873852924,low_read
573,conditions_are,78,89,-1.24093873846216,low_read
2618,and_earnings,24,28,1.23907774205456,high_read
2630,attributable_to,26,28,1.23907774205451,high_read
2726,we_report,28,28,1.23907774205397,high_read
1666,functional_form,38,41,-1.23879729062255,low_read
1667,in_production,38,41,-1.23879729062253,low_read
730,of_some,75,75,-1.236260259679,low_read
2321,assigned_to,26,31,1.23388139397811,high_read
845,function_and,65,68,-1.2332068679841,low_read
2093,corresponding_to,31,34,-1.23320686794788,low_read
2124,of_commodities,31,34,-1.23320686794784,low_read
97,impact_of,233,263,1.2311191047651,high_read
120,the_impact,219,238,1.22960908852731,high_read
2139,than_to,34,34,1.229609088527,high_read
1145,of_utility,51,54,-1.22475918788098,low_read
2869,we_assume,27,27,-1.22475918787169,low_read
2779,general_model,25,27,-1.2247591878716,low_read
2834,structure_in,27,27,-1.22475918787154,low_read
2870,we_give,27,27,-1.22475918786786,low_read
2837,testing_the,23,27,-1.22475918786784,low_read
2771,factor_endowments,20,27,-1.22475918786781,low_read
2843,the_econometric,23,27,-1.22475918786774,low_read
2747,are_defined,26,27,-1.22475918786771,low_read
144,the_case,193,209,-1.22338961276194,low_read
1718,division_of,34,40,1.22299945052267,high_read
1562,is_due,40,43,1.22039047101683,high_read
1396,variables_in,44,47,-1.21867891688476,low_read
1002,is_concerned,59,60,-1.21051104896968,low_read
4012,in_empirical,20,20,-1.2105110489594,low_read
4107,the_whole,19,20,-1.21051104895939,low_read
3995,for_determining,20,20,-1.21051104895933,low_read
4093,the_arrow,18,20,-1.21051104895871,low_read
4073,ranking_of,19,20,-1.2105110489586,low_read
4024,is_strictly,19,20,-1.21051104895859,low_read
4122,to_satisfy,19,20,-1.21051104895857,low_read
3972,convergence_to,17,20,-1.21051104895852,low_read
3990,existence_and,20,20,-1.21051104895849,low_read
4078,resolution_of,17,20,-1.21051104895846,low_read
4054,paper_establishes,20,20,-1.21051104895844,low_read
4118,to_model,19,20,-1.21051104895842,low_read
1179,sense_that,53,53,-1.20330628792924,low_read
1170,identification_of,44,53,-1.20330628792304,low_read
2214,these_conditions,33,33,-1.1989571519676,low_read
2201,sense_of,33,33,-1.19895715196758,low_read
2159,are_available,32,33,-1.19895715196756,low_read
2216,to_each,31,33,-1.19895715196535,low_read
1403,are_provided,46,46,-1.19396230333367,low_read
240,in_general,144,157,-1.18873137558766,low_read
1938,about_their,35,36,1.18582153456434,high_read
4560,much_larger,18,18,1.18582153456427,high_read
4435,and_product,18,18,1.18582153456425,high_read
4432,and_exit,15,18,1.18582153456423,high_read
4587,ownership_and,18,18,1.1858215345642,high_read
3900,this_relationship,21,21,1.18582153456419,high_read
1617,of_job,34,42,1.18582153456417,high_read
4531,incentives_in,18,18,1.18582153456415,high_read
7573,part_by,12,12,1.18582153456412,high_read
3254,more_in,24,24,1.18582153456412,high_read
4436,and_returns,16,18,1.18582153456412,high_read
4661,the_entry,18,18,1.1858215345641,high_read
7199,are_particularly,12,12,1.18582153456409,high_read
5613,factors_such,15,15,1.18582153456409,high_read
3864,severity_of,21,21,1.18582153456408,high_read
3829,of_bank,17,21,1.18582153456408,high_read
4592,performance_is,17,18,1.18582153456407,high_read
3735,by_contrast,21,21,1.18582153456405,high_read
7210,aware_of,12,12,1.18582153456405,high_read
3723,are_lower,19,21,1.18582153456404,high_read
7719,the_intergenerational,12,12,1.18582153456403,high_read
3818,net_worth,12,21,1.18582153456402,high_read
3769,firms_the,21,21,1.18582153456401,high_read
3930,workers_with,18,21,1.185821534564,high_read
3757,effort_to,21,21,1.185821534564,high_read
7602,profit_sharing,10,12,1.18582153456399,high_read
7505,new_products,9,12,1.18582153456397,high_read
7705,the_city,11,12,1.18582153456397,high_read
7824,voting_rule,8,12,1.18582153456397,high_read
3775,for_new,20,21,1.18582153456397,high_read
7381,how_do,12,12,1.18582153456396,high_read
7530,of_management,10,12,1.18582153456396,high_read
7543,of_why,12,12,1.18582153456395,high_read
7653,some_degree,11,12,1.18582153456395,high_read
5642,habit_formation,10,15,1.18582153456394,high_read
5671,interactions_between,14,15,1.18582153456393,high_read
7611,protection_in,11,12,1.18582153456392,high_read
7748,theoretic_model,12,12,1.18582153456392,high_read
7295,driving_force,12,12,1.18582153456392,high_read
5842,that_after,15,15,1.18582153456392,high_read
3910,trade_flows,16,21,1.18582153456391,high_read
5596,endowment_effect,7,15,1.18582153456391,high_read
7546,on_large,12,12,1.18582153456391,high_read
7650,similar_in,12,12,1.18582153456391,high_read
7565,outcomes_for,12,12,1.18582153456389,high_read
5610,experiment_with,13,15,1.18582153456388,high_read
2218,to_large,32,33,1.18582153456388,high_read
7826,wage_increases,9,12,1.18582153456387,high_read
7481,marriage_and,10,12,1.18582153456387,high_read
7211,banks_to,10,12,1.18582153456386,high_read
7722,the_left,10,12,1.18582153456386,high_read
3257,much_less,24,24,1.18582153456386,high_read
5930,utilization_of,13,15,1.18582153456386,high_read
7483,may_induce,12,12,1.18582153456385,high_read
4523,in_household,15,18,1.18582153456385,high_read
5696,little_is,15,15,1.18582153456384,high_read
5790,reservation_wages,9,15,1.18582153456384,high_read
4599,presents_new,18,18,1.18582153456384,high_read
7377,historical_data,11,12,1.18582153456383,high_read
7474,market_frictions,10,12,1.18582153456383,high_read
5889,the_rich,12,15,1.18582153456383,high_read
2222,with_lower,31,33,1.18582153456383,high_read
5559,changes_for,14,15,1.18582153456383,high_read
7504,new_model,12,12,1.18582153456383,high_read
7178,and_persistent,12,12,1.18582153456382,high_read
7413,incentives_of,11,12,1.18582153456382,high_read
5659,in_kind,9,15,1.18582153456382,high_read
5711,more_difficult,15,15,1.18582153456382,high_read
7225,bilateral_trade,10,12,1.18582153456381,high_read
5519,and_incentives,14,15,1.18582153456381,high_read
7732,the_profits,11,12,1.18582153456381,high_read
7189,apply_this,12,12,1.1858215345638,high_read
5672,interest_groups,14,15,1.1858215345638,high_read
4586,output_growth,14,18,1.1858215345638,high_read
4655,that_prices,17,18,1.1858215345638,high_read
2839,the_1970s,25,27,1.1858215345638,high_read
7446,journal_of,11,12,1.1858215345638,high_read
2792,liquidity_constraints,20,27,1.18582153456378,high_read
7462,living_standards,10,12,1.18582153456378,high_read
7699,that_public,12,12,1.18582153456378,high_read
1453,incentives_for,42,45,1.18582153456377,high_read
7488,model_generates,12,12,1.18582153456377,high_read
7201,are_supported,12,12,1.18582153456377,high_read
4682,theoretical_predictions,17,18,1.18582153456376,high_read
7246,children_are,11,12,1.18582153456376,high_read
7447,key_features,12,12,1.18582153456376,high_read
7345,for_about,12,12,1.18582153456376,high_read
5517,and_family,14,15,1.18582153456375,high_read
7290,direct_evidence,11,12,1.18582153456375,high_read
7177,and_performance,11,12,1.18582153456375,high_read
5927,using_two,15,15,1.18582153456375,high_read
5612,exploits_the,15,15,1.18582153456374,high_read
3287,positive_effect,23,24,1.18582153456374,high_read
5679,is_inefficient,15,15,1.18582153456374,high_read
5606,estimates_that,14,15,1.18582153456374,high_read
5658,in_industries,15,15,1.18582153456374,high_read
7236,can_create,12,12,1.18582153456374,high_read
5507,an_effect,14,15,1.18582153456373,high_read
7285,develops_new,11,12,1.18582153456373,high_read
7145,also_study,12,12,1.18582153456372,high_read
7396,in_cross,12,12,1.18582153456372,high_read
3208,costs_we,24,24,1.18582153456372,high_read
4527,in_society,18,18,1.18582153456372,high_read
4502,from_different,17,18,1.18582153456371,high_read
7743,their_information,11,12,1.1858215345637,high_read
5900,there_were,15,15,1.1858215345637,high_read
5758,panel_study,15,15,1.18582153456369,high_read
5746,of_worker,14,15,1.18582153456369,high_read
2429,framework_to,29,30,1.18582153456369,high_read
4440,and_what,18,18,1.18582153456369,high_read
7332,exit_and,10,12,1.18582153456368,high_read
7268,crowd_out,8,12,1.18582153456368,high_read
7728,the_outcomes,11,12,1.18582153456367,high_read
7845,with_simple,12,12,1.18582153456367,high_read
1788,of_state,33,39,1.18582153456366,high_read
7186,and_were,11,12,1.18582153456366,high_read
5763,per_worker,11,15,1.18582153456365,high_read
7364,group_and,12,12,1.18582153456365,high_read
3226,government_spending,18,24,1.18582153456364,high_read
7715,the_endowment,7,12,1.18582153456364,high_read
7758,this_comment,11,12,1.18582153456363,high_read
5813,significantly_higher,14,15,1.18582153456363,high_read
2437,is_much,29,30,1.18582153456363,high_read
7494,more_pronounced,12,12,1.18582153456362,high_read
3340,years_and,24,24,1.18582153456362,high_read
4621,resulting_in,18,18,1.18582153456361,high_read
7297,earnings_are,11,12,1.18582153456361,high_read
5905,this_market,15,15,1.18582153456361,high_read
3269,of_knowledge,21,24,1.18582153456361,high_read
7208,at_higher,10,12,1.1858215345636,high_read
5565,chosen_by,14,15,1.1858215345636,high_read
7167,and_differences,12,12,1.1858215345636,high_read
4487,entry_of,16,18,1.18582153456359,high_read
5801,savings_behavior,10,15,1.18582153456357,high_read
1146,prior_to,52,54,1.18582153456356,high_read
1338,respond_to,47,48,1.18582153456355,high_read
5942,with_greater,14,15,1.18582153456355,high_read
7242,census_data,12,12,1.18582153456354,high_read
2818,plant_level,22,27,1.18582153456354,high_read
7393,improves_the,12,12,1.18582153456354,high_read
1596,developing_countries,39,42,1.18582153456352,high_read
1466,productivity_and,40,45,1.18582153456352,high_read
5578,countries_that,14,15,1.18582153456352,high_read
7585,predictive_power,12,12,1.18582153456352,high_read
4643,stock_price,13,18,1.18582153456351,high_read
2754,cash_flow,15,27,1.1858215345635,high_read
2865,trade_policy,20,27,1.18582153456345,high_read
5544,at_low,15,15,1.18582153456337,high_read
7687,than_average,8,12,1.18582153456324,high_read
5541,as_predicted,13,15,1.18582153456322,high_read
5685,is_stronger,15,15,1.1858215345632,high_read
7307,empirical_estimates,12,12,1.18582153456278,high_read
687,the_solution,65,78,-1.18135956706987,low_read
2905,developed_for,26,26,-1.18135956706444,low_read
2887,as_is,26,26,-1.18135956706442,low_read
2891,be_viewed,25,26,-1.18135956706441,low_read
1764,and_second,37,39,-1.18135956706436,low_read
2993,the_restrictions,23,26,-1.18135956706436,low_read
1778,extends_the,38,39,-1.18135956706435,low_read
1798,paper_discusses,39,39,-1.18135956706428,low_read
1780,first_best,28,39,-1.18135956706377,low_read
6884,point_the,12,13,-1.18135956706376,low_read
6991,that_other,13,13,-1.18135956706367,low_read
6864,paper_and,13,13,-1.18135956706365,low_read
2894,budget_constraint,21,26,-1.18135956706363,low_read
6515,and_discuss,12,13,-1.18135956706361,low_read
6533,are_equivalent,12,13,-1.18135956706356,low_read
6868,paper_to,13,13,-1.18135956706355,low_read
6615,defined_and,13,13,-1.18135956706355,low_read
6731,inputs_are,12,13,-1.18135956706353,low_read
7023,the_markets,10,13,-1.18135956706352,low_read
6967,strategies_for,13,13,-1.18135956706352,low_read
6941,sectors_the,12,13,-1.18135956706352,low_read
6511,analysis_has,13,13,-1.18135956706351,low_read
6821,of_introducing,13,13,-1.18135956706351,low_read
6493,adjustment_to,12,13,-1.18135956706351,low_read
6699,however_it,13,13,-1.1813595670635,low_read
7087,two_examples,13,13,-1.1813595670635,low_read
6682,governed_by,12,13,-1.18135956706349,low_read
6893,presented_the,13,13,-1.18135956706349,low_read
6949,showing_how,13,13,-1.18135956706348,low_read
6659,exist_and,13,13,-1.18135956706348,low_read
6987,that_involve,12,13,-1.18135956706348,low_read
6725,independent_private,12,13,-1.18135956706347,low_read
6940,sector_specific,10,13,-1.18135956706347,low_read
6853,or_of,13,13,-1.18135956706347,low_read
7107,when_and,12,13,-1.18135956706347,low_read
7090,unique_and,13,13,-1.18135956706346,low_read
6587,condition_of,13,13,-1.18135956706346,low_read
7017,the_instrumental,11,13,-1.18135956706345,low_read
6712,in_first,13,13,-1.18135956706345,low_read
6504,an_analytical,11,13,-1.18135956706345,low_read
7009,the_derivation,13,13,-1.18135956706344,low_read
6855,other_agents,12,13,-1.18135956706344,low_read
6846,one_the,12,13,-1.18135956706344,low_read
6539,are_risk,13,13,-1.18135956706344,low_read
7127,yields_an,13,13,-1.18135956706343,low_read
6913,proved_that,12,13,-1.18135956706343,low_read
6560,between_aggregate,10,13,-1.18135956706343,low_read
7069,to_fixed,13,13,-1.18135956706343,low_read
6892,present_the,13,13,-1.18135956706342,low_read
6618,depends_only,11,13,-1.18135956706342,low_read
6952,single_crossing,11,13,-1.18135956706342,low_read
7064,to_draw,12,13,-1.18135956706342,low_read
6906,procedures_that,11,13,-1.18135956706341,low_read
6610,data_as,13,13,-1.1813595670634,low_read
6557,beliefs_are,11,13,-1.18135956706339,low_read
7104,we_will,11,13,-1.18135956706339,low_read
7119,with_linear,13,13,-1.18135956706337,low_read
6609,criterion_of,13,13,-1.18135956706335,low_read
6866,paper_gives,13,13,-1.18135956706333,low_read
6644,environments_with,13,13,-1.18135956706332,low_read
6828,of_period,9,13,-1.18135956706331,low_read
6661,experiments_the,13,13,-1.1813595670633,low_read
7022,the_log,9,13,-1.1813595670632,low_read
804,only_the,69,71,-1.17325213257112,low_read
330,the_purpose,123,129,-1.17243759031381,low_read
156,during_the,167,202,1.17122270261462,high_read
67,shown_to,284,315,-1.16858822082237,low_read
521,values_of,86,96,-1.16343147982974,low_read
912,comparative_statics,57,64,-1.16343147982743,low_read
2229,are_to,30,32,-1.16343147982583,low_read
2290,the_comparative,31,32,-1.16343147982576,low_read
2227,and_which,32,32,-1.16343147982575,low_read
2236,classes_of,29,32,-1.16343147982562,low_read
2245,discussed_in,29,32,-1.16343147982549,low_read
902,gains_from,60,65,1.16316653068946,high_read
1025,the_timing,56,59,1.16087178823752,high_read
364,are_derived,117,121,-1.15769935788191,low_read
527,driven_by,92,94,1.15453324624892,high_read
1484,and_economic,41,44,1.15241120644606,high_read
1529,the_poor,34,44,1.15241120644591,high_read
4339,section_ii,19,19,-1.15128975428865,low_read
4382,to_as,19,19,-1.15128975428853,low_read
4344,space_and,18,19,-1.15128975428838,low_read
4194,demonstrate_the,18,19,-1.15128975428823,low_read
4414,which_he,17,19,-1.15128975428823,low_read
4152,and_used,19,19,-1.15128975428799,low_read
4387,to_imply,18,19,-1.15128975428799,low_read
4282,necessary_condition,19,19,-1.15128975428799,low_read
1068,of_competitive,51,57,-1.15128975428794,low_read
1852,optimal_policy,27,38,-1.15128975428791,low_read
4183,conclusions_are,19,19,-1.15128975428777,low_read
1835,given_to,37,38,-1.15128975428774,low_read
1863,the_coefficient,33,38,-1.15128975428764,low_read
713,preferences_are,66,76,-1.15128975428752,low_read
4340,sector_model,17,19,-1.15128975428744,low_read
4395,two_step,17,19,-1.15128975428742,low_read
4354,that_every,19,19,-1.1512897542874,low_read
4276,macroeconomic_model,19,19,-1.15128975428736,low_read
1846,of_choice,34,38,-1.15128975428731,low_read
4154,are_calculated,17,19,-1.15128975428721,low_read
1073,stability_of,52,57,-1.15128975428712,low_read
1658,control_for,40,41,1.14998034853128,high_read
1695,that_firms,37,41,1.14998034853059,high_read
1847,of_households,34,38,1.14716796034749,high_read
1841,increases_with,38,38,1.14716796034718,high_read
2038,no_effect,35,35,1.14387655491092,high_read
2046,of_productivity,29,35,1.1438765549106,high_read
1509,of_general,44,44,-1.14252170625943,low_read
113,in_terms,212,245,-1.1418438998433,low_read
2282,self_control,19,32,1.1399723341494,high_read
2298,the_right,32,32,1.13997233414939,high_read
728,more_general,74,75,-1.13589251901843,low_read
1274,the_various,46,50,-1.13589251901781,low_read
3151,to_consider,23,25,-1.1358925190178,low_read
3043,econometric_models,24,25,-1.13589251901752,low_read
1263,of_structural,42,50,-1.13589251901751,low_read
3141,the_slope,16,25,-1.1358925190175,low_read
3110,series_and,25,25,-1.13589251901746,low_read
3048,equations_are,22,25,-1.13589251901741,low_read
3135,the_monopolist,14,25,-1.1358925190174,low_read
2557,of_total,28,29,1.13526654301845,high_read
2578,states_in,29,29,1.13526654301844,high_read
2536,how_much,29,29,1.13526654301842,high_read
212,examine_the,162,168,1.13347563137579,high_read
285,effects_on,131,139,1.13310211052005,high_read
1091,of_exchange,45,56,-1.13070454344485,low_read
1090,of_change,42,56,-1.13070454344481,low_read
127,paper_is,222,230,-1.12957911177235,low_read
2979,some_evidence,26,26,1.12948401550984,high_read
2999,threat_of,24,26,1.12948401550959,high_read
1218,we_explore,49,52,1.12948401550954,high_read
2381,study_is,31,31,-1.1265338201914,low_read
965,the_quantity,46,62,-1.12653382019138,low_read
2329,conditions_in,29,31,-1.12653382019132,low_read
2383,the_assumptions,29,31,-1.12653382019129,low_read
2341,games_in,31,31,-1.12653382019117,low_read
2317,are_studied,31,31,-1.12653382019115,low_read
2380,structural_parameters,27,31,-1.12653382019111,low_read
324,must_be,127,130,-1.12474078978415,low_read
3354,are_highly,23,23,1.12220731721309,high_read
3507,to_accept,22,23,1.12220731721299,high_read
1441,willingness_to,41,46,1.12220731721281,high_read
3355,are_low,20,23,1.12220731721273,high_read
3501,the_threat,21,23,1.12220731721268,high_read
3502,the_typical,22,23,1.12220731721264,high_read
3451,poor_countries,15,23,1.12220731721233,high_read
278,expected_utility,90,142,-1.12161445564125,low_read
1917,regarded_as,35,37,-1.12024346814517,low_read
1924,the_efficient,33,37,-1.12024346814509,low_read
1936,which_have,36,37,-1.12024346814504,low_read
1541,accounting_for,42,43,1.11781510427235,high_read
933,did_not,58,63,1.11621302133967,high_read
1553,estimated_by,42,43,-1.11572492606665,low_read
1560,is_characterized,40,43,-1.1157249260663,low_read
4112,this_issue,20,20,1.11277110392896,high_read
4003,gap_between,20,20,1.11277110392882,high_read
4066,pricing_of,18,20,1.11277110392849,high_read
4132,we_address,20,20,1.11277110392847,high_read
3981,effects_for,18,20,1.1127711039284,high_read
4117,to_learn,20,20,1.11277110392836,high_read
4120,to_our,20,20,1.11277110392834,high_read
4125,toward_the,20,20,1.11277110392826,high_read
4116,to_eliminate,18,20,1.11277110392824,high_read
3988,examine_how,20,20,1.11277110392824,high_read
1730,of_low,38,40,1.1127711039282,high_read
4082,schooling_and,18,20,1.11277110392819,high_read
4135,with_our,20,20,1.11277110392816,high_read
4119,to_occur,19,20,1.11277110392814,high_read
3951,and_wealth,19,20,1.11277110392811,high_read
4081,sales_of,18,20,1.11277110392811,high_read
4109,the_years,19,20,1.11277110392808,high_read
506,the_test,66,98,-1.11232197556357,low_read
1285,extension_of,49,49,-1.11232197556342,low_read
1928,this_effect,35,37,1.10691852344409,high_read
1890,firm_size,26,37,1.10691852344387,high_read
871,sets_of,59,67,-1.10579167698992,low_read
665,is_then,78,79,-1.10309965282369,low_read
613,the_estimation,81,85,-1.10203999965157,low_read
2152,to_improve,33,34,1.10004586226925,high_read
2140,the_design,30,34,1.10004586226876,high_read
4976,prospect_theory,14,17,1.10004586226821,high_read
4950,on_employment,14,17,1.10004586226799,high_read
4878,individuals_and,17,17,1.10004586226799,high_read
5099,unrelated_to,17,17,1.1000458622679,high_read
4809,creation_and,15,17,1.10004586226788,high_read
4733,act_of,16,17,1.10004586226785,high_read
4908,long_and,16,17,1.10004586226784,high_read
4851,for_our,16,17,1.10004586226783,high_read
5014,tested_using,17,17,1.10004586226783,high_read
4825,empirically_the,17,17,1.10004586226778,high_read
5085,to_three,17,17,1.10004586226777,high_read
4805,consumers_have,16,17,1.10004586226772,high_read
4859,growth_we,17,17,1.10004586226772,high_read
4852,for_workers,17,17,1.10004586226771,high_read
4837,examines_how,17,17,1.10004586226771,high_read
4877,incentive_for,15,17,1.10004586226767,high_read
4775,at_home,14,17,1.10004586226766,high_read
2146,those_in,33,34,1.10004586226716,high_read
635,effects_are,78,82,1.0969492375641,high_read
899,explanation_for,64,65,1.09613980449799,high_read
891,benefits_of,62,65,1.0961398044978,high_read
254,rational_expectations,114,151,-1.09595616644182,low_read
2358,of_countries,28,31,1.09186075200072,high_read
2399,volume_of,25,31,1.09186075200068,high_read
2335,durable_goods,21,31,1.09186075200045,high_read
707,firms_in,71,76,1.09003248261588,high_read
1341,the_alternative,42,48,-1.08815685229334,low_read
7662,statics_of,11,12,-1.08815685229329,low_read
7390,imply_the,12,12,-1.08815685229327,low_read
7511,not_take,12,12,-1.08815685229326,low_read
3316,the_domestic,20,24,-1.08815685229325,low_read
7575,paths_of,12,12,-1.08815685229324,low_read
7137,aggregate_and,10,12,-1.08815685229323,low_read
3174,an_exchange,23,24,-1.08815685229322,low_read
7166,and_continuous,12,12,-1.08815685229321,low_read
7507,nonparametric_estimation,11,12,-1.08815685229319,low_read
3229,heckscher_ohlin,16,24,-1.08815685229319,low_read
7193,are_and,12,12,-1.08815685229318,low_read
7428,instruments_are,11,12,-1.08815685229315,low_read
7409,in_specific,11,12,-1.08815685229308,low_read
7777,to_assume,11,12,-1.08815685229302,low_read
3238,is_employed,23,24,-1.088156852293,low_read
3214,discount_factor,23,24,-1.088156852293,low_read
7316,equations_that,11,12,-1.08815685229298,low_read
7248,choice_the,12,12,-1.08815685229297,low_read
7327,estimation_problems,8,12,-1.08815685229297,low_read
7721,the_kind,11,12,-1.08815685229296,low_read
7659,states_as,11,12,-1.08815685229295,low_read
3220,examples_are,24,24,-1.08815685229295,low_read
4470,corresponds_to,15,18,-1.08815685229288,low_read
7671,subsets_of,11,12,-1.08815685229288,low_read
7627,result_for,12,12,-1.08815685229287,low_read
4675,the_significance,18,18,-1.08815685229286,low_read
3241,is_subject,22,24,-1.08815685229285,low_read
4489,errors_are,18,18,-1.08815685229285,low_read
4471,cost_pricing,15,18,-1.08815685229285,low_read
7675,substitution_effects,12,12,-1.08815685229285,low_read
7383,identical_to,11,12,-1.08815685229285,low_read
7234,by_each,10,12,-1.08815685229284,low_read
4555,method_and,16,18,-1.08815685229284,low_read
7610,proposition_is,12,12,-1.08815685229284,low_read
4507,general_conditions,18,18,-1.08815685229284,low_read
7367,has_to,12,12,-1.08815685229283,low_read
4526,in_simultaneous,18,18,-1.08815685229283,low_read
7411,in_structural,12,12,-1.08815685229283,low_read
4423,allow_the,18,18,-1.08815685229282,low_read
4589,paper_has,18,18,-1.08815685229282,low_read
7781,to_dominate,12,12,-1.08815685229282,low_read
7237,can_easily,12,12,-1.08815685229281,low_read
4561,new_results,17,18,-1.08815685229281,low_read
7587,preference_ordering,7,12,-1.08815685229281,low_read
7183,and_stochastic,12,12,-1.08815685229281,low_read
7291,distribution_for,7,12,-1.08815685229281,low_read
7270,data_is,12,12,-1.0881568522928,low_read
4557,models_which,18,18,-1.0881568522928,low_read
7289,diminishing_returns,9,12,-1.0881568522928,low_read
4629,series_is,15,18,-1.0881568522928,low_read
1587,are_assumed,40,42,-1.08815685229279,low_read
7578,players_have,12,12,-1.08815685229279,low_read
7759,this_economy,11,12,-1.08815685229279,low_read
7514,object_of,10,12,-1.08815685229279,low_read
3339,with_finite,23,24,-1.08815685229278,low_read
7303,element_of,12,12,-1.08815685229278,low_read
7537,of_seasonal,6,12,-1.08815685229278,low_read
7334,expectations_hypothesis,11,12,-1.08815685229277,low_read
7745,then_it,12,12,-1.08815685229277,low_read
7458,linear_combination,12,12,-1.08815685229277,low_read
7227,both_cases,11,12,-1.08815685229277,low_read
4703,two_alternative,18,18,-1.08815685229277,low_read
7206,assets_to,11,12,-1.08815685229277,low_read
7431,investment_are,12,12,-1.08815685229276,low_read
7485,may_result,11,12,-1.08815685229276,low_read
7181,and_rational,12,12,-1.08815685229276,low_read
7513,note_that,12,12,-1.08815685229276,low_read
7718,the_gmm,7,12,-1.08815685229275,low_read
7445,it_turns,11,12,-1.08815685229275,low_read
7685,terms_and,11,12,-1.08815685229275,low_read
7212,bayesian_nash,11,12,-1.08815685229275,low_read
7425,individual_specific,7,12,-1.08815685229275,low_read
4563,not_possible,16,18,-1.08815685229274,low_read
7778,to_bring,12,12,-1.08815685229274,low_read
7623,rent_seeking,10,12,-1.08815685229274,low_read
7382,hypotheses_about,11,12,-1.08815685229274,low_read
7740,the_varying,5,12,-1.08815685229274,low_read
4486,endowments_and,16,18,-1.08815685229274,low_read
7588,preferences_can,11,12,-1.08815685229274,low_read
7817,upper_and,12,12,-1.08815685229273,low_read
4442,are_identical,18,18,-1.08815685229273,low_read
7536,of_restrictions,12,12,-1.08815685229273,low_read
7173,and_makes,12,12,-1.08815685229273,low_read
7254,commodity_price,10,12,-1.08815685229273,low_read
7635,seen_to,12,12,-1.08815685229273,low_read
1944,be_applied,36,36,-1.08815685229273,low_read
4723,with_imperfect,17,18,-1.08815685229273,low_read
7666,strategy_of,12,12,-1.08815685229272,low_read
4438,and_testing,17,18,-1.08815685229272,low_read
4488,equilibrium_theory,17,18,-1.08815685229272,low_read
3249,maximization_of,21,24,-1.08815685229271,low_read
7257,conditional_variance,9,12,-1.08815685229271,low_read
7487,mixture_of,10,12,-1.08815685229271,low_read
4462,coincide_with,17,18,-1.08815685229271,low_read
7168,and_distribution,12,12,-1.0881568522927,low_read
7202,are_those,12,12,-1.0881568522927,low_read
7441,is_incomplete,12,12,-1.0881568522927,low_read
4422,allocations_in,17,18,-1.0881568522927,low_read
7148,alternatives_is,12,12,-1.0881568522927,low_read
7711,the_difficulty,12,12,-1.0881568522927,low_read
7843,with_random,11,12,-1.08815685229269,low_read
4602,price_system,12,18,-1.08815685229268,low_read
7439,is_first,12,12,-1.08815685229268,low_read
7128,about_his,12,12,-1.08815685229268,low_read
7749,theoretical_results,12,12,-1.08815685229268,low_read
7404,in_relation,11,12,-1.08815685229267,low_read
7540,of_system,12,12,-1.08815685229267,low_read
1148,tests_are,47,54,-1.08815685229267,low_read
7347,for_asset,12,12,-1.08815685229266,low_read
7465,low_frequency,7,12,-1.08815685229266,low_read
3306,such_models,24,24,-1.08815685229266,low_read
1623,procedure_is,40,42,-1.08815685229263,low_read
3326,this_method,23,24,-1.08815685229262,low_read
3216,effect_and,24,24,-1.08815685229262,low_read
2463,problem_the,30,30,-1.08815685229262,low_read
4439,and_under,18,18,-1.08815685229261,low_read
2419,converges_to,27,30,-1.0881568522926,low_read
2448,of_no,28,30,-1.08815685229256,low_read
3308,tests_in,18,24,-1.08815685229255,low_read
2479,the_statistical,29,30,-1.08815685229255,low_read
2484,there_exist,30,30,-1.08815685229254,low_read
2481,the_unit,23,30,-1.08815685229254,low_read
778,implied_by,67,72,-1.08815685229235,low_read
139,time_series,162,215,-1.08270310342468,low_read
6008,banks_in,14,14,1.0819471832362,high_read
6156,inequality_is,14,14,1.08194718323609,high_read
6256,on_earnings,13,14,1.08194718323603,high_read
6224,no_more,14,14,1.08194718323599,high_read
2670,model_also,28,28,1.08194718323593,high_read
6446,two_key,14,14,1.08194718323589,high_read
6253,of_workers',12,14,1.08194718323587,high_read
6302,recent_empirical,13,14,1.08194718323585,high_read
6486,would_increase,13,14,1.08194718323583,high_read
6388,the_patterns,14,14,1.08194718323582,high_read
6288,problems_we,13,14,1.0819471832358,high_read
2725,we_model,28,28,1.08194718323579,high_read
5979,and_make,14,14,1.08194718323579,high_read
6111,found_for,14,14,1.08194718323579,high_read
6227,not_fully,14,14,1.08194718323578,high_read
6390,the_predicted,14,14,1.08194718323576,high_read
5992,are_correlated,14,14,1.08194718323576,high_read
6200,married_women,12,14,1.08194718323575,high_read
6139,in_housing,11,14,1.08194718323574,high_read
6104,for_less,14,14,1.08194718323573,high_read
6414,these_factors,14,14,1.08194718323572,high_read
6458,wages_the,14,14,1.08194718323571,high_read
509,we_argue,97,98,1.08194718323571,high_read
6167,investment_the,14,14,1.08194718323571,high_read
5989,are_as,14,14,1.08194718323571,high_read
6488,years_the,14,14,1.08194718323568,high_read
6125,households_and,14,14,1.08194718323567,high_read
6113,from_more,13,14,1.08194718323567,high_read
6478,with_model,13,14,1.08194718323567,high_read
6329,states_to,14,14,1.08194718323565,high_read
6066,develop_theory,14,14,1.08194718323565,high_read
2661,insurance_and,25,28,1.08194718323564,high_read
1614,likelihood_of,39,42,1.08194718323564,high_read
6311,rules_and,14,14,1.08194718323562,high_read
6241,of_imports,10,14,1.08194718323558,high_read
6292,prospect_of,12,14,1.08194718323556,high_read
6485,workers_have,13,14,1.08194718323556,high_read
6406,the_survey,13,14,1.08194718323555,high_read
2676,of_markets,26,28,1.08194718323554,high_read
6396,the_reasons,13,14,1.08194718323554,high_read
6218,much_smaller,14,14,1.08194718323553,high_read
6164,insurance_markets,11,14,1.08194718323551,high_read
2731,with_large,27,28,1.08194718323551,high_read
6140,in_manufacturing,13,14,1.08194718323549,high_read
6053,cost_the,14,14,1.08194718323537,high_read
1644,war_ii,34,42,1.08194718323491,high_read
1593,caused_by,39,42,1.08194718323461,high_read
1619,of_political,36,42,1.08194718323419,high_read
228,of_interest,123,161,-1.0808782754289,low_read
650,incentive_to,71,81,1.07816038241339,high_read
652,sample_of,78,81,1.07816038241336,high_read
199,estimate_the,161,173,1.07662928350712,high_read
1777,explain_why,37,39,1.07408673831839,high_read
1802,risk_sharing,32,39,1.07408673831805,high_read
157,the_problem,181,201,-1.07072492280924,low_read
901,for_money,44,65,-1.07019170761466,low_read
3079,is_highly,25,25,1.0696923383271,high_read
3133,the_increased,24,25,1.06969233832705,high_read
3128,that_was,24,25,1.06969233832693,high_read
80,suggest_that,285,300,1.06969233832679,high_read
1019,are_presented,59,59,-1.06837655735638,low_read
203,function_of,149,171,-1.06768715329842,low_read
401,are_shown,106,112,-1.06732411011551,low_read
1186,under_uncertainty,50,53,-1.06615336958682,low_read
1962,following_the,33,36,1.06493769792416,high_read
526,concerned_with,90,94,-1.06336712620235,low_read
1378,paper_the,46,47,-1.06336712620229,low_read
1366,in_market,44,47,1.06241113721489,high_read
55,increase_in,286,362,1.06165769134418,high_read
1664,extend_the,41,41,-1.05977289297702,low_read
1648,along_with,41,41,-1.05977289297688,low_read
1673,kinds_of,40,41,-1.05977289297688,low_read
822,the_monetary,51,70,-1.05495956240183,low_read
2077,two_sector,30,35,-1.05495956240179,low_read
2059,so_called,35,35,-1.05495956240177,low_read
2054,real_income,26,35,-1.05495956240171,low_read
1104,and_social,52,55,1.05415440714564,high_read
136,labor_market,166,220,1.05415440714555,high_read
8585,theoretical_work,11,11,1.05415440714538,high_read
8121,from_social,10,11,1.05415440714536,high_read
8182,incorporate_the,10,11,1.05415440714532,high_read
7980,central_role,11,11,1.05415440714521,high_read
8403,questions_about,11,11,1.05415440714518,high_read
8623,too_high,9,11,1.0541544071451,high_read
8238,matched_to,11,11,1.0541544071451,high_read
8284,of_cooperation,9,11,1.05415440714509,high_read
8012,costs_by,11,11,1.05415440714509,high_read
3654,resulted_in,21,22,1.05415440714502,high_read
8006,control_over,10,11,1.05415440714502,high_read
8477,stocks_of,11,11,1.05415440714501,high_read
8584,their_parents,9,11,1.054154407145,high_read
3665,than_under,20,22,1.054154407145,high_read
8459,significant_positive,11,11,1.054154407145,high_read
8151,higher_for,11,11,1.054154407145,high_read
8376,previous_literature,10,11,1.05415440714499,high_read
8217,knowledge_and,11,11,1.05415440714496,high_read
8605,to_earn,11,11,1.05415440714495,high_read
8379,price_movements,11,11,1.05415440714494,high_read
8630,turnover_and,10,11,1.05415440714494,high_read
3642,population_of,22,22,1.05415440714493,high_read
7962,but_when,11,11,1.05415440714492,high_read
8636,unemployment_spells,7,11,1.05415440714492,high_read
3697,to_respond,22,22,1.05415440714492,high_read
8134,growth_this,11,11,1.05415440714491,high_read
8440,rights_and,11,11,1.05415440714491,high_read
8456,shock_to,10,11,1.05415440714491,high_read
8679,with_information,11,11,1.0541544071449,high_read
7996,conducted_in,11,11,1.05415440714489,high_read
8130,generate_the,11,11,1.05415440714489,high_read
8188,insurance_is,8,11,1.05415440714489,high_read
8676,with_aggregate,11,11,1.05415440714489,high_read
8609,to_increases,11,11,1.05415440714488,high_read
3696,to_purchase,21,22,1.05415440714488,high_read
8007,controlled_by,8,11,1.05415440714488,high_read
3597,individuals_to,20,22,1.05415440714485,high_read
8373,predictor_of,10,11,1.05415440714485,high_read
8298,of_matching,10,11,1.05415440714485,high_read
8264,new_technology,10,11,1.05415440714484,high_read
7955,black_and,8,11,1.05415440714483,high_read
8538,the_financing,10,11,1.05415440714483,high_read
8240,may_help,11,11,1.05415440714481,high_read
8109,for_understanding,9,11,1.05415440714481,high_read
8306,of_per,11,11,1.05415440714481,high_read
8076,expansion_in,9,11,1.05415440714479,high_read
8231,little_or,11,11,1.05415440714479,high_read
8263,new_measure,9,11,1.05415440714479,high_read
7923,are_largely,11,11,1.05415440714478,high_read
8411,rates_from,10,11,1.05415440714478,high_read
8189,intended_to,11,11,1.05415440714478,high_read
8506,that_financial,10,11,1.05415440714478,high_read
8443,rule_of,11,11,1.05415440714477,high_read
8358,pattern_in,11,11,1.05415440714477,high_read
7953,bid_and,9,11,1.05415440714476,high_read
8175,in_quality,11,11,1.05415440714476,high_read
3640,ownership_of,20,22,1.05415440714475,high_read
2174,engage_in,32,33,1.05415440714474,high_read
8511,that_on,10,11,1.05415440714474,high_read
8439,rich_countries,8,11,1.05415440714474,high_read
7943,balance_sheets,10,11,1.05415440714473,high_read
8345,owners_of,10,11,1.05415440714473,high_read
8368,poverty_and,8,11,1.05415440714472,high_read
8125,gains_are,11,11,1.0541544071447,high_read
8683,with_three,11,11,1.05415440714469,high_read
3672,the_housing,19,22,1.05415440714468,high_read
8581,the_worker,9,11,1.05415440714467,high_read
8561,the_plant,10,11,1.05415440714467,high_read
7952,better_informed,9,11,1.05415440714463,high_read
8599,to_cash,10,11,1.0541544071446,high_read
739,appears_to,71,74,1.04891971005826,high_read
2513,cases_of,29,29,-1.04818012391403,low_read
2556,of_technical,21,29,-1.04818012391399,low_read
2509,aversion_and,26,29,-1.04818012391397,low_read
2574,same_as,28,29,-1.04818012391393,low_read
2610,we_obtain,29,29,-1.04818012391393,low_read
2519,discount_rate,24,29,-1.0481801239139,low_read
2508,at_each,28,29,-1.04818012391388,low_read
590,the_capital,66,87,-1.04818012391384,low_read
938,market_and,62,63,1.04800645936579,high_read
1207,productivity_growth,36,52,1.04670721260032,high_read
1699,the_national,37,41,1.04471167433098,high_read
1209,system_is,46,52,-1.04363377849585,low_read
1201,methods_are,50,52,-1.04363377849544,low_read
2452,opportunity_to,30,30,1.04125521196668,high_read
2410,and_less,30,30,1.04125521196652,high_read
2434,idea_that,30,30,1.04125521196637,high_read
571,quality_of,79,90,1.0412552119661,high_read
1313,years_of,47,49,1.0383654625171,high_read
3461,programming_problem,22,23,-1.03792043736504,low_read
3415,included_in,23,23,-1.03792043736501,low_read
3438,of_efficiency,19,23,-1.03792043736494,low_read
3435,monopoly_power,21,23,-1.03792043736494,low_read
3521,where_each,22,23,-1.03792043736493,low_read
3421,interest_and,20,23,-1.03792043736492,low_read
3402,goods_the,23,23,-1.03792043736492,low_read
3353,and_without,22,23,-1.03792043736491,low_read
3474,squares_estimates,21,23,-1.03792043736488,low_read
1400,an_attempt,44,46,-1.03792043736487,low_read
3388,effects_the,23,23,-1.03792043736487,low_read
3399,flow_of,17,23,-1.03792043736486,low_read
3483,that_only,23,23,-1.03792043736485,low_read
3453,presented_and,22,23,-1.03792043736485,low_read
3477,superior_to,23,23,-1.03792043736482,low_read
3495,the_inflation,20,23,-1.03792043736482,low_read
3433,mechanism_design,22,23,-1.03792043736481,low_read
849,measure_the,66,68,1.03709126199923,high_read
425,the_true,89,109,-1.0352022204525,low_read
4262,insurance_coverage,12,19,1.03380710139082,high_read
1061,identify_the,56,57,1.03380710139081,high_read
4220,experiments_in,19,19,1.03380710139076,high_read
4285,of_adverse,15,19,1.03380710139072,high_read
4190,countries_to,19,19,1.03380710139064,high_read
4253,in_earnings,17,19,1.03380710139064,high_read
4255,in_product,17,19,1.03380710139062,high_read
4246,have_had,19,19,1.03380710139061,high_read
4406,very_large,19,19,1.03380710139059,high_read
4371,the_soviet,10,19,1.03380710139059,high_read
1074,support_the,56,57,1.03380710139059,high_read
4232,for_economic,19,19,1.03380710139058,high_read
1832,empirical_analysis,38,38,1.03380710139056,high_read
4365,the_gap,19,19,1.03380710139054,high_read
4138,across_industries,16,19,1.03380710139049,high_read
4166,barriers_to,18,19,1.03380710139047,high_read
4180,choice_between,17,19,1.03380710139045,high_read
344,the_assumption,112,126,-1.03322049743093,low_read
149,effect_on,188,206,1.03164043839529,high_read
1749,this_case,38,40,-1.03052446692466,low_read
1747,the_steady,31,40,-1.03052446692465,low_read
81,we_study,281,287,1.02992004423415,high_read
1066,models_and,54,57,-1.0275500775145,low_read
2786,is_driven,27,27,1.02554811894832,high_read
2784,individuals_with,24,27,1.02554811894821,high_read
2820,political_economy,23,27,1.02554811894821,high_read
2807,on_output,22,27,1.02554811894813,high_read
2814,paper_describes,27,27,1.02554811894812,high_read
2017,firms_with,32,35,1.02107191655619,high_read
4781,behavior_under,16,17,-1.02057385632737,low_read
4926,of_average,13,17,-1.02057385632736,low_read
4764,approximate_the,16,17,-1.02057385632734,low_read
5045,the_no,16,17,-1.02057385632734,low_read
5009,supply_are,15,17,-1.02057385632733,low_read
4953,one_shot,12,17,-1.02057385632733,low_read
4772,as_for,17,17,-1.02057385632733,low_read
5117,yield_the,17,17,-1.02057385632732,low_read
4997,shadow_price,12,17,-1.02057385632731,low_read
5048,the_partial,15,17,-1.02057385632729,low_read
2144,the_unique,34,34,-1.02057385632729,low_read
2116,is_independent,33,34,-1.02057385632728,low_read
5017,that_equilibrium,16,17,-1.02057385632727,low_read
610,models_are,80,85,-1.02057385632727,low_read
4840,extending_the,17,17,-1.02057385632726,low_read
4738,aggregate_fluctuations,12,17,-1.02057385632726,low_read
851,money_supply,42,68,-1.02057385632726,low_read
5097,type_and,17,17,-1.02057385632725,low_read
4980,provided_the,17,17,-1.02057385632725,low_read
4931,of_game,15,17,-1.02057385632725,low_read
4815,described_in,17,17,-1.02057385632724,low_read
4839,expectations_about,14,17,-1.02057385632723,low_read
4833,errors_and,17,17,-1.02057385632723,low_read
4853,forecasts_of,15,17,-1.02057385632722,low_read
4734,ad_hoc,14,17,-1.02057385632722,low_read
4904,level_the,17,17,-1.02057385632721,low_read
4971,price_mechanism,15,17,-1.02057385632721,low_read
4803,consumer_behavior,13,17,-1.0205738563272,low_read
4783,bound_for,14,17,-1.0205738563272,low_read
4813,definitions_of,16,17,-1.0205738563272,low_read
5040,the_interpretation,17,17,-1.02057385632717,low_read
2099,example_of,33,34,-1.02057385632717,low_read
4832,equilibrium_that,16,17,-1.02057385632716,low_read
2145,the_validity,34,34,-1.02057385632714,low_read
4930,of_expectations,17,17,-1.02057385632713,low_read
4958,ordering_of,13,17,-1.02057385632713,low_read
4767,are_computed,15,17,-1.02057385632713,low_read
5001,solution_for,17,17,-1.02057385632712,low_read
4982,quite_different,17,17,-1.02057385632711,low_read
4898,is_treated,16,17,-1.0205738563271,low_read
5076,to_indicate,16,17,-1.0205738563271,low_read
5028,the_condition,16,17,-1.0205738563271,low_read
5029,the_consumer's,14,17,-1.0205738563271,low_read
5031,the_density,11,17,-1.02057385632709,low_read
5002,solutions_to,17,17,-1.02057385632705,low_read
2098,elements_of,32,34,-1.02057385632703,low_read
4826,endogenous_and,16,17,-1.02057385632685,low_read
1578,the_political,39,43,1.01826385207051,high_read
1225,education_and,46,51,1.01633788973433,high_read
1246,proportion_of,48,51,1.0163378897337,high_read
956,equilibrium_of,54,62,-1.01418763983524,low_read
33,set_of,372,479,-1.01396146780664,low_read
102,which_is,234,259,-1.01293319021375,low_read
1471,system_and,40,45,-1.01178183991817,low_read
1447,continuum_of,42,45,-1.01178183991803,low_read
1477,this_approach,42,45,-1.011781839918,low_read
1465,preferences_over,41,45,-1.01178183991798,low_read
72,terms_of,248,309,-1.01033546813416,low_read
763,results_for,67,73,-1.00974145552364,low_read
758,independent_of,71,73,-1.00974145552354,low_read
266,account_for,139,147,1.00958465237455,high_read
2615,agents_have,25,28,-1.00646781767034,low_read
2641,described_by,28,28,-1.00646781767033,low_read
2617,allocation_is,23,28,-1.00646781767032,low_read
2613,account_the,27,28,-1.00646781767029,low_read
2711,the_measurement,25,28,-1.00646781767028,low_read
2682,paper_derives,26,28,-1.00646781767026,low_read
2699,that_will,27,28,-1.00646781767026,low_read
2671,money_demand,20,28,-1.00646781767025,low_read
2701,the_agent's,21,28,-1.00646781767023,low_read
2658,in_several,28,28,-1.00646781767022,low_read
5263,important_determinant,16,16,1.00600156155874,high_read
2249,factors_that,30,32,1.00600156155872,high_read
3197,by_estimating,24,24,1.00600156155855,high_read
3196,but_they,24,24,1.00600156155855,high_read
2254,in_developing,31,32,1.00600156155852,high_read
3297,results_provide,24,24,1.00600156155852,high_read
3307,taxes_on,21,24,1.00600156155851,high_read
1087,in_and,46,56,1.00600156155848,high_read
3240,is_higher,24,24,1.0060015615584,high_read
3309,than_their,23,24,1.0060015615584,high_read
3201,can_improve,24,24,1.00600156155836,high_read
1094,results_indicate,56,56,1.00600156155836,high_read
3195,benefits_from,23,24,1.0060015615583,high_read
5257,hours_and,14,16,1.00600156155829,high_read
5270,in_support,15,16,1.00600156155826,high_read
5351,only_small,16,16,1.00600156155821,high_read
5384,relative_performance,14,16,1.00600156155818,high_read
5250,groups_are,16,16,1.00600156155818,high_read
5469,to_decline,15,16,1.00600156155814,high_read
2272,on_both,32,32,1.00600156155813,high_read
5359,payments_to,15,16,1.0060015615581,high_read
5247,given_that,16,16,1.00600156155809,high_read
5358,payments_and,16,16,1.00600156155805,high_read
5174,by_reducing,16,16,1.00600156155803,high_read
5494,welfare_benefits,12,16,1.00600156155803,high_read
5145,are_driven,16,16,1.00600156155802,high_read
5449,the_sources,16,16,1.00600156155801,high_read
5215,especially_in,15,16,1.00600156155798,high_read
5243,gains_in,16,16,1.00600156155795,high_read
5392,sales_and,15,16,1.00600156155795,high_read
5475,to_risk,15,16,1.00600156155794,high_read
5457,their_private,12,16,1.00600156155793,high_read
5417,that_labor,15,16,1.00600156155787,high_read
5160,back_to,16,16,1.00600156155784,high_read
5271,in_unemployment,14,16,1.00600156155783,high_read
5497,whether_this,16,16,1.00600156155778,high_read
5363,policies_to,16,16,1.00600156155766,high_read
680,if_there,69,78,-1.00035851320556,low_read
684,tests_of,67,78,-1.00035851320552,low_read
1812,the_stability,36,39,-1.00035851320514,low_read
211,we_analyze,168,170,0.999812302268125,high_read
1167,explore_the,51,53,0.996079870039829,high_read
152,suggests_that,200,204,0.995691267348481,high_read
972,growth_rate,53,61,-0.994770763637721,low_read
773,are_considered,69,72,-0.99326081405121,low_read
1932,using_an,37,37,0.991796730830946,high_read
532,well_known,92,94,-0.991303241491289,low_read
281,argue_that,138,140,0.990986485317597,high_read
2568,quality_and,29,29,0.987886636730006,high_read
1050,we_conclude,58,58,0.987886636729651,high_read
2554,of_potential,28,29,0.987886636729221,high_read
2587,the_experiment,26,29,0.987886636728843,high_read
2530,for_other,28,29,0.987886636728828,high_read
2603,to_invest,26,29,0.987886636728528,high_read
1258,evaluate_the,48,50,0.984995487659595,high_read
2219,two_person,28,33,-0.984913518981844,low_read
2187,is_extended,32,33,-0.984913518981515,low_read
3635,open_market,14,22,-0.984913518981142,low_read
1530,the_random,33,44,-0.984913518981128,low_read
3619,natural_rate,17,22,-0.984913518981122,low_read
1537,validity_of,44,44,-0.98491351898111,low_read
3707,way_in,22,22,-0.984913518981097,low_read
3542,be_characterized,22,22,-0.984913518981088,low_read
3588,however_if,22,22,-0.98491351898107,low_read
3645,prior_beliefs,16,22,-0.984913518981062,low_read
3694,to_monetary,19,22,-0.984913518981029,low_read
1520,specification_of,43,44,-0.984913518981011,low_read
1528,the_pareto,30,44,-0.984913518981,low_read
3532,analysis_the,21,22,-0.984913518980992,low_read
3586,growth_models,21,22,-0.984913518980989,low_read
1521,sufficient_for,38,44,-0.984913518980962,low_read
176,applied_to,175,187,-0.984913518980915,low_read
1646,workers_and,39,42,0.98100616466394,high_read
3725,association_between,19,21,0.981006164663752,high_read
3888,the_prevalence,21,21,0.981006164663699,high_read
3902,throughout_the,21,21,0.981006164663678,high_read
3837,of_men,15,21,0.981006164663669,high_read
3772,for_high,20,21,0.98100616466355,high_read
3909,to_us,21,21,0.981006164663342,high_read
947,to_pay,57,63,0.981006164663204,high_read
3804,is_most,21,21,0.981006164663042,high_read
3924,when_we,18,21,0.981006164662764,high_read
1605,for_their,38,42,0.981006164662563,high_read
3742,competition_among,20,21,0.981006164662344,high_read
639,of_optimal,71,82,-0.977620238632137,low_read
794,all_the,68,71,-0.976493280749499,low_read
2081,an_explanation,34,34,0.975146219379841,high_read
2096,develops_model,34,34,0.975146219379794,high_read
855,of_large,64,68,0.975146219379485,high_read
1381,price_discrimination,29,47,0.972530499731249,high_read
1016,with_more,60,60,0.971048952933323,high_read
769,the_quality,67,73,0.970095345008604,high_read
602,paper_uses,85,86,0.969430159614651,high_read
1819,application_to,38,38,-0.969216922865297,low_read
1834,for_testing,34,38,-0.969216922865031,low_read
7046,them_the,13,13,0.965696748857954,high_read
7014,the_geographic,11,13,0.965696748857845,high_read
7032,the_sales,10,13,0.965696748857821,high_read
6836,of_shocks,13,13,0.965696748857767,high_read
6657,examine_whether,13,13,0.965696748857756,high_read
6781,mechanism_that,13,13,0.965696748857748,high_read
6951,significant_impact,13,13,0.965696748857744,high_read
6783,model_on,13,13,0.965696748857697,high_read
6808,of_central,13,13,0.96569674885769,high_read
7077,to_reflect,13,13,0.965696748857658,high_read
7126,world_trade,13,13,0.965696748857634,high_read
2983,test_whether,26,26,0.965696748857624,high_read
6891,predictions_about,11,13,0.965696748857606,high_read
7103,we_interpret,12,13,0.965696748857597,high_read
6999,the_bounds,9,13,0.965696748857597,high_read
6512,and_across,13,13,0.965696748857587,high_read
6697,housing_and,12,13,0.965696748857581,high_read
6841,on_future,12,13,0.965696748857576,high_read
1765,and_use,38,39,0.965696748857576,high_read
2883,are_high,24,26,0.965696748857573,high_read
6861,overall_the,13,13,0.965696748857565,high_read
6910,programs_and,11,13,0.965696748857551,high_read
7007,the_credit,12,13,0.965696748857546,high_read
7065,to_engage,12,13,0.965696748857544,high_read
6686,groups_in,12,13,0.965696748857543,high_read
6932,roles_of,13,13,0.965696748857537,high_read
6507,an_extensive,13,13,0.965696748857522,high_read
6957,social_costs,10,13,0.965696748857497,high_read
6778,may_explain,12,13,0.965696748857489,high_read
6771,main_finding,12,13,0.96569674885748,high_read
6878,percent_per,12,13,0.96569674885748,high_read
6784,model_shows,12,13,0.965696748857468,high_read
6672,for_measuring,12,13,0.965696748857458,high_read
2972,relationship_is,25,26,0.965696748857432,high_read
6541,are_three,13,13,0.965696748857424,high_read
6531,and_white,9,13,0.965696748857417,high_read
6642,enforcement_of,13,13,0.965696748857412,high_read
6983,that_average,13,13,0.96569674885741,high_read
6922,reference_point,10,13,0.965696748857402,high_read
1189,assess_the,52,52,0.965696748857398,high_read
6833,of_regional,10,13,0.96569674885739,high_read
6897,price_rigidity,11,13,0.965696748857375,high_read
6584,concentration_of,13,13,0.965696748857374,high_read
6844,on_social,13,13,0.965696748857363,high_read
6602,countries_is,11,13,0.965696748857361,high_read
6715,in_less,13,13,0.965696748857353,high_read
1210,the_benefits,50,52,0.965696748857346,high_read
7035,the_seller's,11,13,0.965696748857335,high_read
6820,of_intergenerational,12,13,0.965696748857333,high_read
6737,into_three,13,13,0.965696748857322,high_read
7100,vary_across,13,13,0.965696748857311,high_read
6797,not_by,12,13,0.965696748857304,high_read
6522,and_population,11,13,0.965696748857298,high_read
6838,of_thumb,13,13,0.965696748857289,high_read
2940,markets_we,26,26,0.965696748857288,high_read
7096,value_to,13,13,0.965696748857277,high_read
2880,and_large,25,26,0.965696748857273,high_read
6718,in_sample,13,13,0.965696748857266,high_read
3002,to_education,21,26,0.965696748857251,high_read
6772,market_are,11,13,0.965696748857222,high_read
2924,however_we,26,26,0.965696748857216,high_read
6490,across_different,13,13,0.965696748857213,high_read
6597,corporate_investment,9,13,0.965696748857181,high_read
6877,per_dollar,10,13,0.965696748857165,high_read
6691,have_positive,13,13,0.965696748857159,high_read
6695,higher_wages,12,13,0.965696748857143,high_read
6641,employment_in,13,13,0.965696748857135,high_read
6685,greater_in,11,13,0.965696748857126,high_read
7052,third_the,13,13,0.965696748857115,high_read
7081,total_output,10,13,0.965696748857079,high_read
6651,estimate_model,13,13,0.965696748857078,high_read
2853,the_so,27,27,-0.962866021163661,low_read
2848,the_important,25,27,-0.962866021163606,low_read
2750,be_obtained,27,27,-0.962866021163596,low_read
2735,an_allocation,24,27,-0.962866021163567,low_read
2830,since_it,27,27,-0.962866021163551,low_read
2813,paper_deals,27,27,-0.962866021163524,low_read
1157,we_establish,53,54,-0.962866021163395,low_read
1156,viewed_as,50,54,-0.96286602116338,low_read
631,use_the,83,83,0.961831705113122,high_read
163,respect_to,167,194,-0.960384887173836,low_read
1077,the_productivity,47,57,0.960069812439709,high_read
1483,across_the,43,44,0.958408660465267,high_read
1534,to_more,44,44,0.958408660464947,high_read
1489,competition_and,41,44,0.958408660464794,high_read
961,shocks_to,55,62,0.955355879455061,high_read
167,with_respect,166,193,-0.954153986936702,low_read
165,our_results,184,193,0.949098551251135,high_read
4697,to_protect,17,18,0.947902134701602,high_read
4530,in_we,17,18,0.947902134701584,high_read
4641,standard_model,16,18,0.947902134701454,high_read
4568,of_heterogeneity,18,18,0.947902134701449,high_read
4680,the_types,17,18,0.947902134701254,high_read
4510,goods_with,15,18,0.947902134700195,high_read
4573,of_skilled,14,18,0.947902134700167,high_read
4601,price_stabilization,11,18,0.947902134699961,high_read
1137,growth_is,50,54,0.947902134699935,high_read
4539,is_affected,18,18,0.947902134699787,high_read
4524,in_local,16,18,0.947902134699615,high_read
4698,to_reach,12,18,0.947902134699521,high_read
4623,results_have,18,18,0.947902134699513,high_read
4581,opportunity_cost,16,18,0.947902134699511,high_read
4551,linked_to,18,18,0.947902134699473,high_read
4714,welfare_cost,13,18,0.947902134699421,high_read
1952,decrease_in,31,36,0.947902134698659,high_read
2238,construction_of,32,32,-0.947882584510815,low_read
5452,the_support,16,16,-0.947882584510763,low_read
2279,return_on,29,32,-0.947882584510753,low_read
5426,the_constrained,13,16,-0.947882584510753,low_read
5147,are_generated,16,16,-0.947882584510657,low_read
5499,with_its,16,16,-0.947882584510595,low_read
5436,the_gross,13,16,-0.94788258451059,low_read
5399,setting_of,15,16,-0.947882584510565,low_read
5324,of_conditions,16,16,-0.947882584510561,low_read
5277,indicate_the,16,16,-0.947882584510557,low_read
5150,are_satisfied,14,16,-0.947882584510547,low_read
2262,necessary_to,32,32,-0.947882584510388,low_read
5130,and_ex,15,16,-0.947882584510366,low_read
5491,we_allow,16,16,-0.947882584510364,low_read
5310,mechanism_in,16,16,-0.947882584510364,low_read
5223,extent_that,16,16,-0.947882584510362,low_read
5244,games_we,14,16,-0.947882584510343,low_read
2300,the_variables,29,32,-0.947882584510322,low_read
5414,taken_to,16,16,-0.947882584510311,low_read
5448,the_single,15,16,-0.947882584510276,low_read
5162,basic_model,12,16,-0.947882584510273,low_read
5151,arise_when,15,16,-0.947882584510273,low_read
5159,available_in,15,16,-0.947882584510251,low_read
5295,issue_of,16,16,-0.947882584510249,low_read
5430,the_expectation,14,16,-0.947882584510244,low_read
5245,general_and,16,16,-0.947882584510211,low_read
5326,of_discount,10,16,-0.947882584510209,low_read
5308,maximizes_the,15,16,-0.947882584510202,low_read
5320,notions_of,16,16,-0.947882584510195,low_read
5313,model_explains,16,16,-0.947882584510179,low_read
5281,interest_is,15,16,-0.947882584510165,low_read
5456,their_preferences,15,16,-0.947882584510155,low_read
5338,of_payoffs,13,16,-0.947882584510152,low_read
5218,expected_return,13,16,-0.947882584510139,low_read
5288,is_seen,14,16,-0.947882584510134,low_read
1706,we_do,40,41,0.942274375470768,high_read
840,the_properties,69,69,-0.942057199805067,low_read
38,consistent_with,419,448,0.940692793375515,high_read
439,only_if,97,106,-0.940302706454451,low_read
3473,shed_light,23,23,0.937874773655976,high_read
1404,away_from,43,46,0.937874773655806,high_read
3377,conventional_wisdom,20,23,0.937874773655773,high_read
3397,firms_have,23,23,0.937874773655737,high_read
3349,and_information,22,23,0.937874773655707,high_read
3381,demand_shocks,19,23,0.937874773655675,high_read
3363,become_more,23,23,0.937874773655482,high_read
3517,very_different,23,23,0.93787477365545,high_read
1935,which_each,34,37,-0.937035877572777,low_read
737,allow_for,70,74,-0.937035877572692,low_read
1904,of_convergence,32,37,-0.937035877572633,low_read
511,of_new,86,97,0.93601638419621,high_read
349,measures_of,117,125,0.93499086579034,high_read
1222,data_to,51,51,0.934340815331826,high_read
1244,predicts_that,49,51,0.93434081533163,high_read
2728,whether_to,26,28,0.931439886534357,high_read
2709,the_incentives,27,28,0.931439886534349,high_read
2657,in_public,27,28,0.931439886534112,high_read
3836,of_is,18,21,-0.928820117798489,low_read
3905,to_describe,21,21,-0.928820117798427,low_read
3866,spirit_of,17,21,-0.928820117798425,low_read
3904,to_aggregate,19,21,-0.928820117798399,low_read
3749,depend_upon,19,21,-0.928820117798373,low_read
3778,form_the,20,21,-0.928820117798366,low_read
3731,bound_on,19,21,-0.928820117798363,low_read
3806,labor_is,20,21,-0.92882011779836,low_read
3861,required_for,20,21,-0.928820117798356,low_read
3721,and_portfolio,16,21,-0.928820117798328,low_read
3927,with_fixed,20,21,-0.928820117798326,low_read
3811,lower_bound,14,21,-0.928820117798325,low_read
3799,is_called,20,21,-0.928820117798313,low_read
1625,second_best,35,42,-0.928820117798309,low_read
3828,obtained_for,21,21,-0.928820117798289,low_read
3826,not_hold,21,21,-0.928820117798251,low_read
3803,is_modeled,21,21,-0.928820117798243,low_read
1637,the_sum,39,42,-0.928820117798206,low_read
531,role_in,91,94,0.928294058594715,high_read
2184,individuals_are,29,33,0.926960086019415,high_read
2161,are_robust,33,33,0.926960086019198,high_read
2157,and_local,29,33,0.926960086018897,high_read
575,restrictions_on,83,89,-0.925416736750878,low_read
420,investigate_the,109,109,0.9246601534228,high_read
1831,effects_in,36,38,0.92366183769108,high_read
1872,this_suggests,38,38,0.923661837690629,high_read
1838,in_more,33,38,0.923661837690489,high_read
1361,conditions_the,47,47,-0.922381408886929,low_read
1395,to_allow,46,47,-0.922381408886906,low_read
1371,knowledge_of,41,47,-0.922381408886825,low_read
647,fraction_of,72,81,0.922318747962856,high_read
597,explained_by,84,86,0.921132138740392,high_read
1563,majority_of,42,43,0.921132138740352,high_read
768,the_game,62,73,-0.920533867276128,low_read
1334,large_and,46,48,0.919130386744782,high_read
1202,might_be,45,52,-0.917199362611624,low_read
2938,marginal_costs,18,26,-0.917199362611546,low_read
2996,the_third,25,26,-0.917199362611535,low_read
2929,incomplete_markets,23,26,-0.917199362611517,low_read
2949,of_commodity,24,26,-0.917199362611498,low_read
2965,profile_of,24,26,-0.917199362611453,low_read
3001,to_demonstrate,24,26,-0.917199362611414,low_read
2995,the_special,25,26,-0.917199362611382,low_read
2947,of_actual,25,26,-0.917199362611355,low_read
2915,factors_of,21,26,-0.917199362611307,low_read
2925,if_all,26,26,-0.917199362611295,low_read
936,indicates_that,61,63,0.915034095334144,high_read
49,if_the,337,388,-0.910943996785612,low_read
464,the_importance,100,103,0.909948254914431,high_read
2340,function_that,30,31,-0.909373808127458,low_read
2348,is_illustrated,31,31,-0.909373808127456,low_read
2361,or_in,31,31,-0.909373808127438,low_read
2319,as_if,31,31,-0.909373808127389,low_read
870,price_level,55,67,-0.90634702600782,low_read
192,of_capital,121,180,-0.903745076272493,low_read
1983,solution_of,34,36,-0.903745076272433,low_read
5890,the_rule,14,15,0.901948442816483,high_read
1013,this_question,59,60,0.901948442816482,high_read
3953,are_similar,20,20,0.90194844281646,high_read
5653,in_areas,13,15,0.901948442816435,high_read
5906,this_process,15,15,0.901948442816427,high_read
5620,flows_and,15,15,0.901948442816416,high_read
4038,not_appear,18,20,0.901948442816345,high_read
9562,though_they,10,10,0.901948442816338,high_read
3126,that_more,25,25,0.901948442816316,high_read
4000,frequency_of,19,20,0.901948442816312,high_read
9240,of_global,9,10,0.901948442816299,high_read
5556,capacity_utilization,9,15,0.901948442816297,high_read
9008,foreign_direct,9,10,0.901948442816287,high_read
4106,the_very,18,20,0.901948442816276,high_read
9637,was_found,9,10,0.901948442816268,high_read
9376,rapid_growth,10,10,0.901948442816267,high_read
9222,occurs_when,10,10,0.901948442816253,high_read
9334,poor_and,10,10,0.901948442816252,high_read
9504,the_desire,9,10,0.901948442816245,high_read
3944,and_development,18,20,0.901948442816244,high_read
5593,dollar_of,11,15,0.901948442816239,high_read
9534,the_shift,9,10,0.901948442816232,high_read
5502,activity_and,15,15,0.901948442816227,high_read
8983,exposed_to,9,10,0.901948442816225,high_read
4028,low_and,19,20,0.901948442816224,high_read
5514,and_data,14,15,0.901948442816213,high_read
2061,state_and,32,35,0.90194844281618,high_read
9186,matter_for,10,10,0.901948442816169,high_read
2045,of_living,30,35,0.901948442816158,high_read
9011,framework_and,10,10,0.901948442816156,high_read
9049,has_strong,9,10,0.901948442816147,high_read
1757,we_focus,40,40,0.901948442816139,high_read
2062,stock_prices,24,35,0.901948442816137,high_read
9022,full_time,9,10,0.901948442816135,high_read
9201,most_previous,10,10,0.901948442816135,high_read
9151,it_difficult,10,10,0.901948442816131,high_read
8878,constraints_we,10,10,0.90194844281613,high_read
3996,for_future,18,20,0.901948442816126,high_read
8703,aimed_at,9,10,0.901948442816126,high_read
8786,attitudes_and,9,10,0.901948442816124,high_read
9479,that_accounts,10,10,0.901948442816124,high_read
8822,by_differences,10,10,0.901948442816119,high_read
9215,not_we,9,10,0.901948442816119,high_read
9540,the_war,9,10,0.901948442816112,high_read
8849,change_for,8,10,0.901948442816112,high_read
8827,by_large,10,10,0.901948442816111,high_read
8859,committed_to,9,10,0.901948442816111,high_read
8979,explained_in,10,10,0.901948442816107,high_read
9340,premium_is,9,10,0.901948442816105,high_read
9205,national_longitudinal,10,10,0.901948442816101,high_read
9458,study_two,10,10,0.901948442816099,high_read
8947,engaged_in,10,10,0.901948442816093,high_read
9072,in_absolute,10,10,0.901948442816089,high_read
9208,net_foreign,7,10,0.901948442816087,high_read
5723,of_development,13,15,0.901948442816083,high_read
9179,manufacturing_sector,9,10,0.90194844281608,high_read
8708,also_analyze,10,10,0.90194844281608,high_read
9055,higher_and,10,10,0.901948442816066,high_read
9039,government_is,10,10,0.901948442816066,high_read
9508,the_features,10,10,0.901948442816065,high_read
8770,are_observed,10,10,0.901948442816061,high_read
9249,of_japanese,8,10,0.90194844281606,high_read
9286,one_firm,9,10,0.90194844281606,high_read
3028,better_off,25,25,0.901948442816059,high_read
9092,in_others,10,10,0.901948442816046,high_read
9470,technologies_and,10,10,0.901948442816044,high_read
9552,this_correlation,9,10,0.901948442816041,high_read
9574,to_elicit,10,10,0.901948442816036,high_read
9124,insurance_we,10,10,0.901948442816035,high_read
9436,small_fraction,9,10,0.90194844281602,high_read
5868,the_home,14,15,0.901948442816019,high_read
9117,information_acquisition,7,10,0.901948442816014,high_read
8763,are_common,9,10,0.901948442816001,high_read
9497,the_and,10,10,0.901948442815999,high_read
9001,for_growth,10,10,0.901948442815998,high_read
9273,of_society,10,10,0.90194844281599,high_read
8853,children_the,10,10,0.90194844281599,high_read
1443,affects_the,44,45,0.901948442815986,high_read
5698,losses_from,14,15,0.901948442815984,high_read
9307,paper_builds,10,10,0.901948442815982,high_read
9094,in_returns,9,10,0.901948442815979,high_read
9478,than_its,8,10,0.90194844281597,high_read
9305,outside_option,7,10,0.901948442815968,high_read
9364,productivity_is,9,10,0.901948442815968,high_read
1469,stock_returns,34,45,0.901948442815967,high_read
8693,advantage_and,9,10,0.901948442815964,high_read
9381,reference_dependent,8,10,0.901948442815961,high_read
5904,this_in,15,15,0.90194844281596,high_read
9163,life_of,10,10,0.901948442815958,high_read
9588,to_manipulate,9,10,0.901948442815958,high_read
9392,reported_in,10,10,0.901948442815954,high_read
8848,central_banks,7,10,0.901948442815947,high_read
9131,inversely_related,9,10,0.901948442815943,high_read
3109,scale_economies,19,25,0.901948442815939,high_read
9006,force_behind,10,10,0.901948442815932,high_read
8826,by_government,10,10,0.901948442815923,high_read
9348,price_ratios,7,10,0.901948442815923,high_read
9405,revealed_by,10,10,0.901948442815922,high_read
9667,with_similar,10,10,0.901948442815922,high_read
8850,characteristics_the,10,10,0.90194844281592,high_read
9368,progress_in,9,10,0.901948442815917,high_read
9374,question_we,10,10,0.901948442815916,high_read
9344,prevent_the,10,10,0.901948442815913,high_read
4129,understand_the,18,20,0.901948442815902,high_read
8720,an_auction,9,10,0.901948442815901,high_read
5689,known_about,15,15,0.9019484428159,high_read
9247,of_intermediate,10,10,0.901948442815899,high_read
9046,has_negative,9,10,0.901948442815899,high_read
9426,set_that,10,10,0.901948442815899,high_read
9073,in_class,8,10,0.901948442815891,high_read
9089,in_land,9,10,0.901948442815891,high_read
9532,the_secondary,6,10,0.90194844281589,high_read
9320,play_role,10,10,0.901948442815886,high_read
3963,but_only,20,20,0.901948442815884,high_read
3974,cost_sharing,9,20,0.90194844281588,high_read
5937,we_take,15,15,0.901948442815873,high_read
5925,use_our,15,15,0.901948442815872,high_read
8804,begins_with,10,10,0.901948442815864,high_read
9095,in_series,10,10,0.901948442815862,high_read
9077,in_cost,10,10,0.901948442815862,high_read
5838,technological_progress,12,15,0.901948442815847,high_read
4089,that_changes,20,20,0.901948442815837,high_read
9272,of_slaves,5,10,0.901948442815837,high_read
9390,relationship_specific,8,10,0.901948442815834,high_read
8922,do_this,10,10,0.90194844281583,high_read
9351,prices_from,10,10,0.901948442815829,high_read
2427,fertility_and,23,30,0.901948442815828,high_read
8901,data_indicate,10,10,0.901948442815826,high_read
5640,goods_that,14,15,0.901948442815821,high_read
9154,jobs_in,10,10,0.901948442815821,high_read
8779,assets_with,7,10,0.901948442815817,high_read
9278,of_used,6,10,0.901948442815815,high_read
1752,to_trade,34,40,0.901948442815809,high_read
9623,up_with,9,10,0.901948442815793,high_read
8807,benefits_the,10,10,0.901948442815792,high_read
8714,also_suggest,10,10,0.90194844281579,high_read
8741,and_female,10,10,0.901948442815784,high_read
9606,trade_for,10,10,0.901948442815782,high_read
4136,with_these,20,20,0.90194844281578,high_read
9550,these_theories,10,10,0.901948442815776,high_read
9194,model_suggests,10,10,0.901948442815775,high_read
8963,estimate_this,10,10,0.901948442815775,high_read
9082,in_early,9,10,0.901948442815767,high_read
9173,low_in,10,10,0.901948442815763,high_read
9311,participation_is,10,10,0.90194844281576,high_read
9563,three_main,10,10,0.901948442815753,high_read
2474,that_some,30,30,0.901948442815752,high_read
5774,prices_by,15,15,0.901948442815742,high_read
9233,of_environmental,10,10,0.901948442815737,high_read
9056,holdings_and,8,10,0.901948442815737,high_read
1722,for_most,39,40,0.901948442815736,high_read
9086,in_investment,9,10,0.901948442815735,high_read
9587,to_local,10,10,0.901948442815734,high_read
4049,only_by,20,20,0.901948442815717,high_read
9244,of_incentives,10,10,0.901948442815715,high_read
1734,of_workers,34,40,0.901948442815702,high_read
9428,shares_and,9,10,0.901948442815686,high_read
1475,the_majority,39,45,0.90194844281567,high_read
9571,to_coordinate,9,10,0.901948442815665,high_read
4007,hours_worked,18,20,0.90194844281565,high_read
5913,to_observe,13,15,0.901948442815638,high_read
3962,but_in,20,20,0.90194844281563,high_read
5803,search_costs,14,15,0.90194844281562,high_read
8747,and_learning,10,10,0.901948442815617,high_read
5663,in_tax,14,15,0.901948442815617,high_read
3994,first_two,20,20,0.901948442815613,high_read
9081,in_earlier,10,10,0.901948442815536,high_read
9597,to_search,10,10,0.901948442815527,high_read
9469,teacher_quality,5,10,0.901948442815506,high_read
3932,ability_and,15,20,0.901948442815437,high_read
9332,political_and,10,10,0.901948442815428,high_read
996,focus_on,59,60,0.901948442815096,high_read
695,is_applied,76,77,-0.901484374337629,low_read
1659,converge_to,38,41,-0.899501914380849,low_read
1655,cases_the,40,41,-0.899501914380599,low_read
164,under_the,176,194,-0.894790336890379,low_read
1245,present_paper,51,51,-0.893530029425394,low_read
406,used_in,106,112,-0.891349258699488,low_read
698,of_government,67,77,0.891266820191523,high_read
37,rate_of,294,463,-0.890629244187792,low_read
793,when_they,65,72,0.890525851118916,high_read
868,increases_the,66,67,0.889674418072862,high_read
877,asset_pricing,57,66,-0.887984595732943,low_read
1052,and_welfare,49,57,0.887524038873766,high_read
1065,minimum_wage,22,57,0.887524038873749,high_read
802,of_dynamic,69,71,-0.886659554984933,low_read
140,study_the,211,213,0.886509725412136,high_read
1356,and_lower,46,47,0.884460105712391,high_read
560,the_process,76,91,-0.88282143261733,low_read
619,reduction_in,78,84,0.882382005870105,high_read
442,the_general,105,106,-0.880896646209004,low_read
1912,predicted_by,34,37,0.879743411615239,high_read
1922,that_individuals,35,37,0.879743411615062,high_read
1911,population_growth,25,37,0.879743411614803,high_read
839,the_last,66,69,0.878137939182916,high_read
2273,on_how,32,32,0.876282200917652,high_read
1029,to_reduce,58,59,0.874112727912726,high_read
2857,they_were,24,27,0.871542606219882,high_read
2862,to_lower,26,27,0.871542606219728,high_read
2776,from_trade,25,27,0.871542606219544,high_read
2781,important_in,27,27,0.871542606219542,high_read
2847,the_greater,24,27,0.8715426062195,high_read
2769,explaining_the,26,27,0.871542606219438,high_read
77,united_states,258,304,0.869548201450713,high_read
5623,for_empirical,15,15,-0.869266826308297,low_read
5651,imposition_of,14,15,-0.869266826308282,low_read
4040,objective_of,20,20,-0.869266826308279,low_read
5881,the_particular,15,15,-0.869266826308258,low_read
5688,joint_distribution,15,15,-0.869266826308255,low_read
5872,the_inefficiency,15,15,-0.869266826308244,low_read
3095,of_pure,24,25,-0.869266826308243,low_read
5740,of_set,15,15,-0.86926682630824,low_read
5865,the_goal,15,15,-0.869266826308238,low_read
5547,be_generated,13,15,-0.869266826308238,low_read
5731,of_futures,13,15,-0.869266826308236,low_read
5856,the_certainty,14,15,-0.869266826308235,low_read
5600,equilibria_under,14,15,-0.869266826308233,low_read
5681,is_pareto,15,15,-0.869266826308231,low_read
5799,risky_assets,13,15,-0.869266826308226,low_read
5926,using_both,15,15,-0.869266826308223,low_read
5725,of_efficient,15,15,-0.869266826308221,low_read
5776,probability_and,15,15,-0.869266826308221,low_read
5924,unlike_the,15,15,-0.869266826308215,low_read
5866,the_government's,13,15,-0.869266826308215,low_read
3042,distributions_are,24,25,-0.869266826308215,low_read
1264,problems_of,46,50,-0.86926682630821,low_read
5594,dynamic_stochastic,15,15,-0.869266826308209,low_read
3034,consumption_is,22,25,-0.869266826308208,low_read
1254,are_developed,50,50,-0.869266826308208,low_read
5595,endogenously_determined,15,15,-0.869266826308207,low_read
5902,this_estimator,14,15,-0.869266826308205,low_read
5714,note_is,15,15,-0.869266826308203,low_read
5708,modification_of,14,15,-0.869266826308201,low_read
5781,productivity_shocks,12,15,-0.869266826308197,low_read
5638,given_and,15,15,-0.869266826308191,low_read
3086,models_for,24,25,-0.86926682630819,low_read
5548,be_identified,14,15,-0.869266826308186,low_read
5727,of_either,15,15,-0.869266826308181,low_read
5525,and_who,14,15,-0.869266826308179,low_read
3035,core_of,25,25,-0.869266826308177,low_read
4025,is_thus,20,20,-0.869266826308176,low_read
5804,second_part,15,15,-0.869266826308175,low_read
5515,and_does,15,15,-0.869266826308168,low_read
5608,expected_returns,13,15,-0.869266826308167,low_read
3081,made_in,24,25,-0.869266826308167,low_read
5823,statistics_for,14,15,-0.869266826308163,low_read
1107,in_any,53,55,-0.869266826308163,low_read
5555,can_only,15,15,-0.869266826308154,low_read
4069,processes_the,20,20,-0.869266826308136,low_read
4071,provide_the,20,20,-0.869266826308136,low_read
4131,variability_of,17,20,-0.869266826308133,low_read
3050,expectations_and,24,25,-0.869266826308126,low_read
3033,consumption_growth,15,25,-0.869266826308126,low_read
5888,the_restriction,14,15,-0.869266826308123,low_read
5665,income_elasticities,15,15,-0.86926682630812,low_read
4103,the_spirit,16,20,-0.869266826308115,low_read
2455,output_of,26,30,-0.869266826308114,low_read
4001,function_we,20,20,-0.869266826308112,low_read
5837,techniques_are,15,15,-0.869266826308106,low_read
5673,interest_on,11,15,-0.869266826308097,low_read
4030,market_demand,15,20,-0.869266826308095,low_read
258,the_expected,131,150,-0.869266826308094,low_read
5583,decomposed_into,15,15,-0.86926682630809,low_read
4091,that_with,19,20,-0.869266826308088,low_read
3934,actions_are,17,20,-0.869266826308087,low_read
4094,the_elasticities,17,20,-0.869266826308079,low_read
5792,restriction_on,15,15,-0.869266826308077,low_read
3979,discussed_and,20,20,-0.869266826308073,low_read
3014,an_estimator,23,25,-0.869266826308071,low_read
5828,structural_equation,14,15,-0.869266826308071,low_read
5871,the_independence,13,15,-0.869266826308069,low_read
3087,new_approach,24,25,-0.869266826308068,low_read
2076,turns_out,34,35,-0.869266826308068,low_read
3082,marginal_product,17,25,-0.869266826308061,low_read
3984,equality_of,8,20,-0.86926682630806,low_read
4087,sufficiently_large,20,20,-0.86926682630806,low_read
5530,are_present,15,15,-0.869266826308057,low_read
3142,the_specification,25,25,-0.869266826308055,low_read
4026,large_class,20,20,-0.869266826308046,low_read
988,application_of,58,60,-0.869266826308025,low_read
3077,is_compared,25,25,-0.86926682630802,low_read
3016,and_each,24,25,-0.869266826308004,low_read
4090,that_does,19,20,-0.86926682630799,low_read
2052,product_of,30,35,-0.869266826307969,low_read
4128,transactions_costs,15,20,-0.869266826307969,low_read
2473,system_in,29,30,-0.869266826307965,low_read
3957,assumptions_of,20,20,-0.869266826307965,low_read
2421,discrete_choice,26,30,-0.869266826307919,low_read
905,is_derived,62,65,-0.869266826307906,low_read
3999,framework_in,20,20,-0.869266826307862,low_read
274,of_such,140,145,-0.869266826307803,low_read
563,for_which,86,90,-0.869266826307793,low_read
1476,the_nash,30,45,-0.869266826307772,low_read
798,conclude_that,70,71,0.867273765182787,high_read
3685,time_we,22,22,0.864655858702595,high_read
3690,to_high,21,22,0.864655858702147,high_read
3699,total_factor,21,22,0.864655858701949,high_read
3576,fall_in,21,22,0.864655858701769,high_read
3605,is_larger,22,22,0.864655858701759,high_read
3671,the_factors,21,22,0.864655858701695,high_read
3577,find_the,22,22,0.864655858701623,high_read
3573,expenditure_survey,22,22,0.864655858701492,high_read
3539,are_tested,22,22,0.864655858701408,high_read
3611,labor_demand,17,22,0.864655858701398,high_read
3704,value_the,18,22,0.864655858701354,high_read
3637,our_theory,21,22,0.864655858701343,high_read
1493,difference_in,40,44,0.864655858700795,high_read
371,the_production,96,119,-0.858974831198067,low_read
1102,world_war,44,56,0.858023008124081,high_read
8,it_is,1032,1238,-0.857400825031257,low_read
74,is_to,279,307,-0.857304537902268,low_read
767,the_federal,55,73,0.857024203409872,high_read
66,the_united,261,316,0.855254593963508,high_read
4792,choices_and,16,17,0.853735242725561,high_read
4766,are_both,17,17,0.853735242725552,high_read
4928,of_corporate,15,17,0.85373524272554,high_read
4875,in_low,17,17,0.853735242725527,high_read
5042,the_marriage,11,17,0.853735242725462,high_read
4807,contracts_we,17,17,0.853735242725433,high_read
4771,are_typically,17,17,0.853735242725419,high_read
4812,decisions_in,17,17,0.853735242725394,high_read
5022,the_adverse,14,17,0.853735242725376,high_read
4795,closer_to,17,17,0.853735242725366,high_read
2123,motivated_by,33,34,0.85373524272536,high_read
5065,these_questions,16,17,0.853735242725347,high_read
4984,reasons_for,16,17,0.853735242725304,high_read
2106,force_participation,27,34,0.853735242725288,high_read
4884,informed_about,15,17,0.853735242725277,high_read
4857,gold_standard,10,17,0.853735242725261,high_read
4864,higher_quality,14,17,0.853735242725254,high_read
5049,the_post,17,17,0.853735242725252,high_read
4914,model_implies,17,17,0.853735242725246,high_read
5034,the_duration,16,17,0.853735242725232,high_read
5102,very_low,16,17,0.853735242725226,high_read
5071,time_spent,12,17,0.853735242725199,high_read
5025,the_causes,17,17,0.853735242725197,high_read
4787,can_affect,17,17,0.85373524272519,high_read
5016,than_do,17,17,0.853735242725184,high_read
4797,common_value,14,17,0.85373524272518,high_read
5020,that_trade,16,17,0.85373524272516,high_read
210,the_us,149,170,0.85373524272516,high_read
4993,search_model,17,17,0.853735242725089,high_read
5089,trading_volume,13,17,0.853735242725021,high_read
277,risk_aversion,98,143,-0.852171994176029,low_read
91,differences_in,199,269,0.850167170274175,high_read
931,be_explained,61,63,0.849926545115138,high_read
377,steady_state,85,118,-0.848572268197409,low_read
726,market_for,66,75,0.847338039048049,high_read
722,ability_to,70,75,0.847338039047912,high_read
1155,utility_of,45,54,-0.846668830784584,low_read
170,more_than,184,191,0.846199996531973,high_read
2501,and_wages,26,29,0.845464309060133,high_read
2585,the_cyclical,24,29,0.845464309060093,high_read
2589,the_fraction,25,29,0.845464309060041,high_read
1048,to_measure,56,58,0.845464309060009,high_read
2600,time_to,27,29,0.845464309059948,high_read
2576,skilled_labor,20,29,0.845464309059883,high_read
2538,influenced_by,27,29,0.845464309059867,high_read
2606,us_manufacturing,27,29,0.845464309059805,high_read
2495,ability_of,28,29,0.845464309059781,high_read
1310,to_that,48,49,-0.844379758088655,low_read
160,we_develop,193,198,0.844045208666979,high_read
407,panel_data,104,111,0.842933175917433,high_read
92,existence_of,233,269,-0.842085264061363,low_read
1704,the_share,34,41,0.842038274696292,high_read
302,levels_of,125,135,0.841302566637206,high_read
1177,on_their,51,53,0.840164477935413,high_read
1999,which_firms,35,36,0.833766690474679,high_read
7309,empirical_support,12,12,0.833766690474199,high_read
7695,that_differ,12,12,0.833766690474178,high_read
7774,timing_and,12,12,0.833766690474125,high_read
7477,market_model,11,12,0.833766690474053,high_read
7626,rests_on,12,12,0.833766690474009,high_read
7522,of_experiments,11,12,0.833766690473952,high_read
7613,purchase_of,11,12,0.833766690473945,high_read
7241,categories_of,12,12,0.833766690473916,high_read
3262,not_affect,24,24,0.833766690473866,high_read
3248,manufacturing_industries,21,24,0.833766690473857,high_read
3289,power_to,22,24,0.833766690473825,high_read
7827,wages_to,12,12,0.833766690473756,high_read
7215,be_higher,12,12,0.833766690473745,high_read
7388,illustrate_how,10,12,0.833766690473724,high_read
7508,not_generally,12,12,0.833766690473705,high_read
7603,profits_of,12,12,0.833766690473704,high_read
7561,other_firms,12,12,0.833766690473697,high_read
7724,the_margin,11,12,0.833766690473673,high_read
3293,raises_the,23,24,0.833766690473673,high_read
7509,not_increase,12,12,0.833766690473671,high_read
7645,share_in,10,12,0.833766690473668,high_read
7343,firms_will,9,12,0.833766690473646,high_read
7630,risk_the,12,12,0.833766690473608,high_read
7468,making_in,12,12,0.833766690473594,high_read
7555,only_at,12,12,0.833766690473574,high_read
7532,of_obtaining,12,12,0.833766690473574,high_read
7608,propose_simple,12,12,0.833766690473565,high_read
7810,unaffected_by,12,12,0.833766690473512,high_read
7379,household_consumption,10,12,0.83376669047351,high_read
7280,developed_economies,12,12,0.833766690473492,high_read
7492,more_on,12,12,0.833766690473486,high_read
7348,for_changes,12,12,0.83376669047348,high_read
7805,trend_in,11,12,0.833766690473456,high_read
7339,financial_intermediaries,10,12,0.833766690473436,high_read
7651,social_cost,8,12,0.833766690473435,high_read
7144,also_have,12,12,0.833766690473417,high_read
7460,list_of,10,12,0.833766690473408,high_read
7775,to_acquire,11,12,0.833766690473401,high_read
7804,transfers_are,11,12,0.833766690473372,high_read
3323,the_persistence,24,24,0.833766690473357,high_read
7370,have_experienced,11,12,0.833766690473347,high_read
7171,and_later,12,12,0.833766690473343,high_read
7310,employment_growth,11,12,0.833766690473342,high_read
7582,postwar_period,12,12,0.833766690473316,high_read
7661,states_is,12,12,0.833766690473305,high_read
7363,government_policy,11,12,0.833766690473276,high_read
7579,policy_are,12,12,0.833766690473268,high_read
7451,law_and,12,12,0.833766690473255,high_read
7375,helps_to,12,12,0.833766690473249,high_read
7174,and_negative,12,12,0.833766690473245,high_read
3256,much_as,23,24,0.833766690473221,high_read
7419,increase_of,11,12,0.833766690473211,high_read
7512,not_vary,12,12,0.8337666904732,high_read
1958,estimates_the,33,36,0.833766690473196,high_read
7397,in_developed,10,12,0.833766690473195,high_read
7701,the_accumulation,12,12,0.833766690473176,high_read
3286,positive_correlation,22,24,0.833766690473171,high_read
7516,occur_when,12,12,0.833766690473165,high_read
7170,and_inequality,11,12,0.833766690473165,high_read
7574,participation_rates,12,12,0.833766690473163,high_read
7690,than_when,11,12,0.833766690473158,high_read
7255,compensation_and,12,12,0.833766690473156,high_read
7776,to_alternative,12,12,0.833766690473154,high_read
7184,and_study,12,12,0.833766690473143,high_read
7591,previous_research,11,12,0.833766690473123,high_read
7782,to_enforce,11,12,0.833766690473116,high_read
7704,the_cash,10,12,0.833766690473115,high_read
7374,helps_explain,12,12,0.833766690473085,high_read
7365,groups_the,12,12,0.833766690473056,high_read
7713,the_emergence,12,12,0.833766690473055,high_read
3233,in_line,22,24,0.833766690473051,high_read
7391,import_prices,10,12,0.83376669047304,high_read
7286,develops_simple,12,12,0.833766690473024,high_read
7200,are_strongly,12,12,0.833766690473017,high_read
3169,accompanied_by,23,24,0.833766690473007,high_read
7614,quality_is,11,12,0.833766690472971,high_read
7716,the_externality,8,12,0.833766690472959,high_read
7389,implication_is,12,12,0.833766690472954,high_read
7638,selling_to,11,12,0.833766690472911,high_read
7593,prices_at,12,12,0.833766690472742,high_read
1957,entry_and,33,36,0.833766690472426,high_read
2085,applications_of,33,34,-0.833514969457929,low_read
2135,resulting_from,33,34,-0.833514969457907,low_read
2155,utility_is,31,34,-0.833514969457867,low_read
2100,expectations_are,27,34,-0.833514969457851,low_read
2090,conditions_that,32,34,-0.83351496945785,low_read
2095,demand_curve,20,34,-0.83351496945781,low_read
2121,more_generally,34,34,-0.833514969457762,low_read
339,an_equilibrium,108,126,-0.830709394007043,low_read
550,the_dynamic,78,92,-0.829673710413407,low_read
674,the_wage,66,79,0.829478225658989,high_read
2608,we_illustrate,27,29,-0.827425925875294,low_read
2510,be_implemented,24,29,-0.827425925875282,low_read
2552,of_intertemporal,25,29,-0.827425925875276,low_read
2521,dynamic_programming,25,29,-0.827425925875276,low_read
2505,are_independent,27,29,-0.827425925875243,low_read
2531,functions_the,29,29,-0.827425925875242,low_read
2579,steady_states,17,29,-0.827425925875214,low_read
2546,necessary_for,29,29,-0.827425925875135,low_read
2506,article_is,28,29,-0.82742592587512,low_read
1565,market_the,41,43,0.825890145282874,high_read
1158,an_example,51,53,-0.823531070359692,low_read
1175,of_that,51,53,-0.82353107035925,low_read
2360,on_labor,29,31,0.822843805869306,high_read
2328,conclusion_is,30,31,0.822843805869237,high_read
2401,were_not,31,31,0.822843805869136,high_read
2333,determinant_of,31,31,0.822843805869132,high_read
2336,empirical_findings,30,31,0.822843805868942,high_read
699,of_one,76,77,-0.822066456005702,low_read
1256,countries_and,47,50,0.820225117094742,high_read
3209,current_income,16,24,-0.818836495618468,low_read
1317,and_if,46,48,-0.818836495618446,low_read
3185,are_explored,24,24,-0.818836495618377,low_read
3272,of_preference,21,24,-0.818836495618345,low_read
3231,in_detail,24,24,-0.818836495618344,low_read
3312,the_associated,24,24,-0.818836495618333,low_read
3252,models_is,23,24,-0.81883649561832,low_read
1314,account_of,46,48,-0.818836495618299,low_read
3280,paper_are,24,24,-0.818836495618282,low_read
3291,probability_distribution,24,24,-0.818836495618266,low_read
3172,agents_to,23,24,-0.818836495618199,low_read
3228,have_shown,22,24,-0.81883649561819,low_read
3243,is_usually,24,24,-0.818836495618172,low_read
3245,known_as,23,24,-0.818836495618171,low_read
788,tests_for,59,72,-0.818836495617788,low_read
774,close_to,66,72,-0.818836495617756,low_read
556,instrumental_variables,68,91,-0.816108159124472,low_read
1865,the_evolution,35,38,0.815954802584256,high_read
4389,to_low,18,19,0.81595480258421,high_read
4189,countries_have,17,19,0.815954802584203,high_read
4149,and_quality,18,19,0.815954802584192,high_read
1856,provide_an,38,38,0.815954802584142,high_read
4332,research_on,19,19,0.815954802584125,high_read
4381,to_answer,19,19,0.815954802584117,high_read
4374,theory_predicts,19,19,0.815954802584114,high_read
4367,the_incidence,19,19,0.815954802584083,high_read
1869,the_view,37,38,0.815954802584079,high_read
4224,faster_than,19,19,0.815954802584048,high_read
4388,to_infer,19,19,0.815954802584015,high_read
4248,highlight_the,19,19,0.815954802583998,high_read
4161,as_high,18,19,0.81595480258398,high_read
4198,developed_to,19,19,0.815954802583957,high_read
1822,before_the,37,38,0.815954802583934,high_read
4308,paper_compares,19,19,0.815954802583905,high_read
4146,and_increasing,19,19,0.815954802583891,high_read
864,extended_to,65,67,-0.815131889972843,low_read
1559,is_analyzed,42,43,-0.813067644282532,low_read
1577,the_full,41,43,-0.813067644282413,low_read
915,effect_is,62,64,0.812620565980872,high_read
54,the_effect,324,365,0.812447049314772,high_read
449,the_following,102,105,-0.81175174214913,low_read
1444,as_measured,41,45,0.811213284526355,high_read
564,growth_in,77,90,0.811213284525869,high_read
370,parameters_of,106,119,-0.808427729014585,low_read
1216,we_construct,52,52,0.807750478137632,high_read
2893,borrowing_constraints,21,26,0.807750478137631,high_read
2878,and_high,24,26,0.807750478137583,high_read
2941,marriage_market,15,26,0.80775047813754,high_read
2874,an_average,26,26,0.807750478137513,high_read
688,to_identify,77,78,0.807750478137504,high_read
1076,the_only,54,57,-0.805807989975412,low_read
4331,represents_the,16,19,-0.805807989975295,low_read
4328,region_of,14,19,-0.80580798997525,low_read
4241,game_and,15,19,-0.805807989975185,low_read
4401,value_for,17,19,-0.805807989975181,low_read
4280,maximizing_behavior,17,19,-0.805807989975179,low_read
4327,real_output,16,19,-0.805807989975166,low_read
4259,income_elasticity,17,19,-0.805807989975162,low_read
4165,balanced_growth,15,19,-0.80580798997516,low_read
4281,model_as,19,19,-0.805807989975158,low_read
4384,to_cover,19,19,-0.805807989975154,low_read
4171,bonds_and,17,19,-0.805807989975152,low_read
4408,way_the,18,19,-0.805807989975152,low_read
4242,general_class,19,19,-0.80580798997515,low_read
4318,price_in,19,19,-0.805807989975148,low_read
4235,for_that,19,19,-0.805807989975138,low_read
4392,to_yield,19,19,-0.80580798997513,low_read
4302,one_hand,19,19,-0.805807989975129,low_read
4329,relative_factor,14,19,-0.805807989975128,low_read
4366,the_goods,16,19,-0.805807989975123,low_read
4230,for_and,18,19,-0.805807989975122,low_read
4278,makes_the,19,19,-0.805807989975113,low_read
4362,the_crucial,17,19,-0.805807989975107,low_read
4139,adjustment_of,18,19,-0.805807989975104,low_read
4417,with_and,18,19,-0.805807989975101,low_read
4284,not_imply,19,19,-0.805807989975097,low_read
4215,examined_the,19,19,-0.805807989975095,low_read
4379,this_type,19,19,-0.805807989975091,low_read
4172,by_considering,19,19,-0.80580798997509,low_read
4216,exceed_the,16,19,-0.80580798997509,low_read
4182,commodities_and,19,19,-0.805807989975089,low_read
4279,marginal_propensity,17,19,-0.805807989975073,low_read
4156,are_known,18,19,-0.805807989975046,low_read
4218,exists_and,19,19,-0.80580798997504,low_read
4351,tests_that,16,19,-0.805807989975036,low_read
4316,positive_probability,18,19,-0.805807989975035,low_read
4360,the_correct,18,19,-0.805807989975032,low_read
4205,effect_that,18,19,-0.805807989974988,low_read
4243,general_the,19,19,-0.805807989974973,low_read
4177,capture_the,19,19,-0.805807989974955,low_read
4206,efficient_and,18,19,-0.805807989974952,low_read
4251,imperfect_information,17,19,-0.805807989974946,low_read
543,and_more,89,92,0.804364682322777,high_read
2191,lower_than,31,33,0.803031349769976,high_read
1738,risk_taking,23,40,0.799965674730405,high_read
1753,to_work,35,40,0.799965674730319,high_read
451,assumption_that,96,104,-0.799827596331094,low_read
45,which_the,382,416,-0.799827596331072,low_read
1203,models_the,50,52,-0.799827596331053,low_read
174,which_are,181,189,-0.799227524544325,low_read
588,source_of,85,87,0.798803190991289,high_read
2169,defined_as,33,33,-0.796393605548486,low_read
2203,the_above,32,33,-0.796393605548386,low_read
1374,methods_of,43,47,-0.792602127161459,low_read
637,increase_the,80,82,0.792568798420016,high_read
128,the_equilibrium,194,230,-0.790972662541197,low_read
968,aggregate_demand,48,61,-0.790554410072516,low_read
287,importance_of,133,138,0.789712192455505,high_read
736,theory_is,70,75,-0.789272389565015,low_read
2640,data_sets,24,28,0.785531370056622,high_read
6437,to_tax,13,14,0.785531370056386,high_read
5980,and_savings,13,14,0.785531370056311,high_read
6206,methodology_for,14,14,0.785531370056308,high_read
6334,suffer_from,12,14,0.785531370056293,high_read
6307,responsiveness_of,14,14,0.785531370056228,high_read
6315,sample_period,13,14,0.785531370056223,high_read
6050,contracts_with,14,14,0.785531370056215,high_read
6432,to_offer,14,14,0.785531370056202,high_read
6392,the_project,8,14,0.785531370056199,high_read
6418,these_problems,14,14,0.785531370056198,high_read
6177,job_creation,12,14,0.785531370056187,high_read
3783,held_by,20,21,0.785531370056172,high_read
3907,to_output,20,21,0.785531370056166,high_read
6462,welfare_losses,12,14,0.785531370056164,high_read
3913,until_the,20,21,0.785531370056151,high_read
6017,benefits_and,14,14,0.785531370056132,high_read
6179,large_fraction,13,14,0.785531370056112,high_read
6163,institutions_and,14,14,0.785531370056103,high_read
6364,the_benefit,13,14,0.785531370056099,high_read
6461,welfare_loss,13,14,0.785531370056082,high_read
6026,by_one,13,14,0.785531370056076,high_read
6162,instead_the,14,14,0.78553137005607,high_read
6060,decrease_with,14,14,0.785531370056067,high_read
2647,examining_the,27,28,0.785531370056042,high_read
3878,the_economics,21,21,0.785531370056026,high_read
6078,emergence_of,14,14,0.785531370056019,high_read
6131,important_and,14,14,0.785531370056013,high_read
6000,are_positively,14,14,0.785531370056012,high_read
5973,and_credit,12,14,0.78553137005601,high_read
6463,what_extent,14,14,0.785531370056003,high_read
3919,welfare_gain,17,21,0.785531370055997,high_read
6362,the_beginning,14,14,0.785531370055997,high_read
6051,convergence_in,13,14,0.785531370055989,high_read
6325,social_preferences,11,14,0.785531370055962,high_read
6477,with_market,14,14,0.78553137005596,high_read
6397,the_research,11,14,0.785531370055936,high_read
6234,of_asymmetric,13,14,0.785531370055923,high_read
1281,compare_the,47,49,0.785531370055921,high_read
6005,assignment_of,14,14,0.785531370055902,high_read
6344,taxation_on,12,14,0.785531370055892,high_read
6154,indicators_of,14,14,0.785531370055869,high_read
6359,that_new,13,14,0.785531370055857,high_read
6048,constrained_by,14,14,0.785531370055855,high_read
6336,suggest_the,14,14,0.785531370055842,high_read
819,extent_of,67,70,0.785531370055831,high_read
6142,in_private,14,14,0.78553137005583,high_read
6222,net_of,14,14,0.785531370055826,high_read
3807,learn_about,21,21,0.785531370055824,high_read
3863,second_we,21,21,0.785531370055722,high_read
5964,an_estimated,12,14,0.785531370055641,high_read
6157,information_but,13,14,0.785531370055633,high_read
2620,and_low,28,28,0.785531370055611,high_read
3854,predictions_are,20,21,0.785531370055581,high_read
6472,winner's_curse,11,14,0.785531370055505,high_read
6393,the_prospect,13,14,0.785531370055499,high_read
2063,the_correlation,30,35,0.785531370055454,high_read
6434,to_promote,14,14,0.785531370055397,high_read
2060,standard_deviation,28,35,0.785531370055388,high_read
2672,more_productive,24,28,0.785531370055387,high_read
6141,in_preferences,13,14,0.785531370055377,high_read
2713,the_procedure,26,28,-0.783697317716815,low_read
2634,capital_in,25,28,-0.783697317716539,low_read
2730,with_incomplete,27,28,-0.783697317716436,low_read
1588,are_compared,41,42,-0.783697317716253,low_read
1599,elasticities_of,35,42,-0.783697317716239,low_read
1618,of_model,40,42,-0.783697317716233,low_read
1629,the_firms,31,42,-0.783697317716229,low_read
1099,that_all,53,56,-0.783697317716135,low_read
500,paper_considers,97,98,-0.783697317716015,low_read
1096,such_an,53,56,-0.783697317715827,low_read
2621,and_others,28,28,-0.783697317715567,low_read
663,in_that,74,79,-0.778420782689083,low_read
672,than_those,76,79,0.778233942890182,high_read
1892,in_consumption,33,37,-0.772450203886312,low_read
1893,in_dynamic,36,37,-0.772450203886283,low_read
1883,bounds_on,33,37,-0.772450203886253,low_read
1886,discussion_of,35,37,-0.772450203886224,low_read
1925,the_neoclassical,29,37,-0.772450203886193,low_read
227,we_present,159,162,0.771303540700214,high_read
1003,is_examined,59,60,-0.769836112071092,low_read
118,the_rate,171,240,-0.76983611207103,low_read
437,means_of,101,106,-0.76801345485866,low_read
242,indicate_that,151,157,0.767185222591419,high_read
367,are_consistent,118,120,0.766330156142565,high_read
2491,trade_is,26,30,0.766330156142141,high_read
2457,persistence_of,30,30,0.766330156142016,high_read
2414,availability_of,28,30,0.766330156141996,high_read
2464,productivity_in,28,30,0.766330156141918,high_read
2494,vary_with,29,30,0.766330156141794,high_read
2458,physical_capital,19,30,0.76633015614168,high_read
40,effect_of,372,436,0.765714409880374,high_read
3490,the_conclusion,22,23,-0.765638875788103,low_read
3450,placed_on,23,23,-0.765638875788055,low_read
548,is_possible,90,92,-0.76563887578802,low_read
3457,process_the,22,23,-0.765638875787927,low_read
3499,the_parties,17,23,-0.765638875787905,low_read
3440,of_net,20,23,-0.765638875787875,low_read
3382,density_of,19,23,-0.765638875787846,low_read
1409,derive_the,44,46,-0.765638875787758,low_read
1401,an_efficient,42,46,-0.765638875787598,low_read
681,possibility_of,75,78,-0.762416942754019,low_read
1113,money_and,49,55,-0.761071310479508,low_read
414,system_of,102,110,-0.761071310479337,low_read
1121,the_least,48,55,-0.7610713104793,low_read
1416,in_income,40,46,0.760495901977347,high_read
3487,the_article,19,23,0.760495901977342,high_read
3372,comparing_the,23,23,0.760495901977333,high_read
3383,differences_are,23,23,0.760495901977261,high_read
3510,to_enter,21,23,0.760495901977259,high_read
3455,private_and,22,23,0.760495901977255,high_read
3503,the_volume,19,23,0.760495901977239,high_read
3476,stylized_facts,19,23,0.760495901977233,high_read
3368,capita_income,15,23,0.760495901977225,high_read
3431,market_we,23,23,0.760495901977219,high_read
3479,supports_the,23,23,0.760495901977181,high_read
3430,line_with,22,23,0.760495901977168,high_read
3412,in_life,17,23,0.760495901977154,high_read
1437,the_returns,41,46,0.76049590197708,high_read
3523,with_private,22,23,0.760495901977047,high_read
612,per_capita,63,85,0.758437783853217,high_read
606,appear_to,82,85,0.758437783853162,high_read
2241,decision_rules,27,32,-0.757795566061085,low_read
2288,than_that,31,32,-0.757795566060882,low_read
2244,developed_by,31,32,-0.757795566060849,low_read
2253,hence_the,32,32,-0.757795566060843,low_read
2285,solution_is,29,32,-0.757795566060778,low_read
2302,to_all,31,32,-0.757795566060768,low_read
2231,assumption_is,30,32,-0.757795566060764,low_read
2269,of_random,29,32,-0.757795566060735,low_read
296,results_of,135,137,-0.756482169700213,low_read
1769,because_they,37,39,0.756010941120938,high_read
1792,of_wages,34,39,0.756010941120344,high_read
1791,of_wage,39,39,0.756010941120195,high_read
755,equal_to,69,73,-0.755331489775762,low_read
766,test_of,70,73,-0.755331489775739,low_read
262,an_important,145,149,0.754626828219906,high_read
247,of_production,127,155,-0.754315051138284,low_read
1653,as_it,37,41,-0.753410656703935,low_read
1665,for_every,34,41,-0.7534106567038,low_read
1684,out_to,40,41,-0.753410656703591,low_read
805,rise_in,60,71,0.753106525775105,high_read
586,investigates_the,87,87,0.752455678407066,high_read
553,consumption_and,79,91,-0.751871251853903,low_read
5472,to_information,16,16,0.74956816607323,high_read
5307,markets_where,16,16,0.749568166073222,high_read
2307,use_this,32,32,0.749568166073163,high_read
5434,the_global,15,16,0.749568166073147,high_read
5291,is_substantial,16,16,0.749568166073118,high_read
5269,in_social,15,16,0.749568166073098,high_read
5316,negatively_related,15,16,0.749568166073075,high_read
5276,increase_their,14,16,0.749568166073074,high_read
5227,find_it,16,16,0.74956816607307,high_read
5189,consumers_who,15,16,0.749568166073056,high_read
5194,correct_for,15,16,0.749568166073054,high_read
2260,may_also,32,32,0.749568166073038,high_read
5172,by_doing,15,16,0.749568166072999,high_read
5431,the_face,16,16,0.749568166072978,high_read
5470,to_finance,16,16,0.749568166072939,high_read
5465,time_for,16,16,0.749568166072938,high_read
5141,and_us,15,16,0.7495681660729,high_read
5334,of_minimum,14,16,0.749568166072896,high_read
5228,findings_of,16,16,0.749568166072888,high_read
5325,of_control,13,16,0.749568166072849,high_read
5148,are_heterogeneous,16,16,0.749568166072811,high_read
5279,influence_on,16,16,0.749568166072803,high_read
5272,in_wages,15,16,0.749568166072767,high_read
5474,to_rise,15,16,0.749568166072759,high_read
5322,of_buyers,11,16,0.749568166072722,high_read
5268,in_schooling,13,16,0.749568166072712,high_read
5387,responds_to,16,16,0.749568166072673,high_read
5409,status_quo,15,16,0.749568166072625,high_read
130,general_equilibrium,197,227,-0.74909416322698,low_read
764,simple_model,70,73,0.746128198823375,high_read
323,model_to,127,130,0.745704916084988,high_read
1069,of_high,48,57,0.745162848257562,high_read
641,predictions_of,75,82,0.743444326801371,high_read
881,measured_by,60,66,0.741960429298591,high_read
142,where_the,185,212,-0.740894003995021,low_read
3125,that_do,24,25,0.739527394775041,high_read
3116,structural_model,24,25,0.739527394775008,high_read
3132,the_foreign,22,25,0.739527394774976,high_read
3119,taxes_are,24,25,0.739527394774959,high_read
3044,economic_development,25,25,0.739527394774933,high_read
1267,results_show,50,50,0.739527394774885,high_read
259,the_labor,127,150,0.739527394774805,high_read
3078,is_high,23,25,0.73952739477476,high_read
3037,current_population,22,25,0.73952739477476,high_read
3074,industry_and,24,25,0.739527394774722,high_read
3029,capital_income,17,25,0.739527394774717,high_read
3064,high_income,23,25,0.739527394774669,high_read
3054,factor_productivity,24,25,0.739527394774663,high_read
3057,fixed_costs,18,25,0.739527394774655,high_read
3123,than_is,23,25,0.739527394774654,high_read
3093,of_increasing,25,25,0.739527394774498,high_read
2815,paper_extends,27,27,-0.737905777003631,low_read
2840,the_discussion,26,27,-0.737905777003566,low_read
2826,proportional_to,24,27,-0.737905777003561,low_read
2799,of_fixed,25,27,-0.737905777003532,low_read
338,an_economy,116,126,-0.737905777003482,low_read
492,and_it,98,99,-0.737905777003476,low_read
1967,is_generally,34,36,-0.737905777003472,low_read
2846,the_fixed,22,27,-0.737905777003458,low_read
791,the_one,71,72,-0.737905777003413,low_read
1445,assumptions_about,44,45,-0.737905777003384,low_read
1152,the_three,44,54,-0.737905777003315,low_read
100,the_existence,228,261,-0.737905777003269,low_read
651,of_each,76,81,-0.737905777003268,low_read
2858,this_context,26,27,-0.737905777003258,low_read
1482,which_there,43,45,-0.73790577700318,low_read
1456,linear_programming,35,45,-0.737905777003067,low_read
2114,influence_the,34,34,0.734806397004793,high_read
2088,bargaining_power,29,34,0.734806397004749,high_read
856,sensitive_to,62,68,0.734806397004726,high_read
2127,off_between,32,34,0.734806397004688,high_read
2138,shocks_and,31,34,0.734806397004534,high_read
286,method_of,127,139,-0.733357648564558,low_read
1211,the_job,42,52,0.730269362988203,high_read
361,is_more,120,122,0.729005353962891,high_read
155,of_their,189,203,0.726091956173114,high_read
1301,technical_change,32,49,-0.725033427818007,low_read
93,associated_with,246,268,0.723366619399087,high_read
85,due_to,250,277,0.723312647300614,high_read
656,characterize_the,80,80,-0.722149619647348,low_read
1748,the_type,37,40,-0.72214961964709,low_read
4699,to_social,16,18,0.721705621851624,high_read
4700,to_standard,18,18,0.721705621851582,high_read
2733,all_three,27,27,0.721705621851576,high_read
2850,the_opposite,27,27,0.72170562185156,high_read
4712,very_little,18,18,0.721705621851537,high_read
4608,produced_by,17,18,0.721705621851515,high_read
4691,to_income,17,18,0.721705621851476,high_read
792,to_increase,70,72,0.721705621851416,high_read
4652,that_information,18,18,0.72170562185141,high_read
786,robust_to,71,72,0.721705621851376,high_read
1985,that_even,36,36,0.721705621851371,high_read
940,of_financial,48,63,0.721705621851368,high_read
2801,of_life,23,27,0.72170562185134,high_read
4729,workers_to,18,18,0.721705621851328,high_read
1942,as_much,35,36,0.72170562185132,high_read
4679,the_trading,15,18,0.721705621851318,high_read
4427,an_integrated,17,18,0.721705621851314,high_read
4571,of_over,18,18,0.721705621851314,high_read
4428,an_investment,16,18,0.72170562185127,high_read
4666,the_innovation,14,18,0.721705621851266,high_read
2761,decision_to,27,27,0.721705621851234,high_read
4611,propose_new,18,18,0.721705621851212,high_read
4603,price_the,18,18,0.721705621851192,high_read
4569,of_increased,16,18,0.721705621851175,high_read
4604,prices_on,18,18,0.721705621851155,high_read
4545,is_strongly,17,18,0.721705621851154,high_read
4477,develop_new,17,18,0.721705621851141,high_read
4705,up_the,18,18,0.721705621851027,high_read
2350,its_own,29,31,-0.717600576562626,low_read
2359,of_endogenous,30,31,-0.71760057656259,low_read
2320,as_whole,27,31,-0.717600576562502,low_read
2338,expectations_of,28,31,-0.717600576562437,low_read
2373,result_that,30,31,-0.717600576562436,low_read
2379,strategies_are,28,31,-0.717600576562388,low_read
480,of_firms,88,101,0.717299648550509,high_read
621,then_the,79,84,-0.715438319534574,low_read
911,their_own,62,65,0.714860296352694,high_read
894,costs_are,59,65,0.714860296352582,high_read
1183,the_notion,53,53,-0.714174780124138,low_read
1165,economy_in,52,53,-0.714174780123994,low_read
1354,and_growth,39,47,0.712239977960856,high_read
1357,are_important,45,47,0.712239977960555,high_read
318,the_average,111,132,0.71159493206985,high_read
1873,to_control,37,38,0.709999474531644,high_read
394,paper_investigates,114,114,0.709999474531175,high_read
577,derived_from,83,88,-0.709358309742522,low_read
3558,curve_is,18,22,-0.70935830974241,low_read
3621,neoclassical_model,19,22,-0.709358309742315,low_read
3566,efficient_allocation,19,22,-0.709358309742302,low_read
3615,mean_and,19,22,-0.709358309742291,low_read
3527,agents_and,22,22,-0.709358309742289,low_read
3634,of_variables,21,22,-0.709358309742281,low_read
3541,assumptions_that,20,22,-0.709358309742267,low_read
3712,with_one,21,22,-0.709358309742249,low_read
3679,the_search,20,22,-0.709358309742224,low_read
1487,are_of,42,44,-0.709358309742048,low_read
1485,and_so,44,44,-0.709358309742046,low_read
1500,ii_the,42,44,-0.709358309742045,low_read
1524,the_approach,39,44,-0.709358309741982,low_read
2547,new_york,25,29,0.706369391525919,high_read
2541,job_search,23,29,0.706369391525752,high_read
2588,the_experimental,28,29,0.706369391525748,high_read
125,paper_examines,232,232,0.706369391525695,high_read
2611,wealth_and,28,29,0.706369391525547,high_read
669,possible_to,74,79,-0.706134033664449,low_read
677,adverse_selection,52,78,0.704601366183961,high_read
336,out_of,106,127,0.704197687220934,high_read
1296,productivity_of,43,49,0.703555129313076,high_read
107,the_two,228,254,-0.703345885520007,low_read
829,correlation_between,61,69,0.702372556119194,high_read
2041,of_adjustment,27,35,-0.702088608215883,low_read
2012,direction_of,34,35,-0.702088608215789,low_read
2070,the_point,34,35,-0.702088608215711,low_read
373,approach_to,115,118,-0.700736387784185,low_read
321,of_demand,107,131,-0.69965325722497,low_read
3969,changes_the,20,20,0.699475826771964,high_read
4113,to_become,18,20,0.699475826771928,high_read
3973,cost_is,19,20,0.699475826771908,high_read
4058,policies_and,19,20,0.699475826771827,high_read
3993,firm_to,18,20,0.699475826771801,high_read
1716,determines_the,38,40,0.699475826771719,high_read
1715,decisions_of,36,40,0.699475826771711,high_read
1723,increasing_the,40,40,0.699475826771693,high_read
4032,methodology_to,19,20,0.69947582677169,high_read
4083,setting_in,20,20,0.699475826771613,high_read
1350,variables_the,46,48,-0.698766162135381,low_read
1333,it_will,42,48,-0.698766162133924,low_read
1318,approach_is,47,48,-0.69876616213387,low_read
745,of_preferences,66,74,-0.695628760605293,low_read
341,of_return,79,126,-0.693241899630586,low_read
2404,with_their,30,31,0.693031145430574,high_read
2356,mechanism_is,26,31,0.693031145430514,high_read
2403,with_data,31,31,0.693031145430427,high_read
2393,they_do,31,31,0.693031145430351,high_read
2394,to_address,31,31,0.693031145430065,high_read
1591,attributed_to,40,42,0.689963614310113,high_read
1622,preferences_for,34,42,0.689963614309797,high_read
1595,countries_the,41,42,0.68996361430977,high_read
1634,the_performance,39,42,0.689963614309461,high_read
215,the_most,156,168,0.689963614309378,high_read
1602,finding_is,41,42,0.689963614309345,high_read
340,data_for,122,126,0.689963614309019,high_read
1787,of_comparative,34,39,-0.689850464623609,low_read
1774,equilibrium_price,33,39,-0.689850464623533,low_read
2933,involved_in,25,26,-0.689850464623499,low_read
1800,procedure_for,38,39,-0.689850464623482,low_read
2948,of_aggregation,21,26,-0.689850464623465,low_read
1807,the_agents,35,39,-0.689850464623459,low_read
906,of_any,65,65,-0.689850464623455,low_read
1801,risk_neutral,36,39,-0.689850464623441,low_read
2912,exceeds_the,26,26,-0.689850464623418,low_read
2910,equity_premium,23,26,-0.689850464623388,low_read
1191,capital_stock,39,52,-0.689850464623363,low_read
922,stock_market,47,64,0.686992764064959,high_read
27,effects_of,468,542,0.684000791453802,high_read
1497,evidence_is,44,44,0.681323334293954,high_read
3533,and_firms,22,22,0.681323334293766,high_read
3670,the_environment,20,22,0.68132333429364,high_read
3561,develop_an,22,22,0.681323334293574,high_read
3663,tax_and,20,22,0.681323334293544,high_read
3578,firms_can,21,22,0.681323334293506,high_read
3633,of_taxation,20,22,0.681323334293494,high_read
3549,commit_to,21,22,0.681323334293479,high_read
3648,production_costs,17,22,0.681323334293447,high_read
3632,of_saving,19,22,0.681323334293446,high_read
3544,body_of,21,22,0.68132333429343,high_read
1488,better_than,40,44,0.681323334293418,high_read
3708,we_describe,22,22,0.681323334293397,high_read
3555,consumers_and,21,22,0.681323334293371,high_read
1523,the_ability,43,44,0.681323334293272,high_read
3692,to_influence,22,22,0.681323334293262,high_read
2172,duration_of,28,33,0.681323334293247,high_read
2193,of_credit,27,33,0.681323334293038,high_read
359,the_size,112,123,0.678374500690168,high_read
770,to_obtain,72,73,-0.6781899731645,low_read
2424,equilibrium_we,29,30,-0.675673028595635,low_read
1078,to_evaluate,57,57,0.674960991824869,high_read
263,information_about,135,149,0.674021876721798,high_read
1375,models_that,46,47,-0.671770367588195,low_read
52,the_effects,325,372,0.671575978241442,high_read
2021,growth_the,35,35,0.670963553334936,high_read
322,size_of,116,131,0.66748593400977,high_read
3338,way_to,24,24,0.66621829464336,high_read
3215,economic_conditions,22,24,0.666218294643283,high_read
3267,of_fiscal,21,24,0.666218294643281,high_read
3295,rates_is,24,24,0.666218294643195,high_read
3186,are_much,24,24,0.666218294643146,high_read
3298,risk_is,23,24,0.666218294643143,high_read
3255,more_of,23,24,0.666218294643089,high_read
1336,rates_in,46,48,0.66621829464303,high_read
1322,be_more,47,48,0.666218294643016,high_read
3285,population_and,21,24,0.666218294643012,high_read
3296,real_world,23,24,0.666218294642947,high_read
3332,trade_the,22,24,0.666218294642908,high_read
3268,of_inequality,21,24,0.666218294642783,high_read
608,be_the,81,85,-0.664902863325221,low_read
1242,overlapping_generations,47,51,-0.664902863325182,low_read
2082,and_no,33,34,-0.664902863325117,low_read
2083,and_production,32,34,-0.664902863325104,low_read
853,not_necessarily,65,68,-0.664902863325047,low_read
2148,to_capital,27,34,-0.664902863324923,low_read
984,to_investigate,60,61,0.66349641854308,high_read
977,light_on,61,61,0.663496418542986,high_read
1914,previous_studies,33,37,0.661731188185909,high_read
1921,than_for,37,37,0.661731188185691,high_read
789,that_under,69,72,-0.66043325060429,low_read
411,for_an,105,110,-0.659053850433907,low_read
265,elasticity_of,122,148,-0.658383150911051,low_read
94,relative_to,236,267,0.656892909733476,high_read
714,rate_and,70,76,-0.656442977613582,low_read
1836,good_is,30,38,-0.656442977613224,low_read
1859,so_as,37,38,-0.656442977613107,low_read
1864,the_direction,34,38,-0.65644297761304,low_read
1817,also_be,38,38,-0.656442977613036,low_read
513,the_method,81,97,-0.654964167032603,low_read
2974,results_imply,26,26,0.653451361419121,high_read
2967,raise_the,25,26,0.65345136141907,high_read
2984,tests_the,26,26,0.653451361419014,high_read
2994,the_source,26,26,0.653451361419003,high_read
2926,in_government,22,26,0.653451361418926,high_read
554,determinants_of,83,91,0.653451361418912,high_read
2882,and_test,26,26,0.653451361418811,high_read
2875,an_increasing,25,26,0.653451361418776,high_read
1762,adjustment_costs,28,39,0.653451361418773,high_read
2937,made_by,26,26,0.653451361418726,high_read
1782,important_for,36,39,0.653451361418723,high_read
895,empirical_results,64,65,0.653451361418677,high_read
474,analysis_is,98,101,-0.652185334942244,low_read
654,analyzes_the,79,80,0.649623658666664,high_read
1643,under_certain,41,42,-0.649621793499224,low_read
1586,and_there,40,42,-0.649621793499121,low_read
1628,the_appropriate,36,42,-0.649621793499095,low_read
1636,the_simple,38,42,-0.64962179349904,low_read
423,the_possibility,107,109,-0.647249448727036,low_read
1652,are_likely,38,41,0.645983644798578,high_read
1683,on_whether,40,41,0.645983644798303,high_read
1694,that_allows,40,41,0.645983644798096,high_read
1703,the_seller,29,41,0.64598364479807,high_read
399,that_of,106,113,-0.645047673617877,low_read
398,not_be,108,113,-0.645047673617769,low_read
151,the_economy,176,205,-0.644579717677417,low_read
1426,price_is,41,46,-0.644005100952429,low_read
1432,stock_of,39,46,-0.644005100952419,low_read
1405,be_consistent,44,46,-0.644005100952402,low_read
512,return_to,76,97,0.643982657226534,high_read
2704,the_country,26,28,0.64251782296885,high_read
2674,of_debt,21,28,0.642517822968821,high_read
2698,supported_by,26,28,0.642517822968737,high_read
1085,heterogeneity_in,51,56,0.642517822968728,high_read
405,paper_analyzes,112,112,0.642517822968725,high_read
2685,presents_model,28,28,0.642517822968706,high_read
616,growth_and,77,84,0.642517822968674,high_read
2727,welfare_effects,24,28,0.642517822968637,high_read
806,series_of,70,71,0.640516805769235,high_read
807,than_in,69,71,0.640516805768682,high_read
3036,correlation_of,22,25,-0.639299678046893,low_read
3149,time_is,20,25,-0.639299678046816,low_read
3096,of_short,24,25,-0.639299678046812,low_read
3030,certain_conditions,25,25,-0.639299678046804,low_read
3166,with_which,24,25,-0.639299678046803,low_read
3015,an_initial,23,25,-0.639299678046792,low_read
3085,modeled_as,25,25,-0.639299678046765,low_read
1255,are_then,50,50,-0.639299678046692,low_read
735,the_sample,69,75,-0.639299678046668,low_read
3068,in_previous,24,25,-0.639299678046635,low_read
3019,applicable_to,24,25,-0.63929967804653,low_read
3103,price_setting,18,25,-0.639299678046495,low_read
1584,volatility_of,37,43,0.639213962123321,high_read
1583,to_explore,43,43,0.639213962122991,high_read
459,explain_the,99,103,0.635622234705874,high_read
426,economy_with,94,108,-0.635300353106718,low_read
1128,and_also,52,54,-0.635300353106539,low_read
1151,the_original,48,54,-0.63530035310647,low_read
632,when_there,75,83,-0.634097350149755,low_read
627,the_underlying,73,83,-0.634097350149498,low_read
1480,we_identify,45,45,0.633048676447882,high_read
1011,the_model's,52,60,0.633048676447846,high_read
2489,to_schooling,23,30,0.633048676447813,high_read
2435,in_markets,29,30,0.63304867644779,high_read
2468,returns_and,29,30,0.633048676447784,high_read
2411,and_new,30,30,0.633048676447774,high_read
2440,large_scale,27,30,0.633048676447697,high_read
2447,of_family,26,30,0.633048676447686,high_read
2518,description_of,29,29,-0.631859256979967,low_read
2580,sufficient_to,28,29,-0.631859256979831,low_read
2496,allowed_to,29,29,-0.631859256979774,low_read
547,growth_of,72,92,0.630167906431992,high_read
1358,because_it,47,47,0.62741020292557,high_read
2166,combined_with,32,33,-0.626241450441016,low_read
2204,the_construction,33,33,-0.6262414504409,low_read
2196,of_particular,32,33,-0.62624145044089,low_read
921,price_changes,51,64,0.624767834920398,high_read
1286,firms_to,45,49,0.622233706445324,high_read
1311,view_that,48,49,0.622233706445216,high_read
1923,that_we,36,37,-0.621849565539938,low_read
741,concerning_the,71,74,-0.621849565539823,low_read
748,the_conditions,71,74,-0.621849565539718,low_read
1915,prices_the,34,37,-0.621849565539669,low_read
1927,theory_the,36,37,-0.621849565539657,low_read
1881,and_has,37,37,-0.621849565539614,low_read
386,that_these,116,117,0.619461751668469,high_read
634,each_of,79,82,-0.618321765426242,low_read
1676,model_has,37,41,-0.618321765426203,low_read
2110,in_competitive,31,34,0.617464583177135,high_read
2125,of_household,32,34,0.61746458317712,high_read
2153,to_two,34,34,0.617464583177025,high_read
2133,profits_and,32,34,0.617464583176993,high_read
1250,the_predictions,47,51,0.61746458317692,high_read
565,if_it,79,90,-0.615425864951795,low_read
1462,of_relative,38,45,-0.615425864950696,low_read
1459,of_employment,37,45,-0.615425864950666,low_read
828,would_have,63,70,0.614126950557908,high_read
1188,with_different,49,53,0.61305651698562,high_read
1169,firms_are,47,53,0.613056516985406,high_read
1972,of_competition,31,36,0.610975292542897,high_read
1184,to_scale,42,53,-0.61095378221635,low_read
1159,and_consumption,39,53,-0.610953782216243,low_read
1178,problem_in,51,53,-0.610953782215944,low_read
750,the_costs,69,74,0.607994472149225,high_read
715,test_the,76,76,0.605170953162151,high_read
1848,of_learning,32,38,0.605170953161725,high_read
1860,structure_and,37,38,0.605170953161656,high_read
1837,in_explaining,37,38,0.605170953161436,high_read
143,the_demand,161,211,-0.604771011006442,low_read
249,be_used,147,154,-0.603137434742461,low_read
1724,is_very,40,40,0.599948471544191,high_read
1710,and_those,39,40,0.599948471544087,high_read
79,we_also,294,303,0.598966169116733,high_read
643,to_examine,81,82,0.597528733683328,high_read
1609,in_labor,41,42,0.595224469411884,high_read
1624,responses_to,41,42,0.595224469411859,high_read
268,in_their,134,147,0.595224469411736,high_read
433,to_study,105,107,0.593458744483553,high_read
186,is_also,181,181,-0.593263463707193,low_read
599,information_on,82,86,0.593027599805822,high_read
1486,and_when,43,44,0.59093078289886,high_read
1492,differ_in,44,44,0.590930782898613,high_read
1408,decision_maker,32,46,0.587011141618673,high_read
3376,contracts_in,22,23,0.587011141618334,high_read
229,the_cost,139,161,0.587011141618057,high_read
3398,firms_may,22,23,0.587011141617896,high_read
354,version_of,112,124,-0.585984184644616,low_read
1491,demand_is,41,44,-0.585984184644519,low_read
1510,of_higher,40,44,-0.585984184644503,low_read
2644,easy_to,26,28,-0.585984184644463,low_read
2309,we_define,32,32,-0.585984184644418,low_read
1351,which_has,48,48,-0.585984184644408,low_read
2710,the_inverse,21,28,-0.585984184644398,low_read
2248,equilibrium_outcome,26,32,-0.585984184644391,low_read
1196,has_the,49,52,-0.585984184644372,low_read
2712,the_payoff,26,28,-0.58598418464437,low_read
2230,arise_in,32,32,-0.585984184644347,low_read
779,interpretation_of,68,72,-0.585984184644347,low_read
2675,of_excess,25,28,-0.585984184644333,low_read
1349,the_well,47,48,-0.585984184644323,low_read
994,equilibrium_and,56,60,-0.58598418464431,low_read
1511,path_of,40,44,-0.585984184644303,low_read
1707,an_analysis,36,40,-0.585984184644292,low_read
659,of_which,77,80,-0.585984184644291,low_read
2266,of_factors,25,32,-0.585984184644278,low_read
657,consider_the,76,80,-0.585984184644256,low_read
2729,with_heterogeneous,28,28,-0.585984184644238,low_read
1535,together_with,43,44,-0.585984184644237,low_read
544,and_of,86,92,-0.585984184644224,low_read
655,are_examined,78,80,-0.585984184644198,low_read
1727,obtained_from,39,40,-0.585984184644125,low_read
2301,this_assumption,31,32,-0.585984184644124,low_read
2246,discusses_the,31,32,-0.585984184644114,low_read
1997,we_can,34,36,-0.585984184644054,low_read
2237,coefficient_of,31,32,-0.585984184644048,low_read
1991,the_problems,33,36,-0.585984184644024,low_read
552,we_derive,89,92,-0.585984184643345,low_read
216,labor_supply,103,167,0.583913421569368,high_read
1352,with_this,47,48,0.583418681666025,high_read
1328,in_output,42,48,0.583418681665635,high_read
1315,allows_us,48,48,0.583418681665629,high_read
765,sources_of,68,73,0.582286914767907,high_read
3155,to_match,22,25,0.580114057939195,high_read
3131,the_focus,25,25,0.580114057939011,high_read
3024,around_the,24,25,0.580114057938999,high_read
3066,how_this,24,25,0.580114057938981,high_read
3127,that_social,22,25,0.58011405793888,high_read
1257,dynamic_model,48,50,0.58011405793887,high_read
3091,of_existing,24,25,0.580114057938679,high_read
3021,are_significant,20,25,0.580114057938668,high_read
3107,rates_on,23,25,0.580114057938484,high_read
13,can_be,834,1001,-0.576808105723125,low_read
1127,an_incentive,50,54,0.574240153575406,high_read
2821,portion_of,25,27,0.574240153575227,high_read
2770,exploit_the,27,27,0.574240153575212,high_read
2822,preferences_we,27,27,0.574240153575083,high_read
2794,measures_the,24,27,0.574240153575036,high_read
2785,is_difficult,27,27,0.574240153574967,high_read
2751,behavior_we,27,27,0.574240153574896,high_read
430,for_all,101,107,-0.573730153309255,low_read
584,as_to,81,87,-0.570923573077952,low_read
615,to_changes,79,85,0.570785469024476,high_read
2502,apply_the,29,29,0.569177386176444,high_read
2500,and_public,28,29,0.569177386176228,high_read
2562,outcomes_in,27,29,0.569177386176163,high_read
2612,willing_to,26,29,0.569177386176134,high_read
2520,discount_rates,21,29,0.569177386176123,high_read
731,process_of,67,75,-0.568524208793158,low_read
260,under_which,140,150,-0.568524208792639,low_read
992,designed_to,58,60,0.566899407341056,high_read
928,and_ii,59,63,-0.565215430943534,low_read
2402,who_have,27,31,0.564768537203674,high_read
962,social_security,43,62,0.564768537203476,high_read
2385,the_characteristics,29,31,0.564768537203404,high_read
953,behavior_and,59,62,0.564768537203376,high_read
2396,to_market,26,31,0.564768537203094,high_read
1024,the_output,55,59,-0.563815019747113,low_read
395,so_that,108,114,-0.563041518966968,low_read
1123,treatment_of,48,55,-0.562212088021918,low_read
516,we_then,95,97,0.562132592189597,high_read
440,or_the,104,106,-0.561320432763619,low_read
2207,the_highest,31,33,0.560894564257578,high_read
317,our_model,121,132,0.560894564257501,high_read
2210,the_positive,31,33,0.560894564257396,high_read
95,cost_of,227,266,0.560443113396456,high_read
501,price_and,92,98,-0.559320167296389,low_read
497,is_presented,96,98,-0.559320167296302,low_read
446,of_public,80,105,0.557463673835618,high_read
2068,the_opportunity,33,35,0.557463673835466,high_read
315,the_present,125,133,-0.556533569747881,low_read
601,of_growth,66,86,-0.555627118740222,low_read
1579,the_relation,38,43,-0.555627118739395,low_read
1556,full_information,34,43,-0.555627118739267,low_read
1887,effectiveness_of,33,37,0.554403944975245,high_read
738,and_income,66,74,0.554403944975224,high_read
1879,advantage_of,37,37,0.554403944975114,high_read
1909,paper_argues,37,37,0.554403944975093,high_read
1898,is_important,36,37,0.554403944975089,high_read
1897,is_greater,35,37,0.554403944974957,high_read
1884,competition_in,37,37,0.554403944974927,high_read
636,given_the,76,82,-0.554157746378202,low_read
1797,only_one,38,39,-0.552538880909105,low_read
1763,an_application,39,39,-0.552538880908983,low_read
1770,can_also,38,39,0.551658226480381,high_read
1793,of_work,32,39,0.551658226480232,high_read
235,to_estimate,149,160,0.550388390100676,high_read
421,of_monetary,86,109,-0.550105543529623,low_read
1687,provision_of,36,41,0.549180529949274,high_read
1688,real_interest,25,41,0.549180529949274,high_read
1686,prices_for,39,41,0.549180529949231,high_read
1668,in_real,38,41,0.549180529949229,high_read
1702,the_primary,38,41,0.549180529949175,high_read
824,the_supply,60,70,-0.548751066988549,low_read
821,of_inflation,54,70,-0.548751066988305,low_read
2032,market_equilibrium,34,35,-0.548751066987974,low_read
2003,an_econometric,34,35,-0.548751066987903,low_read
2056,relative_prices,34,35,-0.548751066987824,low_read
1576,the_determinants,42,43,0.546933430803563,high_read
1564,market_structure,38,43,0.546933430803468,high_read
1551,decisions_are,37,43,0.546933430803288,high_read
198,examines_the,172,174,0.546403957065316,high_read
1448,costs_in,44,45,0.544886163242152,high_read
301,analyze_the,133,135,0.544886163241375,high_read
951,are_analyzed,61,62,-0.543995562710182,low_read
248,structure_of,144,155,-0.543995562710135,low_read
1391,the_law,39,47,0.543013202144467,high_read
1373,markets_in,43,47,0.543013202144341,high_read
1385,tax_rate,35,47,0.543013202144254,high_read
1363,economic_activity,36,47,0.54301320214411,high_read
1290,members_of,43,49,0.541293192629218,high_read
1034,capital_accumulation,47,58,-0.541131115132423,low_read
1237,more_important,49,51,0.539708131713616,high_read
1249,reduces_the,50,51,0.539708131713273,high_read
1139,is_of,49,54,-0.537847150063103,low_read
1117,short_term,45,55,0.536883944091472,high_read
702,the_structure,74,77,-0.535376916741133,low_read
909,rates_are,63,65,0.531344535344967,high_read
863,also_show,67,67,0.530435119185214,high_read
838,the_elasticity,61,69,-0.529588651728112,low_read
1438,this_note,45,46,-0.529588651728018,low_read
1433,the_final,36,46,-0.52958865172799,low_read
837,the_best,64,69,0.529578431946738,high_read
1632,the_interest,39,42,-0.524296693492699,low_read
591,the_tax,63,87,0.523640921105129,high_read
463,that_for,100,103,-0.523116803666337,low_read
193,the_role,172,180,0.522882263417814,high_read
973,in_its,57,61,-0.522304802895216,low_read
493,economic_growth,80,99,0.520882188229499,high_read
1080,view_of,54,57,-0.517908311228355,low_read
1861,suggested_by,37,38,-0.517908311228183,low_read
1818,and_or,38,38,-0.517908311228094,low_read
1854,prices_is,35,38,-0.517908311228034,low_read
1283,development_of,47,49,-0.507001236084146,low_read
1292,of_alternative,47,49,-0.507001236083997,low_read
1039,labor_markets,49,58,0.500882385500562,high_read
1330,inconsistent_with,47,48,0.500882385500486,high_read
1515,results_from,44,44,0.500882385500446,high_read
1621,paper_reports,42,42,0.500882385500444,high_read
570,prices_of,78,90,0.500882385500412,high_read
1878,with_low,36,38,0.500882385500406,high_read
1735,policies_that,36,40,0.50088238550039,high_read
1259,evolution_of,48,50,0.500882385500321,high_read
438,most_of,98,106,0.500882385500304,high_read
2117,is_on,33,34,0.500882385500281,high_read
1494,earnings_of,32,44,0.500882385500257,high_read
495,and_show,97,98,0.500882385500235,high_read
2108,have_to,32,34,0.500882385500231,high_read
2239,countries_in,31,32,0.50088238550021,high_read
1014,trade_and,52,60,0.500882385500193,high_read
1507,observed_in,44,44,0.500882385500182,high_read
2257,invest_in,28,32,0.500882385500163,high_read
1711,but_that,39,40,0.500882385500143,high_read
271,the_period,136,146,0.500882385500138,high_read
1015,trade_in,54,60,0.500882385500091,high_read
1415,free_trade,34,46,0.500882385500086,high_read
2154,us_economy,32,34,0.500882385500051,high_read
1208,states_and,50,52,0.500882385499981,high_read
1639,theoretical_model,35,42,0.500882385499942,high_read
1989,the_end,34,36,0.500882385499814,high_read
172,role_of,178,190,0.500882385499724,high_read
195,costs_of,154,178,0.500882385499494,high_read
1457,main_result,44,45,-0.50012204400139,low_read
1452,illustrate_the,45,45,-0.500122044001365,low_read
320,interest_rate,89,131,-0.497554547142145,low_read
138,that_in,207,217,-0.497022498806456,low_read
279,model_the,139,142,-0.495387207390105,low_read
333,according_to,114,127,-0.49482865866614,low_read
1680,of_several,41,41,-0.491929243965147,low_read
1701,the_permanent,30,41,-0.491929243964898,low_read
26,changes_in,419,547,0.490023067105952,high_read
1198,is_argued,51,52,-0.487216666037856,low_read
452,characterized_by,99,104,-0.487216666037627,low_read
1215,to_derive,52,52,-0.487216666037612,low_read
84,the_data,239,278,0.486637502852086,high_read
944,the_mean,54,63,-0.484155215795479,low_read
749,the_consumption,59,74,-0.482006489419709,low_read
10,show_that,900,1045,0.480039287573433,high_read
1320,assuming_that,45,48,-0.479189481239492,low_read
816,attempts_to,66,70,-0.476215426439586,low_read
282,that_if,135,140,-0.476215426438766,low_read
244,the_extent,146,156,0.475495963231326,high_read
727,model_we,74,75,0.474480354946237,high_read
148,paper_presents,205,207,0.472184135989892,high_read
841,theories_of,63,69,0.472184135989882,high_read
42,of_an,391,426,-0.47186630358019,low_read
308,to_explain,129,134,0.471327315231102,high_read
316,long_term,102,132,0.470879426581468,high_read
494,the_form,94,99,-0.469740481586259,low_read
319,the_latter,127,132,-0.469740481585926,low_read
1512,relative_price,33,44,-0.469740481585838,low_read
1118,studies_of,52,55,-0.469740481585802,low_read
1504,is_sufficiently,43,44,-0.469740481585802,low_read
969,and_how,58,61,0.468419645896726,high_read
1017,and_can,58,59,0.467318961716916,high_read
1021,in_large,56,59,0.467318961716847,high_read
30,is_the,455,512,-0.466207498503397,low_read
1064,level_and,55,57,0.466141010451067,high_read
382,is_developed,117,117,-0.46587562691411,low_read
1115,patterns_of,51,55,0.464877359101149,high_read
1105,feature_of,55,55,0.464877359101076,high_read
760,is_in,70,73,-0.463549371417845,low_read
1176,of_unemployment,44,53,0.463518301011423,high_read
443,the_growth,87,106,0.463518301011396,high_read
469,life_cycle,76,102,0.462052605947597,high_read
1239,of_private,48,51,0.462052605947357,high_read
1224,distribution_is,42,51,-0.460884010090563,low_read
1241,only_on,48,51,-0.460884010090329,low_read
1280,argues_that,48,49,0.4604672089127,high_read
1288,in_different,46,49,0.460467208912486,high_read
519,imply_that,95,96,0.459624943504243,high_read
1372,larger_than,46,47,0.45874681943508,high_read
1388,the_entire,42,47,0.458746819435017,high_read
1364,evaluation_of,44,47,0.458746819434884,high_read
661,production_and,73,80,-0.458454643840301,low_read
294,but_not,133,137,0.457516132966161,high_read
579,labor_force,58,88,0.455872829235297,high_read
1566,markets_for,39,43,0.454825665536283,high_read
1041,other_hand,57,58,-0.454188699941606,low_read
1037,developed_in,57,58,-0.454188699941566,low_read
1043,policy_is,53,58,-0.454188699941421,low_read
348,implications_for,121,125,0.453351211208493,high_read
1700,the_pattern,36,41,0.452577998905792,high_read
1682,of_whether,40,41,0.452577998905786,high_read
1669,increasing_returns,33,41,0.45257799890563,high_read
1674,leading_to,41,41,0.452577998905606,high_read
1661,end_of,38,41,0.452577998905519,high_read
185,exchange_rate,88,181,-0.45230578289081,low_read
251,of_time,123,152,-0.451946721313449,low_read
44,distribution_of,337,416,-0.451321952753432,low_read
1399,with_two,46,47,-0.450564487421214,low_read
122,rather_than,224,236,0.450530218858832,high_read
385,tend_to,108,117,0.450099645283917,high_read
402,ex_post,78,112,-0.449627026128312,low_read
908,of_international,58,65,-0.448949412405937,low_read
179,form_of,173,184,-0.447712555976901,low_read
104,over_the,244,257,0.446936359268178,high_read
787,test_for,68,72,0.445865388827237,high_read
790,the_large,65,72,0.445865388826877,high_read
777,extent_to,68,72,0.445865388826186,high_read
859,the_amount,62,68,0.442627065435182,high_read
218,to_have,151,167,0.441579872480853,high_read
882,prices_in,63,66,0.440860567963743,high_read
979,risk_averse,56,61,-0.440258446635144,low_read
222,the_use,152,165,-0.439770333614077,low_read
515,to_their,91,97,0.439622138052545,high_read
598,have_the,83,86,-0.438386024833121,low_read
960,of_local,55,62,0.436985309773918,high_read
860,the_initial,58,68,-0.436707661889528,low_read
539,goods_and,84,93,-0.435932062235286,low_read
99,the_analysis,241,261,-0.435326029948759,low_read
993,difficult_to,60,60,0.434853698360504,high_read
347,cannot_be,118,125,-0.433823763587876,low_read
723,estimating_the,67,75,-0.433823763587548,low_read
1070,or_more,55,57,-0.430388075122901,low_read
1053,are_determined,55,57,-0.430388075122872,low_read
234,the_marginal,129,160,-0.427707521298947,low_read
436,in_our,104,106,0.426124416741949,high_read
450,able_to,100,104,0.424685240534634,high_read
1194,focuses_on,52,52,0.424685240533774,high_read
1193,data_the,50,52,0.42468524053372,high_read
1197,in_determining,52,52,0.424685240533654,high_read
133,the_other,211,227,-0.424346486778342,low_read
694,information_and,73,77,0.423694589840198,high_read
350,rates_and,117,125,0.421633906350957,high_read
20,we_show,668,750,0.421633906350933,high_read
108,will_be,208,251,-0.419812169607065,low_read
205,related_to,155,171,0.419777932824507,high_read
1180,subset_of,51,53,-0.419080151706663,low_read
1009,the_conventional,53,60,-0.417549761285505,low_read
799,firms_and,71,71,0.417163632795847,high_read
307,the_context,133,134,-0.416339868489313,low_read
742,efficiency_of,65,74,-0.415359336658222,low_read
237,returns_to,128,159,0.413648645352498,high_read
466,choice_of,90,102,-0.412785004716095,low_read
419,for_each,97,109,-0.412348359050193,low_read
326,response_to,118,130,0.409424495809323,high_read
202,depends_on,169,172,0.40871443360176,high_read
24,of_this,561,624,-0.408212673960631,low_read
949,we_discuss,61,63,0.406516465735575,high_read
50,that_is,361,385,-0.405995047488084,low_read
932,determine_the,60,63,-0.405995047487511,low_read
273,is_consistent,137,145,0.405212730201924,high_read
974,in_recent,60,61,0.4034172818179,high_read
12,to_be,866,1006,-0.403246865327425,low_read
298,and_an,134,136,-0.40091544978588,low_read
1030,we_apply,59,59,0.400107439396249,high_read
686,the_population,63,78,0.399244522651617,high_read
197,the_empirical,161,175,0.398953587493795,high_read
660,preferences_and,74,80,-0.397366234427335,low_read
662,the_future,71,80,-0.397366234427322,low_read
1062,if_they,52,57,0.396564684317885,high_read
1057,for_these,56,57,0.396564684317883,high_read
759,into_account,67,73,-0.396540469240859,low_read
771,to_one,65,73,-0.396540469240694,low_read
158,the_value,163,201,0.392404153435372,high_read
558,paper_provides,91,91,0.391969756258212,high_read
514,the_resulting,97,97,-0.391778780048384,low_read
1168,finally_we,53,53,0.388674541558069,high_read
396,the_aggregate,103,114,-0.387865585216893,low_read
825,up_to,63,70,0.387603460554468,high_read
226,that_there,146,162,-0.384746068800073,low_read
536,are_discussed,90,93,-0.3837909012392,low_read
387,the_real,87,117,-0.382468989355943,low_read
623,costs_and,76,83,0.381446635951579,high_read
622,an_empirical,83,83,0.381446635951306,high_read
887,the_firm's,49,66,0.380720931093732,high_read
884,reduce_the,64,66,0.380720931093575,high_read
68,do_not,297,313,0.380528486264691,high_read
188,the_relationship,168,181,0.380388138295919,high_read
305,context_of,133,134,-0.380329823489202,low_read
224,probability_of,124,164,0.37998634260764,high_read
121,and_to,227,237,-0.379877477060323,low_read
460,of_all,99,103,-0.379289114742121,low_read
458,conditions_under,99,103,-0.379289114741932,low_read
252,part_of,139,151,-0.378673631198883,low_read
646,consequences_of,79,81,0.378489853357296,high_read
649,in_response,75,81,0.378489853357176,high_read
783,models_in,70,72,-0.377353436323569,low_read
917,much_of,63,64,0.376955803807758,high_read
675,time_and,75,79,0.375382760029493,high_read
200,types_of,157,173,0.374800783951418,high_read
0,of_the,3897,7849,-0.374485943000151,low_read
530,of_market,86,94,0.374311659235401,high_read
898,exchange_rates,43,65,-0.374289305669665,low_read
907,of_his,58,65,-0.374289305669464,low_read
351,an_increase,105,124,0.372946760093194,high_read
690,affected_by,75,77,0.372113579070668,high_read
692,as_result,75,77,0.372113579070661,high_read
703,trade_off,65,77,0.372113579070441,high_read
283,the_time,123,140,-0.37166599240299,low_read
241,in_order,149,157,-0.371014781109815,low_read
311,of_its,121,133,-0.369872726871351,low_read
729,of_different,66,75,-0.36939474614854,low_read
545,capital_and,82,92,-0.368703918274805,low_read
852,need_not,66,68,-0.365658484954817,low_read
208,the_main,162,170,-0.365658484954589,low_read
397,would_be,100,114,0.361687490712655,high_read
810,the_estimates,65,71,0.361195685805275,high_read
209,the_relative,157,170,0.360865877429845,high_read
445,of_consumption,88,105,-0.36033086281075,low_read
56,model_is,323,359,-0.360204861609524,low_read
800,found_that,70,71,-0.357783699615475,low_read
498,model_and,95,98,-0.357101871448343,low_read
502,the_fact,96,98,-0.357101871448245,low_read
416,the_welfare,94,110,0.356607637079598,high_read
34,the_results,447,479,0.35592743896289,high_read
129,relationship_between,207,229,0.353603743929339,high_read
309,we_provide,129,134,0.352824932723708,high_read
658,data_and,78,80,0.352081773802899,high_read
746,on_an,73,74,-0.350569563657067,low_read
272,in_contrast,143,145,0.350364657845264,high_read
366,that_they,113,121,-0.349513058588191,low_read
150,that_this,198,206,0.346762968811512,high_read
18,in_this,736,795,-0.346712505629294,low_read
718,the_past,72,76,0.344217295376633,high_read
710,pattern_of,69,76,0.344217295376472,high_read
28,as_the,491,529,-0.344051960762204,low_read
35,when_the,415,475,-0.34277533960707,low_read
270,order_to,139,147,-0.341019837148461,low_read
217,that_it,161,167,-0.340635909285063,low_read
740,are_found,66,74,0.339964161779911,high_read
568,it_has,89,90,-0.337815841997689,low_read
182,rates_of,149,183,-0.335245097372368,low_read
60,long_run,243,346,-0.335096579647478,low_read
53,is_not,342,369,-0.333992027250677,low_read
342,result_is,125,126,-0.330355679636909,low_read
135,over_time,198,221,0.330207667039259,high_read
64,the_market,264,333,0.327984203610004,high_read
605,to_determine,84,86,-0.326893320498972,low_read
596,determined_by,79,86,-0.326893320498669,low_read
116,and_in,233,241,-0.324181322845604,low_read
481,public_goods,72,101,0.323948521016605,high_read
478,investment_in,87,101,0.323948521016548,high_read
221,one_of,159,165,-0.323592735053304,low_read
246,both_the,152,155,-0.322677845581189,low_read
365,how_the,113,121,0.320354009354031,high_read
413,of_social,92,110,0.320354009352989,high_read
62,that_are,309,345,-0.317433495232731,low_read
238,this_article,155,159,0.31350075943732,high_read
171,of_economic,173,190,-0.313163130184083,low_read
427,is_based,103,108,-0.311800475591348,low_read
346,this_study,115,126,0.311705122301697,high_read
505,the_state,78,98,-0.309160638744065,low_read
504,the_nature,98,98,-0.309160638743932,low_read
145,the_second,185,209,-0.308706201598222,low_read
312,of_price,116,133,0.306694580082087,high_read
41,theory_of,358,427,-0.306048221533936,low_read
88,analysis_of,253,273,-0.301864301134387,low_read
19,from_the,715,778,0.301668653358313,high_read
288,less_than,130,138,0.299283103800096,high_read
310,depend_on,128,133,-0.299181314210883,low_read
177,of_trade,132,187,0.298972907559959,high_read
378,to_test,111,118,0.298791517027098,high_read
162,paper_develops,196,196,0.298099240288293,high_read
161,human_capital,123,196,0.298099240288163,high_read
36,may_be,427,470,-0.298068966403336,low_read
417,this_result,105,110,-0.295381053648149,low_read
57,between_the,328,351,-0.28867451409989,low_read
17,model_of,760,813,0.28814634903999,high_read
214,the_firm,114,168,0.287882302495745,high_read
483,the_government,80,101,0.284339159929575,high_read
332,the_new,102,128,0.283408856322642,high_read
109,in_particular,248,250,-0.281946717844029,low_read
345,the_degree,113,126,0.279927977977955,high_read
390,the_current,100,115,0.276052004265678,high_read
400,us_to,111,113,0.272037015370159,high_read
189,the_standard,163,181,-0.268542763020666,low_read
175,leads_to,177,188,0.268067823593264,high_read
372,allocation_of,98,118,0.264808426072343,high_read
276,because_of,137,143,0.26433219955212,high_read
43,at_the,365,418,0.262853216870925,high_read
112,there_are,235,246,-0.258678360946656,low_read
71,has_been,262,309,-0.258317899113413,low_read
14,the_model,703,864,0.256686208956181,high_read
101,level_of,230,260,0.25589842663132,high_read
295,for_this,135,137,0.253865622571939,high_read
239,are_also,154,157,-0.252300341970925,low_read
255,and_is,147,150,-0.245343824903932,low_read
190,we_consider,175,181,-0.243335691616915,low_read
86,use_of,242,277,-0.239443149319672,low_read
219,the_probability,130,166,0.23686410736158,high_read
191,is_used,172,180,-0.235261911662608,low_read
48,does_not,370,394,-0.234751101803101,low_read
180,as_an,174,183,-0.234437125175326,low_read
134,the_presence,199,223,-0.232330018948486,low_read
110,shows_that,232,249,0.220653139968481,high_read
70,the_number,234,310,-0.2190760353593,low_read
3,to_the,1674,2173,-0.219029241796527,low_read
46,of_these,382,404,-0.214908163130228,low_read
31,the_paper,452,509,-0.208791873041899,low_read
22,number_of,520,669,-0.205407244343007,low_read
132,presence_of,202,227,-0.198479765889493,low_read
124,models_of,215,233,-0.198141620952247,low_read
2,this_paper,2615,2733,0.18295922186725,high_read
5,and_the,1596,1952,-0.182337244438153,low_read
7,for_the,1342,1707,-0.172364553300296,low_read
9,in_which,941,1115,-0.164156394066318,low_read
32,the_same,436,489,-0.149175434778523,low_read
1,in_the,2991,4675,0.0923131403065816,high_read
4,on_the,1640,2093,-0.0698091744269218,low_read
6,that_the,1585,1950,0,zero
11,with_the,895,1013,0,zero
16,by_the,733,826,0,zero
23,based_on,558,631,0,zero
29,there_is,452,522,0,zero
47,used_to,378,400,0,zero
51,is_that,353,384,0,zero
58,the_first,317,350,0,zero
59,as_well,329,346,0,zero
61,such_as,323,346,0,zero
63,the_optimal,253,341,0,zero
65,value_of,261,321,0,zero
69,in_an,287,310,0,zero
73,and_that,294,308,0,zero
75,than_the,282,307,0,zero
76,well_as,291,307,0,zero
78,about_the,275,303,0,zero
82,the_theory,235,284,0,zero
83,are_not,260,279,0,zero
90,demand_for,206,269,0,zero
96,the_price,201,264,0,zero
103,estimates_of,222,258,0,zero
105,the_distribution,210,256,0,zero
114,results_are,234,243,0,zero
115,model_with,233,242,0,zero
117,paper_we,234,240,0,zero
119,have_been,211,238,0,zero
123,model_in,227,235,0,zero
126,behavior_of,210,230,0,zero
146,this_is,200,208,0,zero
147,is_an,198,207,0,zero
153,they_are,186,204,0,zero
154,lead_to,192,203,0,zero
159,implications_of,192,200,0,zero
169,these_results,191,192,0,zero
178,short_run,143,187,0,zero
181,degree_of,160,183,0,zero
183,change_in,148,182,0,zero
184,prices_and,164,182,0,zero
187,of_labor,149,181,0,zero
196,at_least,164,175,0,zero
204,private_information,115,171,0,zero
206,the_long,140,171,0,zero
213,interest_rates,116,168,0,zero
220,to_an,158,166,0,zero
225,price_of,116,163,0,zero
230,the_hypothesis,133,161,0,zero
231,of_income,139,160,0,zero
233,subject_to,149,160,0,zero
236,in_addition,155,159,0,zero
245,the_level,145,156,0,zero
256,are_the,144,150,0,zero
261,we_propose,149,150,0,zero
264,using_the,147,149,0,zero
267,and_other,145,147,0,zero
280,some_of,134,142,0,zero
284,and_are,134,139,0,zero
290,should_be,122,138,0,zero
292,with_an,135,138,0,zero
293,within_the,130,138,0,zero
297,to_which,128,137,0,zero
299,income_and,121,136,0,zero
300,monetary_policy,85,136,0,zero
306,equilibrium_model,125,134,0,zero
313,of_two,129,133,0,zero
325,of_our,121,130,0,zero
327,the_implications,126,130,0,zero
328,are_used,123,129,0,zero
329,the_literature,122,129,0,zero
331,this_model,124,129,0,zero
337,the_economic,121,127,0,zero
352,into_the,117,124,0,zero
353,variety_of,120,124,0,zero
356,for_example,117,123,0,zero
357,found_to,109,123,0,zero
358,nature_of,121,123,0,zero
362,paper_studies,122,122,0,zero
363,amount_of,111,121,0,zero
368,while_the,119,120,0,zero
374,but_the,117,118,0,zero
375,ex_ante,97,118,0,zero
376,not_only,114,118,0,zero
379,absence_of,112,117,0,zero
380,and_their,113,117,0,zero
383,is_found,112,117,0,zero
384,is_no,113,117,0,zero
388,model_that,113,116,0,zero
389,the_more,103,116,0,zero
391,even_when,109,114,0,zero
392,hypothesis_that,109,114,0,zero
393,measure_of,104,114,0,zero
408,range_of,102,111,0,zero
409,and_for,108,110,0,zero
410,business_cycle,83,110,0,zero
412,implies_that,107,110,0,zero
415,that_can,106,110,0,zero
422,the_basis,107,109,0,zero
424,the_short,89,109,0,zero
428,the_absence,104,108,0,zero
431,of_information,87,107,0,zero
441,the_behavior,99,106,0,zero
447,paper_shows,103,105,0,zero
448,the_estimated,96,105,0,zero
454,in_some,99,104,0,zero
456,those_of,97,104,0,zero
457,whether_the,99,104,0,zero
461,study_of,102,103,0,zero
462,that_an,100,103,0,zero
465,the_world,84,103,0,zero
467,fact_that,101,102,0,zero
468,in_both,101,102,0,zero
470,result_of,101,102,0,zero
471,that_when,100,102,0,zero
472,the_choice,85,102,0,zero
473,an_alternative,95,101,0,zero
476,but_also,99,101,0,zero
477,features_of,97,101,0,zero
484,the_observed,99,101,0,zero
485,to_provide,97,101,0,zero
486,and_its,97,100,0,zero
487,by_an,99,100,0,zero
488,in_these,95,100,0,zero
490,of_investment,76,100,0,zero
491,since_the,91,100,0,zero
496,generated_by,96,98,0,zero
503,the_information,89,98,0,zero
507,to_show,95,98,0,zero
508,type_of,93,98,0,zero
510,even_if,91,97,0,zero
517,basis_of,94,96,0,zero
520,show_how,91,96,0,zero
522,demand_and,84,95,0,zero
524,among_the,94,94,0,zero
525,and_we,86,94,0,zero
529,investment_and,79,94,0,zero
533,affect_the,90,93,0,zero
534,and_on,92,93,0,zero
535,and_then,90,93,0,zero
538,decision_making,77,93,0,zero
540,may_not,88,93,0,zero
541,of_individual,87,93,0,zero
546,cross_section,73,92,0,zero
549,the_allocation,78,92,0,zero
551,the_result,90,92,0,zero
555,in_such,91,91,0,zero
557,of_both,85,91,0,zero
559,prices_are,85,91,0,zero
561,the_social,74,91,0,zero
562,to_analyze,89,91,0,zero
566,in_many,88,90,0,zero
567,international_trade,74,90,0,zero
574,in_each,83,89,0,zero
576,aspects_of,85,88,0,zero
581,the_individual,75,88,0,zero
582,the_stock,69,88,0,zero
583,to_this,85,88,0,zero
587,social_welfare,63,87,0,zero
589,tax_rates,62,87,0,zero
592,to_make,81,87,0,zero
593,argued_that,85,86,0,zero
594,cross_sectional,75,86,0,zero
600,marginal_cost,67,86,0,zero
603,results_in,83,86,0,zero
604,the_principal,59,86,0,zero
609,behavior_in,79,85,0,zero
611,output_and,74,85,0,zero
617,of_changes,76,84,0,zero
620,the_theoretical,77,84,0,zero
625,demonstrate_that,78,83,0,zero
628,the_variance,64,83,0,zero
638,method_for,76,82,0,zero
640,of_risk,68,82,0,zero
642,the_public,66,82,0,zero
645,wages_and,74,82,0,zero
648,however_the,80,81,0,zero
653,similar_to,77,81,0,zero
664,is_estimated,77,79,0,zero
666,markets_and,73,79,0,zero
667,of_output,71,79,0,zero
668,of_prices,67,79,0,zero
670,studies_the,79,79,0,zero
676,to_those,75,79,0,zero
678,an_optimal,68,78,0,zero
685,the_decision,61,78,0,zero
691,and_labor,73,77,0,zero
693,attempt_to,73,77,0,zero
696,may_have,74,77,0,zero
697,model_are,75,77,0,zero
701,the_efficiency,73,77,0,zero
705,characteristics_of,70,76,0,zero
706,compared_with,75,76,0,zero
708,in_two,75,76,0,zero
709,income_tax,53,76,0,zero
712,performance_of,70,76,0,zero
717,the_likelihood,68,76,0,zero
719,the_total,69,76,0,zero
720,through_the,69,76,0,zero
724,even_though,74,75,0,zero
725,in_equilibrium,65,75,0,zero
732,supply_of,65,75,0,zero
734,the_question,70,75,0,zero
743,it_can,72,74,0,zero
744,of_other,74,74,0,zero
747,tends_to,65,74,0,zero
754,combination_of,71,73,0,zero
757,fluctuations_in,65,73,0,zero
761,of_aggregate,65,73,0,zero
762,our_analysis,70,73,0,zero
772,to_use,69,73,0,zero
775,data_are,68,72,0,zero
780,introduction_of,65,72,0,zero
782,magnitude_of,68,72,0,zero
785,result_in,70,72,0,zero
795,and_thus,68,71,0,zero
796,as_in,68,71,0,zero
797,because_the,67,71,0,zero
801,in_other,71,71,0,zero
803,of_real,59,71,0,zero
808,that_have,67,71,0,zero
811,the_introduction,63,71,0,zero
812,the_magnitude,67,71,0,zero
813,the_traditional,59,71,0,zero
814,these_two,68,71,0,zero
817,contrast_to,69,70,0,zero
818,economic_theory,63,70,0,zero
820,literature_on,66,70,0,zero
826,variance_of,59,70,0,zero
827,we_characterize,68,70,0,zero
831,despite_the,68,69,0,zero
832,employment_and,58,69,0,zero
834,in_one,66,69,0,zero
835,of_future,60,69,0,zero
836,size_and,61,69,0,zero
847,information_is,62,68,0,zero
848,labor_and,62,68,0,zero
850,model_where,64,68,0,zero
854,of_consumer,60,68,0,zero
857,state_of,63,68,0,zero
858,supply_and,62,68,0,zero
861,the_potential,61,68,0,zero
862,which_we,68,68,0,zero
866,for_some,66,67,0,zero
872,theory_and,67,67,0,zero
873,against_the,65,66,0,zero
874,and_time,59,66,0,zero
875,are_in,65,66,0,zero
878,contrary_to,66,66,0,zero
880,it_also,65,66,0,zero
886,the_difference,65,66,0,zero
888,the_recent,64,66,0,zero
890,allows_for,65,65,0,zero
893,compared_to,60,65,0,zero
896,estimates_are,65,65,0,zero
900,for_both,63,65,0,zero
903,in_fact,65,65,0,zero
904,including_the,65,65,0,zero
910,the_income,60,65,0,zero
916,hypothesis_of,60,64,0,zero
919,of_agents,56,64,0,zero
920,paper_explores,64,64,0,zero
923,the_central,63,64,0,zero
924,the_private,56,64,0,zero
925,to_construct,61,64,0,zero
927,and_hence,59,63,0,zero
929,and_prices,55,63,0,zero
935,framework_for,62,63,0,zero
937,is_determined,61,63,0,zero
943,the_industry,54,63,0,zero
945,the_risk,56,63,0,zero
950,and_by,62,62,0,zero
952,are_based,56,62,0,zero
954,depending_on,62,62,0,zero
958,model_for,61,62,0,zero
964,the_outcome,56,62,0,zero
966,the_study,62,62,0,zero
970,determination_of,58,61,0,zero
975,it_to,59,61,0,zero
978,of_human,44,61,0,zero
980,the_actual,55,61,0,zero
981,the_competitive,55,61,0,zero
983,this_problem,60,61,0,zero
986,all_of,56,60,0,zero
989,assume_that,58,60,0,zero
990,behavior_is,57,60,0,zero
995,even_in,59,60,0,zero
999,group_of,54,60,0,zero
1001,how_to,58,60,0,zero
1004,paper_proposes,60,60,0,zero
1005,permanent_income,42,60,0,zero
1008,the_change,43,60,0,zero
1010,the_minimum,37,60,0,zero
1012,the_policy,50,60,0,zero
1018,and_with,58,59,0,zero
1020,asymmetric_information,54,59,0,zero
1023,the_key,57,59,0,zero
1027,theory_in,56,59,0,zero
1033,at_which,53,58,0,zero
1035,composition_of,52,58,0,zero
1036,conditional_on,53,58,0,zero
1038,fiscal_policy,39,58,0,zero
1040,of_goods,46,58,0,zero
1042,period_of,52,58,0,zero
1044,ratio_of,51,58,0,zero
1046,these_models,52,58,0,zero
1047,to_maximize,53,58,0,zero
1051,we_demonstrate,56,58,0,zero
1054,comparative_advantage,40,57,0,zero
1055,could_be,51,57,0,zero
1058,found_in,53,57,0,zero
1059,growth_model,53,57,0,zero
1067,moral_hazard,42,57,0,zero
1071,period_the,56,57,0,zero
1072,rate_is,51,57,0,zero
1075,the_cross,52,57,0,zero
1079,to_its,55,57,0,zero
1082,and_demand,52,56,0,zero
1083,and_investment,43,56,0,zero
1086,in_all,54,56,0,zero
1089,model_can,53,56,0,zero
1092,only_in,55,56,0,zero
1093,paper_also,56,56,0,zero
1103,and_output,48,55,0,zero
1106,growth_rates,43,55,0,zero
1108,in_turn,53,55,0,zero
1109,income_is,47,55,0,zero
1111,it_may,53,55,0,zero
1116,provides_an,54,55,0,zero
1119,the_agent,38,55,0,zero
1120,the_interaction,54,55,0,zero
1124,variations_in,49,55,0,zero
1125,although_the,53,54,0,zero
1126,an_economic,53,54,0,zero
1129,and_price,53,54,0,zero
1130,and_some,54,54,0,zero
1136,forms_of,49,54,0,zero
1138,in_time,52,54,0,zero
1140,lack_of,54,54,0,zero
1142,movements_in,46,54,0,zero
1143,of_models,51,54,0,zero
1144,of_policy,50,54,0,zero
1149,that_such,53,54,0,zero
1153,they_have,49,54,0,zero
1154,to_other,54,54,0,zero
1160,and_iii,52,53,0,zero
1161,are_estimated,49,53,0,zero
1164,dynamics_of,47,53,0,zero
1166,estimate_of,48,53,0,zero
1173,not_the,53,53,0,zero
1174,of_long,48,53,0,zero
1181,the_high,46,53,0,zero
1182,the_net,51,53,0,zero
1185,to_take,50,53,0,zero
1187,we_introduce,53,53,0,zero
1190,capital_is,46,52,0,zero
1192,considers_the,51,52,0,zero
1204,of_uncertainty,42,52,0,zero
1212,the_major,51,52,0,zero
1214,the_return,48,52,0,zero
1220,by_using,50,51,0,zero
1223,developed_countries,33,51,0,zero
1228,fail_to,49,51,0,zero
1229,from_an,49,51,0,zero
1231,greater_than,50,51,0,zero
1232,hypothesis_is,49,51,0,zero
1233,in_model,50,51,0,zero
1234,in_most,50,51,0,zero
1236,is_known,50,51,0,zero
1240,of_tax,38,51,0,zero
1247,public_good,36,51,0,zero
1248,question_of,49,51,0,zero
1251,to_some,49,51,0,zero
1252,versions_of,46,51,0,zero
1260,have_an,49,50,0,zero
1262,not_have,50,50,0,zero
1266,response_of,47,50,0,zero
1268,rise_to,49,50,0,zero
1269,that_may,47,50,0,zero
1270,that_would,49,50,0,zero
1271,the_existing,46,50,0,zero
1272,the_higher,46,50,0,zero
1273,the_idea,49,50,0,zero
1276,agents_are,44,49,0,zero
1277,and_capital,45,49,0,zero
1278,and_employment,39,49,0,zero
1279,are_made,47,49,0,zero
1293,of_data,47,49,0,zero
1294,of_how,49,49,0,zero
1295,of_wealth,41,49,0,zero
1297,propensity_to,40,49,0,zero
1299,regarding_the,48,49,0,zero
1300,taxes_and,40,49,0,zero
1302,the_bias,36,49,0,zero
1303,the_development,47,49,0,zero
1307,they_can,45,49,0,zero
1308,time_in,47,49,0,zero
1309,to_generate,48,49,0,zero
1312,when_it,43,49,0,zero
1319,asset_prices,37,48,0,zero
1323,difference_between,47,48,0,zero
1324,effects_and,46,48,0,zero
1325,empirical_work,48,48,0,zero
1327,has_an,48,48,0,zero
1332,is_less,46,48,0,zero
1335,of_simple,46,48,0,zero
1337,relation_between,40,48,0,zero
1339,risk_and,45,48,0,zero
1342,the_determination,46,48,0,zero
1344,the_joint,47,48,0,zero
1347,the_trade,43,48,0,zero
1348,the_way,47,48,0,zero
1353,addition_to,46,47,0,zero
1355,and_long,45,47,0,zero
1359,between_two,45,47,0,zero
1360,business_cycles,36,47,0,zero
1362,determining_the,46,47,0,zero
1367,in_part,41,47,0,zero
1368,is_provided,47,47,0,zero
1369,it_does,46,47,0,zero
1370,it_was,40,47,0,zero
1376,of_and,43,47,0,zero
1379,power_of,44,47,0,zero
1380,present_value,40,47,0,zero
1382,process_is,45,47,0,zero
1387,the_consequences,46,47,0,zero
1390,the_exchange,33,47,0,zero
1392,the_local,41,47,0,zero
1393,the_prices,43,47,0,zero
1394,time_the,47,47,0,zero
1398,which_they,43,47,0,zero
1402,and_one,46,46,0,zero
1406,bias_in,40,46,0,zero
1407,consumption_of,37,46,0,zero
1412,explores_the,46,46,0,zero
1414,for_large,46,46,0,zero
1418,interaction_between,43,46,0,zero
1419,is_large,46,46,0,zero
1420,is_one,44,46,0,zero
1422,many_of,45,46,0,zero
1423,not_to,45,46,0,zero
1425,of_schooling,34,46,0,zero
1428,production_of,43,46,0,zero
1429,regardless_of,44,46,0,zero
1430,rely_on,46,46,0,zero
1431,shows_how,44,46,0,zero
1434,the_overall,43,46,0,zero
1435,the_product,40,46,0,zero
1436,the_ratio,43,46,0,zero
1439,to_assess,46,46,0,zero
1440,to_produce,43,46,0,zero
1442,workers_are,38,46,0,zero
1449,finally_the,45,45,0,zero
1450,fixed_effects,34,45,0,zero
1454,information_in,42,45,0,zero
1455,is_often,43,45,0,zero
1458,market_is,42,45,0,zero
1460,of_firm,43,45,0,zero
1461,of_individuals,43,45,0,zero
1463,or_not,43,45,0,zero
1464,order_of,41,45,0,zero
1472,that_both,45,45,0,zero
1478,thus_the,45,45,0,zero
1479,to_achieve,43,45,0,zero
1495,errors_in,41,44,0,zero
1501,in_economic,43,44,0,zero
1502,instead_of,43,44,0,zero
1505,length_of,37,44,0,zero
1508,of_children,30,44,0,zero
1513,required_to,41,44,0,zero
1514,resource_allocation,35,44,0,zero
1516,results_to,43,44,0,zero
1518,seems_to,42,44,0,zero
1522,than_one,44,44,0,zero
1526,the_investment,33,44,0,zero
1533,to_account,43,44,0,zero
1536,uncertainty_about,39,44,0,zero
1539,what_is,42,44,0,zero
1542,and_market,41,43,0,zero
1543,and_not,41,43,0,zero
1545,and_two,42,43,0,zero
1549,component_of,38,43,0,zero
1552,enough_to,42,43,0,zero
1555,for_estimating,42,43,0,zero
1567,our_main,42,43,0,zero
1568,outcome_of,42,43,0,zero
1569,principal_agent,38,43,0,zero
1570,problems_in,42,43,0,zero
1573,technological_change,34,43,0,zero
1574,that_has,42,43,0,zero
1575,the_business,40,43,0,zero
1580,the_response,39,43,0,zero
1581,the_small,36,43,0,zero
1582,to_choose,38,43,0,zero
1585,and_may,40,42,0,zero
1589,are_often,42,42,0,zero
1590,aspect_of,40,42,0,zero
1597,earnings_and,32,42,0,zero
1598,econometric_model,40,42,0,zero
1601,favor_of,36,42,0,zero
1603,followed_by,42,42,0,zero
1604,for_more,41,42,0,zero
1607,in_aggregate,39,42,0,zero
1608,in_favor,36,42,0,zero
1611,is_likely,40,42,0,zero
1612,is_small,42,42,0,zero
1615,market_in,40,42,0,zero
1616,need_to,42,42,0,zero
1626,smaller_than,41,42,0,zero
1630,the_framework,42,42,0,zero
1631,the_household,33,42,0,zero
1633,the_next,38,42,0,zero
1638,the_treatment,35,42,0,zero
1640,theory_to,41,42,0,zero
1641,time_of,39,42,0,zero
1642,to_avoid,38,42,0,zero
1645,work_on,38,42,0,zero
1647,addition_the,41,41,0,zero
1649,an_additional,41,41,0,zero
1651,and_this,41,41,0,zero
1660,differences_between,41,41,0,zero
1663,explanation_of,40,41,0,zero
1670,induced_by,41,41,0,zero
1671,inflation_and,35,41,0,zero
1677,of_expected,38,41,0,zero
1681,of_those,38,41,0,zero
1685,preferences_of,35,41,0,zero
1690,same_time,38,41,0,zero
1691,seem_to,41,41,0,zero
1693,technology_and,40,41,0,zero
1696,the_dynamics,38,41,0,zero
1697,the_good,34,41,0,zero
1708,and_supply,39,40,0,zero
1709,and_therefore,38,40,0,zero
1714,cost_and,38,40,0,zero
1717,deviations_from,35,40,0,zero
1719,economies_of,27,40,0,zero
1725,make_the,40,40,0,zero
1726,markets_are,36,40,0,zero
1728,of_asset,36,40,0,zero
1729,of_earnings,29,40,0,zero
1731,of_rational,39,40,0,zero
1732,of_resources,38,40,0,zero
1733,of_scale,27,40,0,zero
1736,policy_and,38,40,0,zero
1737,preference_for,32,40,0,zero
1739,shifts_in,37,40,0,zero
1742,the_consumer,37,40,0,zero
1743,the_former,38,40,0,zero
1744,the_models,38,40,0,zero
1745,the_need,40,40,0,zero
1750,time_preference,25,40,0,zero
1751,to_these,40,40,0,zero
1754,transaction_costs,27,40,0,zero
1756,wage_and,35,40,0,zero
1758,which_it,38,40,0,zero
1759,will_not,38,40,0,zero
1760,with_those,39,40,0,zero
1761,work_in,35,40,0,zero
1766,are_no,38,39,0,zero
1767,are_two,39,39,0,zero
1771,can_lead,39,39,0,zero
1772,cycle_model,36,39,0,zero
1779,financial_markets,32,39,0,zero
1781,framework_is,39,39,0,zero
1783,is_well,39,39,0,zero
1784,lump_sum,29,39,0,zero
1786,of_business,34,39,0,zero
1789,of_stock,33,39,0,zero
1790,of_various,39,39,0,zero
1794,on_this,39,39,0,zero
1795,one_can,35,39,0,zero
1796,one_to,36,39,0,zero
1799,particular_the,39,39,0,zero
1805,that_one,38,39,0,zero
1808,the_composition,37,39,0,zero
1811,the_life,32,39,0,zero
1813,the_wealth,34,39,0,zero
1814,to_do,38,39,0,zero
1815,we_are,39,39,0,zero
1816,we_first,39,39,0,zero
1820,be_an,38,38,0,zero
1823,below_the,38,38,0,zero
1824,but_is,38,38,0,zero
1825,can_have,36,38,0,zero
1827,comparison_of,35,38,0,zero
1828,contracts_are,34,38,0,zero
1830,economy_the,35,38,0,zero
1833,for_such,37,38,0,zero
1839,in_simple,38,38,0,zero
1842,interest_in,34,38,0,zero
1843,is_unique,37,38,0,zero
1844,loss_of,33,38,0,zero
1849,of_self,30,38,0,zero
1850,of_small,35,38,0,zero
1853,our_approach,36,38,0,zero
1855,profit_maximizing,36,38,0,zero
1857,real_wage,29,38,0,zero
1867,the_low,33,38,0,zero
1870,them_to,38,38,0,zero
1871,this_hypothesis,36,38,0,zero
1874,uncertainty_and,36,38,0,zero
1875,us_data,37,38,0,zero
1877,we_extend,38,38,0,zero
1882,and_have,36,37,0,zero
1885,conditions_and,37,37,0,zero
1894,information_the,37,37,0,zero
1896,is_at,35,37,0,zero
1899,large_number,37,37,0,zero
1900,large_sample,34,37,0,zero
1901,markets_the,37,37,0,zero
1905,of_education,24,37,0,zero
1906,of_entry,28,37,0,zero
1907,of_single,35,37,0,zero
1908,of_three,36,37,0,zero
1913,presents_an,37,37,0,zero
1916,provided_by,34,37,0,zero
1918,relies_on,35,37,0,zero
1919,showing_that,35,37,0,zero
1926,the_previous,36,37,0,zero
1929,two_types,37,37,0,zero
1930,understanding_of,33,37,0,zero
1931,used_as,35,37,0,zero
1933,wage_rate,27,37,0,zero
1934,welfare_function,21,37,0,zero
1937,with_other,36,37,0,zero
1940,along_the,29,36,0,zero
1941,and_private,31,36,0,zero
1945,beliefs_about,34,36,0,zero
1947,by_their,33,36,0,zero
1951,data_in,35,36,0,zero
1953,demonstrates_that,35,36,0,zero
1954,discuss_the,32,36,0,zero
1955,dispersion_of,32,36,0,zero
1956,distinction_between,35,36,0,zero
1964,from_one,36,36,0,zero
1965,in_his,33,36,0,zero
1966,income_distribution,33,36,0,zero
1970,models_we,36,36,0,zero
1973,of_more,36,36,0,zero
1975,on_capital,35,36,0,zero
1976,on_individual,33,36,0,zero
1977,periods_of,35,36,0,zero
1978,probability_that,33,36,0,zero
1979,process_in,36,36,0,zero
1981,section_of,33,36,0,zero
1984,that_each,35,36,0,zero
1986,that_our,36,36,0,zero
1987,the_common,34,36,0,zero
1988,the_effectiveness,32,36,0,zero
1993,to_find,35,36,0,zero
1994,to_hold,34,36,0,zero
1995,to_price,32,36,0,zero
1996,wage_inequality,21,36,0,zero
1998,which_agents,34,36,0,zero
2000,wide_range,36,36,0,zero
2002,also_the,35,35,0,zero
2004,an_individual,33,35,0,zero
2005,an_industry,30,35,0,zero
2007,but_are,35,35,0,zero
2008,but_it,34,35,0,zero
2010,central_bank,26,35,0,zero
2013,distribution_and,34,35,0,zero
2014,each_period,33,35,0,zero
2015,examination_of,33,35,0,zero
2018,for_its,33,35,0,zero
2019,for_several,35,35,0,zero
2020,from_this,35,35,0,zero
2022,has_not,33,35,0,zero
2023,have_no,34,35,0,zero
2025,in_economics,30,35,0,zero
2028,information_to,31,35,0,zero
2029,is_always,34,35,0,zero
2030,labor_income,25,35,0,zero
2034,markets_with,32,35,0,zero
2035,measurement_error,25,35,0,zero
2039,not_in,34,35,0,zero
2040,numbers_of,31,35,0,zero
2042,of_decision,33,35,0,zero
2043,of_empirical,34,35,0,zero
2047,of_standard,34,35,0,zero
2048,or_to,35,35,0,zero
2049,out_the,35,35,0,zero
2051,prices_to,34,35,0,zero
2053,profit_maximization,24,35,0,zero
2055,reject_the,33,35,0,zero
2057,side_of,31,35,0,zero
2064,the_ex,29,35,0,zero
2069,the_order,31,35,0,zero
2071,the_resource,26,35,0,zero
2074,to_change,35,35,0,zero
2075,to_distinguish,34,35,0,zero
2080,an_agent,33,34,0,zero
2084,and_they,34,34,0,zero
2086,are_able,34,34,0,zero
2087,average_of,33,34,0,zero
2089,between_these,34,34,0,zero
2094,deal_with,34,34,0,zero
2097,do_so,34,34,0,zero
2101,expected_to,33,34,0,zero
2103,firm_and,32,34,0,zero
2104,first_the,34,34,0,zero
2105,for_two,32,34,0,zero
2107,has_no,34,34,0,zero
2109,important_role,34,34,0,zero
2111,in_demand,30,34,0,zero
2113,influence_of,33,34,0,zero
2118,levels_and,33,34,0,zero
2120,method_to,32,34,0,zero
2122,most_important,34,34,0,zero
2126,of_many,33,34,0,zero
2128,output_is,32,34,0,zero
2129,particular_we,34,34,0,zero
2132,process_and,33,34,0,zero
2134,real_wages,28,34,0,zero
2137,second_the,34,34,0,zero
2141,the_earnings,27,34,0,zero
2143,the_technology,27,34,0,zero
2147,time_varying,25,34,0,zero
2149,to_develop,32,34,0,zero
2151,to_implement,32,34,0,zero
2156,with_many,33,34,0,zero
2158,and_trade,30,33,0,zero
2160,are_generally,32,33,0,zero
2162,as_long,32,33,0,zero
2165,change_is,29,33,0,zero
2167,commonly_used,33,33,0,zero
2168,components_of,33,33,0,zero
2171,describe_the,32,33,0,zero
2173,each_other,32,33,0,zero
2176,equilibrium_prices,30,33,0,zero
2179,for_many,33,33,0,zero
2180,from_those,32,33,0,zero
2182,implications_are,31,33,0,zero
2186,instrumental_variable,31,33,0,zero
2189,is_optimal,31,33,0,zero
2192,much_more,33,33,0,zero
2194,of_foreign,27,33,0,zero
2197,presented_in,33,33,0,zero
2198,problem_and,32,33,0,zero
2199,rates_for,32,33,0,zero
2200,result_from,32,33,0,zero
2202,take_the,32,33,0,zero
2206,the_excess,27,33,0,zero
2208,the_influence,32,33,0,zero
2211,the_postwar,32,33,0,zero
2215,to_compare,32,33,0,zero
2217,to_establish,33,33,0,zero
2220,unemployment_rate,24,33,0,zero
2221,will_have,31,33,0,zero
2223,with_some,33,33,0,zero
2224,analyzing_the,32,32,0,zero
2226,and_wage,29,32,0,zero
2234,available_to,31,32,0,zero
2247,empirical_studies,31,32,0,zero
2250,federal_reserve,24,32,0,zero
2251,for_given,31,32,0,zero
2255,income_of,27,32,0,zero
2256,index_of,30,32,0,zero
2259,it_shows,31,32,0,zero
2263,need_for,31,32,0,zero
2264,not_been,31,32,0,zero
2265,of_domestic,27,32,0,zero
2267,of_land,25,32,0,zero
2268,of_non,31,32,0,zero
2270,of_strategic,28,32,0,zero
2271,of_them,32,32,0,zero
2275,paper_introduces,32,32,0,zero
2277,policy_in,31,32,0,zero
2278,possibility_that,32,32,0,zero
2280,rule_is,27,32,0,zero
2281,selection_of,30,32,0,zero
2284,shape_of,25,32,0,zero
2291,the_differences,29,32,0,zero
2292,the_different,31,32,0,zero
2294,the_family,26,32,0,zero
2296,the_international,31,32,0,zero
2303,to_compute,31,32,0,zero
2304,to_different,32,32,0,zero
2308,way_of,32,32,0,zero
2310,whether_or,31,32,0,zero
2311,with_no,32,32,0,zero
2312,allowing_for,30,31,0,zero
2313,an_open,29,31,0,zero
2314,analyses_of,31,31,0,zero
2315,apply_to,29,31,0,zero
2318,are_very,30,31,0,zero
2322,assumes_that,30,31,0,zero
2324,both_in,30,31,0,zero
2325,by_two,30,31,0,zero
2326,capital_market,26,31,0,zero
2327,change_and,27,31,0,zero
2330,constraints_on,29,31,0,zero
2332,decisions_and,30,31,0,zero
2334,developed_and,31,31,0,zero
2342,history_of,30,31,0,zero
2343,if_one,28,31,0,zero
2345,in_world,29,31,0,zero
2351,light_of,31,31,0,zero
2353,main_results,31,31,0,zero
2354,makes_it,30,31,0,zero
2355,market_with,29,31,0,zero
2362,other_than,31,31,0,zero
2367,players_are,23,31,0,zero
2370,recent_years,31,31,0,zero
2371,reducing_the,31,31,0,zero
2374,saving_and,25,31,0,zero
2375,section_data,26,31,0,zero
2376,sensitivity_of,31,31,0,zero
2377,shocks_are,30,31,0,zero
2382,that_most,31,31,0,zero
2384,the_authors,27,31,0,zero
2386,the_direct,27,31,0,zero
2388,the_possible,29,31,0,zero
2389,the_rational,27,31,0,zero
2390,the_south,16,31,0,zero
2391,the_terms,24,31,0,zero
2395,to_illustrate,31,31,0,zero
2398,value_and,29,31,0,zero
2400,way_that,31,31,0,zero
2405,worse_off,28,31,0,zero
2406,age_and,26,30,0,zero
2409,and_empirical,30,30,0,zero
2415,by_which,30,30,0,zero
2418,contracts_that,27,30,0,zero
2422,each_agent,27,30,0,zero
2426,explains_the,30,30,0,zero
2430,good_and,30,30,0,zero
2431,have_different,30,30,0,zero
2432,however_that,30,30,0,zero
2433,hypothesis_and,30,30,0,zero
2436,in_practice,30,30,0,zero
2438,is_robust,30,30,0,zero
2443,more_efficient,28,30,0,zero
2444,obtained_in,27,30,0,zero
2445,of_assets,23,30,0,zero
2446,of_current,26,30,0,zero
2449,of_search,26,30,0,zero
2450,of_technology,27,30,0,zero
2451,one_is,30,30,0,zero
2459,positive_and,30,30,0,zero
2460,preferences_in,29,30,0,zero
2462,private_sector,26,30,0,zero
2465,reason_for,29,30,0,zero
2469,run_and,26,30,0,zero
2470,set_is,29,30,0,zero
2471,socially_optimal,25,30,0,zero
2472,support_of,28,30,0,zero
2475,the_application,27,30,0,zero
2477,the_lower,27,30,0,zero
2480,the_subject,28,30,0,zero
2482,the_values,28,30,0,zero
2483,the_volatility,28,30,0,zero
2486,to_give,30,30,0,zero
2487,to_include,29,30,0,zero
2488,to_induce,29,30,0,zero
2490,to_what,30,30,0,zero
2492,unable_to,30,30,0,zero
2493,unit_of,29,30,0,zero
2497,allows_the,29,29,0,zero
2498,analysis_to,29,29,0,zero
2499,and_estimate,28,29,0,zero
2503,approaches_to,27,29,0,zero
2507,assets_in,29,29,0,zero
2511,behavior_the,29,29,0,zero
2512,capital_flows,19,29,0,zero
2514,content_of,26,29,0,zero
2522,each_firm,26,29,0,zero
2524,estimated_using,28,29,0,zero
2526,examined_in,29,29,0,zero
2527,fails_to,28,29,0,zero
2528,failure_of,29,29,0,zero
2529,for_analyzing,28,29,0,zero
2532,give_rise,29,29,0,zero
2534,high_and,27,29,0,zero
2539,information_we,29,29,0,zero
2543,less_developed,21,29,0,zero
2544,long_as,29,29,0,zero
2545,majority_rule,20,29,0,zero
2549,of_consumers,26,29,0,zero
2551,of_housing,21,29,0,zero
2559,one_in,28,29,0,zero
2561,only_when,29,29,0,zero
2563,parameter_values,29,29,0,zero
2565,period_and,28,29,0,zero
2570,real_exchange,20,29,0,zero
2575,series_data,27,29,0,zero
2577,speed_of,24,29,0,zero
2582,the_asset,24,29,0,zero
2586,the_discount,27,29,0,zero
2590,the_incentive,26,29,0,zero
2592,the_nominal,20,29,0,zero
2594,the_shape,23,29,0,zero
2595,the_transition,26,29,0,zero
2596,the_unemployment,25,29,0,zero
2597,they_may,28,29,0,zero
2598,this_analysis,29,29,0,zero
2599,this_framework,29,29,0,zero
2601,to_and,28,29,0,zero
2602,to_consume,23,29,0,zero
2604,to_predict,28,29,0,zero
2607,value_added,17,29,0,zero
2614,addition_we,28,28,0,zero
2616,all_other,27,28,0,zero
2619,and_hours,19,28,0,zero
2622,and_real,27,28,0,zero
2623,and_relative,25,28,0,zero
2624,and_services,25,28,0,zero
2629,attention_to,27,28,0,zero
2631,based_upon,26,28,0,zero
2632,been_the,27,28,0,zero
2633,buyers_and,23,28,0,zero
2635,carried_out,27,28,0,zero
2639,costs_the,28,28,0,zero
2642,distinguish_between,27,28,0,zero
2643,drawn_from,28,28,0,zero
2645,equilibrium_models,27,28,0,zero
2650,furthermore_the,28,28,0,zero
2653,groups_of,27,28,0,zero
2655,implication_of,27,28,0,zero
2659,in_standard,28,28,0,zero
2662,intensity_of,27,28,0,zero
2663,investment_decisions,25,28,0,zero
2664,investments_in,27,28,0,zero
2665,is_common,27,28,0,zero
2666,is_required,27,28,0,zero
2673,occur_in,26,28,0,zero
2678,of_product,26,28,0,zero
2679,of_what,27,28,0,zero
2680,on_its,27,28,0,zero
2681,other_things,26,28,0,zero
2686,question_is,27,28,0,zero
2687,rate_the,28,28,0,zero
2691,responsible_for,27,28,0,zero
2692,search_and,27,28,0,zero
2693,search_for,24,28,0,zero
2694,show_the,28,28,0,zero
2695,small_and,27,28,0,zero
2696,studies_have,26,28,0,zero
2703,the_contract,22,28,0,zero
2705,the_distributions,27,28,0,zero
2706,the_effective,21,28,0,zero
2707,the_financial,27,28,0,zero
2708,the_implied,26,28,0,zero
2714,the_propensity,17,28,0,zero
2715,the_term,24,28,0,zero
2716,these_are,28,28,0,zero
2717,this_implies,28,28,0,zero
2718,to_economic,27,28,0,zero
2720,treatment_effects,19,28,0,zero
2721,united_kingdom,25,28,0,zero
2722,used_by,28,28,0,zero
2723,uses_the,28,28,0,zero
2724,we_call,28,28,0,zero
2732,agents_who,23,27,0,zero
2734,almost_all,23,27,0,zero
2736,an_asset,26,27,0,zero
2739,and_as,27,27,0,zero
2740,and_between,26,27,0,zero
2741,and_individual,24,27,0,zero
2743,and_provide,27,27,0,zero
2744,and_risk,27,27,0,zero
2746,and_these,27,27,0,zero
2752,both_of,27,27,0,zero
2753,capital_investment,22,27,0,zero
2755,choose_to,27,27,0,zero
2758,considered_the,27,27,0,zero
2759,contribute_to,27,27,0,zero
2760,contribution_of,25,27,0,zero
2762,economic_models,26,27,0,zero
2763,economies_and,25,27,0,zero
2764,efficiency_and,27,27,0,zero
2765,either_the,27,27,0,zero
2766,employed_in,26,27,0,zero
2767,error_in,23,27,0,zero
2768,estimates_for,26,27,0,zero
2772,first_we,27,27,0,zero
2773,focus_of,27,27,0,zero
2775,from_their,26,27,0,zero
2782,income_the,27,27,0,zero
2788,is_positive,25,27,0,zero
2789,is_taken,26,27,0,zero
2791,law_of,24,27,0,zero
2793,market_value,24,27,0,zero
2795,mechanism_for,26,27,0,zero
2797,moreover_the,27,27,0,zero
2800,of_it,26,27,0,zero
2802,of_marginal,22,27,0,zero
2803,of_nominal,25,27,0,zero
2806,of_technological,24,27,0,zero
2808,on_two,27,27,0,zero
2809,on_which,27,27,0,zero
2811,opposed_to,26,27,0,zero
2812,or_by,27,27,0,zero
2816,parameter_estimates,26,27,0,zero
2819,policies_are,27,27,0,zero
2823,problems_and,27,27,0,zero
2824,production_is,26,27,0,zero
2827,rates_to,26,27,0,zero
2828,relative_importance,25,27,0,zero
2829,significance_of,26,27,0,zero
2832,some_cases,26,27,0,zero
2833,strength_of,27,27,0,zero
2835,suggested_that,25,27,0,zero
2836,tax_on,22,27,0,zero
2841,the_dispersion,26,27,0,zero
2845,the_failure,27,27,0,zero
2849,the_mechanism,26,27,0,zero
2851,the_profit,23,27,0,zero
2852,the_range,26,27,0,zero
2854,the_speed,24,27,0,zero
2855,the_strong,24,27,0,zero
2859,this_theory,25,27,0,zero
2863,to_maintain,25,27,0,zero
2864,to_solve,27,27,0,zero
2866,usefulness_of,26,27,0,zero
2867,utility_theory,20,27,0,zero
2868,wage_differentials,20,27,0,zero
2872,above_the,26,26,0,zero
2873,accumulation_of,26,26,0,zero
2876,an_overlapping,26,26,0,zero
2877,and_education,20,26,0,zero
2881,and_shows,26,26,0,zero
2884,are_investigated,26,26,0,zero
2885,are_related,26,26,0,zero
2886,are_small,26,26,0,zero
2888,as_they,25,26,0,zero
2890,be_optimal,25,26,0,zero
2892,beyond_the,26,26,0,zero
2898,capital_markets,24,26,0,zero
2899,change_the,25,26,0,zero
2900,choice_and,25,26,0,zero
2901,competitive_market,21,26,0,zero
2904,consequence_of,26,26,0,zero
2907,each_individual,23,26,0,zero
2913,expansion_of,24,26,0,zero
2914,factors_are,25,26,0,zero
2918,for_one,24,26,0,zero
2919,forward_looking,20,26,0,zero
2922,help_to,26,26,0,zero
2927,in_small,26,26,0,zero
2931,information_that,25,26,0,zero
2932,inputs_and,25,26,0,zero
2934,is_only,26,26,0,zero
2935,is_related,22,26,0,zero
2939,market_clearing,22,26,0,zero
2942,maximize_the,26,26,0,zero
2943,member_of,23,26,0,zero
2944,national_income,22,26,0,zero
2950,of_common,24,26,0,zero
2953,of_cross,25,26,0,zero
2955,of_national,23,26,0,zero
2956,of_population,23,26,0,zero
2958,of_recent,25,26,0,zero
2959,of_sample,23,26,0,zero
2960,of_supply,23,26,0,zero
2963,policy_of,24,26,0,zero
2966,propose_an,26,26,0,zero
2970,rate_at,23,26,0,zero
2971,relation_to,24,26,0,zero
2975,results_on,26,26,0,zero
2976,rule_out,26,26,0,zero
2978,so_far,25,26,0,zero
2980,stock_and,24,26,0,zero
2981,strategies_in,26,26,0,zero
2982,suppose_that,24,26,0,zero
2985,that_at,25,26,0,zero
2986,the_control,24,26,0,zero
2987,the_liquidity,22,26,0,zero
2988,the_location,22,26,0,zero
2991,the_quantitative,25,26,0,zero
2997,this_leads,26,26,0,zero
3000,to_affect,26,26,0,zero
3003,to_support,26,26,0,zero
3004,trade_with,24,26,0,zero
3005,uncertainty_in,24,26,0,zero
3006,used_for,26,26,0,zero
3007,values_and,24,26,0,zero
3008,wages_in,21,26,0,zero
3010,wide_variety,26,26,0,zero
3012,among_other,25,25,0,zero
3013,an_environment,25,25,0,zero
3018,and_unemployment,20,25,0,zero
3020,are_at,25,25,0,zero
3022,are_subject,24,25,0,zero
3023,arising_from,25,25,0,zero
3025,as_function,24,25,0,zero
3026,as_opposed,24,25,0,zero
3027,behavior_that,25,25,0,zero
3031,closely_related,24,25,0,zero
3038,decision_makers,23,25,0,zero
3039,degrees_of,22,25,0,zero
3040,demand_the,24,25,0,zero
3041,distribution_the,22,25,0,zero
3045,economics_of,24,25,0,zero
3046,economy_where,25,25,0,zero
3047,elasticities_are,22,25,0,zero
3052,expenditures_and,23,25,0,zero
3055,factors_in,25,25,0,zero
3056,first_price,21,25,0,zero
3059,game_theory,25,25,0,zero
3060,generations_model,25,25,0,zero
3062,have_not,23,25,0,zero
3065,hours_of,18,25,0,zero
3067,imposed_by,24,25,0,zero
3069,in_prices,23,25,0,zero
3070,in_relative,23,25,0,zero
3072,income_in,24,25,0,zero
3073,industries_the,21,25,0,zero
3075,interaction_of,24,25,0,zero
3076,is_better,22,25,0,zero
3080,location_of,23,25,0,zero
3083,market_prices,23,25,0,zero
3084,model_based,24,25,0,zero
3094,of_protection,16,25,0,zero
3097,on_economic,25,25,0,zero
3098,open_economy,23,25,0,zero
3101,price_adjustment,18,25,0,zero
3104,products_and,22,25,0,zero
3105,purchasing_power,19,25,0,zero
3108,robustness_of,24,25,0,zero
3111,social_and,22,25,0,zero
3112,standard_models,23,25,0,zero
3114,states_the,24,25,0,zero
3117,structure_is,25,25,0,zero
3121,technology_is,17,25,0,zero
3124,that_as,25,25,0,zero
3134,the_length,25,25,0,zero
3136,the_monopoly,22,25,0,zero
3137,the_preferences,21,25,0,zero
3138,the_pricing,21,25,0,zero
3140,the_sensitivity,24,25,0,zero
3143,the_strength,25,25,0,zero
3144,the_union,21,25,0,zero
3146,theoretical_framework,24,25,0,zero
3147,there_may,22,25,0,zero
3148,those_that,24,25,0,zero
3150,to_another,24,25,0,zero
3152,to_depend,25,25,0,zero
3153,to_incorporate,25,25,0,zero
3154,to_labor,24,25,0,zero
3162,which_an,25,25,0,zero
3163,which_individuals,24,25,0,zero
3164,which_one,24,25,0,zero
3167,without_the,25,25,0,zero
3168,about_future,21,24,0,zero
3171,agents_in,24,24,0,zero
3173,aggregate_consumption,18,24,0,zero
3175,analysis_shows,24,24,0,zero
3176,and_asset,21,24,0,zero
3179,and_policy,22,24,0,zero
3180,and_thereby,24,24,0,zero
3181,apply_our,24,24,0,zero
3182,approach_and,22,24,0,zero
3187,are_sufficiently,24,24,0,zero
3191,be_achieved,23,24,0,zero
3192,be_attributed,23,24,0,zero
3194,beliefs_and,24,24,0,zero
3198,by_firms,23,24,0,zero
3199,called_the,22,24,0,zero
3200,can_generate,23,24,0,zero
3203,constraints_and,23,24,0,zero
3204,consumer_demand,21,24,0,zero
3205,consumers_are,21,24,0,zero
3207,costs_to,24,24,0,zero
3210,decision_rule,18,24,0,zero
3212,develops_an,24,24,0,zero
3213,different_types,23,24,0,zero
3217,effect_in,22,24,0,zero
3218,emphasizes_the,24,24,0,zero
3219,estimates_and,22,24,0,zero
3221,expected_value,19,24,0,zero
3222,factors_and,21,24,0,zero
3223,failure_to,24,24,0,zero
3224,focusing_on,24,24,0,zero
3230,iii_the,24,24,0,zero
3232,in_human,23,24,0,zero
3234,incidence_of,23,24,0,zero
3235,income_hypothesis,21,24,0,zero
3237,is_efficient,23,24,0,zero
3239,is_function,21,24,0,zero
3242,is_tested,24,24,0,zero
3244,is_whether,23,24,0,zero
3250,measurement_of,23,24,0,zero
3258,multiple_equilibria,22,24,0,zero
3260,no_longer,24,24,0,zero
3261,none_of,24,24,0,zero
3265,of_exogenous,24,24,0,zero
3266,of_first,22,24,0,zero
3270,of_less,24,24,0,zero
3271,of_observed,20,24,0,zero
3273,of_quality,21,24,0,zero
3274,of_returns,23,24,0,zero
3275,of_voting,19,24,0,zero
3276,of_welfare,24,24,0,zero
3277,on_these,24,24,0,zero
3279,or_other,24,24,0,zero
3294,rate_in,23,24,0,zero
3299,role_for,23,24,0,zero
3300,second_price,19,24,0,zero
3301,self_selection,19,24,0,zero
3302,serve_as,24,24,0,zero
3303,should_not,23,24,0,zero
3305,success_of,22,24,0,zero
3310,that_while,24,24,0,zero
3313,the_bargaining,19,24,0,zero
3315,the_differential,21,24,0,zero
3317,the_human,22,24,0,zero
3318,the_larger,22,24,0,zero
3319,the_lowest,24,24,0,zero
3324,then_used,24,24,0,zero
3327,though_the,24,24,0,zero
3328,to_any,24,24,0,zero
3331,to_vary,23,24,0,zero
3334,unemployment_and,23,24,0,zero
3335,variable_is,22,24,0,zero
3337,was_the,23,24,0,zero
3341,accumulation_and,19,23,0,zero
3342,aggregate_data,21,23,0,zero
3343,an_exogenous,22,23,0,zero
3345,an_index,21,23,0,zero
3346,an_individual's,21,23,0,zero
3347,and_aggregate,23,23,0,zero
3348,and_foreign,22,23,0,zero
3350,and_sellers,19,23,0,zero
3356,are_relatively,19,23,0,zero
3357,arise_from,23,23,0,zero
3358,at_different,21,23,0,zero
3359,attention_is,23,23,0,zero
3360,attitudes_toward,19,23,0,zero
3364,been_made,21,23,0,zero
3365,bias_and,21,23,0,zero
3366,by_more,23,23,0,zero
3370,changes_are,23,23,0,zero
3371,compares_the,22,23,0,zero
3375,consumer_surplus,17,23,0,zero
3378,current_account,15,23,0,zero
3379,debt_and,23,23,0,zero
3384,differs_from,22,23,0,zero
3389,estimated_from,23,23,0,zero
3390,estimated_with,23,23,0,zero
3392,example_the,23,23,0,zero
3395,faced_by,23,23,0,zero
3396,factor_of,18,23,0,zero
3400,from_these,22,23,0,zero
3401,game_theoretic,19,23,0,zero
3407,important_to,23,23,0,zero
3408,improve_the,23,23,0,zero
3409,in_advance,22,23,0,zero
3413,in_three,23,23,0,zero
3414,in_wage,19,23,0,zero
3416,increase_with,22,23,0,zero
3420,innovation_in,21,23,0,zero
3422,into_an,23,23,0,zero
3423,investment_is,21,23,0,zero
3424,is_explained,22,23,0,zero
3425,is_too,20,23,0,zero
3426,is_true,23,23,0,zero
3427,least_one,23,23,0,zero
3428,like_the,22,23,0,zero
3432,may_lead,22,23,0,zero
3434,monetary_and,19,23,0,zero
3437,of_behavior,21,23,0,zero
3441,of_poverty,13,23,0,zero
3442,one_that,20,23,0,zero
3443,only_to,22,23,0,zero
3444,optimal_contract,19,23,0,zero
3445,paper_attempts,23,23,0,zero
3446,paper_offers,23,23,0,zero
3447,parameters_the,23,23,0,zero
3452,prefer_to,19,23,0,zero
3459,production_in,22,23,0,zero
3460,profitability_of,18,23,0,zero
3462,public_and,21,23,0,zero
3465,reflects_the,21,23,0,zero
3468,results_also,23,23,0,zero
3472,seeks_to,21,23,0,zero
3480,term_structure,19,23,0,zero
3482,that_individual,23,23,0,zero
3486,the_apparent,22,23,0,zero
3489,the_changes,21,23,0,zero
3492,the_equity,21,23,0,zero
3496,the_lack,23,23,0,zero
3497,the_object,20,23,0,zero
3498,the_part,22,23,0,zero
3505,theoretical_and,23,23,0,zero
3506,these_estimates,23,23,0,zero
3508,to_apply,22,23,0,zero
3509,to_both,23,23,0,zero
3511,treated_as,23,23,0,zero
3512,two_countries,20,23,0,zero
3513,two_models,21,23,0,zero
3514,unlikely_to,23,23,0,zero
3518,wage_rates,18,23,0,zero
3520,well_in,23,23,0,zero
3522,with_each,23,23,0,zero
3525,work_of,23,23,0,zero
3528,allow_us,22,22,0,zero
3529,amounts_of,22,22,0,zero
3535,and_non,21,22,0,zero
3536,and_tests,20,22,0,zero
3540,as_consequence,22,22,0,zero
3545,by_different,22,22,0,zero
3546,can_occur,21,22,0,zero
3547,capital_the,22,22,0,zero
3548,changes_and,22,22,0,zero
3553,consider_an,22,22,0,zero
3556,consumption_in,22,22,0,zero
3557,contrast_with,21,22,0,zero
3559,dealing_with,22,22,0,zero
3560,demand_in,21,22,0,zero
3562,dominated_by,21,22,0,zero
3563,economic_model,21,22,0,zero
3564,economic_variables,20,22,0,zero
3567,engel_curves,15,22,0,zero
3569,evidence_in,21,22,0,zero
3571,exist_in,22,22,0,zero
3572,expectations_in,22,22,0,zero
3574,experience_and,19,22,0,zero
3579,for_individuals,21,22,0,zero
3580,for_labor,21,22,0,zero
3581,for_risk,20,22,0,zero
3583,from_that,21,22,0,zero
3584,game_the,22,22,0,zero
3585,government_debt,19,22,0,zero
3589,however_this,22,22,0,zero
3590,imposed_on,22,22,0,zero
3593,in_manner,22,22,0,zero
3595,in_those,21,22,0,zero
3598,industry_is,17,22,0,zero
3600,insights_into,22,22,0,zero
3603,is_allowed,22,22,0,zero
3606,is_lower,20,22,0,zero
3607,is_observed,22,22,0,zero
3609,is_smaller,21,22,0,zero
3610,it_appears,22,22,0,zero
3613,market_conditions,18,22,0,zero
3620,needed_to,21,22,0,zero
3624,of_being,20,22,0,zero
3625,of_contracts,19,22,0,zero
3626,of_cost,22,22,0,zero
3627,of_durable,16,22,0,zero
3631,of_regulation,17,22,0,zero
3638,out_in,22,22,0,zero
3639,output_in,21,22,0,zero
3641,perfect_competition,19,22,0,zero
3643,preferences_is,21,22,0,zero
3644,preferences_the,20,22,0,zero
3647,problems_are,20,22,0,zero
3649,provides_the,22,22,0,zero
3651,reflect_the,21,22,0,zero
3653,responses_of,21,22,0,zero
3655,results_the,20,22,0,zero
3656,risk_premium,17,22,0,zero
3657,rule_for,20,22,0,zero
3658,savings_and,20,22,0,zero
3660,structural_change,12,22,0,zero
3662,takes_place,21,22,0,zero
3666,the_availability,21,22,0,zero
3669,the_distinction,22,22,0,zero
3673,the_individual's,18,22,0,zero
3675,the_north,14,22,0,zero
3677,the_panel,21,22,0,zero
3678,the_prediction,19,22,0,zero
3680,theory_that,22,22,0,zero
3682,they_would,20,22,0,zero
3684,this_can,22,22,0,zero
3686,to_buy,20,22,0,zero
3687,to_consumers,20,22,0,zero
3688,to_data,22,22,0,zero
3689,to_form,22,22,0,zero
3693,to_keep,21,22,0,zero
3695,to_perform,21,22,0,zero
3698,to_set,22,22,0,zero
3701,two_different,21,22,0,zero
3702,two_sided,21,22,0,zero
3703,value_is,21,22,0,zero
3705,volatility_and,19,22,0,zero
3706,wages_are,22,22,0,zero
3710,will_increase,22,22,0,zero
3711,with_both,22,22,0,zero
3713,with_positive,21,22,0,zero
3714,an_approach,20,21,0,zero
3715,an_explicit,20,21,0,zero
3716,analysis_and,21,21,0,zero
3717,and_derive,21,21,0,zero
3718,and_from,21,21,0,zero
3720,and_money,20,21,0,zero
3722,are_an,21,21,0,zero
3724,as_those,21,21,0,zero
3727,be_able,20,21,0,zero
3730,behavior_by,20,21,0,zero
3733,burden_of,19,21,0,zero
3734,but_there,21,21,0,zero
3736,by_showing,21,21,0,zero
3738,cases_in,21,21,0,zero
3739,characterizes_the,21,21,0,zero
3740,choices_of,19,21,0,zero
3743,constraints_the,20,21,0,zero
3744,contracts_and,21,21,0,zero
3745,could_have,19,21,0,zero
3746,data_that,21,21,0,zero
3747,decisions_the,21,21,0,zero
3753,differ_from,21,21,0,zero
3754,doing_so,21,21,0,zero
3755,economics_and,21,21,0,zero
3756,efficiency_in,17,21,0,zero
3758,elimination_of,21,21,0,zero
3759,enter_the,19,21,0,zero
3764,except_for,21,21,0,zero
3765,existing_literature,20,21,0,zero
3766,expense_of,20,21,0,zero
3767,far_from,21,21,0,zero
3768,firm_the,21,21,0,zero
3771,focused_on,21,21,0,zero
3774,for_long,20,21,0,zero
3776,for_wide,21,21,0,zero
3777,foreign_exchange,17,21,0,zero
3779,from_two,21,21,0,zero
3781,goods_in,20,21,0,zero
3784,high_frequency,17,21,0,zero
3786,highlights_the,21,21,0,zero
3787,his_own,19,21,0,zero
3789,improvement_in,18,21,0,zero
3790,in_every,18,21,0,zero
3791,in_international,19,21,0,zero
3792,in_monetary,19,21,0,zero
3793,in_number,21,21,0,zero
3794,in_single,21,21,0,zero
3795,in_spite,18,21,0,zero
3796,increasing_in,20,21,0,zero
3798,industries_in,17,21,0,zero
3801,is_done,21,21,0,zero
3802,is_little,21,21,0,zero
3805,is_set,20,21,0,zero
3812,making_the,21,21,0,zero
3813,market_price,19,21,0,zero
3814,markets_to,20,21,0,zero
3816,measures_are,21,21,0,zero
3817,model_by,21,21,0,zero
3819,new_and,21,21,0,zero
3820,new_information,21,21,0,zero
3822,nominal_interest,16,21,0,zero
3825,not_always,21,21,0,zero
3827,notion_that,21,21,0,zero
3830,of_beliefs,20,21,0,zero
3832,of_equity,18,21,0,zero
3833,of_fertility,15,21,0,zero
3835,of_industry,18,21,0,zero
3840,of_resource,20,21,0,zero
3843,of_using,21,21,0,zero
3845,on_one,20,21,0,zero
3846,one_another,19,21,0,zero
3847,one_sided,18,21,0,zero
3848,or_less,21,21,0,zero
3849,our_method,20,21,0,zero
3850,outcomes_are,21,21,0,zero
3853,power_in,19,21,0,zero
3856,price_change,18,21,0,zero
3857,price_to,16,21,0,zero
3859,regression_analysis,20,21,0,zero
3860,relevant_to,20,21,0,zero
3862,results_and,21,21,0,zero
3865,simple_and,21,21,0,zero
3867,spite_of,18,21,0,zero
3871,that_many,21,21,0,zero
3872,that_price,20,21,0,zero
3873,the_argument,19,21,0,zero
3874,the_combination,20,21,0,zero
3875,the_contribution,21,21,0,zero
3879,the_economy's,20,21,0,zero
3883,the_frequency,19,21,0,zero
3884,the_group,16,21,0,zero
3886,the_history,21,21,0,zero
3891,the_reduction,15,21,0,zero
3892,the_rest,20,21,0,zero
3893,the_scope,21,21,0,zero
3894,the_uncertainty,19,21,0,zero
3895,the_usefulness,20,21,0,zero
3897,there_has,21,21,0,zero
3898,this_conclusion,21,21,0,zero
3906,to_extend,20,21,0,zero
3908,to_separate,21,21,0,zero
3911,uncertainty_is,19,21,0,zero
3914,use_in,21,21,0,zero
3916,utility_maximization,18,21,0,zero
3917,vertical_integration,17,21,0,zero
3920,welfare_in,21,21,0,zero
3921,welfare_of,20,21,0,zero
3923,when_this,21,21,0,zero
3925,which_all,21,21,0,zero
3929,with_time,20,21,0,zero
3933,achieved_by,20,20,0,zero
3935,algorithm_for,20,20,0,zero
3936,all_agents,20,20,0,zero
3937,also_provide,20,20,0,zero
3940,an_instrumental,20,20,0,zero
3941,and_all,19,20,0,zero
3942,and_at,18,20,0,zero
3943,and_changes,20,20,0,zero
3945,and_estimates,20,20,0,zero
3946,and_even,19,20,0,zero
3948,and_monetary,18,20,0,zero
3949,and_small,20,20,0,zero
3950,and_technology,19,20,0,zero
3952,any_given,20,20,0,zero
3954,are_that,20,20,0,zero
3955,as_follows,20,20,0,zero
3956,asset_market,18,20,0,zero
3959,at_an,20,20,0,zero
3960,bargaining_game,17,20,0,zero
3964,but_this,20,20,0,zero
3965,by_assuming,18,20,0,zero
3966,by_making,20,20,0,zero
3967,capital_to,19,20,0,zero
3971,control_of,17,20,0,zero
3975,cycle_models,18,20,0,zero
3977,describes_the,19,20,0,zero
3978,determine_whether,20,20,0,zero
3982,effects_that,17,20,0,zero
3983,efficiency_is,19,20,0,zero
3985,estimator_that,20,20,0,zero
3989,examined_and,20,20,0,zero
3998,formation_of,20,20,0,zero
4002,futures_markets,12,20,0,zero
4004,good_the,20,20,0,zero
4005,government_expenditures,15,20,0,zero
4009,in_certain,20,20,0,zero
4013,in_employment,18,20,0,zero
4014,in_given,19,20,0,zero
4015,in_way,19,20,0,zero
4016,include_the,20,20,0,zero
4021,is_limited,19,20,0,zero
4022,is_quite,20,20,0,zero
4023,is_similar,20,20,0,zero
4027,linear_in,18,20,0,zero
4031,markets_is,20,20,0,zero
4033,model_this,20,20,0,zero
4037,neoclassical_growth,20,20,0,zero
4039,not_exist,19,20,0,zero
4041,of_bargaining,18,20,0,zero
4042,of_health,15,20,0,zero
4044,of_natural,20,20,0,zero
4046,of_permanent,15,20,0,zero
4047,of_research,17,20,0,zero
4048,of_statistical,18,20,0,zero
4050,outcome_is,19,20,0,zero
4051,output_the,19,20,0,zero
4052,paid_to,20,20,0,zero
4055,period_is,19,20,0,zero
4056,played_by,20,20,0,zero
4057,point_to,19,20,0,zero
4059,policy_can,18,20,0,zero
4060,positive_relationship,18,20,0,zero
4061,power_and,19,20,0,zero
4062,present_an,20,20,0,zero
4063,previous_work,20,20,0,zero
4064,prices_that,19,20,0,zero
4065,pricing_and,19,20,0,zero
4067,principle_of,19,20,0,zero
4068,problems_the,20,20,0,zero
4074,ratio_and,19,20,0,zero
4076,relationships_between,19,20,0,zero
4077,research_and,18,20,0,zero
4080,rules_of,18,20,0,zero
4084,showed_that,18,20,0,zero
4085,so_the,20,20,0,zero
4086,specifically_we,19,20,0,zero
4088,taken_into,19,20,0,zero
4095,the_four,20,20,0,zero
4096,the_fundamental,19,20,0,zero
4098,the_loss,17,20,0,zero
4100,the_rates,19,20,0,zero
4104,the_strategic,20,20,0,zero
4108,the_work,20,20,0,zero
4111,they_also,20,20,0,zero
4114,to_calculate,19,20,0,zero
4121,to_play,20,20,0,zero
4123,to_see,20,20,0,zero
4124,too_much,19,20,0,zero
4126,trade_offs,20,20,0,zero
4127,trade_theory,18,20,0,zero
4130,value_in,17,20,0,zero
4133,widely_used,20,20,0,zero
4134,with_endogenous,20,20,0,zero
4137,work_by,18,20,0,zero
4140,agent_has,17,19,0,zero
4141,agents_with,19,19,0,zero
4143,an_effective,16,19,0,zero
4144,and_cross,19,19,0,zero
4147,and_political,16,19,0,zero
4148,and_provides,19,19,0,zero
4150,and_short,17,19,0,zero
4151,and_suggest,19,19,0,zero
4155,are_drawn,19,19,0,zero
4158,are_quite,18,19,0,zero
4159,are_rational,18,19,0,zero
4160,as_evidence,19,19,0,zero
4163,assumptions_and,19,19,0,zero
4168,be_in,19,19,0,zero
4169,be_useful,19,19,0,zero
4170,bias_is,18,19,0,zero
4175,by_other,19,19,0,zero
4178,case_for,18,19,0,zero
4179,cash_flows,16,19,0,zero
4184,considering_the,19,19,0,zero
4186,contracts_the,18,19,0,zero
4188,correlation_in,17,19,0,zero
4191,course_of,19,19,0,zero
4193,demand_elasticities,18,19,0,zero
4195,dependent_on,19,19,0,zero
4199,does_the,19,19,0,zero
4200,doubt_on,19,19,0,zero
4203,economic_analysis,19,19,0,zero
4204,economic_and,18,19,0,zero
4207,employed_to,19,19,0,zero
4209,establish_that,19,19,0,zero
4210,estimated_to,18,19,0,zero
4211,estimates_from,19,19,0,zero
4212,et_al,18,19,0,zero
4213,even_with,19,19,0,zero
4214,evidence_against,18,19,0,zero
4219,expected_future,18,19,0,zero
4226,firm_in,17,19,0,zero
4227,firm_specific,14,19,0,zero
4231,for_different,19,19,0,zero
4233,for_individual,18,19,0,zero
4234,for_public,19,19,0,zero
4238,from_its,19,19,0,zero
4244,goal_of,19,19,0,zero
4245,has_shown,18,19,0,zero
4252,in_capital,17,19,0,zero
4254,in_either,19,19,0,zero
4257,in_situations,17,19,0,zero
4258,inclusion_of,19,19,0,zero
4260,income_growth,14,19,0,zero
4264,investigation_of,19,19,0,zero
4265,is_endogenous,17,19,0,zero
4268,is_low,19,19,0,zero
4272,learning_by,18,19,0,zero
4275,literature_the,19,19,0,zero
4277,macroeconomic_models,19,19,0,zero
4287,of_birth,15,19,0,zero
4291,of_in,19,19,0,zero
4292,of_magnitude,18,19,0,zero
4294,of_property,13,19,0,zero
4296,of_well,17,19,0,zero
4297,on_consumption,19,19,0,zero
4298,on_each,19,19,0,zero
4300,on_prices,18,19,0,zero
4301,on_some,19,19,0,zero
4304,only_for,19,19,0,zero
4305,optimal_solution,16,19,0,zero
4306,or_even,19,19,0,zero
4307,other_countries,18,19,0,zero
4309,paper_suggests,19,19,0,zero
4313,points_in,19,19,0,zero
4317,presents_the,19,19,0,zero
4320,prices_as,19,19,0,zero
4322,proposition_that,17,19,0,zero
4324,rate_on,16,19,0,zero
4325,rate_to,19,19,0,zero
4326,real_business,15,19,0,zero
4330,replaced_by,19,19,0,zero
4333,rest_of,18,19,0,zero
4335,returns_in,19,19,0,zero
4338,scale_and,17,19,0,zero
4341,services_and,18,19,0,zero
4342,share_the,19,19,0,zero
4345,stages_of,16,19,0,zero
4346,states_that,18,19,0,zero
4347,strategy_for,19,19,0,zero
4349,tax_is,14,19,0,zero
4350,term_contracts,15,19,0,zero
4359,the_canadian,16,19,0,zero
4361,the_course,18,19,0,zero
4363,the_expense,19,19,0,zero
4364,the_fiscal,16,19,0,zero
4369,the_principle,17,19,0,zero
4370,the_robustness,18,19,0,zero
4373,them_in,19,19,0,zero
4378,this_setting,19,19,0,zero
4383,to_certain,19,19,0,zero
4385,to_deal,19,19,0,zero
4390,to_minimize,18,19,0,zero
4391,to_small,19,19,0,zero
4393,try_to,19,19,0,zero
4397,unless_the,19,19,0,zero
4398,upper_bound,15,19,0,zero
4399,us_and,17,19,0,zero
4400,using_this,19,19,0,zero
4402,variables_that,19,19,0,zero
4403,variance_in,16,19,0,zero
4404,variation_of,17,19,0,zero
4405,varies_with,18,19,0,zero
4410,we_suggest,19,19,0,zero
4411,when_one,19,19,0,zero
4412,when_these,19,19,0,zero
4413,whether_they,19,19,0,zero
4415,while_in,18,19,0,zero
4416,who_is,16,19,0,zero
4418,would_not,18,19,0,zero
4419,advantage_in,17,18,0,zero
4420,agents_can,18,18,0,zero
4424,also_discussed,18,18,0,zero
4426,alternative_to,18,18,0,zero
4429,and_about,18,18,0,zero
4431,and_consumer,18,18,0,zero
4434,and_liquidity,15,18,0,zero
4437,and_tested,18,18,0,zero
4441,applications_to,18,18,0,zero
4445,asset_markets,16,18,0,zero
4446,asset_price,17,18,0,zero
4449,be_less,18,18,0,zero
4450,be_quite,18,18,0,zero
4451,been_shown,18,18,0,zero
4452,been_used,17,18,0,zero
4453,but_no,17,18,0,zero
4454,by_some,17,18,0,zero
4455,by_this,18,18,0,zero
4456,capital_gains,14,18,0,zero
4458,cheap_talk,12,18,0,zero
4459,choice_is,12,18,0,zero
4460,choice_under,17,18,0,zero
4461,claim_that,18,18,0,zero
4463,comparisons_of,17,18,0,zero
4464,competitive_markets,16,18,0,zero
4465,composed_of,18,18,0,zero
4466,concludes_that,18,18,0,zero
4467,connection_between,18,18,0,zero
4468,consumers_with,15,18,0,zero
4472,country_and,18,18,0,zero
4474,current_and,17,18,0,zero
4476,demand_curves,18,18,0,zero
4478,developed_the,18,18,0,zero
4479,discussed_the,18,18,0,zero
4480,distribution_in,18,18,0,zero
4481,each_country,17,18,0,zero
4483,economic_policy,16,18,0,zero
4484,economies_in,18,18,0,zero
4485,effect_the,18,18,0,zero
4490,estimated_for,18,18,0,zero
4493,even_for,18,18,0,zero
4494,expenditures_on,16,18,0,zero
4495,extensions_of,18,18,0,zero
4497,first_part,17,18,0,zero
4498,first_to,18,18,0,zero
4500,for_small,18,18,0,zero
4501,framework_that,18,18,0,zero
4505,gains_and,16,18,0,zero
4508,general_theory,18,18,0,zero
4512,have_private,18,18,0,zero
4513,have_significant,17,18,0,zero
4516,higher_the,13,18,0,zero
4518,hypothesis_in,18,18,0,zero
4519,idiosyncratic_shocks,13,18,0,zero
4521,in_effect,16,18,0,zero
4525,in_price,17,18,0,zero
4528,in_total,16,18,0,zero
4529,in_trade,15,18,0,zero
4532,incomes_of,15,18,0,zero
4533,individual_and,18,18,0,zero
4534,inflation_is,16,18,0,zero
4535,inflation_rate,15,18,0,zero
4536,initial_conditions,17,18,0,zero
4537,intergenerational_transfers,13,18,0,zero
4538,investment_behavior,13,18,0,zero
4541,is_essentially,18,18,0,zero
4542,is_investigated,18,18,0,zero
4543,is_never,16,18,0,zero
4544,is_rejected,17,18,0,zero
4546,issues_in,18,18,0,zero
4547,it_allows,18,18,0,zero
4548,it_in,18,18,0,zero
4549,it_seems,18,18,0,zero
4552,lower_the,16,18,0,zero
4553,may_arise,18,18,0,zero
4556,methods_to,18,18,0,zero
4562,not_all,18,18,0,zero
4564,objective_is,18,18,0,zero
4565,of_differences,18,18,0,zero
4567,of_full,18,18,0,zero
4570,of_industrial,17,18,0,zero
4572,of_players,18,18,0,zero
4574,of_stable,14,18,0,zero
4577,of_world,17,18,0,zero
4578,off_the,18,18,0,zero
4579,on_relative,17,18,0,zero
4580,only_two,16,18,0,zero
4582,optimal_allocation,18,18,0,zero
4583,optimal_for,16,18,0,zero
4584,optimal_to,16,18,0,zero
4585,other_factors,17,18,0,zero
4588,pairs_of,16,18,0,zero
4590,per_unit,16,18,0,zero
4593,periods_and,17,18,0,zero
4594,play_an,18,18,0,zero
4595,policy_making,16,18,0,zero
4596,policy_that,16,18,0,zero
4597,policy_to,18,18,0,zero
4598,prediction_of,18,18,0,zero
4600,price_auction,12,18,0,zero
4606,problem_we,18,18,0,zero
4607,process_we,18,18,0,zero
4609,product_and,18,18,0,zero
4610,production_the,17,18,0,zero
4612,public_debt,11,18,0,zero
4615,recent_work,17,18,0,zero
4616,reference_to,18,18,0,zero
4617,reflected_in,18,18,0,zero
4618,regions_of,17,18,0,zero
4619,relatively_high,18,18,0,zero
4620,research_in,18,18,0,zero
4624,results_hold,18,18,0,zero
4626,selection_and,18,18,0,zero
4627,sensitivity_to,16,18,0,zero
4630,set_in,17,18,0,zero
4632,set_the,17,18,0,zero
4633,set_up,17,18,0,zero
4634,shift_in,16,18,0,zero
4635,short_and,18,18,0,zero
4637,similar_results,18,18,0,zero
4638,size_is,18,18,0,zero
4639,stability_and,16,18,0,zero
4646,supply_in,17,18,0,zero
4647,takes_the,16,18,0,zero
4648,tariffs_and,16,18,0,zero
4649,that_demand,16,18,0,zero
4650,that_includes,18,18,0,zero
4654,that_market,17,18,0,zero
4656,that_their,18,18,0,zero
4657,the_answer,18,18,0,zero
4659,the_complete,17,18,0,zero
4660,the_cycle,14,18,0,zero
4663,the_formation,18,18,0,zero
4664,the_gold,10,18,0,zero
4665,the_implicit,16,18,0,zero
4667,the_issue,18,18,0,zero
4668,the_learning,17,18,0,zero
4672,the_premium,11,18,0,zero
4673,the_reason,18,18,0,zero
4674,the_savings,17,18,0,zero
4676,the_simultaneous,17,18,0,zero
4681,then_show,16,18,0,zero
4685,this_allows,18,18,0,zero
4686,this_set,15,18,0,zero
4687,time_inconsistency,12,18,0,zero
4689,to_capture,18,18,0,zero
4692,to_individual,18,18,0,zero
4693,to_interpret,17,18,0,zero
4694,to_overcome,17,18,0,zero
4695,to_present,17,18,0,zero
4696,to_prevent,17,18,0,zero
4706,using_cross,18,18,0,zero
4707,using_these,18,18,0,zero
4709,values_are,18,18,0,zero
4710,values_the,17,18,0,zero
4715,well_defined,17,18,0,zero
4716,what_the,17,18,0,zero
4717,where_there,18,18,0,zero
4718,whereas_the,18,18,0,zero
4719,which_allows,18,18,0,zero
4720,which_this,17,18,0,zero
4721,which_would,18,18,0,zero
4726,with_risk,16,18,0,zero
4727,with_such,18,18,0,zero
4728,work_and,16,18,0,zero
4732,across_states,14,17,0,zero
4735,address_the,17,17,0,zero
4739,also_provides,17,17,0,zero
4740,also_shows,17,17,0,zero
4741,although_this,17,17,0,zero
4743,an_independent,16,17,0,zero
4744,analysis_suggests,17,17,0,zero
4745,and_and,16,17,0,zero
4746,and_competitive,16,17,0,zero
4747,and_control,16,17,0,zero
4748,and_costs,13,17,0,zero
4749,and_domestic,15,17,0,zero
4750,and_empirically,17,17,0,zero
4751,and_estimated,17,17,0,zero
4753,and_higher,17,17,0,zero
4755,and_limited,17,17,0,zero
4757,and_possibly,17,17,0,zero
4758,and_preferences,17,17,0,zero
4760,and_total,17,17,0,zero
4762,and_workers,17,17,0,zero
4763,appears_that,17,17,0,zero
4765,are_affected,17,17,0,zero
4768,are_inconsistent,17,17,0,zero
4769,are_necessary,17,17,0,zero
4770,are_required,16,17,0,zero
4774,assets_are,16,17,0,zero
4779,be_found,17,17,0,zero
4780,be_rejected,15,17,0,zero
4782,between_them,16,17,0,zero
4784,broad_class,16,17,0,zero
4785,by_applying,17,17,0,zero
4786,by_these,17,17,0,zero
4788,capital_intensive,13,17,0,zero
4790,causes_of,17,17,0,zero
4791,choice_behavior,13,17,0,zero
4793,choices_are,15,17,0,zero
4794,choose_the,16,17,0,zero
4798,concerns_the,16,17,0,zero
4799,confined_to,17,17,0,zero
4800,consequences_for,17,17,0,zero
4804,consumer_preferences,15,17,0,zero
4806,contract_and,15,17,0,zero
4808,controls_for,17,17,0,zero
4814,demand_system,15,17,0,zero
4816,determined_in,17,17,0,zero
4817,direct_and,14,17,0,zero
4818,direct_investment,14,17,0,zero
4820,dynamic_general,16,17,0,zero
4821,dynamics_and,17,17,0,zero
4823,economy_we,16,17,0,zero
4824,education_in,15,17,0,zero
4828,environment_in,17,17,0,zero
4835,evaluates_the,17,17,0,zero
4838,excess_returns,15,17,0,zero
4841,face_of,17,17,0,zero
4842,factor_in,17,17,0,zero
4843,financial_assets,15,17,0,zero
4844,finding_that,17,17,0,zero
4845,first_is,17,17,0,zero
4846,first_stage,13,17,0,zero
4847,for_at,17,17,0,zero
4848,for_government,15,17,0,zero
4849,for_instance,17,17,0,zero
4854,form_in,16,17,0,zero
4856,gives_rise,17,17,0,zero
4858,greater_the,14,17,0,zero
4860,had_been,16,17,0,zero
4862,heterogeneous_agents,17,17,0,zero
4865,hold_for,17,17,0,zero
4866,holds_for,17,17,0,zero
4867,however_there,17,17,0,zero
4868,imperfect_competition,17,17,0,zero
4869,implement_the,16,17,0,zero
4870,in_average,15,17,0,zero
4874,in_light,17,17,0,zero
4879,individuals_in,17,17,0,zero
4880,industries_and,15,17,0,zero
4881,industry_in,16,17,0,zero
4882,inflation_in,14,17,0,zero
4883,inflation_the,17,17,0,zero
4887,investment_to,15,17,0,zero
4888,is_able,17,17,0,zero
4889,is_achieved,16,17,0,zero
4890,is_almost,17,17,0,zero
4891,is_both,16,17,0,zero
4892,is_for,16,17,0,zero
4893,is_further,17,17,0,zero
4894,is_increasing,16,17,0,zero
4895,is_particularly,16,17,0,zero
4896,is_significant,16,17,0,zero
4897,is_there,17,17,0,zero
4899,is_useful,16,17,0,zero
4900,is_widely,17,17,0,zero
4901,known_to,17,17,0,zero
4903,large_enough,17,17,0,zero
4906,literature_we,17,17,0,zero
4911,matching_model,17,17,0,zero
4912,may_increase,17,17,0,zero
4913,mechanisms_that,17,17,0,zero
4915,monetary_theory,13,17,0,zero
4916,money_in,16,17,0,zero
4917,monopolistic_competition,12,17,0,zero
4922,new_method,17,17,0,zero
4925,of_additional,17,17,0,zero
4929,of_country,17,17,0,zero
4935,of_loss,13,17,0,zero
4936,of_macroeconomic,15,17,0,zero
4939,of_past,17,17,0,zero
4940,of_power,15,17,0,zero
4941,of_primary,17,17,0,zero
4942,of_specific,17,17,0,zero
4943,of_trading,16,17,0,zero
4944,of_transactions,13,17,0,zero
4946,of_variation,16,17,0,zero
4947,on_consumer,17,17,0,zero
4948,on_current,16,17,0,zero
4949,on_demand,17,17,0,zero
4951,on_growth,14,17,0,zero
4952,one_sector,17,17,0,zero
4954,optimal_in,16,17,0,zero
4955,optimal_tax,14,17,0,zero
4956,or_may,17,17,0,zero
4959,paper_concludes,17,17,0,zero
4960,paper_demonstrates,17,17,0,zero
4965,perfectly_competitive,16,17,0,zero
4967,persistence_in,15,17,0,zero
4968,power_parity,13,17,0,zero
4969,precautionary_saving,10,17,0,zero
4972,private_value,12,17,0,zero
4973,probabilities_of,17,17,0,zero
4974,procedure_that,17,17,0,zero
4975,programming_problems,15,17,0,zero
4977,provide_conditions,17,17,0,zero
4978,provide_new,16,17,0,zero
4981,quantities_of,17,17,0,zero
4987,resources_in,17,17,0,zero
4988,restricted_to,17,17,0,zero
4989,rules_that,16,17,0,zero
4990,run_effects,13,17,0,zero
4992,scope_of,17,17,0,zero
4994,sector_and,15,17,0,zero
4995,seek_to,17,17,0,zero
4996,self_enforcing,14,17,0,zero
4998,shocks_the,17,17,0,zero
4999,situations_where,17,17,0,zero
5000,so_we,17,17,0,zero
5008,subject_of,16,17,0,zero
5010,supply_side,16,17,0,zero
5011,take_place,16,17,0,zero
5012,term_interest,12,17,0,zero
5013,test_and,15,17,0,zero
5018,that_optimal,17,17,0,zero
5021,the_additional,16,17,0,zero
5024,the_available,16,17,0,zero
5033,the_distance,13,17,0,zero
5035,the_heckscher,12,17,0,zero
5036,the_index,12,17,0,zero
5037,the_industrial,12,17,0,zero
5038,the_inequality,15,17,0,zero
5039,the_intensity,14,17,0,zero
5041,the_levels,17,17,0,zero
5050,the_pre,15,17,0,zero
5051,the_profitability,15,17,0,zero
5052,the_proposition,16,17,0,zero
5053,the_selection,14,17,0,zero
5055,the_shadow,12,17,0,zero
5056,the_specific,17,17,0,zero
5057,the_states,15,17,0,zero
5059,the_technological,15,17,0,zero
5060,their_relative,16,17,0,zero
5066,these_tests,17,17,0,zero
5067,they_will,16,17,0,zero
5068,this_fact,17,17,0,zero
5069,this_may,17,17,0,zero
5070,through_time,15,17,0,zero
5073,to_converge,17,17,0,zero
5075,to_ensure,17,17,0,zero
5077,to_introduce,16,17,0,zero
5078,to_multiple,17,17,0,zero
5079,to_particular,16,17,0,zero
5080,to_previous,17,17,0,zero
5083,to_reject,17,17,0,zero
5087,too_little,17,17,0,zero
5088,trade_between,15,17,0,zero
5091,transport_costs,11,17,0,zero
5092,tries_to,17,17,0,zero
5093,two_country,17,17,0,zero
5094,two_decades,17,17,0,zero
5095,two_main,16,17,0,zero
5100,valuation_of,16,17,0,zero
5101,various_types,17,17,0,zero
5103,wages_of,15,17,0,zero
5104,we_further,17,17,0,zero
5105,wealth_distribution,14,17,0,zero
5106,welfare_and,16,17,0,zero
5107,welfare_by,17,17,0,zero
5108,when_all,16,17,0,zero
5109,which_to,17,17,0,zero
5110,which_was,17,17,0,zero
5118,advantages_of,15,16,0,zero
5119,agents_we,16,16,0,zero
5121,alter_the,15,16,0,zero
5126,an_otherwise,16,16,0,zero
5127,analyzed_the,16,16,0,zero
5128,and_cost,16,16,0,zero
5129,and_endogenous,16,16,0,zero
5132,and_fiscal,13,16,0,zero
5133,and_free,15,16,0,zero
5134,and_his,14,16,0,zero
5135,and_incomplete,15,16,0,zero
5136,and_input,14,16,0,zero
5139,and_related,16,16,0,zero
5140,and_stock,15,16,0,zero
5142,and_whether,16,16,0,zero
5143,approach_for,16,16,0,zero
5149,are_identified,16,16,0,zero
5152,arises_from,15,16,0,zero
5153,article_we,15,16,0,zero
5154,as_possible,15,16,0,zero
5158,auctions_with,15,16,0,zero
5161,banking_system,14,16,0,zero
5165,belief_that,15,16,0,zero
5166,biases_in,15,16,0,zero
5167,but_does,16,16,0,zero
5168,but_may,16,16,0,zero
5169,but_rather,16,16,0,zero
5170,but_these,16,16,0,zero
5171,by_allowing,16,16,0,zero
5173,by_its,16,16,0,zero
5175,by_single,14,16,0,zero
5176,can_result,16,16,0,zero
5177,capacity_to,15,16,0,zero
5179,case_we,16,16,0,zero
5180,cases_are,16,16,0,zero
5181,children_and,12,16,0,zero
5183,compute_the,16,16,0,zero
5184,concluded_that,15,16,0,zero
5190,consumption_the,16,16,0,zero
5191,continue_to,16,16,0,zero
5192,contribution_to,15,16,0,zero
5197,data_with,16,16,0,zero
5198,demand_are,16,16,0,zero
5199,demand_side,16,16,0,zero
5200,dependence_on,14,16,0,zero
5204,diversity_of,14,16,0,zero
5205,durable_good,13,16,0,zero
5206,early_in,13,16,0,zero
5207,emphasis_on,15,16,0,zero
5209,empirical_literature,16,16,0,zero
5210,ensure_that,15,16,0,zero
5217,expectations_model,16,16,0,zero
5219,experience_of,16,16,0,zero
5221,experimental_evidence,16,16,0,zero
5222,explanations_of,16,16,0,zero
5229,firm_is,16,16,0,zero
5231,for_consumers,15,16,0,zero
5232,for_consumption,15,16,0,zero
5233,for_evaluating,16,16,0,zero
5235,for_market,16,16,0,zero
5236,for_particular,16,16,0,zero
5238,for_policy,16,16,0,zero
5240,foundation_for,15,16,0,zero
5241,framework_the,15,16,0,zero
5242,from_cross,15,16,0,zero
5249,government_and,16,16,0,zero
5253,has_long,16,16,0,zero
5256,heterogeneity_and,16,16,0,zero
5258,however_in,16,16,0,zero
5259,however_when,16,16,0,zero
5260,hypothesis_the,16,16,0,zero
5261,identification_is,14,16,0,zero
5266,in_panel,13,16,0,zero
5267,in_political,16,16,0,zero
5273,income_or,16,16,0,zero
5275,income_taxes,15,16,0,zero
5280,integration_of,16,16,0,zero
5282,investments_and,13,16,0,zero
5283,involuntary_unemployment,12,16,0,zero
5285,irrespective_of,15,16,0,zero
5286,is_linear,15,16,0,zero
5287,is_measured,15,16,0,zero
5292,is_typically,15,16,0,zero
5293,is_viewed,16,16,0,zero
5294,is_zero,14,16,0,zero
5298,labor_contracts,12,16,0,zero
5300,land_and,13,16,0,zero
5302,leisure_and,14,16,0,zero
5304,longitudinal_data,15,16,0,zero
5305,manner_in,16,16,0,zero
5309,measurement_errors,14,16,0,zero
5311,mobility_and,15,16,0,zero
5312,model_developed,16,16,0,zero
5317,new_keynesian,16,16,0,zero
5318,no_trade,11,16,0,zero
5319,not_on,15,16,0,zero
5321,of_about,15,16,0,zero
5323,of_cases,15,16,0,zero
5328,of_food,13,16,0,zero
5330,of_industries,13,16,0,zero
5333,of_inventory,13,16,0,zero
5336,of_on,14,16,0,zero
5337,of_outcomes,15,16,0,zero
5339,of_products,15,16,0,zero
5340,of_rationality,13,16,0,zero
5342,of_states,14,16,0,zero
5343,of_test,15,16,0,zero
5344,on_aggregate,16,16,0,zero
5346,on_corporate,13,16,0,zero
5350,on_real,15,16,0,zero
5352,outcomes_and,16,16,0,zero
5354,outside_the,15,16,0,zero
5356,paper_evaluates,16,16,0,zero
5362,period_to,16,16,0,zero
5365,policy_the,16,16,0,zero
5367,predict_the,16,16,0,zero
5368,preferences_that,16,16,0,zero
5369,premium_and,15,16,0,zero
5376,product_differentiation,15,16,0,zero
5378,provides_new,16,16,0,zero
5379,rates_the,16,16,0,zero
5382,relating_to,16,16,0,zero
5385,relatively_small,16,16,0,zero
5386,resources_and,15,16,0,zero
5389,risk_premia,10,16,0,zero
5390,rule_that,15,16,0,zero
5391,run_player,6,16,0,zero
5393,sector_in,16,16,0,zero
5394,sector_is,14,16,0,zero
5397,set_and,15,16,0,zero
5401,sign_of,13,16,0,zero
5402,size_the,16,16,0,zero
5403,solve_the,15,16,0,zero
5404,some_empirical,16,16,0,zero
5405,specifications_of,16,16,0,zero
5407,standard_errors,13,16,0,zero
5408,state_dependent,13,16,0,zero
5410,strategy_is,12,16,0,zero
5412,system_as,16,16,0,zero
5413,systems_and,16,16,0,zero
5415,than_of,16,16,0,zero
5416,that_consumption,16,16,0,zero
5418,that_monetary,15,16,0,zero
5420,that_provides,16,16,0,zero
5421,the_assets,14,16,0,zero
5422,the_banking,14,16,0,zero
5424,the_bond,11,16,0,zero
5427,the_constraint,15,16,0,zero
5428,the_critical,15,16,0,zero
5432,the_free,14,16,0,zero
5435,the_greatest,16,16,0,zero
5437,the_implementation,16,16,0,zero
5439,the_less,15,16,0,zero
5440,the_manufacturing,14,16,0,zero
5441,the_origin,14,16,0,zero
5445,the_remaining,15,16,0,zero
5446,the_revenue,14,16,0,zero
5447,the_self,15,16,0,zero
5451,the_status,15,16,0,zero
5453,the_upper,15,16,0,zero
5458,then_we,15,16,0,zero
5461,theory_we,16,16,0,zero
5462,this_equilibrium,15,16,0,zero
5464,time_as,16,16,0,zero
5467,to_allocate,16,16,0,zero
5471,to_follow,16,16,0,zero
5473,to_reveal,16,16,0,zero
5476,to_select,16,16,0,zero
5477,to_total,16,16,0,zero
5478,to_various,16,16,0,zero
5480,two_sets,15,16,0,zero
5482,understanding_the,16,16,0,zero
5488,very_similar,16,16,0,zero
5489,volume_and,13,16,0,zero
5493,wealth_of,14,16,0,zero
5495,welfare_economics,14,16,0,zero
5496,welfare_implications,15,16,0,zero
5498,which_some,16,16,0,zero
5500,world_economy,13,16,0,zero
5501,yields_the,15,16,0,zero
5506,also_to,15,15,0,zero
5509,analysis_we,15,15,0,zero
5510,and_analyze,15,15,0,zero
5511,and_applied,15,15,0,zero
5516,and_equity,15,15,0,zero
5518,and_future,15,15,0,zero
5520,and_intertemporal,15,15,0,zero
5521,and_permanent,15,15,0,zero
5523,and_third,14,15,0,zero
5524,and_three,12,15,0,zero
5526,any_other,15,15,0,zero
5527,applying_the,15,15,0,zero
5528,are_only,15,15,0,zero
5529,are_possible,14,15,0,zero
5532,are_therefore,15,15,0,zero
5533,are_too,14,15,0,zero
5535,are_uncertain,13,15,0,zero
5536,are_well,15,15,0,zero
5537,area_of,14,15,0,zero
5538,areas_of,13,15,0,zero
5540,as_means,14,15,0,zero
5542,assets_and,13,15,0,zero
5545,banks_are,13,15,0,zero
5550,borrowing_and,14,15,0,zero
5551,bulk_of,14,15,0,zero
5552,by_combining,15,15,0,zero
5553,by_developing,15,15,0,zero
5554,can_make,15,15,0,zero
5558,central_to,15,15,0,zero
5560,changing_the,15,15,0,zero
5563,children_in,14,15,0,zero
5567,collection_of,15,15,0,zero
5568,come_from,14,15,0,zero
5569,comparison_with,15,15,0,zero
5570,confirm_the,15,15,0,zero
5571,conflict_between,14,15,0,zero
5572,consider_two,15,15,0,zero
5573,contributions_to,15,15,0,zero
5575,corporate_tax,9,15,0,zero
5576,cost_in,15,15,0,zero
5577,countries_are,15,15,0,zero
5580,coupled_with,15,15,0,zero
5581,cross_sections,15,15,0,zero
5584,dependence_of,14,15,0,zero
5585,design_and,14,15,0,zero
5586,developments_in,15,15,0,zero
5587,deviate_from,15,15,0,zero
5588,deviation_of,14,15,0,zero
5590,differentiated_products,13,15,0,zero
5592,distinct_from,14,15,0,zero
5597,environments_in,15,15,0,zero
5604,estimated_the,15,15,0,zero
5605,estimates_in,15,15,0,zero
5607,example_that,15,15,0,zero
5614,failed_to,15,15,0,zero
5615,financial_intermediation,12,15,0,zero
5616,financial_market,13,15,0,zero
5622,for_by,15,15,0,zero
5624,for_goods,14,15,0,zero
5625,for_single,15,15,0,zero
5626,for_social,15,15,0,zero
5627,for_various,15,15,0,zero
5629,formal_model,15,15,0,zero
5630,free_entry,12,15,0,zero
5631,from_each,14,15,0,zero
5632,from_which,15,15,0,zero
5636,future_consumption,13,15,0,zero
5646,household_production,13,15,0,zero
5650,important_implications,14,15,0,zero
5655,in_expected,15,15,0,zero
5656,in_fertility,13,15,0,zero
5657,in_growth,15,15,0,zero
5660,in_long,14,15,0,zero
5661,in_principle,15,15,0,zero
5666,income_to,15,15,0,zero
5667,industries_with,13,15,0,zero
5668,inequality_of,14,15,0,zero
5670,innovation_is,14,15,0,zero
5674,investment_goods,9,15,0,zero
5680,is_motivated,15,15,0,zero
5683,is_relatively,15,15,0,zero
5684,is_some,14,15,0,zero
5686,is_substantially,15,15,0,zero
5687,it_provides,15,15,0,zero
5692,large_numbers,14,15,0,zero
5693,large_the,14,15,0,zero
5694,latter_case,14,15,0,zero
5695,limitations_of,15,15,0,zero
5697,long_standing,15,15,0,zero
5700,make_it,15,15,0,zero
5701,marginal_tax,12,15,0,zero
5705,mix_of,12,15,0,zero
5707,models_have,12,15,0,zero
5709,monetary_policies,13,15,0,zero
5713,new_product,9,15,0,zero
5715,observations_on,14,15,0,zero
5716,observed_and,14,15,0,zero
5717,of_agricultural,13,15,0,zero
5719,of_analysis,15,15,0,zero
5722,of_class,14,15,0,zero
5724,of_direct,15,15,0,zero
5726,of_effort,14,15,0,zero
5728,of_every,14,15,0,zero
5729,of_ex,13,15,0,zero
5730,of_formal,10,15,0,zero
5732,of_hours,12,15,0,zero
5734,of_liquidity,15,15,0,zero
5735,of_nations,13,15,0,zero
5736,of_others,14,15,0,zero
5737,of_prior,14,15,0,zero
5738,of_profit,13,15,0,zero
5742,of_spatial,14,15,0,zero
5743,of_substantial,15,15,0,zero
5745,of_treatment,11,15,0,zero
5747,of_young,13,15,0,zero
5748,on_all,14,15,0,zero
5750,on_other,14,15,0,zero
5751,on_trade,14,15,0,zero
5752,operation_of,15,15,0,zero
5754,or_if,15,15,0,zero
5755,other_variables,13,15,0,zero
5757,over_an,15,15,0,zero
5759,paper_addresses,15,15,0,zero
5760,paper_characterizes,15,15,0,zero
5762,payoffs_are,15,15,0,zero
5764,period_in,15,15,0,zero
5765,policies_in,15,15,0,zero
5766,policy_has,13,15,0,zero
5767,policy_makers,14,15,0,zero
5768,position_in,13,15,0,zero
5769,possible_for,15,15,0,zero
5771,present_in,15,15,0,zero
5772,price_elasticities,11,15,0,zero
5773,price_variability,9,15,0,zero
5775,prices_this,15,15,0,zero
5778,procedure_to,13,15,0,zero
5779,process_this,15,15,0,zero
5780,product_is,14,15,0,zero
5783,real_and,13,15,0,zero
5784,reduction_of,14,15,0,zero
5786,relationship_with,14,15,0,zero
5788,relevance_of,15,15,0,zero
5791,resources_to,14,15,0,zero
5795,results_we,15,15,0,zero
5796,returns_on,13,15,0,zero
5797,ricardian_equivalence,9,15,0,zero
5798,risk_in,15,15,0,zero
5805,set_by,14,15,0,zero
5812,significantly_different,14,15,0,zero
5814,simple_general,15,15,0,zero
5815,simple_majority,14,15,0,zero
5816,simulation_results,15,15,0,zero
5818,specifically_the,15,15,0,zero
5824,stems_from,15,15,0,zero
5826,stock_is,12,15,0,zero
5827,stocks_and,15,15,0,zero
5831,substitutes_for,14,15,0,zero
5833,supply_is,12,15,0,zero
5834,supply_model,14,15,0,zero
5835,tax_changes,13,15,0,zero
5836,tax_system,13,15,0,zero
5840,than_would,14,15,0,zero
5841,that_affect,15,15,0,zero
5843,that_agents,15,15,0,zero
5844,that_allow,15,15,0,zero
5845,that_cannot,15,15,0,zero
5846,that_consumers,13,15,0,zero
5847,that_makes,15,15,0,zero
5848,that_maximizes,15,15,0,zero
5850,the_author,15,15,0,zero
5852,the_axioms,12,15,0,zero
5853,the_behavioral,15,15,0,zero
5854,the_bulk,14,15,0,zero
5855,the_buyer,11,15,0,zero
5859,the_decisions,14,15,0,zero
5864,the_functional,14,15,0,zero
5870,the_inclusion,15,15,0,zero
5873,the_manner,15,15,0,zero
5876,the_methodology,15,15,0,zero
5877,the_negative,15,15,0,zero
5879,the_operation,15,15,0,zero
5880,the_others,15,15,0,zero
5883,the_provision,15,15,0,zero
5884,the_purchase,14,15,0,zero
5887,the_region,12,15,0,zero
5891,the_sampling,12,15,0,zero
5892,the_security,9,15,0,zero
5894,the_setting,15,15,0,zero
5896,the_subsequent,15,15,0,zero
5897,the_trend,12,15,0,zero
5898,their_prices,14,15,0,zero
5899,theory_with,15,15,0,zero
5901,these_restrictions,15,15,0,zero
5907,tied_to,14,15,0,zero
5908,to_adjust,15,15,0,zero
5909,to_build,12,15,0,zero
5910,to_common,15,15,0,zero
5911,to_differences,14,15,0,zero
5912,to_move,15,15,0,zero
5914,to_several,14,15,0,zero
5915,to_specific,15,15,0,zero
5916,to_such,15,15,0,zero
5917,to_supply,15,15,0,zero
5918,trade_credit,5,15,0,zero
5919,trading_partners,9,15,0,zero
5922,two_groups,12,15,0,zero
5923,unemployment_rates,14,15,0,zero
5928,using_us,15,15,0,zero
5929,utility_the,15,15,0,zero
5933,violations_of,14,15,0,zero
5938,wealth_in,15,15,0,zero
5939,wealth_is,14,15,0,zero
5940,when_consumers,12,15,0,zero
5943,with_limited,15,15,0,zero
5944,with_rational,15,15,0,zero
5946,without_any,15,15,0,zero
5947,work_is,15,15,0,zero
5950,across_individuals,13,14,0,zero
5952,agents_may,13,14,0,zero
5953,aggregate_shocks,12,14,0,zero
5954,allocation_and,13,14,0,zero
5956,allocations_are,12,14,0,zero
5957,also_considered,14,14,0,zero
5958,alternative_assumptions,13,14,0,zero
5961,although_it,14,14,0,zero
5962,an_earlier,14,14,0,zero
5965,an_increased,11,14,0,zero
5966,an_inefficient,13,14,0,zero
5967,an_input,14,14,0,zero
5968,an_iterative,14,14,0,zero
5969,an_unknown,14,14,0,zero
5970,analyzed_and,14,14,0,zero
5974,and_expected,14,14,0,zero
5976,and_indirect,11,14,0,zero
5977,and_industry,14,14,0,zero
5981,and_size,14,14,0,zero
5982,and_subsequent,14,14,0,zero
5983,and_uncertainty,12,14,0,zero
5984,and_various,14,14,0,zero
5985,any_of,14,14,0,zero
5986,applied_in,14,14,0,zero
5994,are_employed,14,14,0,zero
5996,are_illustrated,14,14,0,zero
5997,are_many,14,14,0,zero
6002,as_large,14,14,0,zero
6004,as_we,14,14,0,zero
6007,average_and,14,14,0,zero
6009,be_affected,14,14,0,zero
6010,be_better,14,14,0,zero
6011,be_chosen,13,14,0,zero
6013,be_to,13,14,0,zero
6014,beginning_of,14,14,0,zero
6015,behavior_for,14,14,0,zero
6019,bias_the,13,14,0,zero
6020,but_has,14,14,0,zero
6024,by_industry,9,14,0,zero
6025,by_introducing,13,14,0,zero
6027,by_our,13,14,0,zero
6028,by_providing,14,14,0,zero
6030,calculate_the,14,14,0,zero
6031,can_arise,14,14,0,zero
6032,capable_of,14,14,0,zero
6033,captured_by,14,14,0,zero
6035,causes_the,12,14,0,zero
6036,changes_that,13,14,0,zero
6037,characteristic_of,13,14,0,zero
6041,commercial_banks,13,14,0,zero
6042,common_in,13,14,0,zero
6043,competition_for,13,14,0,zero
6044,competition_the,14,14,0,zero
6046,consist_of,14,14,0,zero
6049,contract_is,12,14,0,zero
6052,cost_functions,12,14,0,zero
6054,credit_and,14,14,0,zero
6055,criterion_for,13,14,0,zero
6058,decision_theory,12,14,0,zero
6062,demand_theory,14,14,0,zero
6063,derive_from,14,14,0,zero
6067,developed_which,14,14,0,zero
6068,differences_of,13,14,0,zero
6072,dominate_the,14,14,0,zero
6073,dynamics_in,13,14,0,zero
6076,efficient_than,14,14,0,zero
6077,elasticity_is,12,14,0,zero
6080,empirical_study,13,14,0,zero
6081,employment_is,13,14,0,zero
6082,employment_of,7,14,0,zero
6089,estimation_methods,13,14,0,zero
6090,estimators_that,14,14,0,zero
6091,even_under,14,14,0,zero
6098,five_years,13,14,0,zero
6101,for_consistency,13,14,0,zero
6105,for_local,12,14,0,zero
6106,for_sample,14,14,0,zero
6107,for_three,14,14,0,zero
6108,for_us,13,14,0,zero
6109,force_and,14,14,0,zero
6112,framework_we,14,14,0,zero
6117,further_the,14,14,0,zero
6118,future_income,10,14,0,zero
6120,good_in,13,14,0,zero
6122,has_important,14,14,0,zero
6123,have_important,14,14,0,zero
6129,however_is,14,14,0,zero
6134,in_asset,14,14,0,zero
6135,in_common,13,14,0,zero
6138,in_financial,14,14,0,zero
6143,in_pure,12,14,0,zero
6147,in_welfare,13,14,0,zero
6148,includes_the,13,14,0,zero
6151,income_from,11,14,0,zero
6153,incomes_and,14,14,0,zero
6155,individuals_have,14,14,0,zero
6158,information_can,13,14,0,zero
6159,information_for,14,14,0,zero
6165,interest_to,14,14,0,zero
6170,is_proportional,13,14,0,zero
6171,is_reduced,14,14,0,zero
6172,is_simple,13,14,0,zero
6173,it_possible,14,14,0,zero
6174,it_should,14,14,0,zero
6175,it_the,14,14,0,zero
6176,its_implications,14,14,0,zero
6178,laissez_faire,13,14,0,zero
6180,least_in,13,14,0,zero
6181,levels_in,14,14,0,zero
6183,like_to,14,14,0,zero
6185,limit_the,14,14,0,zero
6186,linear_and,14,14,0,zero
6189,loss_in,13,14,0,zero
6190,lower_bounds,12,14,0,zero
6192,lowers_the,14,14,0,zero
6193,made_of,14,14,0,zero
6195,many_other,14,14,0,zero
6197,market_imperfections,14,14,0,zero
6198,market_to,14,14,0,zero
6199,markov_process,11,14,0,zero
6202,may_depend,14,14,0,zero
6204,means_that,14,14,0,zero
6208,might_have,14,14,0,zero
6210,model_yields,14,14,0,zero
6212,monetary_authority,8,14,0,zero
6214,more_specifically,14,14,0,zero
6217,most_cases,13,14,0,zero
6219,namely_that,14,14,0,zero
6220,negative_relationship,13,14,0,zero
6223,new_test,13,14,0,zero
6226,not_consistent,13,14,0,zero
6228,not_sufficient,14,14,0,zero
6229,observations_and,14,14,0,zero
6230,observe_the,12,14,0,zero
6231,observed_behavior,14,14,0,zero
6232,occurs_in,13,14,0,zero
6236,of_collusion,10,14,0,zero
6237,of_conventional,14,14,0,zero
6242,of_innovation,13,14,0,zero
6245,of_positive,14,14,0,zero
6246,of_second,14,14,0,zero
6247,of_special,13,14,0,zero
6250,of_types,14,14,0,zero
6251,of_voters,13,14,0,zero
6252,of_white,13,14,0,zero
6254,of_zero,14,14,0,zero
6255,offers_and,13,14,0,zero
6257,on_local,13,14,0,zero
6258,on_optimal,12,14,0,zero
6259,on_preferences,14,14,0,zero
6261,on_such,14,14,0,zero
6262,on_three,14,14,0,zero
6263,on_to,14,14,0,zero
6265,one_party,13,14,0,zero
6268,or_both,14,14,0,zero
6270,out_by,14,14,0,zero
6271,outcomes_the,14,14,0,zero
6272,output_per,12,14,0,zero
6273,outside_options,7,14,0,zero
6276,per_se,14,14,0,zero
6278,period_model,14,14,0,zero
6279,players_and,14,14,0,zero
6281,policy_implications,14,14,0,zero
6282,postwar_us,14,14,0,zero
6284,price_auctions,11,14,0,zero
6286,prices_can,14,14,0,zero
6287,pricing_models,14,14,0,zero
6290,production_process,13,14,0,zero
6293,protection_and,13,14,0,zero
6294,proxies_for,13,14,0,zero
6295,public_policy,14,14,0,zero
6299,rationality_and,12,14,0,zero
6301,realization_of,13,14,0,zero
6303,recent_literature,14,14,0,zero
6308,result_the,14,14,0,zero
6310,role_played,14,14,0,zero
6312,run_growth,12,14,0,zero
6313,sale_of,14,14,0,zero
6314,sales_are,11,14,0,zero
6316,scale_in,12,14,0,zero
6318,sectors_and,14,14,0,zero
6319,sense_the,13,14,0,zero
6321,several_examples,14,14,0,zero
6322,short_of,13,14,0,zero
6332,studied_the,14,14,0,zero
6333,substitution_of,13,14,0,zero
6337,suggests_the,14,14,0,zero
6338,supply_the,14,14,0,zero
6341,systems_are,14,14,0,zero
6343,tax_policies,14,14,0,zero
6345,techniques_for,14,14,0,zero
6347,technology_shocks,9,14,0,zero
6350,than_on,14,14,0,zero
6351,than_two,14,14,0,zero
6352,that_certain,14,14,0,zero
6354,that_could,14,14,0,zero
6355,that_given,13,14,0,zero
6356,that_high,14,14,0,zero
6360,that_use,14,14,0,zero
6363,the_belief,11,14,0,zero
6366,the_comparison,13,14,0,zero
6367,the_contracting,11,14,0,zero
6368,the_convergence,14,14,0,zero
6369,the_debt,14,14,0,zero
6370,the_difficulties,13,14,0,zero
6372,the_evaluation,14,14,0,zero
6373,the_expansion,13,14,0,zero
6374,the_forward,12,14,0,zero
6375,the_gain,13,14,0,zero
6376,the_import,10,14,0,zero
6377,the_imposition,14,14,0,zero
6379,the_informed,9,14,0,zero
6380,the_internal,7,14,0,zero
6386,the_optimality,13,14,0,zero
6387,the_path,13,14,0,zero
6391,the_principal's,10,14,0,zero
6395,the_qualitative,12,14,0,zero
6398,the_reservation,12,14,0,zero
6399,the_resolution,13,14,0,zero
6400,the_rules,14,14,0,zero
6401,the_scale,12,14,0,zero
6403,the_sequential,14,14,0,zero
6404,the_society,12,14,0,zero
6407,the_variability,13,14,0,zero
6408,the_weights,14,14,0,zero
6411,theoretical_analysis,13,14,0,zero
6412,theory_has,14,14,0,zero
6413,these_countries,12,14,0,zero
6415,these_issues,14,14,0,zero
6416,these_markets,12,14,0,zero
6419,this_bias,13,14,0,zero
6420,this_difference,13,14,0,zero
6423,this_situation,14,14,0,zero
6424,those_for,14,14,0,zero
6426,time_period,14,14,0,zero
6428,to_commit,14,14,0,zero
6429,to_current,14,14,0,zero
6430,to_future,13,14,0,zero
6433,to_private,14,14,0,zero
6436,to_suggest,14,14,0,zero
6439,trade_balance,10,14,0,zero
6440,trade_to,13,14,0,zero
6445,two_distinct,14,14,0,zero
6447,two_of,14,14,0,zero
6450,under_these,14,14,0,zero
6451,unemployment_in,13,14,0,zero
6452,use_and,14,14,0,zero
6453,values_for,13,14,0,zero
6455,variables_we,14,14,0,zero
6464,when_an,14,14,0,zero
6465,where_all,14,14,0,zero
6467,which_allow,13,14,0,zero
6468,which_both,14,14,0,zero
6469,which_players,14,14,0,zero
6470,which_provides,14,14,0,zero
6471,while_there,14,14,0,zero
6473,with_changes,14,14,0,zero
6475,with_empirical,14,14,0,zero
6476,with_long,14,14,0,zero
6479,with_relatively,13,14,0,zero
6481,with_very,14,14,0,zero
6483,within_an,14,14,0,zero
6489,accordance_with,13,13,0,zero
6491,act_as,13,13,0,zero
6492,adjustment_in,12,13,0,zero
6494,adopt_the,13,13,0,zero
6495,aggregate_level,10,13,0,zero
6496,aggregate_time,10,13,0,zero
6499,all_these,13,13,0,zero
6500,also_for,13,13,0,zero
6501,also_present,13,13,0,zero
6502,alternatives_to,13,13,0,zero
6505,an_axiomatic,12,13,0,zero
6508,an_externality,13,13,0,zero
6509,an_incomplete,13,13,0,zero
6510,an_upper,11,13,0,zero
6513,and_allows,13,13,0,zero
6514,and_common,12,13,0,zero
6516,and_government,13,13,0,zero
6517,and_international,13,13,0,zero
6518,and_iv,13,13,0,zero
6519,and_many,13,13,0,zero
6523,and_positive,13,13,0,zero
6524,and_simple,13,13,0,zero
6525,and_standard,10,13,0,zero
6526,and_structural,12,13,0,zero
6527,and_suggests,13,13,0,zero
6528,and_transfer,12,13,0,zero
6529,and_uses,13,13,0,zero
6530,and_variance,12,13,0,zero
6534,are_fully,12,13,0,zero
6535,are_included,12,13,0,zero
6537,are_linear,13,13,0,zero
6538,are_reported,13,13,0,zero
6542,are_unable,13,13,0,zero
6543,are_widely,13,13,0,zero
6546,ask_whether,13,13,0,zero
6548,assessing_the,13,13,0,zero
6550,at_high,13,13,0,zero
6551,at_this,13,13,0,zero
6554,based_model,9,13,0,zero
6555,be_known,11,13,0,zero
6556,be_much,13,13,0,zero
6558,believe_that,13,13,0,zero
6559,benefit_of,13,13,0,zero
6561,between_countries,11,13,0,zero
6562,birth_rates,7,13,0,zero
6564,both_countries,11,13,0,zero
6565,bounds_are,11,13,0,zero
6566,by_higher,13,13,0,zero
6567,by_imposing,12,13,0,zero
6568,by_individuals,12,13,0,zero
6571,can_produce,13,13,0,zero
6572,can_use,13,13,0,zero
6574,changes_over,13,13,0,zero
6576,choice_in,13,13,0,zero
6577,choice_model,12,13,0,zero
6578,combinations_of,13,13,0,zero
6579,comes_from,13,13,0,zero
6580,commodities_are,12,13,0,zero
6581,commodities_the,13,13,0,zero
6585,concern_for,12,13,0,zero
6592,constraint_on,13,13,0,zero
6593,consumer_goods,12,13,0,zero
6594,contracts_can,12,13,0,zero
6595,contributions_of,12,13,0,zero
6596,control_the,13,13,0,zero
6598,costly_to,12,13,0,zero
6599,costs_is,11,13,0,zero
6600,costs_on,12,13,0,zero
6601,could_not,13,13,0,zero
6605,country_to,12,13,0,zero
6606,credit_market,13,13,0,zero
6607,criteria_for,12,13,0,zero
6611,data_by,13,13,0,zero
6613,decline_of,13,13,0,zero
6616,demand_analysis,12,13,0,zero
6617,demand_we,12,13,0,zero
6622,development_the,13,13,0,zero
6623,develops_theory,13,13,0,zero
6624,different_rates,11,13,0,zero
6626,dimensions_of,12,13,0,zero
6627,distribution_to,13,13,0,zero
6629,distributions_for,12,13,0,zero
6630,do_the,13,13,0,zero
6631,domestic_and,13,13,0,zero
6633,dynamics_are,13,13,0,zero
6634,earnings_inequality,8,13,0,zero
6635,economic_environments,12,13,0,zero
6638,empirical_implications,13,13,0,zero
6639,empirical_investigation,13,13,0,zero
6640,empirical_tests,13,13,0,zero
6643,environment_with,13,13,0,zero
6648,equations_for,11,13,0,zero
6650,equilibrium_framework,13,13,0,zero
6652,estimated_and,13,13,0,zero
6653,estimates_based,13,13,0,zero
6654,estimates_obtained,13,13,0,zero
6655,evaluating_the,12,13,0,zero
6658,exchange_market,12,13,0,zero
6660,expenditure_on,12,13,0,zero
6662,experiments_with,13,13,0,zero
6663,families_in,12,13,0,zero
6666,firms_choose,13,13,0,zero
6670,for_it,13,13,0,zero
6673,for_price,13,13,0,zero
6674,for_real,12,13,0,zero
6675,for_welfare,10,13,0,zero
6676,functions_we,13,13,0,zero
6677,games_and,13,13,0,zero
6680,give_an,13,13,0,zero
6681,goods_sector,6,13,0,zero
6687,growth_are,11,13,0,zero
6689,hand_the,13,13,0,zero
6692,heterogeneity_is,13,13,0,zero
6693,heterogeneity_of,13,13,0,zero
6694,high_as,12,13,0,zero
6698,how_well,13,13,0,zero
6702,if_firms,13,13,0,zero
6703,if_its,13,13,0,zero
6704,if_this,12,13,0,zero
6706,implemented_in,11,13,0,zero
6707,implications_in,13,13,0,zero
6708,improving_the,12,13,0,zero
6709,in_accordance,13,13,0,zero
6710,in_agriculture,11,13,0,zero
6713,in_interest,11,13,0,zero
6714,in_it,13,13,0,zero
6716,in_macroeconomic,13,13,0,zero
6717,in_repeated,12,13,0,zero
6719,in_theory,11,13,0,zero
6721,in_variety,13,13,0,zero
6722,income_distributions,10,13,0,zero
6723,income_levels,12,13,0,zero
6724,increases_and,13,13,0,zero
6727,individual_behavior,8,13,0,zero
6728,industry_the,12,13,0,zero
6733,interested_in,13,13,0,zero
6734,interests_of,13,13,0,zero
6735,intermediate_inputs,12,13,0,zero
6736,interpretations_of,13,13,0,zero
6738,introduced_in,13,13,0,zero
6739,invariant_to,12,13,0,zero
6740,is_approximately,13,13,0,zero
6741,is_by,12,13,0,zero
6743,is_negative,13,13,0,zero
6744,is_paid,13,13,0,zero
6745,is_present,13,13,0,zero
6747,is_self,11,13,0,zero
6749,is_specified,13,13,0,zero
6750,issues_are,13,13,0,zero
6751,it_then,13,13,0,zero
6752,job_training,11,13,0,zero
6753,justification_for,13,13,0,zero
6754,key_to,13,13,0,zero
6755,labor_in,13,13,0,zero
6757,labor_to,12,13,0,zero
6760,larger_the,11,13,0,zero
6761,learning_in,12,13,0,zero
6762,learning_model,9,13,0,zero
6764,liquid_assets,11,13,0,zero
6765,liquidity_constrained,10,13,0,zero
6768,long_been,13,13,0,zero
6769,looking_at,13,13,0,zero
6774,market_this,13,13,0,zero
6775,market_where,13,13,0,zero
6776,market_will,13,13,0,zero
6780,measure_is,11,13,0,zero
6782,model_does,13,13,0,zero
6785,models_to,12,13,0,zero
6786,money_as,10,13,0,zero
6787,money_growth,8,13,0,zero
6790,more_or,13,13,0,zero
6791,national_product,11,13,0,zero
6792,nature_and,13,13,0,zero
6793,neoclassical_theory,9,13,0,zero
6796,not_as,13,13,0,zero
6798,not_change,13,13,0,zero
6799,not_rely,13,13,0,zero
6802,observation_of,12,13,0,zero
6803,observations_are,11,13,0,zero
6804,occurrence_of,13,13,0,zero
6805,of_actions,11,13,0,zero
6807,of_capacity,11,13,0,zero
6811,of_discrimination,10,13,0,zero
6814,of_evidence,13,13,0,zero
6815,of_farm,11,13,0,zero
6816,of_fluctuations,13,13,0,zero
6817,of_funds,10,13,0,zero
6822,of_making,12,13,0,zero
6824,of_marriage,10,13,0,zero
6825,of_most,13,13,0,zero
6826,of_normal,13,13,0,zero
6827,of_observable,12,13,0,zero
6829,of_physical,10,13,0,zero
6830,of_plants,8,13,0,zero
6831,of_policies,13,13,0,zero
6832,of_previous,13,13,0,zero
6834,of_securities,13,13,0,zero
6837,of_subjective,12,13,0,zero
6839,of_vertical,13,13,0,zero
6840,on_asset,11,13,0,zero
6842,on_market,13,13,0,zero
6843,on_price,13,13,0,zero
6847,opportunities_for,12,13,0,zero
6849,optimal_capital,10,13,0,zero
6850,optimal_stopping,10,13,0,zero
6851,optimality_of,12,13,0,zero
6854,or_when,13,13,0,zero
6856,other_types,11,13,0,zero
6857,others_and,13,13,0,zero
6858,outcomes_that,12,13,0,zero
6859,outside_of,13,13,0,zero
6860,over_all,12,13,0,zero
6865,paper_constructs,13,13,0,zero
6871,parameters_we,12,13,0,zero
6873,particular_it,13,13,0,zero
6876,people_are,13,13,0,zero
6881,place_in,12,13,0,zero
6882,play_in,13,13,0,zero
6883,players_to,13,13,0,zero
6885,points_to,13,13,0,zero
6886,policy_for,13,13,0,zero
6887,policy_on,13,13,0,zero
6888,position_of,13,13,0,zero
6889,potential_for,13,13,0,zero
6890,power_is,13,13,0,zero
6896,price_for,10,13,0,zero
6898,price_that,12,13,0,zero
6899,prices_or,12,13,0,zero
6901,prices_when,12,13,0,zero
6904,privately_informed,12,13,0,zero
6905,problems_that,13,13,0,zero
6907,process_to,13,13,0,zero
6911,proposed_in,12,13,0,zero
6912,proposes_new,12,13,0,zero
6914,provide_some,13,13,0,zero
6916,public_finance,13,13,0,zero
6920,rates_that,13,13,0,zero
6921,real_rate,10,13,0,zero
6926,reports_the,13,13,0,zero
6927,reputation_and,9,13,0,zero
6929,resources_are,13,13,0,zero
6930,result_holds,13,13,0,zero
6934,rules_for,13,13,0,zero
6935,run_the,13,13,0,zero
6937,samples_of,12,13,0,zero
6942,self_fulfilling,13,13,0,zero
6943,separation_of,12,13,0,zero
6945,set_we,12,13,0,zero
6946,setting_we,13,13,0,zero
6948,shocks_in,13,13,0,zero
6953,situation_in,13,13,0,zero
6954,situations_in,13,13,0,zero
6955,small_open,12,13,0,zero
6956,so_on,13,13,0,zero
6960,specialization_and,12,13,0,zero
6961,spot_market,11,13,0,zero
6964,standard_of,10,13,0,zero
6965,starting_point,13,13,0,zero
6968,strategies_that,12,13,0,zero
6970,structure_the,12,13,0,zero
6971,studies_that,11,13,0,zero
6973,support_to,12,13,0,zero
6974,system_to,13,13,0,zero
6975,take_account,13,13,0,zero
6976,taking_into,13,13,0,zero
6978,taxation_and,12,13,0,zero
6979,taxation_of,11,13,0,zero
6980,techniques_to,13,13,0,zero
6984,that_depend,13,13,0,zero
6985,that_differences,13,13,0,zero
6986,that_incorporates,13,13,0,zero
6988,that_long,13,13,0,zero
6989,that_low,12,13,0,zero
6992,that_simple,13,13,0,zero
6993,that_subjects,9,13,0,zero
6995,the_advantage,13,13,0,zero
6996,the_advantages,13,13,0,zero
6998,the_area,13,13,0,zero
7000,the_british,12,13,0,zero
7001,the_burden,12,13,0,zero
7002,the_center,12,13,0,zero
7003,the_classic,12,13,0,zero
7006,the_connection,13,13,0,zero
7008,the_dependence,12,13,0,zero
7012,the_establishment,13,13,0,zero
7013,the_external,10,13,0,zero
7016,the_institutional,12,13,0,zero
7018,the_insurance,10,13,0,zero
7019,the_issues,13,13,0,zero
7024,the_observation,13,13,0,zero
7026,the_organization,12,13,0,zero
7029,the_relatively,12,13,0,zero
7030,the_representative,12,13,0,zero
7031,the_roles,13,13,0,zero
7033,the_saving,13,13,0,zero
7034,the_scheme,9,13,0,zero
7038,the_sharing,9,13,0,zero
7039,the_smallest,12,13,0,zero
7040,the_socially,12,13,0,zero
7041,the_solutions,11,13,0,zero
7042,the_spatial,10,13,0,zero
7043,the_success,13,13,0,zero
7044,the_surplus,11,13,0,zero
7047,them_with,13,13,0,zero
7048,theoretically_and,13,13,0,zero
7050,these_costs,13,13,0,zero
7053,this_behavior,13,13,0,zero
7054,this_form,13,13,0,zero
7055,this_new,13,13,0,zero
7056,this_way,13,13,0,zero
7057,those_obtained,13,13,0,zero
7060,time_between,13,13,0,zero
7061,to_behave,13,13,0,zero
7063,to_date,13,13,0,zero
7066,to_exhibit,13,13,0,zero
7067,to_exploit,12,13,0,zero
7068,to_fall,13,13,0,zero
7072,to_health,12,13,0,zero
7073,to_international,12,13,0,zero
7074,to_order,12,13,0,zero
7076,to_real,12,13,0,zero
7078,to_save,13,13,0,zero
7079,to_shocks,13,13,0,zero
7080,to_state,13,13,0,zero
7082,trade_model,13,13,0,zero
7083,trade_we,13,13,0,zero
7084,transactions_in,12,13,0,zero
7088,type_the,13,13,0,zero
7089,uncertainty_the,13,13,0,zero
7091,use_is,13,13,0,zero
7094,using_only,13,13,0,zero
7095,utility_model,13,13,0,zero
7097,variability_in,12,13,0,zero
7098,variable_that,12,13,0,zero
7099,variation_is,10,13,0,zero
7101,ways_of,12,13,0,zero
7102,we_formulate,13,13,0,zero
7106,when_agents,13,13,0,zero
7108,when_workers,12,13,0,zero
7109,where_agents,13,13,0,zero
7110,where_firms,13,13,0,zero
7111,where_it,12,13,0,zero
7113,which_of,13,13,0,zero
7115,who_can,12,13,0,zero
7116,with_asymmetric,12,13,0,zero
7117,with_certainty,12,13,0,zero
7118,with_full,13,13,0,zero
7120,with_local,12,13,0,zero
7121,with_only,13,13,0,zero
7122,with_price,12,13,0,zero
7123,within_this,11,13,0,zero
7124,work_the,13,13,0,zero
7131,activity_in,12,12,0,zero
7132,advertising_and,11,12,0,zero
7134,agent_is,12,12,0,zero
7135,agent_model,12,12,0,zero
7136,agent_who,12,12,0,zero
7138,aggregation_and,12,12,0,zero
7139,agree_on,12,12,0,zero
7141,all_equilibria,12,12,0,zero
7142,allocative_efficiency,9,12,0,zero
7143,also_has,12,12,0,zero
7147,alternative_hypotheses,12,12,0,zero
7149,among_different,11,12,0,zero
7150,among_these,11,12,0,zero
7152,an_agent's,11,12,0,zero
7153,an_algorithm,12,12,0,zero
7155,an_error,11,12,0,zero
7156,an_essential,12,12,0,zero
7157,an_estimate,12,12,0,zero
7158,an_export,10,12,0,zero
7159,an_extended,10,12,0,zero
7160,an_implicit,11,12,0,zero
7162,an_intermediate,10,12,0,zero
7163,an_organization,11,12,0,zero
7165,and_consequently,12,12,0,zero
7169,and_exchange,11,12,0,zero
7175,and_normative,12,12,0,zero
7176,and_number,12,12,0,zero
7179,and_profit,11,12,0,zero
7182,and_reduced,12,12,0,zero
7185,and_subsidies,10,12,0,zero
7187,and_will,11,12,0,zero
7194,are_explained,11,12,0,zero
7195,are_formed,12,12,0,zero
7196,are_negatively,12,12,0,zero
7197,are_now,12,12,0,zero
7198,are_optimal,10,12,0,zero
7203,are_unlikely,12,12,0,zero
7204,arises_because,12,12,0,zero
7205,as_more,12,12,0,zero
7213,be_attained,12,12,0,zero
7216,be_important,12,12,0,zero
7217,be_no,12,12,0,zero
7218,be_possible,12,12,0,zero
7219,be_treated,12,12,0,zero
7220,been_in,12,12,0,zero
7221,behavior_are,12,12,0,zero
7222,beliefs_we,11,12,0,zero
7224,better_information,10,12,0,zero
7229,broadly_consistent,12,12,0,zero
7230,but_more,12,12,0,zero
7231,but_one,12,12,0,zero
7232,but_we,12,12,0,zero
7233,by_all,12,12,0,zero
7235,by_past,11,12,0,zero
7238,can_induce,12,12,0,zero
7239,can_provide,12,12,0,zero
7247,choice_problems,11,12,0,zero
7250,claims_to,9,12,0,zero
7253,commitment_and,12,12,0,zero
7256,competitive_model,11,12,0,zero
7259,consider_model,12,12,0,zero
7262,consumption_based,11,12,0,zero
7263,contained_in,12,12,0,zero
7267,costs_for,12,12,0,zero
7269,cycles_and,10,12,0,zero
7271,data_it,12,12,0,zero
7272,debt_to,11,12,0,zero
7273,decision_is,12,12,0,zero
7276,demands_are,11,12,0,zero
7277,departures_from,12,12,0,zero
7278,depend_only,12,12,0,zero
7281,developed_here,11,12,0,zero
7282,developed_that,12,12,0,zero
7283,development_and,12,12,0,zero
7284,develops_and,12,12,0,zero
7287,different_countries,12,12,0,zero
7288,different_levels,12,12,0,zero
7292,distributional_effects,10,12,0,zero
7296,each_other's,10,12,0,zero
7299,economic_fluctuations,8,12,0,zero
7300,economics_is,11,12,0,zero
7305,emphasis_is,12,12,0,zero
7306,emphasize_the,12,12,0,zero
7308,empirical_regularities,12,12,0,zero
7311,endogeneity_of,12,12,0,zero
7313,entry_costs,10,12,0,zero
7317,equilibria_exist,12,12,0,zero
7318,equilibrium_behavior,12,12,0,zero
7322,established_the,12,12,0,zero
7324,estimated_in,12,12,0,zero
7325,estimated_model,12,12,0,zero
7328,even_the,12,12,0,zero
7331,excess_capacity,7,12,0,zero
7335,extend_to,11,12,0,zero
7336,factor_is,11,12,0,zero
7337,factor_model,12,12,0,zero
7341,firm_will,10,12,0,zero
7342,firm_with,11,12,0,zero
7344,first_it,12,12,0,zero
7346,for_almost,9,12,0,zero
7351,for_income,12,12,0,zero
7353,for_self,10,12,0,zero
7354,for_them,12,12,0,zero
7356,from_other,12,12,0,zero
7357,from_zero,11,12,0,zero
7359,further_show,12,12,0,zero
7360,game_between,12,12,0,zero
7368,has_two,12,12,0,zero
7369,have_also,12,12,0,zero
7372,have_some,12,12,0,zero
7373,having_the,12,12,0,zero
7376,heterogeneous_in,11,12,0,zero
7395,in_consumer,12,12,0,zero
7400,in_individual,12,12,0,zero
7401,in_information,11,12,0,zero
7402,in_later,10,12,0,zero
7405,in_risk,12,12,0,zero
7406,in_search,10,12,0,zero
7407,in_setting,12,12,0,zero
7408,in_short,12,12,0,zero
7410,in_steady,12,12,0,zero
7414,including_those,12,12,0,zero
7415,income_as,10,12,0,zero
7417,income_on,12,12,0,zero
7418,income_shocks,8,12,0,zero
7421,index_and,10,12,0,zero
7424,indicator_of,12,12,0,zero
7426,industrial_production,7,12,0,zero
7427,innovation_and,10,12,0,zero
7429,interact_with,12,12,0,zero
7430,introduces_new,12,12,0,zero
7433,investment_projects,10,12,0,zero
7435,is_best,10,12,0,zero
7437,is_explored,12,12,0,zero
7440,is_generated,12,12,0,zero
7442,is_such,12,12,0,zero
7443,is_unknown,12,12,0,zero
7444,it_increases,11,12,0,zero
7448,keynesian_model,11,12,0,zero
7449,labor_intensive,10,12,0,zero
7450,large_part,12,12,0,zero
7452,law_is,9,12,0,zero
7453,learning_is,12,12,0,zero
7455,least_two,12,12,0,zero
7457,levels_the,12,12,0,zero
7464,look_at,11,12,0,zero
7466,macroeconomic_variables,12,12,0,zero
7467,made_the,12,12,0,zero
7469,marginal_productivity,10,12,0,zero
7470,marginal_revenue,9,12,0,zero
7471,market_but,12,12,0,zero
7473,market_data,11,12,0,zero
7475,market_interest,9,12,0,zero
7476,market_makers,5,12,0,zero
7478,market_participants,11,12,0,zero
7479,markets_of,10,12,0,zero
7482,may_affect,12,12,0,zero
7484,may_or,12,12,0,zero
7491,more_frequently,12,12,0,zero
7493,more_precisely,12,12,0,zero
7495,more_recent,12,12,0,zero
7496,more_risk,11,12,0,zero
7497,motive_for,12,12,0,zero
7498,movement_of,12,12,0,zero
7503,new_insights,12,12,0,zero
7510,not_lead,12,12,0,zero
7515,observed_by,12,12,0,zero
7517,of_ability,8,12,0,zero
7521,of_cyclical,11,12,0,zero
7523,of_free,12,12,0,zero
7524,of_good,11,12,0,zero
7527,of_input,12,12,0,zero
7528,of_jobs,10,12,0,zero
7531,of_monopoly,12,12,0,zero
7534,of_profits,7,12,0,zero
7541,of_traditional,12,12,0,zero
7542,of_unit,11,12,0,zero
7544,offset_by,12,12,0,zero
7545,on_data,11,12,0,zero
7547,on_those,11,12,0,zero
7548,once_the,12,12,0,zero
7550,one_side,11,12,0,zero
7551,one_time,11,12,0,zero
7552,one_type,12,12,0,zero
7558,optimal_price,12,12,0,zero
7560,orders_of,12,12,0,zero
7562,other_is,12,12,0,zero
7563,our_framework,12,12,0,zero
7566,output_to,12,12,0,zero
7567,paper_by,12,12,0,zero
7569,paper_first,12,12,0,zero
7570,paper_focuses,12,12,0,zero
7571,paper_it,12,12,0,zero
7580,population_is,11,12,0,zero
7581,positive_association,10,12,0,zero
7584,predictions_that,10,12,0,zero
7586,preference_and,11,12,0,zero
7589,preferred_to,12,12,0,zero
7590,presented_here,12,12,0,zero
7592,price_or,12,12,0,zero
7594,principal_can,11,12,0,zero
7595,principles_of,11,12,0,zero
7596,probabilities_are,12,12,0,zero
7598,producers_and,11,12,0,zero
7599,product_prices,11,12,0,zero
7601,products_in,12,12,0,zero
7604,program_is,10,12,0,zero
7605,programs_on,10,12,0,zero
7607,properties_in,12,12,0,zero
7609,proposed_to,12,12,0,zero
7616,rate_for,12,12,0,zero
7617,rates_by,12,12,0,zero
7619,real_effects,10,12,0,zero
7620,relationship_to,12,12,0,zero
7621,relationships_among,12,12,0,zero
7622,relevant_for,12,12,0,zero
7624,reports_on,12,12,0,zero
7625,restrictions_in,12,12,0,zero
7628,returns_we,12,12,0,zero
7631,rules_are,11,12,0,zero
7632,saving_in,9,12,0,zero
7633,search_frictions,11,12,0,zero
7634,seen_as,12,12,0,zero
7637,selection_into,11,12,0,zero
7641,serially_correlated,11,12,0,zero
7642,series_for,11,12,0,zero
7643,sets_the,12,12,0,zero
7647,should_have,12,12,0,zero
7658,states_are,11,12,0,zero
7663,strategic_behavior,11,12,0,zero
7665,strategies_of,12,12,0,zero
7669,structure_for,12,12,0,zero
7670,subjected_to,12,12,0,zero
7672,subsidies_and,12,12,0,zero
7674,substitute_for,12,12,0,zero
7677,supply_elasticities,12,12,0,zero
7678,supply_elasticity,10,12,0,zero
7684,tendency_for,12,12,0,zero
7686,than_an,12,12,0,zero
7688,than_half,12,12,0,zero
7689,than_it,12,12,0,zero
7692,that_capital,12,12,0,zero
7693,that_depends,12,12,0,zero
7694,that_determines,12,12,0,zero
7696,that_economic,11,12,0,zero
7698,that_private,11,12,0,zero
7708,the_contrary,12,12,0,zero
7709,the_debate,9,12,0,zero
7710,the_derived,9,12,0,zero
7714,the_endogeneity,12,12,0,zero
7725,the_microeconomic,12,12,0,zero
7727,the_network,12,12,0,zero
7730,the_preceding,12,12,0,zero
7731,the_predictive,10,12,0,zero
7733,the_separation,10,12,0,zero
7734,the_target,8,12,0,zero
7735,the_transfer,11,12,0,zero
7737,the_ultimate,12,12,0,zero
7741,the_within,10,12,0,zero
7742,their_actions,12,12,0,zero
7750,theory_by,12,12,0,zero
7751,these_and,12,12,0,zero
7753,these_measures,11,12,0,zero
7754,these_policies,12,12,0,zero
7760,this_journal,12,12,0,zero
7761,this_mechanism,10,12,0,zero
7763,this_proposition,12,12,0,zero
7764,this_purpose,12,12,0,zero
7766,this_we,12,12,0,zero
7768,thought_to,11,12,0,zero
7769,three_different,12,12,0,zero
7770,three_or,12,12,0,zero
7772,time_preferences,9,12,0,zero
7773,times_of,10,12,0,zero
7779,to_cause,12,12,0,zero
7780,to_correct,12,12,0,zero
7783,to_exogenous,12,12,0,zero
7784,to_facilitate,12,12,0,zero
7785,to_general,12,12,0,zero
7786,to_government,12,12,0,zero
7787,to_his,12,12,0,zero
7788,to_in,12,12,0,zero
7789,to_integrate,11,12,0,zero
7792,to_linear,12,12,0,zero
7796,to_random,12,12,0,zero
7797,to_reconcile,12,12,0,zero
7798,to_shed,12,12,0,zero
7799,to_single,12,12,0,zero
7801,to_switch,12,12,0,zero
7802,tool_for,12,12,0,zero
7803,toward_risk,11,12,0,zero
7806,turn_out,12,12,0,zero
7807,two_new,12,12,0,zero
7809,two_ways,12,12,0,zero
7811,uncertainty_are,12,12,0,zero
7813,under_different,12,12,0,zero
7815,underlying_the,12,12,0,zero
7819,useful_to,11,12,0,zero
7823,very_small,12,12,0,zero
7831,welfare_costs,11,12,0,zero
7833,were_the,12,12,0,zero
7834,were_used,12,12,0,zero
7836,when_preferences,11,12,0,zero
7837,which_workers,12,12,0,zero
7839,will_also,12,12,0,zero
7840,wish_to,12,12,0,zero
7841,with_labor,12,12,0,zero
7842,with_particular,12,12,0,zero
7846,with_small,12,12,0,zero
7848,within_and,11,12,0,zero
7849,work_has,12,12,0,zero
7850,zero_and,12,12,0,zero
7851,zero_in,12,12,0,zero
7852,across_regions,10,11,0,zero
7853,action_and,9,11,0,zero
7854,actions_and,11,11,0,zero
7855,actions_of,11,11,0,zero
7856,activity_is,11,11,0,zero
7857,additional_information,9,11,0,zero
7863,aggregation_of,11,11,0,zero
7865,also_discuss,11,11,0,zero
7866,also_examined,11,11,0,zero
7867,also_suggests,11,11,0,zero
7869,among_firms,11,11,0,zero
7870,among_individuals,11,11,0,zero
7873,an_estimation,11,11,0,zero
7875,an_examination,11,11,0,zero
7876,an_income,11,11,0,zero
7878,an_outcome,10,11,0,zero
7880,analysis_also,11,11,0,zero
7881,analysis_focuses,11,11,0,zero
7883,and_applies,11,11,0,zero
7884,and_cannot,11,11,0,zero
7886,and_compare,11,11,0,zero
7887,and_consumers,10,11,0,zero
7890,and_economically,10,11,0,zero
7891,and_enforcement,11,11,0,zero
7892,and_examine,10,11,0,zero
7893,and_expenditure,10,11,0,zero
7894,and_given,11,11,0,zero
7895,and_greater,11,11,0,zero
7897,and_human,11,11,0,zero
7899,and_inflation,10,11,0,zero
7901,and_quantitative,11,11,0,zero
7902,and_quantities,11,11,0,zero
7903,and_reduces,11,11,0,zero
7904,and_sales,11,11,0,zero
7905,and_selling,11,11,0,zero
7907,and_unobserved,10,11,0,zero
7908,and_utility,11,11,0,zero
7910,and_work,11,11,0,zero
7912,and_yields,11,11,0,zero
7913,answer_to,11,11,0,zero
7914,any_equilibrium,11,11,0,zero
7915,appear_in,9,11,0,zero
7917,approach_that,11,11,0,zero
7919,are_always,11,11,0,zero
7920,are_constructed,11,11,0,zero
7921,are_due,11,11,0,zero
7925,are_rejected,10,11,0,zero
7926,are_relevant,11,11,0,zero
7927,are_strategic,9,11,0,zero
7929,arrow_pratt,7,11,0,zero
7930,as_instruments,11,11,0,zero
7931,as_of,11,11,0,zero
7932,as_other,11,11,0,zero
7934,assumptions_concerning,11,11,0,zero
7936,at_given,11,11,0,zero
7938,available_for,11,11,0,zero
7940,average_wages,8,11,0,zero
7941,aversion_the,11,11,0,zero
7942,aversion_to,11,11,0,zero
7944,be_correlated,11,11,0,zero
7945,be_pareto,10,11,0,zero
7946,be_reduced,10,11,0,zero
7947,be_too,9,11,0,zero
7950,been_found,11,11,0,zero
7951,been_to,11,11,0,zero
7954,binary_choice,10,11,0,zero
7956,both_are,11,11,0,zero
7957,both_models,11,11,0,zero
7959,but_can,11,11,0,zero
7960,but_do,11,11,0,zero
7961,but_if,11,11,0,zero
7963,but_with,11,11,0,zero
7964,buyers_are,9,11,0,zero
7965,by_and,11,11,0,zero
7966,by_factor,11,11,0,zero
7967,by_itself,11,11,0,zero
7968,by_observing,10,11,0,zero
7969,by_standard,10,11,0,zero
7971,calculations_of,10,11,0,zero
7973,can_cause,11,11,0,zero
7974,can_in,10,11,0,zero
7976,captures_the,11,11,0,zero
7978,case_when,9,11,0,zero
7982,ceteris_paribus,10,11,0,zero
7983,changes_of,11,11,0,zero
7984,characterized_as,11,11,0,zero
7987,choice_set,9,11,0,zero
7988,choice_sets,7,11,0,zero
7990,coefficient_estimates,10,11,0,zero
7992,commitment_to,11,11,0,zero
7993,competitive_firms,10,11,0,zero
7994,competitive_industry,10,11,0,zero
7995,conclusion_of,11,11,0,zero
7997,confirms_the,11,11,0,zero
7999,connection_with,11,11,0,zero
8001,constraints_are,10,11,0,zero
8003,constructed_in,11,11,0,zero
8004,consumption_patterns,9,11,0,zero
8005,control_and,10,11,0,zero
8011,costs_associated,10,11,0,zero
8014,covering_the,11,11,0,zero
8015,credit_constraints,9,11,0,zero
8017,crowding_out,10,11,0,zero
8018,current_market,8,11,0,zero
8019,current_price,9,11,0,zero
8020,cycles_in,11,11,0,zero
8021,decomposition_of,11,11,0,zero
8025,demand_with,11,11,0,zero
8026,demonstrates_the,11,11,0,zero
8027,departure_from,10,11,0,zero
8028,depend_not,11,11,0,zero
8029,dependence_in,9,11,0,zero
8030,derive_an,11,11,0,zero
8032,develop_and,11,11,0,zero
8033,difficulty_of,11,11,0,zero
8035,discrimination_is,9,11,0,zero
8038,dividends_and,9,11,0,zero
8039,earlier_work,11,11,0,zero
8041,economics_in,10,11,0,zero
8042,economy_has,11,11,0,zero
8043,education_on,11,11,0,zero
8046,effects_is,11,11,0,zero
8047,eg_the,10,11,0,zero
8049,eliminates_the,11,11,0,zero
8051,entry_into,10,11,0,zero
8052,environment_and,10,11,0,zero
8053,environment_the,10,11,0,zero
8058,equity_and,11,11,0,zero
8060,essentially_the,11,11,0,zero
8071,example_we,11,11,0,zero
8073,examples_in,11,11,0,zero
8075,excise_taxes,8,11,0,zero
8077,expansions_of,11,11,0,zero
8078,expenditures_are,11,11,0,zero
8079,experimental_data,11,11,0,zero
8080,experimental_results,11,11,0,zero
8081,experiments_that,11,11,0,zero
8082,experiments_we,11,11,0,zero
8085,facts_of,10,11,0,zero
8086,fear_of,11,11,0,zero
8090,firm_has,10,11,0,zero
8092,first_step,7,11,0,zero
8094,fixed_and,11,11,0,zero
8095,fixed_price,8,11,0,zero
8096,flexibility_in,10,11,0,zero
8097,for_assets,10,11,0,zero
8098,for_consumer,11,11,0,zero
8099,for_cross,11,11,0,zero
8100,for_higher,9,11,0,zero
8101,for_macroeconomic,11,11,0,zero
8102,for_obtaining,11,11,0,zero
8103,for_private,11,11,0,zero
8104,for_short,10,11,0,zero
8105,for_solving,11,11,0,zero
8106,for_structural,11,11,0,zero
8107,for_studying,11,11,0,zero
8108,for_time,11,11,0,zero
8110,for_we,10,11,0,zero
8111,forced_to,10,11,0,zero
8112,forces_that,11,11,0,zero
8114,formation_and,11,11,0,zero
8115,formula_for,11,11,0,zero
8117,formulations_of,11,11,0,zero
8119,from_our,11,11,0,zero
8122,functions_this,11,11,0,zero
8123,future_prices,9,11,0,zero
8124,futures_trading,7,11,0,zero
8126,game_we,11,11,0,zero
8131,go_to,11,11,0,zero
8135,growth_to,10,11,0,zero
8136,had_the,11,11,0,zero
8137,has_led,11,11,0,zero
8139,has_some,11,11,0,zero
8140,have_in,11,11,0,zero
8142,have_on,11,11,0,zero
8145,here_to,11,11,0,zero
8146,here_we,11,11,0,zero
8147,heterogeneous_firms,11,11,0,zero
8148,high_probability,10,11,0,zero
8150,higher_expected,9,11,0,zero
8153,him_to,11,11,0,zero
8154,household_level,11,11,0,zero
8155,how_it,11,11,0,zero
8156,hypotheses_are,10,11,0,zero
8159,if_each,11,11,0,zero
8160,ii_and,11,11,0,zero
8162,imperfectly_competitive,11,11,0,zero
8163,important_than,11,11,0,zero
8166,in_comparison,11,11,0,zero
8167,in_excess,11,11,0,zero
8169,in_magnitude,11,11,0,zero
8170,in_making,10,11,0,zero
8171,in_mind,11,11,0,zero
8172,in_national,11,11,0,zero
8173,in_nominal,9,11,0,zero
8177,in_what,8,11,0,zero
8178,income_by,11,11,0,zero
8179,income_changes,9,11,0,zero
8180,income_effects,10,11,0,zero
8181,income_this,11,11,0,zero
8184,industry_wage,5,11,0,zero
8185,inferences_about,9,11,0,zero
8186,infinitely_repeated,8,11,0,zero
8190,introduce_new,10,11,0,zero
8192,introduced_into,11,11,0,zero
8193,introduces_the,11,11,0,zero
8194,investment_by,10,11,0,zero
8195,investment_rates,7,11,0,zero
8196,is_available,11,11,0,zero
8197,is_close,11,11,0,zero
8198,is_commonly,11,11,0,zero
8199,is_constrained,11,11,0,zero
8201,is_feasible,11,11,0,zero
8204,is_it,11,11,0,zero
8207,is_maintained,11,11,0,zero
8209,is_so,11,11,0,zero
8210,is_uncertain,11,11,0,zero
8211,is_unlikely,11,11,0,zero
8212,it_depends,11,11,0,zero
8216,knowledge_about,11,11,0,zero
8218,known_in,11,11,0,zero
8219,large_as,11,11,0,zero
8222,learn_from,11,11,0,zero
8223,level_this,11,11,0,zero
8224,limited_to,11,11,0,zero
8225,limits_on,10,11,0,zero
8226,liquidity_and,8,11,0,zero
8227,liquidity_trap,9,11,0,zero
8228,literature_and,10,11,0,zero
8229,literature_has,11,11,0,zero
8230,literature_in,10,11,0,zero
8233,loss_from,11,11,0,zero
8234,magnitudes_of,11,11,0,zero
8237,market_as,10,11,0,zero
8239,may_even,11,11,0,zero
8242,measured_with,11,11,0,zero
8243,measures_and,11,11,0,zero
8244,mechanisms_in,11,11,0,zero
8245,medium_of,10,11,0,zero
8246,menu_of,10,11,0,zero
8247,method_that,11,11,0,zero
8249,model_an,11,11,0,zero
8250,model_but,11,11,0,zero
8252,money_holdings,9,11,0,zero
8254,monopoly_price,10,11,0,zero
8258,much_to,11,11,0,zero
8260,neither_the,11,11,0,zero
8265,new_tests,8,11,0,zero
8268,nonparametric_models,8,11,0,zero
8269,not_allow,10,11,0,zero
8272,not_significantly,11,11,0,zero
8273,observation_that,11,11,0,zero
8274,observations_of,10,11,0,zero
8277,occurred_in,11,11,0,zero
8279,of_american,11,11,0,zero
8280,of_binary,10,11,0,zero
8281,of_cash,11,11,0,zero
8282,of_commercial,8,11,0,zero
8283,of_commitment,10,11,0,zero
8286,of_default,10,11,0,zero
8288,of_distribution,11,11,0,zero
8289,of_dividends,9,11,0,zero
8292,of_firm's,11,11,0,zero
8293,of_four,11,11,0,zero
8294,of_having,11,11,0,zero
8295,of_informational,11,11,0,zero
8296,of_lifetime,8,11,0,zero
8297,of_lower,11,11,0,zero
8299,of_mean,10,11,0,zero
8302,of_open,9,11,0,zero
8304,of_parents,8,11,0,zero
8305,of_payment,8,11,0,zero
8308,of_reducing,11,11,0,zero
8310,of_revenue,11,11,0,zero
8311,of_risky,8,11,0,zero
8312,of_series,11,11,0,zero
8314,of_strategies,10,11,0,zero
8315,of_theoretical,11,11,0,zero
8316,of_theory,11,11,0,zero
8317,of_transaction,11,11,0,zero
8318,of_type,7,11,0,zero
8319,of_unobserved,10,11,0,zero
8320,of_values,10,11,0,zero
8322,off_in,11,11,0,zero
8327,on_information,11,11,0,zero
8328,on_many,11,11,0,zero
8329,on_money,7,11,0,zero
8330,on_past,8,11,0,zero
8331,ones_the,11,11,0,zero
8333,or_an,11,11,0,zero
8334,or_its,11,11,0,zero
8335,or_on,11,11,0,zero
8336,other_aspects,11,11,0,zero
8337,other_cases,11,11,0,zero
8339,others_the,11,11,0,zero
8343,over_which,11,11,0,zero
8344,overcome_the,11,11,0,zero
8346,paid_for,11,11,0,zero
8347,paper_contains,11,11,0,zero
8354,particular_attention,11,11,0,zero
8355,parties_to,11,11,0,zero
8356,parts_of,11,11,0,zero
8359,payments_are,11,11,0,zero
8360,plays_an,11,11,0,zero
8364,population_the,11,11,0,zero
8365,portfolio_choice,11,11,0,zero
8367,potential_to,10,11,0,zero
8369,practice_of,10,11,0,zero
8370,prediction_is,10,11,0,zero
8371,predictions_and,11,11,0,zero
8372,predictions_in,11,11,0,zero
8375,presented_which,11,11,0,zero
8378,price_elasticity,10,11,0,zero
8382,pricing_behavior,9,11,0,zero
8383,pricing_in,10,11,0,zero
8384,primarily_by,11,11,0,zero
8385,prisoner's_dilemma,11,11,0,zero
8386,private_consumption,10,11,0,zero
8388,probabilities_and,11,11,0,zero
8390,production_possibilities,11,11,0,zero
8393,property_taxes,7,11,0,zero
8394,property_the,11,11,0,zero
8396,proposes_an,11,11,0,zero
8398,public_housing,7,11,0,zero
8399,public_interest,9,11,0,zero
8401,quantile_regression,7,11,0,zero
8402,quarterly_data,9,11,0,zero
8405,raised_the,11,11,0,zero
8408,rate_changes,9,11,0,zero
8409,rate_we,11,11,0,zero
8410,rates_as,10,11,0,zero
8412,rates_have,11,11,0,zero
8413,rational_and,11,11,0,zero
8414,rational_in,10,11,0,zero
8415,ratios_of,11,11,0,zero
8417,real_capital,7,11,0,zero
8418,reason_is,11,11,0,zero
8419,recent_studies,11,11,0,zero
8420,recognized_that,10,11,0,zero
8421,redistribution_of,10,11,0,zero
8422,reduced_by,11,11,0,zero
8423,refer_to,11,11,0,zero
8424,reflecting_the,11,11,0,zero
8428,relationships_are,11,11,0,zero
8431,requires_the,11,11,0,zero
8433,result_to,11,11,0,zero
8434,result_we,11,11,0,zero
8436,results_that,11,11,0,zero
8437,return_and,9,11,0,zero
8438,rich_and,10,11,0,zero
8441,risk_attitudes,9,11,0,zero
8442,rule_and,11,11,0,zero
8444,satisfied_in,11,11,0,zero
8451,section_iii,10,11,0,zero
8452,sectional_data,11,11,0,zero
8454,several_years,11,11,0,zero
8457,should_the,9,11,0,zero
8458,shows_the,11,11,0,zero
8460,social_benefits,8,11,0,zero
8461,social_norms,7,11,0,zero
8466,spillover_effects,10,11,0,zero
8467,squared_error,10,11,0,zero
8469,stage_of,11,11,0,zero
8472,state_equilibrium,10,11,0,zero
8475,still_be,11,11,0,zero
8479,strategy_in,10,11,0,zero
8482,subjective_probability,10,11,0,zero
8486,suitable_for,11,11,0,zero
8487,system_it,11,11,0,zero
8489,systems_in,11,11,0,zero
8490,takes_into,11,11,0,zero
8491,tastes_and,11,11,0,zero
8496,tax_subsidy,8,11,0,zero
8497,taxes_in,11,11,0,zero
8498,technology_of,11,11,0,zero
8500,testable_implications,11,11,0,zero
8501,than_with,11,11,0,zero
8502,that_aggregate,11,11,0,zero
8503,that_combines,11,11,0,zero
8504,that_current,11,11,0,zero
8505,that_expectations,10,11,0,zero
8507,that_government,11,11,0,zero
8509,that_might,11,11,0,zero
8510,that_occur,9,11,0,zero
8513,that_state,10,11,0,zero
8514,that_takes,11,11,0,zero
8515,that_uses,11,11,0,zero
8516,the_actions,11,11,0,zero
8517,the_bank,10,11,0,zero
8518,the_bayesian,10,11,0,zero
8519,the_capacity,11,11,0,zero
8524,the_combined,10,11,0,zero
8525,the_countries,11,11,0,zero
8527,the_domain,10,11,0,zero
8529,the_earlier,10,11,0,zero
8530,the_elimination,11,11,0,zero
8531,the_emphasis,11,11,0,zero
8535,the_experiments,10,11,0,zero
8536,the_explanation,11,11,0,zero
8539,the_formal,11,11,0,zero
8540,the_growing,10,11,0,zero
8541,the_heterogeneity,11,11,0,zero
8545,the_interests,11,11,0,zero
8546,the_leading,11,11,0,zero
8548,the_manager,7,11,0,zero
8549,the_maximization,11,11,0,zero
8551,the_mechanisms,11,11,0,zero
8552,the_modern,11,11,0,zero
8555,the_occurrence,11,11,0,zero
8558,the_payment,8,11,0,zero
8559,the_payoffs,10,11,0,zero
8560,the_peak,10,11,0,zero
8562,the_poorest,8,11,0,zero
8563,the_relationships,11,11,0,zero
8566,the_sale,11,11,0,zero
8568,the_shock,10,11,0,zero
8569,the_situation,10,11,0,zero
8571,the_subjective,8,11,0,zero
8572,the_substitution,10,11,0,zero
8573,the_technique,10,11,0,zero
8576,the_theorem,11,11,0,zero
8577,the_theories,11,11,0,zero
8579,the_weight,10,11,0,zero
8580,the_winner's,10,11,0,zero
8582,the_worker's,10,11,0,zero
8583,their_ability,10,11,0,zero
8586,theory_can,10,11,0,zero
8587,theory_this,11,11,0,zero
8590,these_variables,11,11,0,zero
8591,this_and,11,11,0,zero
8592,this_game,10,11,0,zero
8593,this_property,11,11,0,zero
8594,this_rule,9,11,0,zero
8595,though_it,11,11,0,zero
8596,time_path,11,11,0,zero
8598,to_borrow,10,11,0,zero
8601,to_compensate,10,11,0,zero
8602,to_consumption,11,11,0,zero
8604,to_dynamic,11,11,0,zero
8606,to_employ,11,11,0,zero
8607,to_encourage,11,11,0,zero
8608,to_extract,11,11,0,zero
8611,to_insure,11,11,0,zero
8613,to_justify,11,11,0,zero
8614,to_motivate,11,11,0,zero
8615,to_permit,11,11,0,zero
8616,to_policy,11,11,0,zero
8617,to_production,11,11,0,zero
8619,to_remove,11,11,0,zero
8620,to_specify,10,11,0,zero
8621,to_them,11,11,0,zero
8624,trade_costs,9,11,0,zero
8625,tradeoff_between,11,11,0,zero
8626,transfer_programs,9,11,0,zero
8627,transfers_from,10,11,0,zero
8628,transfers_of,10,11,0,zero
8631,two_important,11,11,0,zero
8632,two_or,11,11,0,zero
8634,uncertainty_we,11,11,0,zero
8635,under_risk,11,11,0,zero
8637,units_of,10,11,0,zero
8639,used_and,11,11,0,zero
8640,useful_for,11,11,0,zero
8644,valid_for,10,11,0,zero
8645,variable_for,11,11,0,zero
8646,variable_to,10,11,0,zero
8649,variables_such,11,11,0,zero
8650,variables_this,10,11,0,zero
8651,variables_to,11,11,0,zero
8653,vice_versa,11,11,0,zero
8654,views_of,11,11,0,zero
8655,virtually_all,11,11,0,zero
8657,wage_contracts,10,11,0,zero
8664,were_made,11,11,0,zero
8666,what_we,11,11,0,zero
8667,which_consumers,11,11,0,zero
8668,which_implies,11,11,0,zero
8669,which_such,10,11,0,zero
8670,which_these,11,11,0,zero
8671,which_two,11,11,0,zero
8672,while_this,11,11,0,zero
8673,who_must,11,11,0,zero
8674,will_reduce,11,11,0,zero
8675,will_tend,11,11,0,zero
8677,with_either,11,11,0,zero
8678,with_good,10,11,0,zero
8680,with_or,11,11,0,zero
8684,with_uncertain,11,11,0,zero
8686,workers_the,11,11,0,zero
8687,world_in,11,11,0,zero
8688,york_city,9,11,0,zero
8690,accomplished_by,10,10,0,zero
8692,addition_of,10,10,0,zero
8694,affecting_the,10,10,0,zero
8696,after_an,10,10,0,zero
8698,agent_and,9,10,0,zero
8701,aggregate_supply,10,10,0,zero
8702,agreement_is,6,10,0,zero
8704,all_but,9,10,0,zero
8706,allowing_the,10,10,0,zero
8707,allows_one,9,10,0,zero
8710,also_derived,10,10,0,zero
8711,also_found,10,10,0,zero
8712,also_in,10,10,0,zero
8713,also_presented,10,10,0,zero
8716,alternatives_in,10,10,0,zero
8718,among_countries,7,10,0,zero
8719,an_agreement,7,10,0,zero
8721,an_equal,10,10,0,zero
8722,an_improvement,10,10,0,zero
8723,an_objective,9,10,0,zero
8725,and_analyzes,10,10,0,zero
8727,and_bayesian,10,10,0,zero
8729,and_borrowing,8,10,0,zero
8733,and_current,10,10,0,zero
8734,and_develop,10,10,0,zero
8735,and_discusses,10,10,0,zero
8736,and_do,10,10,0,zero
8737,and_dynamic,10,10,0,zero
8740,and_factors,9,10,0,zero
8742,and_finds,10,10,0,zero
8744,and_imperfect,10,10,0,zero
8745,and_instrumental,10,10,0,zero
8746,and_larger,10,10,0,zero
8748,and_marginal,10,10,0,zero
8749,and_nonlinear,10,10,0,zero
8751,and_past,8,10,0,zero
8753,and_present,10,10,0,zero
8754,and_relatively,10,10,0,zero
8755,and_search,10,10,0,zero
8756,and_taxes,9,10,0,zero
8758,and_within,10,10,0,zero
8759,applications_in,10,10,0,zero
8760,apply_it,10,10,0,zero
8761,approaches_the,10,10,0,zero
8762,are_assigned,10,10,0,zero
8764,are_continuous,10,10,0,zero
8765,are_essentially,10,10,0,zero
8766,are_expected,9,10,0,zero
8767,are_frequently,9,10,0,zero
8768,are_incomplete,9,10,0,zero
8773,are_usually,10,10,0,zero
8775,as_basis,9,10,0,zero
8776,as_with,10,10,0,zero
8777,asset_is,10,10,0,zero
8778,assets_the,10,10,0,zero
8782,at_some,9,10,0,zero
8783,at_that,10,10,0,zero
8784,at_their,10,10,0,zero
8785,attention_in,10,10,0,zero
8787,attributes_of,10,10,0,zero
8789,available_data,10,10,0,zero
8791,avoid_the,10,10,0,zero
8796,be_lower,9,10,0,zero
8797,be_observed,10,10,0,zero
8798,be_positive,10,10,0,zero
8800,be_true,10,10,0,zero
8801,be_well,9,10,0,zero
8805,behavior_but,10,10,0,zero
8808,between_changes,10,10,0,zero
8810,between_risk,9,10,0,zero
8811,bias_of,9,10,0,zero
8814,both_for,10,10,0,zero
8815,bounded_rationality,8,10,0,zero
8816,bounds_for,9,10,0,zero
8819,but_to,10,10,0,zero
8820,by_both,10,10,0,zero
8821,by_constructing,10,10,0,zero
8823,by_economic,10,10,0,zero
8828,by_others,10,10,0,zero
8831,by_such,10,10,0,zero
8832,by_those,9,10,0,zero
8833,calculated_from,8,10,0,zero
8834,calibrated_to,10,10,0,zero
8835,can_take,9,10,0,zero
8836,can_then,10,10,0,zero
8837,cannot_explain,10,10,0,zero
8838,capita_and,7,10,0,zero
8839,capital_for,10,10,0,zero
8841,capital_investments,8,10,0,zero
8843,capital_which,9,10,0,zero
8845,cases_and,9,10,0,zero
8854,circumstances_under,9,10,0,zero
8855,claims_on,9,10,0,zero
8856,clarify_the,10,10,0,zero
8858,come_to,10,10,0,zero
8860,competition_is,10,10,0,zero
8862,composition_and,8,10,0,zero
8864,concentrate_on,10,10,0,zero
8865,conclude_with,10,10,0,zero
8867,conditioned_on,9,10,0,zero
8868,conditioning_on,8,10,0,zero
8869,confidence_interval,10,10,0,zero
8871,conjecture_that,10,10,0,zero
8872,consequently_the,10,10,0,zero
8873,consistency_with,9,10,0,zero
8879,construct_an,10,10,0,zero
8880,consumption_investment,8,10,0,zero
8882,consumption_to,10,10,0,zero
8883,contains_the,10,10,0,zero
8886,contracts_to,10,10,0,zero
8887,contracts_when,10,10,0,zero
8888,contribution_is,10,10,0,zero
8890,convergence_rates,7,10,0,zero
8895,costs_or,10,10,0,zero
8896,countries_of,9,10,0,zero
8898,country_the,9,10,0,zero
8902,data_of,10,10,0,zero
8903,deal_of,9,10,0,zero
8904,debt_is,9,10,0,zero
8906,decisions_on,10,10,0,zero
8907,degree_to,10,10,0,zero
8908,demand_to,10,10,0,zero
8909,demands_for,9,10,0,zero
8910,dependence_is,9,10,0,zero
8911,develop_the,9,10,0,zero
8912,differences_and,10,10,0,zero
8913,differentials_in,9,10,0,zero
8916,disposable_income,9,10,0,zero
8917,distance_between,10,10,0,zero
8918,distinguish_the,10,10,0,zero
8919,distinguishing_between,10,10,0,zero
8920,distribution_we,10,10,0,zero
8927,each_member,10,10,0,zero
8928,each_type,9,10,0,zero
8929,early_stages,10,10,0,zero
8930,earnings_the,10,10,0,zero
8931,economic_applications,10,10,0,zero
8932,economies_we,10,10,0,zero
8934,economy_as,10,10,0,zero
8935,economy_can,10,10,0,zero
8936,economy_to,10,10,0,zero
8937,economy_will,9,10,0,zero
8939,effects_as,10,10,0,zero
8941,efforts_to,9,10,0,zero
8942,elasticities_and,10,10,0,zero
8944,empirical_research,10,10,0,zero
8945,enables_us,10,10,0,zero
8948,equals_the,10,10,0,zero
8950,equilibria_may,9,10,0,zero
8951,equilibrium_distribution,9,10,0,zero
8955,equilibrium_where,8,10,0,zero
8957,error_components,9,10,0,zero
8958,errors_is,10,10,0,zero
8961,establishment_of,10,10,0,zero
8965,estimator_which,10,10,0,zero
8970,examined_by,10,10,0,zero
8971,excess_volatility,9,10,0,zero
8972,existing_models,9,10,0,zero
8973,exists_in,10,10,0,zero
8976,expenditure_and,10,10,0,zero
8978,explain_these,10,10,0,zero
8980,explanatory_power,10,10,0,zero
8982,exports_and,9,10,0,zero
8984,expressed_as,9,10,0,zero
8987,far_more,9,10,0,zero
8988,feature_is,10,10,0,zero
8990,female_labor,8,10,0,zero
8991,final_good,6,10,0,zero
8992,financed_by,10,10,0,zero
8996,first_show,10,10,0,zero
8998,for_computing,10,10,0,zero
8999,for_economies,10,10,0,zero
9002,for_housing,8,10,0,zero
9003,for_information,10,10,0,zero
9012,free_of,10,10,0,zero
9013,free_to,10,10,0,zero
9014,from_being,10,10,0,zero
9017,from_standard,10,10,0,zero
9018,from_such,10,10,0,zero
9020,from_time,10,10,0,zero
9027,furthermore_we,10,10,0,zero
9030,game_can,9,10,0,zero
9031,game_where,10,10,0,zero
9037,given_any,10,10,0,zero
9038,governing_the,10,10,0,zero
9040,government_policies,10,10,0,zero
9041,great_deal,10,10,0,zero
9044,has_had,9,10,0,zero
9047,has_received,10,10,0,zero
9048,has_recently,10,10,0,zero
9050,have_occurred,9,10,0,zero
9051,have_similar,9,10,0,zero
9057,holdings_of,9,10,0,zero
9060,how_such,9,10,0,zero
9061,hump_shaped,8,10,0,zero
9062,identified_and,10,10,0,zero
9063,idiosyncratic_risk,8,10,0,zero
9065,if_so,10,10,0,zero
9067,implicit_contract,8,10,0,zero
9069,imports_and,9,10,0,zero
9070,imports_of,8,10,0,zero
9074,in_closed,10,10,0,zero
9075,in_connection,10,10,0,zero
9080,in_domestic,8,10,0,zero
9083,in_equity,8,10,0,zero
9085,in_industry,8,10,0,zero
9087,in_japan,6,10,0,zero
9090,in_non,9,10,0,zero
9093,in_producing,9,10,0,zero
9098,in_wealth,10,10,0,zero
9099,incentive_effects,9,10,0,zero
9100,incentive_problems,9,10,0,zero
9104,income_model,7,10,0,zero
9105,incomes_are,10,10,0,zero
9106,incorporated_into,10,10,0,zero
9108,independent_variables,10,10,0,zero
9109,index_numbers,9,10,0,zero
9110,indifference_curves,10,10,0,zero
9111,individuals_the,10,10,0,zero
9112,industry_level,10,10,0,zero
9116,inflation_on,9,10,0,zero
9118,information_content,10,10,0,zero
9121,information_set,9,10,0,zero
9125,intensity_and,9,10,0,zero
9128,international_capital,9,10,0,zero
9130,introduce_the,10,10,0,zero
9133,is_conducted,10,10,0,zero
9136,is_exogenous,9,10,0,zero
9137,is_implemented,10,10,0,zero
9139,is_interpreted,10,10,0,zero
9140,is_needed,10,10,0,zero
9141,is_random,9,10,0,zero
9142,is_rational,10,10,0,zero
9143,is_represented,10,10,0,zero
9144,is_still,10,10,0,zero
9145,is_superior,9,10,0,zero
9149,it_and,10,10,0,zero
9150,it_becomes,10,10,0,zero
9153,its_price,10,10,0,zero
9155,korean_war,5,10,0,zero
9156,labor_the,10,10,0,zero
9157,lags_and,10,10,0,zero
9158,large_relative,10,10,0,zero
9160,less_productive,8,10,0,zero
9164,limited_commitment,10,10,0,zero
9167,lines_of,10,10,0,zero
9172,losses_and,9,10,0,zero
9174,low_inflation,7,10,0,zero
9177,magnitude_and,10,10,0,zero
9178,making_under,10,10,0,zero
9180,margin_requirements,5,10,0,zero
9181,marginal_social,7,10,0,zero
9182,market_can,9,10,0,zero
9187,maximizing_the,10,10,0,zero
9188,may_reduce,10,10,0,zero
9190,model_allows,10,10,0,zero
9191,model_presented,10,10,0,zero
9192,model_provides,10,10,0,zero
9195,models_can,10,10,0,zero
9198,more_complex,10,10,0,zero
9199,more_costly,8,10,0,zero
9202,move_to,10,10,0,zero
9204,must_make,10,10,0,zero
9206,nearly_all,10,10,0,zero
9210,no_arbitrage,6,10,0,zero
9212,nonlinear_pricing,5,10,0,zero
9214,not_use,9,10,0,zero
9216,null_hypotheses,6,10,0,zero
9218,observe_that,10,10,0,zero
9219,obtain_the,9,10,0,zero
9220,obtained_using,10,10,0,zero
9221,occur_at,9,10,0,zero
9223,of_agents',10,10,0,zero
9224,of_bidders,9,10,0,zero
9225,of_characteristics,8,10,0,zero
9226,of_collective,9,10,0,zero
9227,of_communication,9,10,0,zero
9228,of_confidence,10,10,0,zero
9229,of_cooperative,10,10,0,zero
9230,of_costly,10,10,0,zero
9231,of_costs,9,10,0,zero
9235,of_examples,10,10,0,zero
9237,of_firms',10,10,0,zero
9238,of_flexible,9,10,0,zero
9242,of_implicit,9,10,0,zero
9248,of_internal,9,10,0,zero
9250,of_joint,9,10,0,zero
9253,of_limited,10,10,0,zero
9255,of_neoclassical,10,10,0,zero
9256,of_number,10,10,0,zero
9257,of_or,10,10,0,zero
9258,of_participants,9,10,0,zero
9259,of_portfolio,8,10,0,zero
9260,of_pricing,9,10,0,zero
9261,of_problems,10,10,0,zero
9262,of_professional,7,10,0,zero
9266,of_rents,9,10,0,zero
9268,of_representative,9,10,0,zero
9270,of_security,9,10,0,zero
9276,of_tariff,9,10,0,zero
9279,offset_the,10,10,0,zero
9281,on_international,10,10,0,zero
9282,on_more,10,10,0,zero
9283,on_public,10,10,0,zero
9284,on_risk,9,10,0,zero
9285,on_what,9,10,0,zero
9288,only_few,9,10,0,zero
9289,only_limited,10,10,0,zero
9292,optimal_strategy,10,10,0,zero
9295,or_as,10,10,0,zero
9297,or_two,10,10,0,zero
9298,or_with,10,10,0,zero
9301,other_models,10,10,0,zero
9302,others_are,10,10,0,zero
9303,otherwise_standard,10,10,0,zero
9309,parametric_model,8,10,0,zero
9314,payoffs_and,10,10,0,zero
9315,payoffs_in,10,10,0,zero
9319,play_of,10,10,0,zero
9321,players_the,10,10,0,zero
9322,plus_the,10,10,0,zero
9323,point_and,10,10,0,zero
9326,points_are,10,10,0,zero
9328,policies_on,10,10,0,zero
9335,possible_in,10,10,0,zero
9336,possible_that,10,10,0,zero
9337,power_functions,8,10,0,zero
9338,pre_and,10,10,0,zero
9341,present_and,10,10,0,zero
9345,price_flexibility,8,10,0,zero
9346,price_inflation,10,10,0,zero
9352,prices_may,10,10,0,zero
9353,pricing_is,10,10,0,zero
9356,problem_which,9,10,0,zero
9357,problems_with,10,10,0,zero
9360,process_by,10,10,0,zero
9361,processes_that,10,10,0,zero
9365,products_are,9,10,0,zero
9367,profits_are,9,10,0,zero
9370,provided_in,10,10,0,zero
9377,rate_as,10,10,0,zero
9378,rate_regimes,5,10,0,zero
9379,recent_developments,10,10,0,zero
9382,reform_of,10,10,0,zero
9383,regression_in,10,10,0,zero
9387,relate_to,10,10,0,zero
9388,relationship_among,9,10,0,zero
9391,relative_wage,8,10,0,zero
9393,represented_as,10,10,0,zero
9394,requirements_of,9,10,0,zero
9396,resources_the,10,10,0,zero
9397,response_functions,9,10,0,zero
9399,results_can,10,10,0,zero
9400,results_is,10,10,0,zero
9401,results_with,10,10,0,zero
9402,return_in,9,10,0,zero
9403,return_is,8,10,0,zero
9404,returns_for,10,10,0,zero
9406,risk_that,9,10,0,zero
9411,run_demand,6,10,0,zero
9415,scope_for,9,10,0,zero
9416,seasonal_fluctuations,5,10,0,zero
9417,second_is,10,10,0,zero
9418,second_stage,8,10,0,zero
9419,secondary_market,6,10,0,zero
9420,sectors_of,9,10,0,zero
9425,services_in,10,10,0,zero
9427,several_other,10,10,0,zero
9430,shifted_to,9,10,0,zero
9431,side_payments,8,10,0,zero
9434,situations_the,9,10,0,zero
9435,small_country,7,10,0,zero
9439,social_value,9,10,0,zero
9440,solutions_of,9,10,0,zero
9442,some_general,10,10,0,zero
9443,some_implications,10,10,0,zero
9444,some_new,10,10,0,zero
9445,some_recent,10,10,0,zero
9448,spot_prices,9,10,0,zero
9451,state_in,10,10,0,zero
9456,studies_are,9,10,0,zero
9457,studies_in,10,10,0,zero
9460,subjective_probabilities,8,10,0,zero
9464,system_can,10,10,0,zero
9465,taken_from,10,10,0,zero
9466,taste_for,9,10,0,zero
9468,tax_or,6,10,0,zero
9471,tended_to,10,10,0,zero
9472,terms_the,10,10,0,zero
9476,than_any,10,10,0,zero
9477,than_are,10,10,0,zero
9481,that_he,9,10,0,zero
9482,that_marginal,10,10,0,zero
9483,that_must,10,10,0,zero
9484,that_output,10,10,0,zero
9486,that_real,10,10,0,zero
9487,that_small,10,10,0,zero
9488,that_standard,10,10,0,zero
9496,the_aid,10,10,0,zero
9500,the_buyers,7,10,0,zero
9503,the_confidence,10,10,0,zero
9507,the_estimate,9,10,0,zero
9509,the_flow,9,10,0,zero
9510,the_forces,9,10,0,zero
9511,the_forecast,9,10,0,zero
9512,the_forecasts,7,10,0,zero
9515,the_incomes,7,10,0,zero
9518,the_informational,10,10,0,zero
9519,the_limitations,10,10,0,zero
9520,the_micro,8,10,0,zero
9522,the_numbers,9,10,0,zero
9523,the_per,9,10,0,zero
9526,the_possibilities,10,10,0,zero
9527,the_precision,9,10,0,zero
9528,the_quarterly,10,10,0,zero
9529,the_repeated,10,10,0,zero
9531,the_risky,9,10,0,zero
9535,the_subjects,8,10,0,zero
9537,the_unobservable,6,10,0,zero
9538,the_variable,9,10,0,zero
9541,the_widely,10,10,0,zero
9542,the_working,9,10,0,zero
9543,the_worst,8,10,0,zero
9551,this_argument,10,10,0,zero
9553,this_has,10,10,0,zero
9555,this_information,10,10,0,zero
9557,this_measure,10,10,0,zero
9558,this_sort,10,10,0,zero
9559,this_test,9,10,0,zero
9560,those_based,10,10,0,zero
9561,those_found,10,10,0,zero
9566,time_inconsistent,6,10,0,zero
9568,to_act,10,10,0,zero
9569,to_argue,10,10,0,zero
9570,to_average,10,10,0,zero
9572,to_demand,10,10,0,zero
9573,to_either,10,10,0,zero
9575,to_entry,9,10,0,zero
9581,to_further,10,10,0,zero
9582,to_get,10,10,0,zero
9583,to_guide,10,10,0,zero
9584,to_handle,10,10,0,zero
9585,to_it,10,10,0,zero
9586,to_limit,10,10,0,zero
9589,to_many,10,10,0,zero
9591,to_number,10,10,0,zero
9593,to_positive,10,10,0,zero
9595,to_recent,10,10,0,zero
9596,to_rule,10,10,0,zero
9599,to_stabilize,10,10,0,zero
9600,to_substitute,10,10,0,zero
9601,to_variations,9,10,0,zero
9603,together_the,10,10,0,zero
9605,total_expenditure,10,10,0,zero
9607,trade_restrictions,5,10,0,zero
9608,trade_volume,7,10,0,zero
9609,transfer_of,10,10,0,zero
9611,transition_from,10,10,0,zero
9612,transmission_of,10,10,0,zero
9613,treatment_is,10,10,0,zero
9614,trying_to,10,10,0,zero
9615,two_goods,10,10,0,zero
9616,two_major,10,10,0,zero
9617,two_parties,8,10,0,zero
9618,uncorrelated_with,10,10,0,zero
9619,under_consideration,9,10,0,zero
9620,under_this,10,10,0,zero
9621,under_various,10,10,0,zero
9622,unemployed_workers,9,10,0,zero
9624,uses_an,10,10,0,zero
9625,using_standard,10,10,0,zero
9631,very_important,10,10,0,zero
9638,we_relate,10,10,0,zero
9640,weight_on,9,10,0,zero
9643,when_applied,10,10,0,zero
9647,whether_there,10,10,0,zero
9648,whether_these,10,10,0,zero
9650,which_case,10,10,0,zero
9652,which_leads,10,10,0,zero
9653,which_makes,10,10,0,zero
9654,which_only,10,10,0,zero
9658,will_lead,10,10,0,zero
9659,will_occur,9,10,0,zero
9661,with_multiple,10,10,0,zero
9662,with_non,10,10,0,zero
9665,with_profit,7,10,0,zero
9666,with_public,10,10,0,zero
9669,world_where,10,10,0,zero
